source1_entity_id	candidate_entity_ids
S1-106307602	S2-134380219,S2-139000433,S2-141605172,S2-163259827,S2-17205398,S2-175236420,S2-189272360,S2-196613536,S2-204419817,S2-205027690,S2-207909802,S2-218985863,S2-237567475,S2-244721476,S2-25365194,S2-291660254,S2-292743977,S2-294368364,S2-300432180,S2-317445761,S2-325933900,S2-332141362,S2-341229606,S2-375399497,S2-413282671,S2-414152449,S2-435313949,S2-449665250,S2-451805074,S2-456166573,S2-476074339,S2-487033263,S2-487702680,S2-488743141,S2-49147003,S2-519011149,S2-519492332,S2-521615016,S2-522386574,S2-528172648,S2-549885912,S2-550488467,S2-5553664,S2-559719590,S2-561666518,S2-583147541,S2-585813437,S2-618035553,S2-649454752,S2-650861468,S2-6645057,S2-665994287,S2-67993400,S2-683351435,S2-699161351,S2-711475309,S2-749265081,S2-783679625,S2-786306409,S2-798438695,S2-863813287,S2-869512672,S2-869620023,S2-873768503,S2-875475843,S2-881136689,S2-884242656,S2-890916455,S2-893360617,S2-894815867,S2-895167134,S2-927073903,S2-928217474,S2-939878538,S2-945233776,S2-961627213,S2-985393264,S3-106023183,S3-200932626,S3-306536727,S3-370926256,S3-413669650,S3-532032752,S3-534299378,S3-57875137,S3-611689416,S3-670572952,S3-709403505,S3-717345385,S3-721394838,S3-748525024,S3-766812447,S3-902892906,S3-914035491,S3-944953972
S1-109450074	S2-119727992,S2-218188296,S2-220182491,S2-393758176,S2-401772985,S2-418520663,S2-424767526,S2-590754336,S2-652489484,S2-715703278,S2-724313676,S2-849237478,S2-980768901,S3-102491430,S3-11433518,S3-115956976,S3-118901942,S3-129373528,S3-136338819,S3-165579857,S3-174374187,S3-175798305,S3-176658912,S3-222262049,S3-255764329,S3-263679174,S3-265747460,S3-286105521,S3-307092101,S3-32343389,S3-325061133,S3-32861879,S3-342289716,S3-357249723,S3-389060758,S3-400503954,S3-404736430,S3-404754759,S3-406700404,S3-414785698,S3-432728512,S3-432849875,S3-433257150,S3-435030193,S3-438775736,S3-447951203,S3-449868090,S3-450700160,S3-453043794,S3-456103575,S3-461584509,S3-475928001,S3-48149933,S3-486196888,S3-491821777,S3-501216172,S3-507291817,S3-507602330,S3-510516935,S3-513534181,S3-519087126,S3-521387723,S3-530912812,S3-554090834,S3-561125028,S3-563758678,S3-572928782,S3-594938549,S3-618625751,S3-620149664,S3-622200822,S3-632894522,S3-667814002,S3-675369043,S3-686011312,S3-709599969,S3-714266514,S3-723831037,S3-733046948,S3-745314936,S3-761495800,S3-771272292,S3-77316663,S3-77850437,S3-77907446,S3-780892523,S3-784570918,S3-7915883,S3-791680040,S3-796582853,S3-79968375,S3-801292409,S3-802601265,S3-805634465,S3-811988387,S3-834611179,S3-845751076,S3-854517234,S3-860524374,S3-8871873,S3-88749929,S3-902224529,S3-931958242,S3-934833745,S3-935439012,S3-951189277,S3-953198090,S3-956745343,S3-959249571
S1-109666175	S2-104954432,S2-117442939,S2-123252889,S2-126967838,S2-167745184,S2-228326480,S2-230146870,S2-231693596,S2-240566478,S2-241326556,S2-251969783,S2-382691874,S2-39844072,S2-407299687,S2-417048683,S2-423572637,S2-441261670,S2-473257520,S2-477484873,S2-528606452,S2-568986694,S2-575137998,S2-590308144,S2-597158930,S2-620146952,S2-626419319,S2-644385146,S2-651542696,S2-656668712,S2-693020941,S2-697444579,S2-702598675,S2-711898815,S2-723283775,S2-724322373,S2-729606839,S2-730308809,S2-740485315,S2-747169470,S2-749893949,S2-759806037,S2-78233212,S2-81350903,S2-816770386,S2-821081399,S2-823428981,S2-837589135,S2-854470278,S2-85679577,S2-860290832,S2-897463954,S2-925124376,S2-943153805,S2-96712342,S2-970066922,S2-972244989,S2-972383209,S2-983290529,S3-153086408,S3-166855958,S3-180660090,S3-181421547,S3-214840205,S3-23210525,S3-234168722,S3-263259877,S3-278877108,S3-282170182,S3-292516338,S3-315813610,S3-349834945,S3-371075447,S3-413238073,S3-431704776,S3-434037694,S3-447249947,S3-457351521,S3-479411544,S3-481314611,S3-485529657,S3-487792966,S3-500310539,S3-515111571,S3-519801248,S3-535066288,S3-544553023,S3-576106630,S3-58338718,S3-591071047,S3-615008507,S3-615707651,S3-634338796,S3-653122861,S3-657875861,S3-659439988,S3-667031539,S3-668162702,S3-669927420,S3-70581529,S3-710637810,S3-718273208,S3-722809218,S3-730394348,S3-736312857,S3-746741083,S3-781685156,S3-812244150,S3-812363980,S3-813229938,S3-81701422,S3-832344505,S3-836943998,S3-85858439,S3-886178860,S3-893612279,S3-911889714,S3-918679344,S3-932100046,S3-935101338,S3-948905267,S3-962969623,S3-969092376,S3-976052322,S3-97948883,S3-998541100
S1-113946951	S2-147442636,S2-157263419,S2-158951081,S2-165744757,S2-172911982,S2-176192922,S2-18625938,S2-195325294,S2-208334024,S2-213339911,S2-227307712,S2-244482373,S2-266002494,S2-285089615,S2-296833508,S2-298206159,S2-307884249,S2-320900372,S2-334595317,S2-336028515,S2-34815190,S2-350590115,S2-356643487,S2-374734580,S2-377316041,S2-390630591,S2-422500301,S2-429287162,S2-435599960,S2-444058342,S2-453471614,S2-473253312,S2-478100828,S2-483151686,S2-485659292,S2-495355638,S2-513537398,S2-518464755,S2-52167679,S2-524610209,S2-528722536,S2-529922498,S2-547606225,S2-547612105,S2-559677904,S2-583490466,S2-588893061,S2-593851145,S2-596396821,S2-603582435,S2-603960673,S2-615297998,S2-627656577,S2-632320335,S2-657195365,S2-671421499,S2-677096266,S2-68119493,S2-698928249,S2-699130665,S2-706426054,S2-711346543,S2-718055285,S2-720316810,S2-721958725,S2-736664667,S2-743654809,S2-743802281,S2-74773436,S2-754689147,S2-764076308,S2-77189673,S2-785020510,S2-789359010,S2-798122281,S2-825995196,S2-826671767,S2-833569573,S2-833631874,S2-834836633,S2-844660094,S2-864018408,S2-880276174,S2-886674791,S2-895001125,S2-897707671,S2-901381032,S2-912452188,S2-91496386,S2-916277894,S2-926254283,S2-930950215,S2-93209844,S2-943350823,S2-945844271,S2-959511550,S2-977176528,S2-977912696,S2-987806608,S2-98864804,S3-12877701,S3-133027538,S3-177006046,S3-184572862,S3-193795781,S3-194406713,S3-197357756,S3-201446619,S3-219288473,S3-2231100,S3-241751049,S3-243950112,S3-253923058,S3-2602622,S3-263323300,S3-263770829,S3-270274320,S3-284227232,S3-284406836,S3-296681270,S3-297056282,S3-304722441,S3-310941754,S3-324136157,S3-350160308,S3-351256566,S3-361971160,S3-377857407,S3-380024088,S3-411747991,S3-412016723,S3-420756569,S3-436912333,S3-438245538,S3-439866078,S3-446794651,S3-447091202,S3-44862586,S3-466287540,S3-471034175,S3-472930036,S3-473919536,S3-475198544,S3-480441488,S3-508634152,S3-511674183,S3-514146039,S3-520499817,S3-540044702,S3-547017041,S3-552353491,S3-560445209,S3-573859584,S3-595401451,S3-600260609,S3-600468330,S3-600968742,S3-618238312,S3-623801204,S3-627970441,S3-649024128,S3-655087550,S3-65601791,S3-660915399,S3-665858855,S3-681557008,S3-687292802,S3-695934145,S3-701649085,S3-721010538,S3-72880601,S3-730858860,S3-734367918,S3-74431232,S3-750951562,S3-77378958,S3-77775472,S3-797714007,S3-816194234,S3-833010695,S3-83514085,S3-853497067,S3-855180687,S3-865998876,S3-8675568,S3-88405368,S3-897664000,S3-907011883,S3-921151440,S3-933695450,S3-934651788,S3-940068059,S3-942727843,S3-958673640,S3-965089445,S3-975246993,S3-979207394
S1-12240557	S2-141508445,S2-148478573,S2-162982785,S2-191924535,S2-251027955,S2-262548013,S2-292204841,S2-341152173,S2-410170278,S2-437353542,S2-441750743,S2-449364304,S2-454802870,S2-566082493,S2-566586044,S2-56976111,S2-57885752,S2-627841588,S2-632030272,S2-632582895,S2-649450544,S2-664774660,S2-695110586,S2-70081114,S2-700825103,S2-721642133,S2-759326973,S2-775304844,S2-781876191,S2-800734796,S2-825412073,S2-867399805,S2-874856401,S2-881217849,S2-888150575,S2-896167768,S2-925745965,S2-965346151,S2-970079299,S2-984872677,S3-118310541,S3-123106827,S3-129375968,S3-153312947,S3-196589854,S3-203636570,S3-223188071,S3-250294015,S3-261703922,S3-333562956,S3-333626237,S3-336341456,S3-341804539,S3-366466036,S3-37653263,S3-38199180,S3-388327884,S3-397702427,S3-411832079,S3-423574400,S3-454073329,S3-477790009,S3-47963736,S3-491200733,S3-497381231,S3-513168371,S3-525518472,S3-543288632,S3-55492943,S3-556088677,S3-567158899,S3-589638762,S3-592756874,S3-602342177,S3-602423234,S3-640096477,S3-648452712,S3-672560431,S3-672825648,S3-710776461,S3-727839765,S3-735592094,S3-741732864,S3-751390978,S3-767547261,S3-772639326,S3-77427229,S3-804737292,S3-8262017,S3-837150348,S3-851301187,S3-8671324,S3-877399370,S3-885387213,S3-889533381,S3-922635491,S3-941830042,S3-957955593,S3-986332462,S3-996118439
S1-128350097	S2-106756201,S2-106830756,S2-108984298,S2-121897499,S2-135255757,S2-145622096,S2-198867337,S2-204216424,S2-220002192,S2-221312772,S2-223111007,S2-240090240,S2-268413508,S2-275976136,S2-366731049,S2-413509204,S2-414179241,S2-461070141,S2-50137464,S2-505959795,S2-522197637,S2-52858077,S2-542155946,S2-54760418,S2-571991694,S2-573587815,S2-627327544,S2-684214129,S2-697549762,S2-801798414,S2-837561838,S2-869898009,S2-892018162,S2-962739267,S2-972542586,S2-97481923,S3-131636780,S3-133143126,S3-134216583,S3-171876122,S3-17785018,S3-188480491,S3-210866162,S3-224811942,S3-241335998,S3-304039783,S3-325783094,S3-329274205,S3-499246323,S3-509241577,S3-5114613,S3-513326057,S3-541751359,S3-549814795,S3-568127113,S3-610731893,S3-679929074,S3-74413928,S3-744395050,S3-754412424,S3-761105217,S3-785613485,S3-789545794,S3-807682831,S3-813342533,S3-848059095,S3-85420610,S3-86313503,S3-8886979,S3-938120215,S3-939995304,S3-976149568
S1-136933096	S2-125668696,S2-128926126,S2-134380219,S2-136905227,S2-139000433,S2-141605172,S2-151723221,S2-157826190,S2-163259827,S2-16357450,S2-167041340,S2-17205398,S2-175236420,S2-19217230,S2-19502842,S2-196613536,S2-19673469,S2-204419817,S2-205027690,S2-20508041,S2-207870499,S2-207909802,S2-228832651,S2-231344576,S2-237567475,S2-244721476,S2-249171790,S2-25365194,S2-258429275,S2-277199214,S2-291660254,S2-292743977,S2-294368364,S2-298203227,S2-300432180,S2-317445761,S2-319738753,S2-325933900,S2-332141362,S2-335194176,S2-337549674,S2-341229606,S2-345667546,S2-361295210,S2-362729581,S2-375399497,S2-398021126,S2-407537414,S2-413282671,S2-414152449,S2-419802962,S2-420846817,S2-431507878,S2-432627331,S2-435313949,S2-449665250,S2-451805074,S2-456166573,S2-458474797,S2-476074339,S2-48160905,S2-48629350,S2-487033263,S2-487702680,S2-488743141,S2-49147003,S2-495478271,S2-510961763,S2-519011149,S2-519492332,S2-521615016,S2-524278863,S2-528172648,S2-537414628,S2-549885912,S2-55066331,S2-5553664,S2-558006278,S2-561666518,S2-583147541,S2-597219076,S2-598340349,S2-615993977,S2-618035553,S2-637103568,S2-637263812,S2-642821961,S2-649454752,S2-650861468,S2-6645057,S2-665994287,S2-683013981,S2-683351435,S2-691700997,S2-699161351,S2-702187010,S2-703889732,S2-705247604,S2-711475309,S2-725483405,S2-749265081,S2-759885451,S2-760808799,S2-775028976,S2-778983852,S2-783679625,S2-786306409,S2-796830133,S2-80211507,S2-803250800,S2-827383803,S2-839158208,S2-863813287,S2-866518535,S2-866743029,S2-869512672,S2-869620023,S2-875475843,S2-87972830,S2-881136689,S2-884242656,S2-890916455,S2-893360617,S2-894815867,S2-895167134,S2-897633398,S2-905933396,S2-927073903,S2-939878538,S2-945233776,S2-961627213,S2-968591608,S2-985393264,S2-9900509,S3-114145564,S3-143154365,S3-157891283,S3-160516183,S3-16547632,S3-178053605,S3-179507522,S3-188079784,S3-221945377,S3-238963702,S3-243396095,S3-245930021,S3-258163811,S3-289778077,S3-300016845,S3-303664809,S3-30967741,S3-314203178,S3-320042037,S3-32066548,S3-323337404,S3-335779713,S3-339397152,S3-340616335,S3-344031532,S3-365366428,S3-375184624,S3-37652756,S3-39365528,S3-401656171,S3-417307748,S3-422747260,S3-424836283,S3-430239278,S3-448614641,S3-48738066,S3-494631904,S3-508146177,S3-509041929,S3-528425753,S3-529013588,S3-553856250,S3-561765691,S3-562470352,S3-571580743,S3-585246032,S3-585783954,S3-590988091,S3-604137526,S3-606703694,S3-609747934,S3-628425220,S3-636811621,S3-649197853,S3-65287068,S3-655983768,S3-660316742,S3-681433346,S3-690934087,S3-71794127,S3-72437030,S3-73361277,S3-735437204,S3-747181944,S3-766684329,S3-767788231,S3-769843807,S3-776608931,S3-779000554,S3-780733855,S3-814300141,S3-832287864,S3-833382594,S3-834056843,S3-83826747,S3-85258106,S3-855423783,S3-896489613,S3-931662197,S3-932073595,S3-933578121,S3-976780740,S3-977174161,S3-979926997
S1-138351920	S2-128273531,S2-133890814,S2-226042092,S2-327678899,S2-537264428,S2-538988113,S2-68515127,S2-807475812,S2-854501,S2-980611949,S3-102094812,S3-105375242,S3-105638771,S3-109466490,S3-11079122,S3-114912014,S3-116538871,S3-119264446,S3-119853650,S3-122241206,S3-124968376,S3-134488777,S3-135919719,S3-141589720,S3-148811669,S3-152477221,S3-158191813,S3-161705988,S3-170941007,S3-171502140,S3-177932939,S3-181747860,S3-188356185,S3-189537345,S3-192479704,S3-196794805,S3-201098254,S3-206269511,S3-209940701,S3-222475661,S3-225309830,S3-229794193,S3-240433888,S3-245430954,S3-248221830,S3-255298716,S3-269383204,S3-275259102,S3-283677200,S3-293460805,S3-298413288,S3-308730464,S3-321940533,S3-329870283,S3-333197644,S3-348784990,S3-352848994,S3-367044246,S3-372958070,S3-374586562,S3-376950023,S3-384082699,S3-386216408,S3-386666231,S3-388726259,S3-391126665,S3-396628670,S3-400479682,S3-414362987,S3-427622923,S3-428130519,S3-428630965,S3-428684947,S3-428879339,S3-438345119,S3-442347873,S3-442600926,S3-446450226,S3-449531245,S3-449712930,S3-453409009,S3-459255457,S3-464252201,S3-473043892,S3-47545155,S3-477048205,S3-48137641,S3-483505740,S3-491592542,S3-492881595,S3-493946847,S3-494916086,S3-495148608,S3-495618704,S3-499023012,S3-503359856,S3-514041964,S3-523018970,S3-532239455,S3-545943639,S3-550745218,S3-55118987,S3-553062716,S3-562253143,S3-568645751,S3-568702710,S3-569863137,S3-570238406,S3-57055730,S3-580043084,S3-580649866,S3-588776133,S3-589763015,S3-590327717,S3-593451615,S3-597511673,S3-599310295,S3-60724375,S3-609871634,S3-617549517,S3-617872054,S3-623833850,S3-624264867,S3-624914236,S3-631428121,S3-632529264,S3-633187505,S3-636647098,S3-639138391,S3-640974302,S3-64553458,S3-645990053,S3-64803296,S3-650891459,S3-652662127,S3-653822209,S3-655057338,S3-656295395,S3-656421348,S3-66025149,S3-665564553,S3-672829473,S3-674306650,S3-682895093,S3-685851418,S3-687424198,S3-69160375,S3-70772408,S3-709330668,S3-729116037,S3-733036172,S3-739485121,S3-743849764,S3-762898582,S3-76861081,S3-76903167,S3-770346201,S3-773402713,S3-775913945,S3-78003684,S3-780432504,S3-781915728,S3-784757713,S3-785341709,S3-79823388,S3-805671226,S3-81853112,S3-820323500,S3-827170973,S3-83475610,S3-835245595,S3-845027752,S3-846361933,S3-851187039,S3-855538810,S3-857755761,S3-863892541,S3-868106341,S3-868476807,S3-869966700,S3-886962324,S3-88717691,S3-888680242,S3-903392974,S3-907882874,S3-911665144,S3-912038021,S3-922259543,S3-932321105,S3-933821053,S3-943439609,S3-948737153,S3-958199348,S3-959163839,S3-965010941,S3-985971051,S3-989831593,S3-991578010,S3-994087502,S3-994098773
S1-139619805	S2-125760463,S2-136429001,S2-147402930,S2-15962956,S2-18052665,S2-236938850,S2-238521214,S2-260162496,S2-274043033,S2-274379190,S2-278501566,S2-307759294,S2-316481651,S2-320996906,S2-336784636,S2-339680178,S2-34973659,S2-353380501,S2-379015192,S2-38814956,S2-410999622,S2-425827808,S2-435096878,S2-456228016,S2-461428712,S2-471958948,S2-490318815,S2-492001663,S2-507027945,S2-528286619,S2-5304153,S2-552030588,S2-575713971,S2-61253037,S2-634080885,S2-640432840,S2-64070605,S2-675410429,S2-677244083,S2-694230669,S2-700489727,S2-707769511,S2-753924792,S2-800233585,S2-802353500,S2-848025694,S2-874639313,S2-883932863,S2-888972208,S2-890740760,S2-893198245,S2-917317811,S2-947420228,S2-951610913,S2-954203137,S2-954451780,S2-97064179,S3-103564473,S3-103774939,S3-122904188,S3-131816044,S3-17075165,S3-187605299,S3-194315390,S3-204148359,S3-230009837,S3-247923005,S3-253825441,S3-262974446,S3-272004108,S3-287681904,S3-288269098,S3-288448263,S3-314653025,S3-320100714,S3-355732681,S3-362910116,S3-38250325,S3-403519682,S3-422222825,S3-433940521,S3-435013224,S3-452142041,S3-45881787,S3-461477121,S3-493197625,S3-511335530,S3-538695247,S3-543211279,S3-543849650,S3-571780473,S3-577452433,S3-590550521,S3-608511104,S3-60933536,S3-621611908,S3-631056052,S3-633237351,S3-634956989,S3-67622369,S3-707928718,S3-723529553,S3-732861600,S3-738989817,S3-741390223,S3-756101368,S3-756904,S3-766416177,S3-788211216,S3-812797458,S3-816127925,S3-835113193,S3-854296848,S3-882220206,S3-907019784,S3-916638035,S3-924253498,S3-924358017,S3-948389035,S3-951956975,S3-961621051,S3-963017976,S3-972729805,S3-974554716,S3-975892671,S3-996343491
S1-141941354	S2-10711674,S2-107675401,S2-115147083,S2-124582263,S2-1247533,S2-126936377,S2-134380219,S2-135710493,S2-13732389,S2-139000433,S2-141605172,S2-150043661,S2-152347194,S2-158735284,S2-163259827,S2-16768779,S2-17205398,S2-172814220,S2-175121753,S2-175236420,S2-175250682,S2-19408679,S2-196613536,S2-204419817,S2-205027690,S2-207909802,S2-208428944,S2-213453786,S2-216962174,S2-237567475,S2-244721476,S2-247393277,S2-25365194,S2-254055270,S2-265288275,S2-271394128,S2-275344856,S2-279885139,S2-291660254,S2-292743977,S2-294368364,S2-300432180,S2-303108875,S2-307833066,S2-310312631,S2-311929445,S2-312373523,S2-313504969,S2-317445761,S2-32255060,S2-325007098,S2-325933900,S2-330116160,S2-332141362,S2-333392824,S2-341229606,S2-359785358,S2-360550188,S2-361181768,S2-375399497,S2-377670393,S2-379231273,S2-404143934,S2-413282671,S2-414152449,S2-423475978,S2-427321429,S2-433671139,S2-435313949,S2-442268611,S2-4454545,S2-449665250,S2-451330384,S2-451805074,S2-456166573,S2-465355106,S2-469505561,S2-476074339,S2-476654439,S2-477755894,S2-479269448,S2-482651065,S2-485950130,S2-486853499,S2-487033263,S2-487702680,S2-488000815,S2-488743141,S2-49147003,S2-49569417,S2-519011149,S2-519492332,S2-521615016,S2-523768624,S2-528172648,S2-529695237,S2-538348315,S2-542306679,S2-549401952,S2-549885912,S2-552298552,S2-5553664,S2-559581429,S2-561494320,S2-561666518,S2-568316180,S2-581660523,S2-583147541,S2-592367098,S2-611603209,S2-613489143,S2-618035553,S2-618296420,S2-624150768,S2-640958206,S2-649454752,S2-650861468,S2-65232061,S2-656922309,S2-662395909,S2-6645057,S2-665994287,S2-666382305,S2-683351435,S2-686989501,S2-699046764,S2-699161351,S2-702714254,S2-708166532,S2-708812063,S2-711475309,S2-724730390,S2-733570719,S2-74007998,S2-749265081,S2-761401843,S2-768613862,S2-782599037,S2-783679625,S2-786306409,S2-792446229,S2-799120158,S2-810506490,S2-831675634,S2-835906925,S2-844770843,S2-852823376,S2-863813287,S2-869512672,S2-869620023,S2-872980654,S2-875475843,S2-881136689,S2-884242656,S2-886045219,S2-890776402,S2-890916455,S2-893360617,S2-894815867,S2-895167134,S2-897690535,S2-909371961,S2-913466194,S2-916699244,S2-921403606,S2-92282095,S2-927073903,S2-939878538,S2-945233776,S2-961627213,S2-965711379,S2-969175118,S2-969823283,S2-976650829,S2-985393264,S2-98740377,S2-987952138,S3-110721051,S3-111157465,S3-120280124,S3-130480204,S3-13626729,S3-142596555,S3-155732842,S3-159228771,S3-163782244,S3-175391977,S3-190999275,S3-196005764,S3-1964785,S3-19884212,S3-208653039,S3-225501141,S3-230819642,S3-238546283,S3-238645907,S3-270663434,S3-271636740,S3-27975744,S3-282663491,S3-28597087,S3-288221871,S3-303916049,S3-312382203,S3-331593753,S3-345331821,S3-345408740,S3-351487209,S3-359604596,S3-35969296,S3-376310247,S3-385261396,S3-387134021,S3-388315573,S3-390068304,S3-391298293,S3-39975574,S3-423882109,S3-436846224,S3-440122500,S3-441562604,S3-445471429,S3-451016435,S3-452243444,S3-45262003,S3-45478297,S3-490808552,S3-492810090,S3-498866267,S3-519029376,S3-521070810,S3-526190148,S3-538697048,S3-550550526,S3-550770467,S3-559347656,S3-564835596,S3-57754964,S3-583546218,S3-588633063,S3-58898780,S3-604103623,S3-606967335,S3-607767842,S3-611841579,S3-617793226,S3-620255014,S3-625233832,S3-634218754,S3-637171677,S3-658467766,S3-664017458,S3-664420604,S3-679420587,S3-679426814,S3-679805949,S3-711287546,S3-71194494,S3-714105106,S3-716024855,S3-717182428,S3-738650852,S3-742673886,S3-746359882,S3-748246076,S3-74904918,S3-75458830,S3-759072065,S3-765673370,S3-772873573,S3-783173445,S3-793510821,S3-801192383,S3-817934673,S3-823009162,S3-823664604,S3-834132649,S3-837172663,S3-859009900,S3-86810571,S3-875362536,S3-891685482,S3-894655718,S3-897622140,S3-903049889,S3-905755482,S3-909765523,S3-914877600,S3-915498837,S3-917573429,S3-92958654,S3-933689785,S3-936211166,S3-939265434,S3-949137205,S3-970194283,S3-978008908,S3-980685470,S3-991486514,S3-999467802
S1-144748187	S2-143387068,S2-211857612,S2-3369547,S2-392219910,S2-512221278,S2-545727883,S2-564054277,S2-690103629,S2-776025045,S3-21910655,S3-268503658,S3-325976956,S3-464664445,S3-579906611,S3-68381271,S3-697392007
S1-145490067	S2-139352512,S2-144912994,S2-155496965,S2-162725717,S2-164128048,S2-166558457,S2-170113367,S2-177212511,S2-179993663,S2-20135256,S2-209605199,S2-214938826,S2-218718078,S2-235900744,S2-238667882,S2-24134450,S2-243363188,S2-260563901,S2-286494645,S2-299499838,S2-304094230,S2-304696936,S2-308404268,S2-31092551,S2-317664659,S2-320409498,S2-322329425,S2-332138013,S2-339108421,S2-345093074,S2-347907894,S2-350401665,S2-353483382,S2-356733007,S2-368690042,S2-377036862,S2-380330653,S2-386251275,S2-386430024,S2-400989290,S2-413214641,S2-415526749,S2-426761985,S2-443118145,S2-452033860,S2-457009238,S2-460086369,S2-46285067,S2-464046064,S2-476479347,S2-484105200,S2-506693783,S2-513393140,S2-514010231,S2-519813016,S2-539039282,S2-539971268,S2-542369725,S2-544543612,S2-551379381,S2-583092986,S2-584544228,S2-59713755,S2-606507093,S2-612218713,S2-612766159,S2-623395514,S2-625946364,S2-626594795,S2-64841035,S2-6540475,S2-682171017,S2-71386346,S2-714038307,S2-733046184,S2-735055342,S2-736832642,S2-737906333,S2-748886386,S2-757528813,S2-764546882,S2-771631316,S2-772331084,S2-775937375,S2-791466096,S2-797351636,S2-802705171,S2-81085577,S2-836514292,S2-844760793,S2-848147805,S2-862715798,S2-878661984,S2-88521591,S2-893604294,S2-895190669,S2-909393104,S2-911110780,S2-912118383,S2-915869365,S2-917436959,S2-950088117,S2-953805422,S2-960381613,S2-974363750,S2-977872075,S2-9880784,S2-988217894,S3-230421305,S3-230554334,S3-258601005,S3-345085995,S3-349910077,S3-418416304,S3-679544745,S3-866753843,S3-877319897,S3-919421762
S1-149898575	S2-124562338,S2-158325549,S2-160183053,S2-219498817,S2-238854798,S2-280143072,S2-289381196,S2-334526361,S2-336153298,S2-357287199,S2-395278823,S2-452107186,S2-452173209,S2-487998035,S2-531586855,S2-552465807,S2-565960697,S2-576541273,S2-593109682,S2-661451695,S2-756415176,S2-819962166,S2-844448804,S2-866286,S2-887657633,S2-894910210,S2-897613309,S3-100709889,S3-104440935,S3-140125003,S3-141257162,S3-158716139,S3-194106473,S3-231894780,S3-288207604,S3-302472981,S3-363824818,S3-36610245,S3-377352416,S3-394850474,S3-466918155,S3-555449890,S3-573956126,S3-577774412,S3-721199157,S3-933183664,S3-950847420
S1-153485613	S2-339963457,S2-392610613,S2-441942977,S2-459338571,S3-129060310
S1-158753049	S2-113502261,S2-13045480,S2-134380219,S2-139000433,S2-139237061,S2-141605172,S2-14753582,S2-163259827,S2-167154196,S2-17205398,S2-172989116,S2-175236420,S2-192795609,S2-196613536,S2-204419817,S2-205027690,S2-207909802,S2-237567475,S2-244721476,S2-25365194,S2-258981678,S2-26712836,S2-275831586,S2-278596527,S2-291660254,S2-292743977,S2-294368364,S2-300432180,S2-308389635,S2-311790197,S2-312913760,S2-317445761,S2-325933900,S2-32753879,S2-332141362,S2-341229606,S2-350396364,S2-352004648,S2-373550468,S2-375399497,S2-406211658,S2-413282671,S2-414152449,S2-419447845,S2-423503820,S2-424236581,S2-435313949,S2-441546137,S2-449665250,S2-451805074,S2-454219088,S2-456166573,S2-464713193,S2-476074339,S2-484293201,S2-487033263,S2-487232274,S2-487702680,S2-488743141,S2-49147003,S2-493539488,S2-519011149,S2-519492332,S2-521615016,S2-528172648,S2-530080154,S2-546099040,S2-549885912,S2-5553664,S2-561666518,S2-577611827,S2-583147541,S2-58661573,S2-596202425,S2-604264016,S2-614800948,S2-618035553,S2-63788272,S2-649454752,S2-650861468,S2-6645057,S2-665994287,S2-676335512,S2-677117781,S2-680156666,S2-682362668,S2-683351435,S2-699161351,S2-703244049,S2-706587183,S2-711475309,S2-719853047,S2-721755773,S2-727757461,S2-729375500,S2-749265081,S2-753330028,S2-758092522,S2-783679625,S2-786306409,S2-787565878,S2-806550912,S2-818293261,S2-827403398,S2-850277717,S2-852998677,S2-85570872,S2-860897642,S2-862510986,S2-863813287,S2-869512672,S2-869620023,S2-874727888,S2-875475843,S2-881136689,S2-884242656,S2-890916455,S2-893360617,S2-894815867,S2-895167134,S2-902839206,S2-910653971,S2-913586967,S2-914804387,S2-927073903,S2-939878538,S2-945233776,S2-961627213,S2-978271889,S2-985393264,S2-986191216,S2-988324866,S3-106825248,S3-114151554,S3-133693648,S3-13469778,S3-160943775,S3-162851793,S3-17429733,S3-232571441,S3-266072771,S3-271652381,S3-272599575,S3-294072839,S3-316518533,S3-325315712,S3-347535059,S3-350667432,S3-368875023,S3-378975063,S3-382158321,S3-388512991,S3-428464409,S3-429142476,S3-460996033,S3-473408528,S3-474628462,S3-479681954,S3-507093288,S3-513738512,S3-525957688,S3-579825662,S3-581855425,S3-58452302,S3-607846198,S3-612065954,S3-620804920,S3-637165783,S3-669240996,S3-7046842,S3-736056535,S3-749159115,S3-769379837,S3-792716350,S3-800718056,S3-808983296,S3-834272517,S3-838186058,S3-838914317,S3-855195480,S3-861533317,S3-870190929,S3-895909404,S3-901285117,S3-92215790,S3-938592744,S3-955962093,S3-95828886,S3-972542426,S3-984848201
S1-159871837	S2-225678839,S2-305160281,S2-577153729,S2-749557145,S3-334539664,S3-691658040,S3-845694256,S3-899070004
S1-160393706	S2-135873408,S2-155545324,S2-19727862,S2-20151266,S2-226381956,S2-253094205,S2-260790713,S2-277537432,S2-283034012,S2-300089275,S2-314762249,S2-315213868,S2-315918026,S2-317237741,S2-331746795,S2-337922918,S2-342831790,S2-353058778,S2-36217055,S2-363336742,S2-414635185,S2-434046927,S2-444067430,S2-466787314,S2-470765065,S2-470770583,S2-516849877,S2-528259906,S2-528994210,S2-594223215,S2-612930320,S2-654300104,S2-66768340,S2-678290994,S2-681573253,S2-699346180,S2-74811222,S2-74928184,S2-777099049,S2-777165346,S2-789600417,S2-848316357,S2-862816527,S2-866488097,S2-869711874,S2-881227965,S2-89739327,S2-916598960,S2-936186161,S2-937802725,S2-971026574,S2-973055440,S2-97641190,S2-985538411,S2-989452753,S3-106564522,S3-10713504,S3-13698928,S3-141932786,S3-142478808,S3-1445297,S3-184393243,S3-210269098,S3-236542994,S3-273644763,S3-27633623,S3-283984325,S3-289659527,S3-294199229,S3-304632983,S3-32371220,S3-343998097,S3-365350141,S3-371197516,S3-372690929,S3-383377757,S3-423773174,S3-426415274,S3-447050163,S3-475515092,S3-480332526,S3-483732519,S3-485971697,S3-500750750,S3-528894740,S3-534513182,S3-551326263,S3-555183177,S3-577848347,S3-622459690,S3-624047804,S3-626506070,S3-643978333,S3-655699124,S3-658594429,S3-686349423,S3-700585510,S3-744551535,S3-774862458,S3-788075547,S3-794562080,S3-81171380,S3-821109804,S3-832772014,S3-844914630,S3-855440446,S3-914035491,S3-9295813,S3-929898825,S3-94196511,S3-951208402,S3-961296289,S3-968944907,S3-97734546,S3-982157501,S3-991431220,S3-994883662
S1-163249957	S2-172931305,S2-31859358,S2-353571753,S2-483187138,S2-534236211,S2-829271487,S2-906657229,S2-915167017,S3-155130578,S3-294819367,S3-317047386,S3-404613688,S3-42570964,S3-530094310,S3-53262106,S3-694385768,S3-869674570
S1-164236538	S2-100490524,S2-157075823,S2-164204708,S2-203289051,S2-274277713,S2-372227455,S2-383421432,S2-640962831,S2-69298126,S2-858813932,S2-906432680,S2-975606469,S3-103926929,S3-107415199,S3-117528277,S3-12262859,S3-122770350,S3-134031164,S3-170765989,S3-171680140,S3-190131970,S3-20811901,S3-217484647,S3-219158852,S3-246160243,S3-251708664,S3-261192989,S3-288089967,S3-295371150,S3-307794698,S3-316430826,S3-317610233,S3-32871847,S3-329949345,S3-33063857,S3-35179151,S3-358723598,S3-363029709,S3-365860312,S3-370193262,S3-372156642,S3-377098641,S3-381888834,S3-393042991,S3-400654359,S3-402861970,S3-420818400,S3-425554670,S3-427504282,S3-427638866,S3-433748698,S3-439218276,S3-443204045,S3-445527313,S3-446019578,S3-447055216,S3-447658413,S3-449392674,S3-456384492,S3-465904829,S3-466234272,S3-478496172,S3-485275303,S3-486364969,S3-494552091,S3-509328227,S3-52740836,S3-529877578,S3-549970204,S3-55260783,S3-568478316,S3-629137044,S3-640297116,S3-646989832,S3-669134531,S3-679422856,S3-686127673,S3-694027169,S3-70138541,S3-70814214,S3-71575390,S3-725865386,S3-742016457,S3-742798808,S3-789008733,S3-797395549,S3-800878239,S3-802752199,S3-832878243,S3-835327215,S3-845917944,S3-853686897,S3-863981134,S3-865463245,S3-868732180,S3-89190519,S3-90351915,S3-933797105,S3-940951517,S3-950769317,S3-959419091,S3-974706273,S3-980338528,S3-990700439,S3-991127920,S3-993538167,S3-996793332
S1-169612171	S2-122083080,S2-197193213,S2-248875297,S2-397895049,S2-406929233,S2-465156142,S2-530727974,S2-854941925,S2-857793064,S3-108098882,S3-263572912,S3-433113040,S3-472587743,S3-571973214,S3-766206839
S1-171226928	S2-108297812,S2-232707774,S2-241970830,S2-326143098,S2-328732267,S2-363943607,S2-413292253,S2-416637953,S2-419066895,S2-43346103,S2-447511751,S2-467353859,S2-491118061,S2-509660122,S2-518443780,S2-521061749,S2-5272332,S2-532484213,S2-540380830,S2-562538385,S2-569654468,S2-585468754,S2-599326041,S2-620862274,S2-629789564,S2-632375397,S2-665786570,S2-669103175,S2-710539746,S2-753581037,S2-754712895,S2-771054159,S2-829832848,S2-840082980,S2-876777113,S2-891973717,S2-916424228,S2-926829934,S2-92946079,S2-934822127,S2-954498837,S2-977020772,S3-102535269,S3-141922769,S3-155032268,S3-159375727,S3-191386785,S3-225488147,S3-226059451,S3-234012111,S3-239292648,S3-25222286,S3-260723031,S3-263665646,S3-30327252,S3-315053361,S3-329556085,S3-334968600,S3-34630505,S3-365050406,S3-377367983,S3-417950651,S3-421343238,S3-425410752,S3-437799565,S3-441353941,S3-470222106,S3-474237272,S3-476512313,S3-486215061,S3-499475551,S3-517524200,S3-526649191,S3-527061922,S3-564493388,S3-590040604,S3-606503843,S3-606734188,S3-635287363,S3-642874722,S3-717683493,S3-745059789,S3-749535477,S3-759442221,S3-786458593,S3-805421503,S3-809575245,S3-819963833,S3-828904972,S3-874003456,S3-898700249,S3-899200409,S3-923899411,S3-932326051,S3-971823706,S3-976654030,S3-983818106,S3-988430046,S3-996356844
S1-174146241	S2-127173832,S2-192369198,S2-265077314,S2-311455014,S2-313523846,S2-338687443,S2-401586877,S2-845424766,S2-8558445,S2-897993371,S2-906926745,S2-937892947,S3-118261049,S3-171720325,S3-193298358,S3-258588136,S3-457446721,S3-531792619,S3-672450487,S3-745468475,S3-842686891,S3-855276377,S3-874758953,S3-888907982,S3-974382263
S1-185502834	S2-114570935,S2-115963350,S2-18523750,S2-20215430,S2-203631166,S2-203792539,S2-209847659,S2-20990192,S2-265525751,S2-317278729,S2-322038497,S2-329021529,S2-329626019,S2-337275476,S2-352676603,S2-358226279,S2-373615171,S2-433140154,S2-446557062,S2-450069024,S2-462122325,S2-480792485,S2-485628873,S2-571906752,S2-574104966,S2-616406713,S2-637509846,S2-680945965,S2-696270248,S2-714091130,S2-724427042,S2-725950881,S2-738909838,S2-742891252,S2-758313893,S2-765413779,S2-797414556,S2-805615622,S2-81791867,S2-830355538,S2-831686828,S2-845695921,S2-849214125,S2-871574458,S2-900941160,S2-941371493,S2-951034068,S2-966908091,S2-978132984,S2-980267578,S2-984358062,S3-117613145,S3-129024485,S3-165375691,S3-204029038,S3-206009157,S3-216331250,S3-227844250,S3-227886563,S3-251277149,S3-266352761,S3-343620757,S3-347685683,S3-348429797,S3-375578839,S3-381998698,S3-393358996,S3-411861648,S3-427713009,S3-444677696,S3-486492609,S3-48912072,S3-50920736,S3-529142249,S3-545244572,S3-561134186,S3-566543541,S3-610768107,S3-617012830,S3-667448923,S3-696579730,S3-729647397,S3-733368243,S3-751650701,S3-759722800,S3-768054558,S3-778117650,S3-779706045,S3-779758139,S3-788064763,S3-81608814,S3-840842008,S3-849040839,S3-874698824,S3-878502335,S3-913033630,S3-927612604,S3-954477616,S3-987330670,S3-992095278
S1-193618187	S2-103356744,S2-118459236,S2-155382527,S2-161790553,S2-187027930,S2-199432147,S2-204389838,S2-274722145,S2-326766366,S2-34505407,S2-355505468,S2-379081321,S2-416089496,S2-438374152,S2-442136481,S2-445498875,S2-45330682,S2-461194324,S2-47917511,S2-483927587,S2-496268511,S2-49871,S2-527665948,S2-53539459,S2-53644791,S2-542314282,S2-556406466,S2-557820395,S2-586340286,S2-592246812,S2-593961902,S2-635356228,S2-641725400,S2-698045537,S2-733035,S2-751830818,S2-762654633,S2-772239850,S2-785621269,S2-806380048,S2-842158117,S2-850699359,S2-876007283,S2-881494155,S2-885031420,S2-927434164,S2-932603757,S2-950006410,S2-971703796,S3-106454164,S3-132212176,S3-132917054,S3-133055110,S3-137003783,S3-175496256,S3-209476584,S3-241186081,S3-267029461,S3-305861230,S3-314383771,S3-344572169,S3-355764814,S3-388922766,S3-394654213,S3-404068434,S3-405327357,S3-429927925,S3-435299598,S3-436554807,S3-4466080,S3-488788493,S3-497823777,S3-51326324,S3-538893314,S3-540858229,S3-543921692,S3-553268781,S3-564215384,S3-588599587,S3-600295461,S3-619210813,S3-629325859,S3-648325008,S3-658349436,S3-660333943,S3-693585949,S3-709451423,S3-717962900,S3-720112060,S3-761019814,S3-764288183,S3-764380703,S3-779341129,S3-789513965,S3-790362447,S3-793939160,S3-794371690,S3-827717923,S3-830943612,S3-836139976,S3-838837787,S3-838903812,S3-850990401,S3-914925475,S3-916722687,S3-942460482,S3-962623833,S3-964734519,S3-980200084,S3-996409439
S1-195659370	S2-105450550,S2-119013536,S2-135279923,S2-140403424,S2-148023416,S2-149457999,S2-159238230,S2-170624940,S2-186395199,S2-205225309,S2-207711623,S2-216338289,S2-233283415,S2-240331654,S2-248896706,S2-267535146,S2-270031721,S2-27888083,S2-283879192,S2-328256657,S2-330812478,S2-33334670,S2-35388643,S2-355692840,S2-36950952,S2-386994582,S2-395382705,S2-395982265,S2-398256575,S2-401170105,S2-422692825,S2-428121161,S2-437495025,S2-456137444,S2-47002460,S2-471434588,S2-483838920,S2-48666702,S2-502135671,S2-505144532,S2-55114364,S2-554977690,S2-561246711,S2-575536316,S2-576291909,S2-576733775,S2-577070158,S2-58827994,S2-594843234,S2-595701889,S2-60675044,S2-610720417,S2-611453137,S2-620569493,S2-623642499,S2-624401015,S2-627422182,S2-631322795,S2-678100649,S2-68815643,S2-724978720,S2-72749710,S2-730549015,S2-7308700,S2-738250240,S2-751350875,S2-764199127,S2-779627834,S2-784514859,S2-80585556,S2-838510088,S2-841429667,S2-847765049,S2-86087729,S2-864655893,S2-868178268,S2-872414213,S2-885056987,S2-918552230,S2-919078006,S2-91960119,S2-939597554,S2-961459314,S2-962885046,S2-965783165,S2-966408920,S2-988239852,S2-991316621,S2-993407369,S3-147104095,S3-150161173,S3-156507433,S3-165248461,S3-186049775,S3-227531912,S3-231328338,S3-262859400,S3-27362756,S3-276943918,S3-287015522,S3-296733805,S3-330989318,S3-334760350,S3-350066500,S3-361579281,S3-397863430,S3-409715955,S3-412938593,S3-418515515,S3-425547852,S3-431533568,S3-43433731,S3-460860754,S3-464051745,S3-477392098,S3-482699134,S3-498895107,S3-502679604,S3-509992700,S3-525602951,S3-526251880,S3-541650006,S3-545977909,S3-549729478,S3-555252143,S3-563352597,S3-584308194,S3-59369912,S3-603367051,S3-629900223,S3-643331913,S3-648708768,S3-658853921,S3-69593625,S3-752649803,S3-761929098,S3-772644806,S3-774824867,S3-781203292,S3-782445228,S3-784035538,S3-838766117,S3-851780895,S3-86532526,S3-873476120,S3-878370170,S3-885633392,S3-902600010,S3-903698557,S3-91222979,S3-914667550,S3-925113551,S3-93121413,S3-933339828,S3-940403450,S3-948794952,S3-949661179,S3-951759648,S3-980478653,S3-986586996,S3-990623706
S1-195839862	S2-10109961,S2-147136034,S2-1634642,S2-229772558,S2-232134153,S2-27914111,S2-291600526,S2-310633306,S2-314502635,S2-344984473,S2-39037984,S2-399897307,S2-478439612,S2-493781357,S2-497522253,S2-511450906,S2-566560547,S2-604600197,S2-647327986,S2-657396193,S2-668934020,S2-671235186,S2-675294969,S2-719582213,S2-728201088,S2-738338383,S2-766779924,S2-767001533,S2-792345057,S2-819127239,S2-873974148,S2-874991819,S2-878608528,S2-909802776,S2-920847704,S2-937361363,S2-946383746,S2-965874729,S2-987492624,S3-102421877,S3-108703188,S3-125635736,S3-130348463,S3-143664639,S3-177381961,S3-190796077,S3-216997563,S3-233731806,S3-239431665,S3-247079864,S3-322432482,S3-328810540,S3-357919199,S3-370625114,S3-381777647,S3-424948767,S3-429813937,S3-438693777,S3-444625419,S3-446692028,S3-463174169,S3-488606721,S3-504446183,S3-510967047,S3-511447477,S3-539480829,S3-539983859,S3-543366099,S3-563960549,S3-569186156,S3-576040003,S3-578854150,S3-611426923,S3-620881622,S3-643117183,S3-693623774,S3-719902868,S3-730960014,S3-747969258,S3-754229947,S3-774621093,S3-776358730,S3-779141801,S3-819913070,S3-838527011,S3-840157016,S3-848194899,S3-89576987,S3-898607589,S3-924079775,S3-927206311,S3-955771537,S3-965097985,S3-991743094,S3-998504661
S1-195880082	S2-103099186,S2-105652348,S2-106717454,S2-111957024,S2-117162992,S2-117739149,S2-121238945,S2-125496623,S2-128350400,S2-133071500,S2-137566572,S2-145623531,S2-163081396,S2-164440492,S2-172479932,S2-17273862,S2-187025143,S2-189386213,S2-191243187,S2-193538801,S2-19636247,S2-206358236,S2-22260947,S2-226702634,S2-243869792,S2-245695329,S2-252305330,S2-253935416,S2-25958079,S2-26076594,S2-263998391,S2-264853951,S2-265557209,S2-278164115,S2-278799815,S2-280820487,S2-284256649,S2-293805296,S2-298737486,S2-305350980,S2-311167010,S2-317154673,S2-318264159,S2-323838003,S2-325589572,S2-330496028,S2-331893853,S2-334881072,S2-335625322,S2-340620088,S2-343538840,S2-344272900,S2-34571880,S2-347034862,S2-35969164,S2-364589617,S2-373527698,S2-374479720,S2-376820696,S2-378039531,S2-380481372,S2-380909673,S2-387827680,S2-40051995,S2-416473500,S2-419854416,S2-422932997,S2-42598115,S2-433651118,S2-4472578,S2-448969403,S2-450477014,S2-451933545,S2-455340020,S2-461524823,S2-461971990,S2-465131640,S2-468307662,S2-471300789,S2-476983682,S2-488392646,S2-490235126,S2-490838989,S2-494471630,S2-495369503,S2-500565569,S2-500934542,S2-505747954,S2-511314843,S2-51286744,S2-514891980,S2-518368404,S2-522232529,S2-533931772,S2-53537163,S2-537815250,S2-538308204,S2-547627357,S2-555652183,S2-558070574,S2-56019009,S2-562865737,S2-56310888,S2-564659081,S2-568898610,S2-569972495,S2-574166087,S2-574615188,S2-574706775,S2-577604205,S2-580689134,S2-583993413,S2-598154604,S2-613632780,S2-61540215,S2-616383137,S2-625765649,S2-635678503,S2-648061957,S2-648450211,S2-652902823,S2-653898284,S2-677126909,S2-677567904,S2-681087423,S2-684656956,S2-686846664,S2-687549624,S2-689114905,S2-698239602,S2-708131282,S2-712264335,S2-715915081,S2-716428526,S2-717489139,S2-720311966,S2-725041463,S2-72724618,S2-729140203,S2-73075603,S2-731388862,S2-732074602,S2-73323714,S2-735820536,S2-738919546,S2-742546334,S2-745262548,S2-750679983,S2-752363521,S2-761168078,S2-772252214,S2-774186620,S2-775029571,S2-779148439,S2-781012111,S2-789125048,S2-792590354,S2-800204979,S2-804740422,S2-806827289,S2-811060156,S2-811129391,S2-814097790,S2-814190778,S2-815533903,S2-816797957,S2-818011558,S2-820789076,S2-8209541,S2-840042176,S2-849379732,S2-853134258,S2-856922998,S2-863459136,S2-865593588,S2-869656052,S2-879670841,S2-897546211,S2-898144707,S2-902337643,S2-903156326,S2-908122642,S2-909812678,S2-913344624,S2-919411119,S2-921599532,S2-923549932,S2-926637875,S2-932333589,S2-936389868,S2-940633000,S2-947782678,S2-94859527,S2-952544446,S2-954934729,S2-955582001,S2-969788025,S2-975859931,S2-97885119,S2-984827149,S3-120426773,S3-122685021,S3-129851556,S3-141598471,S3-146390843,S3-158221567,S3-161657546,S3-163828249,S3-170729725,S3-171312610,S3-172768839,S3-175635091,S3-175716232,S3-18053683,S3-191911950,S3-197223855,S3-208380471,S3-21030894,S3-213081064,S3-218155357,S3-219084128,S3-222261307,S3-224247226,S3-234452064,S3-235436027,S3-243372876,S3-254125635,S3-257221903,S3-263089513,S3-269762568,S3-27198276,S3-278057262,S3-288085063,S3-288601412,S3-28916189,S3-29582884,S3-29692286,S3-302697472,S3-303178903,S3-305739011,S3-307295231,S3-308671381,S3-309818724,S3-316118670,S3-325111272,S3-335926833,S3-336395440,S3-350949967,S3-363812551,S3-364502686,S3-365679899,S3-384822241,S3-38796076,S3-388280582,S3-388380694,S3-394392418,S3-396328883,S3-398246612,S3-406228731,S3-407272261,S3-408391123,S3-417367946,S3-417662027,S3-423019240,S3-425363330,S3-433008025,S3-43507681,S3-441313151,S3-441413733,S3-44614928,S3-449317669,S3-450067620,S3-46008937,S3-473574726,S3-496493449,S3-507208855,S3-530154957,S3-548575660,S3-554941091,S3-568981975,S3-569085492,S3-569690435,S3-573078025,S3-594497816,S3-602021642,S3-602308156,S3-616749622,S3-620297324,S3-62033196,S3-628880429,S3-638462780,S3-642204795,S3-658663412,S3-661456166,S3-66280959,S3-669262562,S3-671939988,S3-67232257,S3-678963847,S3-68361998,S3-685284557,S3-694098161,S3-695498177,S3-703439839,S3-727184586,S3-728025358,S3-728526152,S3-729467304,S3-729660134,S3-740464779,S3-745878646,S3-753702997,S3-758575561,S3-76830531,S3-772312173,S3-776809528,S3-782206254,S3-799812385,S3-807561243,S3-816322209,S3-833589351,S3-841411396,S3-842051500,S3-843186718,S3-858149353,S3-878564248,S3-878971355,S3-883237524,S3-88889291,S3-895662693,S3-896161466,S3-897341806,S3-899228469,S3-900253274,S3-900456195,S3-905675858,S3-90652751,S3-911753556,S3-912412677,S3-912550397,S3-915055147,S3-916265509,S3-920010870,S3-927623667,S3-929314814,S3-937184609,S3-941330164,S3-943420134,S3-950688463,S3-952238343,S3-967580387,S3-978519782,S3-984270290,S3-990581959,S3-990905660,S3-999266973
S1-196124805	S2-103744841,S2-111859475,S2-129813084,S2-133548765,S2-151972891,S2-156508135,S2-190854024,S2-193189181,S2-1950170,S2-198463259,S2-198515178,S2-212036428,S2-216097028,S2-22414986,S2-236855543,S2-260090391,S2-263991298,S2-272700590,S2-277981844,S2-282923790,S2-283210456,S2-30871935,S2-318350015,S2-325851179,S2-337634238,S2-339885087,S2-348914849,S2-360049439,S2-36006316,S2-368917969,S2-376499893,S2-379424233,S2-382689984,S2-38899018,S2-389662983,S2-392191353,S2-39230215,S2-396264375,S2-415306670,S2-42346571,S2-425390309,S2-447502902,S2-448303194,S2-464722207,S2-466621892,S2-485062162,S2-485936525,S2-493585946,S2-518951554,S2-521967779,S2-524690385,S2-53233397,S2-539808019,S2-548630086,S2-581099078,S2-590729038,S2-602078727,S2-620672660,S2-627207730,S2-639771659,S2-655245725,S2-661871726,S2-668200036,S2-668361595,S2-686558710,S2-691289997,S2-692447284,S2-699882972,S2-70191367,S2-707775548,S2-713509449,S2-724652558,S2-736483724,S2-742849280,S2-743148802,S2-744454126,S2-76998141,S2-776433951,S2-777692553,S2-780811301,S2-788530227,S2-818340112,S2-838135801,S2-842142743,S2-848770123,S2-848804415,S2-862601602,S2-874358289,S2-881646477,S2-892152152,S2-908235221,S2-941996687,S2-975009228,S2-977286944,S2-984388384,S2-993931241,S2-995003318,S3-100171900,S3-103964716,S3-118637715,S3-135029054,S3-13514736,S3-139562642,S3-148097290,S3-149217036,S3-153849328,S3-154863528,S3-156772297,S3-157153110,S3-168446261,S3-169314717,S3-170478643,S3-173163119,S3-177253311,S3-182480594,S3-187914155,S3-194418527,S3-204242329,S3-220378248,S3-230997411,S3-233752119,S3-236804344,S3-238026316,S3-256041180,S3-259776230,S3-27049520,S3-274241413,S3-296825809,S3-298747562,S3-302027358,S3-304293130,S3-308982297,S3-314663601,S3-319929701,S3-322521263,S3-32374265,S3-325913614,S3-327622364,S3-330486782,S3-333201511,S3-335393955,S3-337829286,S3-343674506,S3-350629360,S3-350860615,S3-351552590,S3-35364746,S3-354595010,S3-354629560,S3-354990644,S3-357008348,S3-368499039,S3-375123843,S3-376750376,S3-381649522,S3-384350119,S3-390381871,S3-391105319,S3-399114908,S3-408311652,S3-409992754,S3-419216688,S3-425480449,S3-428390409,S3-431319034,S3-448407467,S3-456446902,S3-468458437,S3-488408890,S3-489990494,S3-492388092,S3-493936234,S3-496593807,S3-49754844,S3-497629457,S3-499394255,S3-499947989,S3-504031990,S3-511994676,S3-518465307,S3-519239121,S3-522212667,S3-528767013,S3-532816937,S3-534432341,S3-545181408,S3-551765318,S3-569712377,S3-571868181,S3-57755195,S3-57904079,S3-581653135,S3-583951455,S3-587557572,S3-597714240,S3-601389853,S3-611434851,S3-612573526,S3-61617384,S3-619049707,S3-621339854,S3-623734165,S3-634661490,S3-642623613,S3-647176411,S3-653490915,S3-653544424,S3-655104503,S3-65559093,S3-660220036,S3-661379008,S3-668283386,S3-66921559,S3-669879063,S3-670795227,S3-674738324,S3-67529516,S3-689980764,S3-695057114,S3-696231310,S3-703694170,S3-705124665,S3-708737750,S3-719261786,S3-721409538,S3-724198031,S3-737396821,S3-73965673,S3-73978646,S3-745312062,S3-749775453,S3-754936468,S3-760496287,S3-765061419,S3-76537458,S3-766409958,S3-767406857,S3-768915261,S3-776330583,S3-777537879,S3-779354869,S3-782020193,S3-79179125,S3-800515048,S3-802695702,S3-813459868,S3-814468095,S3-821716583,S3-831605834,S3-833259446,S3-83415650,S3-846779170,S3-852191863,S3-858668847,S3-866544042,S3-886515318,S3-887066493,S3-888303553,S3-892909398,S3-894078330,S3-897541108,S3-903551586,S3-907622372,S3-92897244,S3-930132543,S3-944004320,S3-946404529,S3-950032631,S3-955512495,S3-957320411,S3-958705925,S3-961379945,S3-962448589,S3-97836943,S3-997209117
S1-198675986	S2-102880496,S2-115519013,S2-12119426,S2-132931889,S2-135112885,S2-144968122,S2-171609280,S2-190094914,S2-196925768,S2-208513295,S2-214222926,S2-215620421,S2-222559336,S2-225589982,S2-23505442,S2-243719537,S2-25211821,S2-255860764,S2-279934573,S2-298433407,S2-300049141,S2-312308890,S2-337672180,S2-353055625,S2-355564148,S2-355793031,S2-365270263,S2-378839180,S2-383739827,S2-392531972,S2-407513891,S2-407627109,S2-407860151,S2-417501144,S2-420549334,S2-428362975,S2-431101344,S2-450136389,S2-459669717,S2-474956832,S2-493871768,S2-518343547,S2-548817023,S2-55711792,S2-575914029,S2-57987453,S2-586641550,S2-592622528,S2-59722725,S2-601632098,S2-601986809,S2-649761390,S2-678816789,S2-72166795,S2-725208427,S2-749747842,S2-759553053,S2-762915425,S2-77529435,S2-835700810,S2-835968773,S2-856821152,S2-868315969,S2-875404167,S2-888110871,S2-891490624,S2-892851876,S2-895149002,S2-914487512,S2-920044770,S2-92172838,S2-928221537,S2-930753578,S2-935677583,S2-945137796,S2-957213140,S2-964800887,S2-969197561,S3-120376820,S3-135638086,S3-14299869,S3-144717534,S3-155344481,S3-213181979,S3-214395434,S3-221518380,S3-229105589,S3-253245048,S3-281014826,S3-285999488,S3-303582288,S3-334849617,S3-335559750,S3-342161033,S3-352661768,S3-358091796,S3-364413105,S3-385572735,S3-407378773,S3-408337052,S3-409958052,S3-411237286,S3-423760442,S3-425342543,S3-438836915,S3-467874458,S3-471684591,S3-475799215,S3-476931460,S3-479456059,S3-505324982,S3-508453545,S3-511337725,S3-512862674,S3-521564777,S3-521876262,S3-536169584,S3-581450509,S3-58547113,S3-587194733,S3-589165310,S3-611104429,S3-629389369,S3-668447932,S3-669462683,S3-681476674,S3-718863878,S3-719836772,S3-732624408,S3-738481544,S3-740319016,S3-746264056,S3-761135991,S3-780334014,S3-789542037,S3-790964122,S3-794848376,S3-795038289,S3-805154445,S3-840978469,S3-853660877,S3-85689030,S3-863664103,S3-868792679,S3-878695247,S3-883571099,S3-885417383,S3-889020100,S3-898264304,S3-957952255,S3-969485609,S3-971948820,S3-985273683,S3-996678127,S3-997795492
S1-202359521	S2-110667989,S2-153363108,S2-154144593,S2-17549105,S2-178071828,S2-225484719,S2-242848521,S2-261040245,S2-295802890,S2-304245278,S2-330646725,S2-334872668,S2-360900942,S2-397642896,S2-399472085,S2-42914749,S2-45290510,S2-479140456,S2-504063336,S2-512821658,S2-524243549,S2-558430378,S2-569263751,S2-595031515,S2-600010610,S2-603085378,S2-609742702,S2-616904463,S2-622681141,S2-633628423,S2-648184135,S2-654049779,S2-66582810,S2-687092990,S2-690589964,S2-734078902,S2-742866407,S2-754215074,S2-758775156,S2-796056399,S2-79678894,S2-825418372,S2-830269821,S2-838433852,S2-855852267,S2-856389036,S2-883185189,S2-887328698,S2-901730565,S2-923239427,S2-928903367,S2-931190428,S3-113775139,S3-13588918,S3-137910952,S3-14054909,S3-147711174,S3-151641551,S3-210640087,S3-218914672,S3-22003217,S3-265821638,S3-292017510,S3-331797496,S3-334763765,S3-337798412,S3-396009217,S3-41259484,S3-414331919,S3-424738367,S3-431010189,S3-443038875,S3-443259602,S3-45757521,S3-475727089,S3-488223830,S3-493783054,S3-502621110,S3-513886905,S3-534552907,S3-554864903,S3-5554309,S3-603378906,S3-603944028,S3-615308880,S3-668450211,S3-698746481,S3-702800144,S3-715631762,S3-718113708,S3-723154491,S3-746208536,S3-753173395,S3-757736709,S3-759480501,S3-775696530,S3-791949936,S3-797768794,S3-851520940,S3-859331754,S3-8677754,S3-880178295,S3-894668526,S3-901320549,S3-922243256,S3-938896482,S3-946846255,S3-952897700,S3-980874711,S3-983324603
S1-202442008	S2-128266586,S2-135439202,S2-147084765,S2-157111682,S2-164450811,S2-168014819,S2-170881071,S2-188120291,S2-191242041,S2-197278636,S2-199007238,S2-229119453,S2-236360387,S2-236683963,S2-240568842,S2-300200661,S2-307456237,S2-312247354,S2-330320554,S2-331271530,S2-344731750,S2-364494867,S2-365448180,S2-368033642,S2-372107260,S2-372269333,S2-381783672,S2-38697060,S2-390462419,S2-39955577,S2-403213427,S2-404979951,S2-411410502,S2-420689846,S2-425110413,S2-469427443,S2-479645742,S2-486968816,S2-489923273,S2-493269611,S2-50048287,S2-505334815,S2-532987477,S2-533448274,S2-536195540,S2-537142626,S2-538041016,S2-538145200,S2-541605183,S2-56690174,S2-574982541,S2-579422728,S2-581068757,S2-582695888,S2-597650628,S2-599377621,S2-603104276,S2-604819159,S2-6125563,S2-627490605,S2-630502084,S2-646573146,S2-654631861,S2-689500039,S2-696708648,S2-697444512,S2-707516016,S2-739378959,S2-751306675,S2-756812083,S2-760911771,S2-764709485,S2-766803149,S2-775552309,S2-784219344,S2-78865569,S2-788665443,S2-799773298,S2-80056537,S2-81003290,S2-811868630,S2-834787527,S2-837047700,S2-838352379,S2-855795568,S2-876004748,S2-879696185,S2-881065657,S2-888484477,S2-902415176,S2-903427739,S2-922569446,S2-934209793,S2-968972978,S2-975866800,S2-978272844,S2-982951906,S2-987605407,S2-994285760,S3-103611428,S3-115539279,S3-126169472,S3-132901773,S3-1385117,S3-145288350,S3-148177845,S3-160242769,S3-163816322,S3-205104521,S3-215555498,S3-234626036,S3-242817310,S3-252283990,S3-252484199,S3-272138754,S3-277028984,S3-290995143,S3-321440968,S3-352720220,S3-36577486,S3-366794190,S3-374282313,S3-381786585,S3-385943049,S3-394453372,S3-416023105,S3-421130287,S3-424122675,S3-424834443,S3-45693241,S3-468233776,S3-503820027,S3-504398249,S3-533081127,S3-550239564,S3-553634059,S3-57185998,S3-581083628,S3-598152934,S3-626029734,S3-632429898,S3-646720604,S3-656782111,S3-659080786,S3-670642312,S3-673654776,S3-689232590,S3-692581059,S3-705619446,S3-706700646,S3-715422521,S3-74377279,S3-74578429,S3-759764248,S3-770093189,S3-770215475,S3-824258905,S3-832983780,S3-86266394,S3-917004680,S3-942574359,S3-945960808,S3-962384282,S3-967239559,S3-97216277,S3-983409766,S3-984296627,S3-994205282
S1-207329319	S2-102204877,S2-119720980,S2-133231514,S2-134380219,S2-139000433,S2-141605172,S2-14811850,S2-157018949,S2-158970778,S2-163259827,S2-17205398,S2-175236420,S2-183601014,S2-191016213,S2-196613536,S2-198918000,S2-204419817,S2-205027690,S2-207909802,S2-211226157,S2-216780164,S2-221584240,S2-231958110,S2-233871140,S2-237567475,S2-244721476,S2-24860863,S2-25365194,S2-283998807,S2-291660254,S2-292743977,S2-294368364,S2-300432180,S2-300438176,S2-306704496,S2-317445761,S2-325351617,S2-325933900,S2-327425004,S2-327435652,S2-330988137,S2-332141362,S2-341229606,S2-361635003,S2-363199957,S2-367858622,S2-373993589,S2-375399497,S2-376029700,S2-382652923,S2-383013824,S2-394316667,S2-411474408,S2-413282671,S2-414152449,S2-435313949,S2-437337226,S2-438780849,S2-449665250,S2-451805074,S2-456166573,S2-472132031,S2-476074339,S2-487033263,S2-487702680,S2-488387082,S2-488743141,S2-49147003,S2-514840735,S2-517949790,S2-519011149,S2-519492332,S2-520070984,S2-521615016,S2-528172648,S2-528190858,S2-549885912,S2-552879071,S2-5553664,S2-561666518,S2-578564165,S2-583147541,S2-587392993,S2-593864232,S2-618035553,S2-626566194,S2-634616698,S2-64224701,S2-64570717,S2-649454752,S2-650861468,S2-653613388,S2-659844840,S2-6645057,S2-665994287,S2-672761451,S2-67626334,S2-678145453,S2-678806834,S2-683351435,S2-696233561,S2-699161351,S2-711475309,S2-713972219,S2-714714489,S2-723587064,S2-747771600,S2-749265081,S2-749736319,S2-758013351,S2-763746236,S2-763770284,S2-765698629,S2-772677282,S2-783679625,S2-786306409,S2-812048961,S2-823832643,S2-847367013,S2-863813287,S2-869512672,S2-869620023,S2-875475843,S2-881136689,S2-884242656,S2-887165297,S2-890916455,S2-893360617,S2-894815867,S2-895167134,S2-910590029,S2-917026610,S2-927073903,S2-935448747,S2-938952817,S2-939070955,S2-939878538,S2-945233776,S2-949299298,S2-952852242,S2-953254735,S2-961627213,S2-98447921,S2-985393264,S2-987808029,S2-991456570,S3-101218102,S3-103150973,S3-11401842,S3-126900526,S3-128536536,S3-130130118,S3-14158335,S3-150903393,S3-156788638,S3-170061134,S3-198976305,S3-20042636,S3-202730157,S3-207937698,S3-215045473,S3-225682953,S3-227274997,S3-238110975,S3-322046465,S3-32415290,S3-328887037,S3-332959714,S3-345234355,S3-355268880,S3-358187913,S3-373854337,S3-408837088,S3-425110321,S3-428878557,S3-448835526,S3-456189195,S3-456330688,S3-482063401,S3-498250145,S3-502856793,S3-510535443,S3-512940658,S3-529778916,S3-537710387,S3-554033803,S3-557595135,S3-563659885,S3-582885705,S3-594849298,S3-599198673,S3-599202596,S3-611643004,S3-618997918,S3-622456702,S3-625766782,S3-626514832,S3-628702495,S3-634084786,S3-636528775,S3-643557532,S3-643905010,S3-644636144,S3-64969662,S3-650860328,S3-651361078,S3-654100239,S3-671892182,S3-677900329,S3-706134682,S3-706430127,S3-710925318,S3-723803529,S3-726631651,S3-739531170,S3-744275005,S3-749649332,S3-757994438,S3-758485386,S3-767691724,S3-773041869,S3-77883221,S3-787205643,S3-800324011,S3-803747523,S3-807440029,S3-814654620,S3-822928734,S3-823681811,S3-840540567,S3-848782648,S3-860119523,S3-878126127,S3-88384829,S3-886772558,S3-893723258,S3-896533004,S3-903996247,S3-911246220,S3-917099815,S3-935250335,S3-940300369,S3-940977431,S3-942196107,S3-943599148,S3-95325643,S3-967759759,S3-971277050,S3-972568092
S1-208682389	S2-101238452,S2-115182520,S2-13335367,S2-138303304,S2-155077928,S2-157390635,S2-169565025,S2-175577359,S2-191720821,S2-193313468,S2-1977224,S2-199766676,S2-211491541,S2-219015932,S2-221277190,S2-22226329,S2-228385142,S2-24019892,S2-25382943,S2-254970109,S2-255140513,S2-258925596,S2-263378271,S2-26386610,S2-280470011,S2-286275275,S2-305602687,S2-310733995,S2-340193346,S2-355013709,S2-38114270,S2-390273982,S2-417559188,S2-424493956,S2-438103395,S2-459141115,S2-45976574,S2-460503565,S2-464235012,S2-470531521,S2-472403407,S2-496884826,S2-505059939,S2-510007792,S2-516803654,S2-517404958,S2-519150690,S2-521055781,S2-565803438,S2-575689758,S2-580919442,S2-595627253,S2-599361046,S2-602171990,S2-608300839,S2-614890036,S2-621820092,S2-659325287,S2-682698302,S2-688789116,S2-713633737,S2-719129258,S2-72746384,S2-730917077,S2-743356783,S2-750453264,S2-770748676,S2-77700255,S2-781005680,S2-792639031,S2-806595408,S2-811165596,S2-813871388,S2-824336574,S2-826043470,S2-859885102,S2-864826413,S2-87141467,S2-880375881,S2-881133863,S2-882103357,S2-887854048,S2-888996827,S2-894432287,S2-898523119,S2-900397173,S2-903858449,S2-91420109,S2-91452252,S2-920189835,S2-928820883,S2-959010869,S2-98296923,S2-983137980,S2-984383860,S2-98989109,S2-99064468,S2-997373928,S2-998050403,S3-101569825,S3-112353849,S3-114732451,S3-124873823,S3-13583433,S3-143320497,S3-175267243,S3-183038070,S3-184766877,S3-196851728,S3-209457052,S3-212993776,S3-218787575,S3-21981418,S3-255845447,S3-260498705,S3-289150503,S3-300049496,S3-304842345,S3-320042075,S3-324672097,S3-351478623,S3-352749437,S3-362847477,S3-363835582,S3-376610917,S3-38804521,S3-401976049,S3-403760393,S3-422162263,S3-461596403,S3-491614785,S3-492646396,S3-500886728,S3-510290424,S3-542933634,S3-547100379,S3-565620652,S3-568516550,S3-578302969,S3-589760237,S3-592444477,S3-596616097,S3-598400109,S3-599750142,S3-608222351,S3-610571271,S3-613612841,S3-615568592,S3-643483976,S3-643952939,S3-678283349,S3-694827481,S3-697108303,S3-697294350,S3-702678168,S3-710867934,S3-723384215,S3-72863901,S3-745495436,S3-755818681,S3-766725812,S3-768708184,S3-785390968,S3-786774951,S3-789231122,S3-79218582,S3-795603526,S3-798631962,S3-803976591,S3-838412402,S3-839876953,S3-871554209,S3-889159015,S3-893701182,S3-908404033,S3-918666867,S3-929166546,S3-929506940,S3-931348072,S3-933303741,S3-963255725,S3-966473111,S3-967087305,S3-969671612,S3-972670151,S3-974043458,S3-982191269,S3-985788696,S3-98943278,S3-992381193
S1-209008446	S2-104420426,S2-108384854,S2-116938554,S2-124699033,S2-128046941,S2-141070333,S2-168029797,S2-180926168,S2-182044085,S2-209362285,S2-213757718,S2-21473093,S2-237506824,S2-237721746,S2-239859366,S2-246935469,S2-278905836,S2-280529540,S2-285810874,S2-296871213,S2-297116737,S2-29757676,S2-3008082,S2-310612369,S2-315111096,S2-315692380,S2-317858364,S2-328204550,S2-332775991,S2-336231588,S2-344323644,S2-350434618,S2-361643653,S2-365342465,S2-366590557,S2-369273996,S2-373877474,S2-375397872,S2-3760702,S2-377898597,S2-378339000,S2-37848567,S2-379366551,S2-400879466,S2-408689404,S2-414853186,S2-418629683,S2-427533564,S2-428642685,S2-43002448,S2-432215859,S2-434376109,S2-434464810,S2-441563442,S2-449537322,S2-453193219,S2-457952892,S2-458325567,S2-464048832,S2-464453661,S2-484954475,S2-497376840,S2-503610583,S2-504329845,S2-518586589,S2-519445927,S2-523136934,S2-531049250,S2-537330049,S2-537493600,S2-553847433,S2-555983827,S2-559114977,S2-583448340,S2-5915158,S2-595889724,S2-597445122,S2-606924237,S2-621294511,S2-623820946,S2-640018731,S2-640444467,S2-641126779,S2-641496118,S2-643545157,S2-649592625,S2-650632677,S2-655343304,S2-655755679,S2-658407927,S2-663557758,S2-672171369,S2-698729597,S2-709329767,S2-713501034,S2-727107905,S2-730775035,S2-73351585,S2-762007217,S2-762143160,S2-769296971,S2-779905828,S2-780200306,S2-783297162,S2-784602314,S2-78462150,S2-786788333,S2-788538351,S2-788919319,S2-797946580,S2-815753807,S2-816803046,S2-820106194,S2-821906631,S2-823454456,S2-837449541,S2-838146911,S2-844400039,S2-851342733,S2-864354860,S2-872772094,S2-87466995,S2-875067955,S2-905783015,S2-907926474,S2-917605121,S2-928393069,S2-933238589,S2-933827600,S2-934085379,S2-935913795,S2-937091308,S2-946159157,S2-947370606,S2-958261919,S2-961603392,S2-962646794,S2-96820821,S2-971792646,S2-979305721,S2-985757343,S2-992947463,S3-103133124,S3-105482695,S3-107113231,S3-109541166,S3-111218524,S3-115150747,S3-120819172,S3-125085873,S3-126144852,S3-128436915,S3-13540614,S3-137391056,S3-138425905,S3-141224352,S3-149286337,S3-157356042,S3-158204967,S3-15977434,S3-160276470,S3-161818000,S3-162831118,S3-16415006,S3-168304109,S3-1716267,S3-176232100,S3-180183503,S3-182472238,S3-183595961,S3-185622020,S3-187671823,S3-203016457,S3-211035435,S3-234428133,S3-234743647,S3-237386599,S3-242647723,S3-246263545,S3-248912818,S3-266298862,S3-267894869,S3-26883122,S3-281499602,S3-284559033,S3-28891942,S3-290221600,S3-290793025,S3-290846089,S3-290921046,S3-294043956,S3-298025155,S3-313404796,S3-318782708,S3-318948343,S3-320737058,S3-330137276,S3-332002671,S3-332928651,S3-334196685,S3-345676646,S3-352067322,S3-353524462,S3-359971741,S3-365972289,S3-367695051,S3-3776695,S3-378617168,S3-382381056,S3-385822995,S3-390209429,S3-392652646,S3-396818776,S3-3996267,S3-403464520,S3-421306144,S3-433255812,S3-433772484,S3-440408378,S3-4405375,S3-450154152,S3-453183839,S3-463553600,S3-468730404,S3-47365080,S3-475164379,S3-486403405,S3-495793725,S3-50425349,S3-517017796,S3-52275081,S3-524800667,S3-52570908,S3-52656290,S3-526949076,S3-528000279,S3-529546459,S3-545513984,S3-551190002,S3-553479286,S3-555631455,S3-558089561,S3-56413887,S3-572329072,S3-578630758,S3-579775631,S3-582448253,S3-590144311,S3-596831177,S3-604264469,S3-609598649,S3-613276773,S3-615542599,S3-619044718,S3-622505913,S3-623449545,S3-62531231,S3-642486400,S3-642521804,S3-646161391,S3-647442337,S3-653250384,S3-657086467,S3-666337900,S3-668879280,S3-670677777,S3-673264272,S3-673457583,S3-675133665,S3-675322247,S3-682078114,S3-686514711,S3-687075747,S3-694512325,S3-696740170,S3-69770698,S3-709444983,S3-712558270,S3-71357396,S3-721588504,S3-728500351,S3-730847935,S3-734338262,S3-737935426,S3-739195943,S3-751883396,S3-752768570,S3-756307902,S3-771704779,S3-772367358,S3-77827425,S3-78605453,S3-787931893,S3-789352822,S3-793566847,S3-799576300,S3-799790063,S3-803711205,S3-81561480,S3-815794166,S3-820158978,S3-82404929,S3-827651800,S3-841662383,S3-854074407,S3-856880380,S3-862158978,S3-868803274,S3-876259216,S3-882080359,S3-890439930,S3-896758312,S3-898263830,S3-900086670,S3-901874250,S3-90689839,S3-908887243,S3-921881308,S3-928996279,S3-943855128,S3-950058478,S3-951152355,S3-953113097,S3-956838702,S3-957147656,S3-95874954,S3-959941135,S3-960191814,S3-960436324,S3-962792983,S3-967239824,S3-967628900,S3-968757999,S3-973292615,S3-977593542,S3-981633993,S3-982143726,S3-985483678,S3-990147074,S3-993775100,S3-994091173,S3-99778745
S1-210935903	S2-111873229,S2-111928477,S2-131568011,S2-154679414,S2-159761295,S2-187314666,S2-229011411,S2-243451184,S2-245430487,S2-286716221,S2-293947771,S2-310881346,S2-337696499,S2-365851528,S2-375237652,S2-375693103,S2-382418052,S2-388023430,S2-401405222,S2-414597336,S2-443077792,S2-454815429,S2-479068065,S2-505065650,S2-534592036,S2-590299761,S2-635437772,S2-657153982,S2-704632322,S2-708657874,S2-754210762,S2-761113161,S2-793455648,S2-829960413,S2-842875529,S2-847003105,S2-854237706,S2-863104105,S2-86417347,S2-895029268,S2-906658313,S2-922814026,S2-928983985,S2-948066862,S2-960836844,S2-969942810,S2-979764373,S2-9991902,S3-121609463,S3-136769069,S3-138205065,S3-177341902,S3-191466725,S3-205277080,S3-213807355,S3-220791518,S3-227231574,S3-22776943,S3-239715718,S3-248781250,S3-311362549,S3-326388883,S3-332432232,S3-338650105,S3-358753735,S3-392594669,S3-396946128,S3-405737281,S3-490623102,S3-526189745,S3-535383710,S3-6075560,S3-627376045,S3-636104332,S3-661658102,S3-732660245,S3-748947571,S3-757805686,S3-823021072,S3-854742359,S3-860311248,S3-912116838,S3-91254509,S3-976466622
S1-213733425	S2-132127561,S2-160059336,S2-212517599,S2-238744810,S2-283834120,S2-400336104,S2-507439272,S2-536341305,S2-541964680,S2-621417748,S2-68676433,S2-690980520,S2-784376008,S2-801100146,S2-841902461,S2-863124284,S2-863212831,S2-864481496,S2-966787528,S2-96955888,S2-979348685,S3-11848175,S3-18296754,S3-346365292,S3-362085177,S3-524381610,S3-57932123,S3-591529796,S3-606205757,S3-618783063,S3-621707741,S3-645495075,S3-694232718,S3-699601450,S3-730247468,S3-730497927,S3-758703092,S3-760293830,S3-871000529,S3-968667159
S1-214884127	S2-258620879,S2-326034896,S2-366425802,S2-408831037,S2-432355880,S2-466430840,S2-487626086,S2-536164810,S2-575533287,S2-61747474,S2-679016442,S2-683807887,S2-686510984,S2-708728947,S2-714063931,S2-774600417,S2-819726046,S2-877617246,S2-93176999,S2-953687781,S2-975292353,S2-989144564,S3-102576785,S3-154519350,S3-208995817,S3-216960869,S3-233863598,S3-262308956,S3-278040659,S3-279815520,S3-289815440,S3-335655379,S3-369710099,S3-417482714,S3-49811091,S3-507576208,S3-51354339,S3-542041241,S3-560443866,S3-564989830,S3-576667972,S3-584311437,S3-593351876,S3-605090852,S3-623468964,S3-647353388,S3-67894887,S3-765071262,S3-793395186,S3-842670767,S3-851678404,S3-9188603,S3-978547464
S1-215012656	S2-106726308,S2-107844442,S2-116944303,S2-117185474,S2-118847037,S2-118980826,S2-125318036,S2-129393984,S2-137910191,S2-140098571,S2-142207803,S2-159267579,S2-161750643,S2-174165759,S2-175344732,S2-189083934,S2-196217664,S2-196358580,S2-199029704,S2-214831308,S2-215418548,S2-21557052,S2-21712651,S2-218318968,S2-220362417,S2-222056799,S2-223989417,S2-230453223,S2-234263202,S2-235610689,S2-245614534,S2-251744150,S2-251849191,S2-256271598,S2-260250302,S2-26941949,S2-277374610,S2-282210994,S2-285889423,S2-290092412,S2-294890797,S2-296781573,S2-301667954,S2-313884029,S2-319162029,S2-323088906,S2-323644986,S2-330854133,S2-337122530,S2-339322983,S2-340758172,S2-342471665,S2-356455242,S2-356983496,S2-360189561,S2-362081184,S2-362862955,S2-385865335,S2-387969342,S2-389479323,S2-403394909,S2-405424744,S2-407372814,S2-412379296,S2-414406405,S2-427084715,S2-435533503,S2-442003336,S2-448627149,S2-450673725,S2-451859143,S2-452803290,S2-460493551,S2-460719607,S2-467090266,S2-483857496,S2-492446928,S2-499458124,S2-526231716,S2-526545003,S2-527576764,S2-54439582,S2-544777922,S2-545968108,S2-550511412,S2-553609652,S2-563006824,S2-586687948,S2-593793490,S2-599577689,S2-600099417,S2-609406281,S2-615285519,S2-616086963,S2-62060874,S2-623092101,S2-631483371,S2-642480204,S2-643540955,S2-643742657,S2-646168330,S2-663188275,S2-675627313,S2-688342910,S2-691285996,S2-70023057,S2-707338639,S2-710196408,S2-717409151,S2-721045929,S2-740684202,S2-744747074,S2-745325610,S2-771767473,S2-772921707,S2-79012533,S2-790761762,S2-813001118,S2-817977128,S2-821711548,S2-825815688,S2-826915218,S2-837212842,S2-842253818,S2-846444598,S2-849204625,S2-851653693,S2-852523785,S2-853693325,S2-854573381,S2-862202973,S2-863070217,S2-866546344,S2-867913856,S2-870361326,S2-88953662,S2-890410241,S2-890896158,S2-900019565,S2-904003243,S2-916131052,S2-92170385,S2-92323692,S2-923517863,S2-959498193,S2-961599359,S2-97663235,S2-97897913,S2-982563907,S2-995942388,S2-996352237,S3-104693358,S3-106584971,S3-110937349,S3-12066623,S3-121176730,S3-128543023,S3-13934004,S3-142947570,S3-147606312,S3-161122191,S3-165267029,S3-167266933,S3-175072428,S3-176913558,S3-188830798,S3-197769985,S3-198180163,S3-200841022,S3-206324936,S3-209644943,S3-210373852,S3-210415011,S3-213015258,S3-21800576,S3-219699726,S3-224956136,S3-226018990,S3-238726853,S3-247964492,S3-248026249,S3-26862904,S3-288407073,S3-291464080,S3-293864792,S3-294986189,S3-304074351,S3-304745288,S3-30560288,S3-314675644,S3-349156060,S3-350542203,S3-363211111,S3-371755151,S3-37216724,S3-377965071,S3-407616095,S3-415498437,S3-431466536,S3-43605272,S3-441648397,S3-44174851,S3-445836941,S3-45104957,S3-459306540,S3-471951000,S3-477328792,S3-500731863,S3-501281078,S3-50238526,S3-503775894,S3-507977779,S3-510775881,S3-513116899,S3-519119285,S3-524222731,S3-534223124,S3-544645710,S3-552273268,S3-554528948,S3-555257131,S3-5576198,S3-560157240,S3-570657709,S3-572394117,S3-578173716,S3-581223189,S3-581233064,S3-585997959,S3-588757958,S3-592295163,S3-592538360,S3-594247463,S3-596292113,S3-605718390,S3-606727506,S3-606861394,S3-609547915,S3-615153045,S3-626052855,S3-631881143,S3-636466482,S3-639940878,S3-648305759,S3-652938624,S3-659582235,S3-667486364,S3-693412776,S3-704081482,S3-709592516,S3-710202793,S3-71629024,S3-719164808,S3-722801301,S3-733892965,S3-740673372,S3-742074323,S3-74268413,S3-746127157,S3-747213725,S3-768069319,S3-773399488,S3-780873527,S3-780927358,S3-784237068,S3-78785372,S3-790521031,S3-795063479,S3-802262155,S3-802721273,S3-805743343,S3-831447807,S3-833522911,S3-835925291,S3-83847495,S3-846959250,S3-84710386,S3-85124393,S3-851482859,S3-852032239,S3-853154111,S3-860236889,S3-87128662,S3-880582512,S3-884963808,S3-889350372,S3-903316668,S3-92643351,S3-927252168,S3-940157820,S3-947918003,S3-951346999,S3-954272040,S3-957617477,S3-973037485,S3-980960828,S3-990490971,S3-99061162,S3-994136823,S3-9987031
S1-226577000	S2-107011741,S2-120256320,S2-130903686,S2-164805878,S2-172756194,S2-198603571,S2-252221766,S2-277157403,S2-313044702,S2-364944391,S2-371971113,S2-389821561,S2-401258854,S2-40560309,S2-413226217,S2-489792053,S2-532259240,S2-557043991,S2-597316860,S2-689726894,S2-698780094,S2-848074645,S2-86055924,S2-867399361,S2-888277697,S2-908955413,S2-934295708,S2-936403897,S2-96377146,S2-966011213,S3-108405801,S3-159411028,S3-171598455,S3-196656707,S3-203256728,S3-203512864,S3-220965894,S3-240425769,S3-241573222,S3-286366713,S3-299484153,S3-388865991,S3-416921465,S3-435104966,S3-471406258,S3-50414644,S3-646352148,S3-678804027,S3-703747401,S3-720612717,S3-746888669,S3-852731003,S3-857082725,S3-893721461,S3-957846226,S3-971436901,S3-973230356,S3-976506700
S1-229036658	S2-188958800,S2-250168979,S2-369832171,S2-852127544,S2-953857311,S3-340140608,S3-400410906
S1-236909503	S2-111147996,S2-127684766,S2-1339872,S2-139849224,S2-142929340,S2-144244779,S2-162033765,S2-164310200,S2-167719822,S2-178605218,S2-18920715,S2-199139168,S2-201752641,S2-202595088,S2-204596547,S2-211210549,S2-226504890,S2-239871384,S2-248821006,S2-266946590,S2-268817758,S2-269751391,S2-277232835,S2-286300188,S2-289301449,S2-291071976,S2-293193659,S2-297470202,S2-299334138,S2-304476836,S2-312491207,S2-313720543,S2-326833644,S2-327983821,S2-33576513,S2-343906280,S2-344778754,S2-348066507,S2-358877472,S2-385990386,S2-398077879,S2-399348972,S2-405453489,S2-408246029,S2-42943742,S2-432847468,S2-443806734,S2-454203162,S2-460428079,S2-46142933,S2-475691881,S2-476268187,S2-490446750,S2-50529500,S2-513344852,S2-51811374,S2-519260187,S2-521052727,S2-530824513,S2-53308174,S2-534591095,S2-535586818,S2-536562893,S2-539161018,S2-542623855,S2-572680920,S2-58758573,S2-594195510,S2-611176866,S2-614955104,S2-623262341,S2-625728830,S2-644575511,S2-653755756,S2-656854603,S2-666639196,S2-670392,S2-673302519,S2-674141349,S2-679147371,S2-690982872,S2-698593931,S2-700441023,S2-710167127,S2-710340140,S2-723576993,S2-727651605,S2-738360839,S2-749006626,S2-76027998,S2-76215818,S2-763532015,S2-764765511,S2-772702818,S2-784197324,S2-792901118,S2-794115220,S2-809193975,S2-809565748,S2-817060487,S2-825637877,S2-827005948,S2-833521342,S2-847163127,S2-848526832,S2-86101605,S2-863319709,S2-864949788,S2-867880188,S2-89240979,S2-896035884,S2-900997414,S2-923686702,S2-9267953,S2-929777261,S2-932192302,S2-937433451,S2-937934413,S2-944894210,S2-962011718,S2-970233245,S2-981208369,S2-984133319,S3-101550034,S3-104911872,S3-112318721,S3-127182809,S3-128260954,S3-132674412,S3-134595739,S3-138687922,S3-139996495,S3-140486292,S3-16449055,S3-170779668,S3-193482400,S3-208343155,S3-208400617,S3-213282253,S3-21568987,S3-218370873,S3-225650739,S3-228465510,S3-234441977,S3-241371174,S3-241820478,S3-242782183,S3-253649390,S3-265693001,S3-270284851,S3-272354966,S3-274885659,S3-285344059,S3-286012763,S3-290447154,S3-293314128,S3-296869941,S3-300260354,S3-304196816,S3-306205058,S3-307813331,S3-310958220,S3-313141292,S3-315493098,S3-324626608,S3-326734218,S3-32719432,S3-32944054,S3-338737206,S3-353866402,S3-355841834,S3-367211344,S3-384046621,S3-384520959,S3-405189321,S3-406045135,S3-406100095,S3-419936693,S3-429217996,S3-432343541,S3-436879998,S3-437432318,S3-443933242,S3-445671999,S3-447190254,S3-450137,S3-462171168,S3-473941572,S3-485312861,S3-505678235,S3-514181305,S3-517129442,S3-526423784,S3-529254281,S3-530222384,S3-532678418,S3-535607966,S3-550229519,S3-551137732,S3-556416090,S3-560762656,S3-568070542,S3-568476738,S3-570040865,S3-584192470,S3-588252204,S3-594777206,S3-597473887,S3-611396731,S3-620904256,S3-625615480,S3-643681571,S3-64952718,S3-673357080,S3-674773567,S3-676191296,S3-688641027,S3-695191046,S3-708194624,S3-714507510,S3-71891266,S3-725597317,S3-72912386,S3-735805601,S3-741381987,S3-744510267,S3-749414651,S3-760954932,S3-772408442,S3-776368980,S3-779796975,S3-788470150,S3-799576207,S3-813589420,S3-815218677,S3-815655571,S3-827427369,S3-847301137,S3-848445226,S3-862854066,S3-87848723,S3-885194585,S3-887476859,S3-890551341,S3-896832005,S3-898641229,S3-940777974,S3-950888130,S3-964793441,S3-992248478
S1-237349399	S2-101052189,S2-101584987,S2-105362377,S2-106861899,S2-115104419,S2-133935306,S2-140765721,S2-145532093,S2-152604606,S2-17847170,S2-184531740,S2-198638057,S2-217749631,S2-225118640,S2-231570383,S2-242268691,S2-248884123,S2-257670635,S2-258349583,S2-264163804,S2-27523202,S2-279234845,S2-286522328,S2-288945137,S2-318811953,S2-320767828,S2-321513268,S2-330804816,S2-349913727,S2-365604916,S2-378742895,S2-409031397,S2-433657706,S2-439334184,S2-454071180,S2-457113227,S2-486887896,S2-487092344,S2-520279342,S2-528787216,S2-540033024,S2-557853488,S2-575107222,S2-580979214,S2-584087989,S2-584576060,S2-595702417,S2-605838281,S2-614245564,S2-629111117,S2-640838400,S2-647017234,S2-665503025,S2-66786800,S2-671733098,S2-679805271,S2-684151619,S2-691174901,S2-700431261,S2-703480095,S2-710230915,S2-719955276,S2-727326855,S2-727972764,S2-733396041,S2-758596551,S2-762809700,S2-783335516,S2-792500317,S2-793792446,S2-796423769,S2-810973634,S2-82227740,S2-825994283,S2-850738753,S2-868457381,S2-873461668,S2-876034039,S2-882583363,S2-887606830,S2-893463215,S2-900683535,S2-903117307,S2-903522104,S2-905972985,S2-911502759,S2-914675025,S2-915220472,S2-916458030,S2-92029264,S2-92862736,S3-101435660,S3-103587313,S3-133834814,S3-146138748,S3-152257158,S3-16216268,S3-165796528,S3-169095129,S3-171297435,S3-182007171,S3-205621946,S3-217638087,S3-225869629,S3-2408596,S3-246031767,S3-257525848,S3-26256188,S3-281003070,S3-286544353,S3-289422077,S3-297644748,S3-309378348,S3-323357293,S3-335115220,S3-340745746,S3-34280055,S3-348484593,S3-351253146,S3-357369443,S3-364615472,S3-374151682,S3-392241426,S3-395676920,S3-408802836,S3-409631224,S3-43343170,S3-433953208,S3-444748398,S3-46038568,S3-466192405,S3-470961324,S3-477397236,S3-478571267,S3-503455291,S3-506393614,S3-514026552,S3-537450528,S3-549049421,S3-564598957,S3-566283442,S3-581147661,S3-585603368,S3-5913767,S3-59555756,S3-609383490,S3-610031434,S3-619644847,S3-636372398,S3-639392141,S3-653623100,S3-657187819,S3-666891710,S3-685270265,S3-692154044,S3-714038930,S3-721481651,S3-727677120,S3-728328036,S3-730204480,S3-746937266,S3-752350413,S3-762642386,S3-769451037,S3-78276729,S3-796101730,S3-803299728,S3-806875252,S3-819811769,S3-832586817,S3-839628532,S3-889040483,S3-895408948,S3-910506372,S3-913556407,S3-961848173,S3-979648436,S3-994088265,S3-996860651
S1-247284513	S2-1381876,S2-146412033,S2-149691706,S2-160263044,S2-161112280,S2-164829519,S2-167908626,S2-170912190,S2-173212587,S2-180074783,S2-184978358,S2-185907762,S2-189821894,S2-192258720,S2-194278086,S2-198363076,S2-209808372,S2-211467181,S2-213354246,S2-227488670,S2-229632149,S2-254032136,S2-260701960,S2-281946660,S2-283251580,S2-2836657,S2-297213185,S2-299876044,S2-30783640,S2-313862520,S2-31938523,S2-335815540,S2-360546440,S2-360794648,S2-373640938,S2-386140320,S2-391487263,S2-401191619,S2-407438738,S2-412064397,S2-415220491,S2-424699763,S2-425603562,S2-428866516,S2-462560802,S2-475756801,S2-486632421,S2-488430587,S2-488781933,S2-489349026,S2-490570376,S2-494562500,S2-496063639,S2-508165523,S2-526530036,S2-531328238,S2-544071829,S2-548326197,S2-559733753,S2-588219057,S2-590276789,S2-596154968,S2-599250190,S2-599364851,S2-618735552,S2-619323171,S2-626100152,S2-675556856,S2-679277276,S2-696856147,S2-700059788,S2-709760743,S2-735299797,S2-762441370,S2-770944863,S2-791325390,S2-80452143,S2-815155086,S2-816713686,S2-824694224,S2-832477362,S2-835579310,S2-837519265,S2-842078909,S2-857318715,S2-860332647,S2-862274256,S2-870135485,S2-871424869,S2-872004503,S2-878992296,S2-90285858,S2-91022387,S2-918778756,S2-930826463,S2-93115510,S2-947879989,S2-954873892,S2-957890900,S2-96092395,S2-985540048,S2-993596941,S3-100799707,S3-108134047,S3-109623803,S3-112524395,S3-142382025,S3-146087688,S3-149488756,S3-158664279,S3-160511668,S3-160579911,S3-165486121,S3-1792172,S3-187752180,S3-195003401,S3-222363977,S3-228495561,S3-239743264,S3-240973852,S3-255049151,S3-261796795,S3-264877155,S3-26550657,S3-288659285,S3-291297960,S3-298824531,S3-301238908,S3-318126198,S3-318137202,S3-31965923,S3-32227581,S3-328857440,S3-340105169,S3-347934976,S3-357126959,S3-360054971,S3-362340657,S3-377719853,S3-399639484,S3-402712439,S3-41972040,S3-424723390,S3-428550502,S3-428829059,S3-432152123,S3-432858249,S3-434700353,S3-451715260,S3-452164281,S3-459717020,S3-464347039,S3-469970618,S3-472308366,S3-487769684,S3-496677455,S3-501747376,S3-503765877,S3-506426142,S3-523550240,S3-526074197,S3-528239733,S3-532801676,S3-534329757,S3-552955319,S3-558213476,S3-57131568,S3-57367527,S3-586346575,S3-611776726,S3-632309017,S3-64418999,S3-650212865,S3-656323394,S3-660579998,S3-66106914,S3-664634382,S3-672400740,S3-683815114,S3-689939136,S3-704965961,S3-712794986,S3-713636532,S3-721066425,S3-721420061,S3-731886085,S3-735473507,S3-736717123,S3-737435095,S3-74521560,S3-748392598,S3-776228299,S3-777492808,S3-777902319,S3-783571711,S3-803181825,S3-806856520,S3-808220989,S3-813419943,S3-822252114,S3-825198895,S3-828166551,S3-828542075,S3-831270511,S3-834886753,S3-839428140,S3-846350657,S3-872950741,S3-878768012,S3-883700008,S3-899130733,S3-89989310,S3-900814261,S3-914307039,S3-934583647,S3-934683922,S3-944183647,S3-944853234,S3-96661770,S3-96729864,S3-988483290,S3-999782580
S1-251910741	S2-386604611,S2-41389349,S2-60923766,S2-930977422,S3-166478441,S3-186910534,S3-779795336,S3-830309493,S3-957678774
S1-253227957	S2-101505961,S2-106147196,S2-11972726,S2-123051358,S2-124102410,S2-124111119,S2-127044245,S2-128837511,S2-134573581,S2-141275619,S2-145549159,S2-149977037,S2-150256657,S2-150313020,S2-154801807,S2-155709687,S2-167466612,S2-173845608,S2-180824953,S2-185375550,S2-188729104,S2-194216746,S2-197966259,S2-19850954,S2-201475854,S2-204575063,S2-217827857,S2-222690137,S2-226227601,S2-235481117,S2-236407225,S2-249293387,S2-25904836,S2-276015039,S2-27932719,S2-279778297,S2-291164844,S2-293116806,S2-294768783,S2-302338077,S2-304140833,S2-304652494,S2-311437666,S2-312438242,S2-312677498,S2-315162931,S2-322029969,S2-325186760,S2-336107180,S2-336420221,S2-343505542,S2-345914734,S2-358596984,S2-35876234,S2-359594694,S2-365915448,S2-367797216,S2-369103498,S2-372368313,S2-380664340,S2-382124721,S2-387602214,S2-411534260,S2-417301020,S2-418033307,S2-426516667,S2-428917307,S2-434659173,S2-436944401,S2-439464511,S2-440068606,S2-444725222,S2-450960712,S2-456744772,S2-458903016,S2-462292278,S2-463774332,S2-470522929,S2-47122345,S2-47130796,S2-471438711,S2-472412814,S2-485419143,S2-488071030,S2-488910460,S2-503103573,S2-50772987,S2-514081236,S2-516055321,S2-520496536,S2-520819917,S2-523077769,S2-523442872,S2-523872961,S2-525741916,S2-529598983,S2-538362045,S2-548626639,S2-556081288,S2-558647110,S2-559641322,S2-561565719,S2-570742327,S2-572231158,S2-576481615,S2-582817262,S2-586007202,S2-5872170,S2-594171872,S2-605256582,S2-612131017,S2-617712477,S2-626486741,S2-637586870,S2-64758139,S2-647917876,S2-650129132,S2-651550758,S2-652094742,S2-659809911,S2-661926538,S2-66569650,S2-668972112,S2-673509496,S2-677596177,S2-688381476,S2-688600953,S2-69129051,S2-700010748,S2-701161963,S2-709821885,S2-740658269,S2-745222137,S2-751262247,S2-753197003,S2-756397161,S2-759477303,S2-759567409,S2-765532226,S2-775423719,S2-801647785,S2-803622568,S2-815898504,S2-818060231,S2-82690648,S2-831144271,S2-836252243,S2-846978452,S2-851153372,S2-851866505,S2-852857637,S2-853848774,S2-861308998,S2-864747376,S2-872499154,S2-873059890,S2-876071575,S2-879335796,S2-879638796,S2-88133016,S2-887066478,S2-889315434,S2-896708732,S2-897549375,S2-904409184,S2-90637844,S2-90756203,S2-912053492,S2-912486508,S2-930350716,S2-942019122,S2-946296231,S2-947237408,S2-948427555,S2-950420898,S2-953238383,S2-964320281,S2-969372511,S2-970562667,S2-974782372,S2-979111410,S2-980883941,S2-998209126,S3-100302314,S3-103443747,S3-107473283,S3-10765434,S3-108156627,S3-114542166,S3-128327286,S3-13863025,S3-140305657,S3-140449440,S3-143865875,S3-153467016,S3-188543326,S3-193146472,S3-193486123,S3-197522242,S3-200075883,S3-200297022,S3-202406652,S3-203859554,S3-212832635,S3-217061058,S3-223853964,S3-238817596,S3-241250918,S3-241266273,S3-244584801,S3-250000366,S3-252145863,S3-261495777,S3-262087319,S3-263571606,S3-284243000,S3-295333729,S3-298947248,S3-304333393,S3-304816072,S3-307131828,S3-307481113,S3-31298093,S3-314982140,S3-323496413,S3-334597574,S3-335967923,S3-338315894,S3-34044030,S3-353740213,S3-362144109,S3-368969745,S3-378672622,S3-390934739,S3-39377030,S3-405678286,S3-407481820,S3-423662438,S3-434296038,S3-440097895,S3-440485855,S3-44347186,S3-444421840,S3-446800372,S3-446886167,S3-45380706,S3-454434520,S3-455701213,S3-461427436,S3-487645899,S3-488344950,S3-491971619,S3-495030432,S3-501982379,S3-502369469,S3-514000296,S3-52428852,S3-530423438,S3-532434446,S3-532722750,S3-538448695,S3-542204013,S3-553547619,S3-563379505,S3-574321116,S3-579083627,S3-579734794,S3-580800143,S3-584721348,S3-595773664,S3-610154596,S3-611651529,S3-612210105,S3-614543888,S3-615617591,S3-635356810,S3-636867779,S3-640803036,S3-662065450,S3-666500569,S3-669458896,S3-67517282,S3-686232923,S3-688811715,S3-696143257,S3-698103584,S3-701153880,S3-703528286,S3-710674237,S3-711983827,S3-722056841,S3-724948941,S3-72802163,S3-733456103,S3-735573283,S3-738176137,S3-738416305,S3-748474943,S3-75118232,S3-755699473,S3-759894310,S3-760177756,S3-760772561,S3-767640186,S3-769725746,S3-775264774,S3-782085613,S3-798061842,S3-807311789,S3-814072941,S3-824363958,S3-830961129,S3-834169996,S3-842304086,S3-846333644,S3-846515572,S3-848376460,S3-853385907,S3-860928338,S3-865714542,S3-866899629,S3-867897837,S3-868141615,S3-877260051,S3-880541698,S3-885831064,S3-886608627,S3-888667762,S3-890478502,S3-894603984,S3-899092515,S3-906108021,S3-930267745,S3-935669202,S3-936958059,S3-937900404,S3-946320530,S3-948945666,S3-960692056,S3-964716225,S3-96933289,S3-974213161,S3-981370249,S3-985392623,S3-998634410
S1-258608264	S2-108815156,S2-125200011,S2-136191682,S2-147351634,S2-149672928,S2-152271696,S2-152321138,S2-173707726,S2-19056711,S2-196560397,S2-196890666,S2-20177495,S2-211549278,S2-212359510,S2-216202086,S2-25178417,S2-28412599,S2-28492452,S2-303835840,S2-306686966,S2-309207423,S2-318508962,S2-346519259,S2-347947788,S2-359703330,S2-369428284,S2-373209058,S2-374870035,S2-391423394,S2-392012147,S2-414617384,S2-436262939,S2-438650976,S2-442003119,S2-460217939,S2-461807320,S2-462215769,S2-476911865,S2-495234124,S2-510013076,S2-511908489,S2-52041955,S2-54059535,S2-541620974,S2-541792977,S2-55270469,S2-561229246,S2-572968695,S2-574743620,S2-590243053,S2-595302331,S2-599204357,S2-599947763,S2-633993619,S2-644939272,S2-669848703,S2-679730401,S2-686062223,S2-68877038,S2-694281849,S2-70442189,S2-716246859,S2-732903471,S2-743843558,S2-752219435,S2-753772232,S2-761442507,S2-786285271,S2-789486343,S2-795872980,S2-812799081,S2-819373387,S2-826723013,S2-829674956,S2-84530647,S2-848973806,S2-862388647,S2-86646994,S2-872503047,S2-877002158,S2-880572431,S2-888801556,S2-888899842,S2-923948080,S2-931330063,S2-935065832,S2-9366207,S2-940670128,S2-972909671,S2-979856322,S2-988643190,S3-104953682,S3-138179288,S3-147407574,S3-1530462,S3-160227050,S3-175545238,S3-198052406,S3-199957297,S3-204282181,S3-214866024,S3-216936283,S3-227155621,S3-232782451,S3-244121102,S3-247129556,S3-257120879,S3-317142359,S3-318807431,S3-338756844,S3-343964167,S3-346533091,S3-363420235,S3-370124688,S3-38894046,S3-397004484,S3-401783554,S3-403048195,S3-421110344,S3-424422952,S3-440409137,S3-48212967,S3-483362975,S3-488964628,S3-508768074,S3-509943681,S3-533453150,S3-535208182,S3-562378163,S3-590509986,S3-599397955,S3-604111938,S3-611928747,S3-614654762,S3-617183066,S3-639181866,S3-659545709,S3-663700817,S3-665569542,S3-669358915,S3-671693556,S3-672312914,S3-673780075,S3-678882887,S3-698131401,S3-698892108,S3-699833887,S3-704943973,S3-717663536,S3-721328765,S3-728031378,S3-736027960,S3-741477145,S3-7589869,S3-792822465,S3-808544753,S3-813363977,S3-827458792,S3-828560757,S3-853283598,S3-855465070,S3-859932693,S3-908503402,S3-911962123,S3-925336539,S3-933121556,S3-949888414,S3-959081060,S3-962345660,S3-985085268,S3-99318454
S1-274659648	S2-171798164,S2-176341106,S2-197854061,S2-215762790,S2-236139720,S2-236400933,S2-262241219,S2-277593652,S2-278081087,S2-278153272,S2-294274874,S2-296172073,S2-30209169,S2-310714708,S2-323515385,S2-323627408,S2-33102981,S2-334600590,S2-357398749,S2-362353332,S2-394190187,S2-413374325,S2-438092970,S2-440003505,S2-452209967,S2-457051941,S2-457608000,S2-457934493,S2-46063157,S2-46517849,S2-466648940,S2-467132133,S2-482601755,S2-484570700,S2-488781294,S2-489306351,S2-497221399,S2-523749950,S2-524617768,S2-526581654,S2-555086361,S2-568609101,S2-569439936,S2-609068382,S2-61164983,S2-613551086,S2-618533938,S2-61911154,S2-635050921,S2-642701439,S2-659068010,S2-664992439,S2-672397500,S2-683461550,S2-690225103,S2-6921764,S2-700300182,S2-708721728,S2-71850125,S2-7399430,S2-742454151,S2-753966348,S2-772983988,S2-77422850,S2-774367758,S2-778291045,S2-787403388,S2-819177717,S2-824671188,S2-877693307,S2-89993853,S2-905989351,S2-912197092,S2-92115386,S2-92514023,S2-927699066,S2-936553096,S2-936647683,S2-937892056,S2-942322294,S2-949783349,S2-963905278,S2-980493393,S2-992696826,S2-999546382,S3-112877003,S3-115115483,S3-125520376,S3-129314260,S3-130086715,S3-137385869,S3-140562511,S3-149116108,S3-157659657,S3-158000160,S3-173727206,S3-174458019,S3-174607602,S3-18732663,S3-192105393,S3-192122031,S3-194765608,S3-196554085,S3-210585060,S3-211856633,S3-213225956,S3-218749853,S3-230731295,S3-249646288,S3-2537869,S3-273363009,S3-2763567,S3-299584447,S3-304749447,S3-305659087,S3-314045477,S3-314569501,S3-314811008,S3-32286267,S3-332587067,S3-337949480,S3-345370055,S3-348445287,S3-362268744,S3-366562604,S3-369182822,S3-380020294,S3-385837303,S3-403295209,S3-406631768,S3-410432046,S3-410815350,S3-427051796,S3-438287839,S3-452146486,S3-485483899,S3-527551517,S3-568143772,S3-58518353,S3-590286706,S3-591805909,S3-598273674,S3-646224363,S3-65469521,S3-661944299,S3-672592836,S3-683497800,S3-685811595,S3-688726815,S3-696889473,S3-697707356,S3-734909074,S3-739820193,S3-752665548,S3-762776289,S3-765985642,S3-776762520,S3-786981834,S3-790384604,S3-793970084,S3-800771101,S3-809901312,S3-81045904,S3-813408616,S3-818086766,S3-818272932,S3-821011827,S3-833070342,S3-834007577,S3-846104743,S3-850920573,S3-861246742,S3-873409934,S3-873457868,S3-891786822,S3-89808412,S3-899928433,S3-901357379,S3-906759448,S3-921977230,S3-922923087,S3-986962470,S3-993499204
S1-281569207	S2-116788724,S2-140133204,S2-154657599,S2-155448412,S2-15589722,S2-158818962,S2-172589128,S2-189730129,S2-212762994,S2-226173620,S2-266188163,S2-270300994,S2-278604486,S2-2817471,S2-282372132,S2-283527603,S2-287374980,S2-293124000,S2-305335275,S2-321588184,S2-350725836,S2-360222908,S2-360269911,S2-360904352,S2-364282790,S2-369444323,S2-381018046,S2-393318928,S2-406287294,S2-429879953,S2-436902787,S2-441195799,S2-452158327,S2-461693500,S2-471351614,S2-476335649,S2-477469034,S2-479307717,S2-48666085,S2-487935759,S2-506990221,S2-507877169,S2-529461363,S2-53734268,S2-561915873,S2-582512174,S2-590245655,S2-617384153,S2-651971112,S2-655972577,S2-660025518,S2-681143766,S2-686928149,S2-76967016,S2-772765212,S2-776780186,S2-781447259,S2-791434444,S2-793984627,S2-813918879,S2-819399153,S2-925099959,S2-971139700,S2-996156585,S3-139468605,S3-162822945,S3-169777009,S3-185496866,S3-186433298,S3-189987809,S3-194998508,S3-279154173,S3-300142124,S3-32196409,S3-327912974,S3-330298096,S3-373064059,S3-380257774,S3-389952556,S3-400336895,S3-416342971,S3-420482141,S3-432359998,S3-434212709,S3-437200404,S3-437331317,S3-449248861,S3-461813122,S3-463515891,S3-475852244,S3-498084379,S3-578031045,S3-609383806,S3-637046718,S3-637580585,S3-671900103,S3-684786021,S3-694094018,S3-719910667,S3-722017532,S3-725960685,S3-730292494,S3-734738341,S3-739326173,S3-758413899,S3-759803267,S3-773745303,S3-773876900,S3-78665064,S3-808914833,S3-876915121,S3-884511227,S3-887641329,S3-896759120,S3-923399103,S3-932865663,S3-940571867,S3-969947034,S3-975921478,S3-993601666,S3-99454206
S1-284516393	S2-101145583,S2-17380666,S2-249455107,S2-266197882,S3-213234540,S3-665104867,S3-710903268
S1-291654549	S2-108985343,S2-119598349,S2-120438044,S2-128732521,S2-130470730,S2-130524398,S2-142515988,S2-142642131,S2-148988181,S2-163516244,S2-177730755,S2-178553521,S2-182800316,S2-182862150,S2-185030334,S2-19442957,S2-198040194,S2-202084797,S2-202779052,S2-252939250,S2-255101881,S2-261221830,S2-266988212,S2-274313078,S2-286191809,S2-286863330,S2-302719584,S2-316080634,S2-321362422,S2-32172435,S2-321773561,S2-330693803,S2-353143976,S2-356017045,S2-369347282,S2-37446497,S2-384989948,S2-387991514,S2-396546085,S2-410441844,S2-412372260,S2-42212440,S2-452047548,S2-453784870,S2-454835742,S2-459256035,S2-465341284,S2-48713379,S2-489252380,S2-490516721,S2-491549379,S2-495902476,S2-506340893,S2-507750116,S2-50877909,S2-51094370,S2-521420174,S2-522432771,S2-534456891,S2-541635706,S2-545699962,S2-548147421,S2-550070086,S2-567968091,S2-572401916,S2-574103264,S2-581215729,S2-585547285,S2-603243598,S2-609354057,S2-619938055,S2-651441594,S2-657259587,S2-674619716,S2-686136680,S2-692907884,S2-695011788,S2-696617150,S2-70123300,S2-703681554,S2-707439083,S2-708182213,S2-70832658,S2-710389628,S2-722430078,S2-723612284,S2-733555749,S2-737739993,S2-739072699,S2-741362906,S2-742137746,S2-760938271,S2-76804,S2-771663281,S2-777060267,S2-781889666,S2-783243347,S2-790495755,S2-796249753,S2-797362206,S2-806296936,S2-806580878,S2-808452178,S2-813639932,S2-823783187,S2-832048546,S2-832918544,S2-846415882,S2-846727054,S2-847093023,S2-857107320,S2-860995856,S2-875136916,S2-875552329,S2-880787068,S2-888608214,S2-889663590,S2-89273229,S2-909202075,S2-912587377,S2-921935964,S2-926119360,S2-932665300,S2-940486142,S2-951849388,S2-957693818,S2-978461082,S2-979905417,S2-982031449,S2-984411152,S2-984511317,S2-991400007,S2-993926285,S3-102006563,S3-103581101,S3-104352997,S3-107359679,S3-11084672,S3-115466514,S3-119358699,S3-119566255,S3-121574498,S3-129660006,S3-141054062,S3-144732902,S3-155514926,S3-162745535,S3-181281755,S3-195838052,S3-200940069,S3-205603681,S3-206294303,S3-21309927,S3-216125172,S3-220616315,S3-224876156,S3-225047583,S3-236129715,S3-239329830,S3-239979242,S3-25793586,S3-262143824,S3-270685944,S3-286789825,S3-29113483,S3-305746905,S3-308755817,S3-310056714,S3-311349581,S3-313272016,S3-317791171,S3-321067919,S3-347713662,S3-358358597,S3-373797103,S3-379619279,S3-387459679,S3-390335430,S3-392791194,S3-403542270,S3-421887478,S3-433112678,S3-435521264,S3-437435362,S3-44771465,S3-450271743,S3-452675423,S3-457100853,S3-47354778,S3-478067073,S3-479965975,S3-492265996,S3-500658598,S3-511472619,S3-512092409,S3-515228771,S3-540710111,S3-556045829,S3-557034014,S3-566706229,S3-59673304,S3-598367056,S3-605089251,S3-614600961,S3-62091416,S3-639342658,S3-641009932,S3-645180262,S3-659674248,S3-684567502,S3-700232774,S3-701612127,S3-704325123,S3-705110367,S3-71176025,S3-719291802,S3-722298761,S3-728962125,S3-73678509,S3-748246405,S3-751152191,S3-755521966,S3-756887828,S3-771965906,S3-774238285,S3-774783915,S3-785354340,S3-797227872,S3-808828156,S3-811359230,S3-817672179,S3-822122751,S3-829933161,S3-835155342,S3-836289393,S3-836433934,S3-843355371,S3-874811934,S3-87883492,S3-896747513,S3-897990140,S3-90360043,S3-917717668,S3-926800101,S3-93199735,S3-949023935,S3-950119254,S3-951844227,S3-956858461,S3-965858469,S3-969266162
S1-292684571	S2-109306217,S2-111717209,S2-209923180,S2-210212748,S2-304582735,S2-421228230,S2-424484744,S2-432572131,S2-458099947,S2-499848205,S2-507527315,S2-521129504,S2-617307460,S2-627958031,S2-656722368,S2-736548762,S2-76303055,S2-765088285,S2-82091477,S2-840145315,S2-907000018,S3-119976535,S3-178736252,S3-222724521,S3-257287267,S3-278205639,S3-282415143,S3-289798192,S3-291910528,S3-367551392,S3-388265357,S3-43253520,S3-458459473,S3-620367972,S3-666496970,S3-675037667,S3-700514245,S3-743535173,S3-744630999,S3-764605318,S3-794632819,S3-819140819,S3-819532397,S3-847221558,S3-940535572,S3-990783816,S3-995727165
S1-294321565	S2-105030977,S2-105703418,S2-113212158,S2-113940366,S2-119395977,S2-119768734,S2-122588106,S2-130165741,S2-134410434,S2-14445457,S2-179780198,S2-227406701,S2-229819698,S2-231905295,S2-241698711,S2-243617211,S2-267007608,S2-279521219,S2-306834303,S2-310205949,S2-314926049,S2-336454218,S2-337749295,S2-346706611,S2-35103145,S2-363870405,S2-367778474,S2-377371052,S2-389057411,S2-406903437,S2-432475681,S2-43522289,S2-440798011,S2-453768777,S2-496891562,S2-588031544,S2-590915507,S2-623150994,S2-626718177,S2-629411222,S2-709542230,S2-750155581,S2-759915520,S2-771254041,S2-78014602,S2-794914341,S2-809673454,S2-809877851,S2-811465938,S2-824720452,S2-832710036,S2-832763973,S2-86978402,S2-872651458,S2-87950263,S2-883949082,S2-894629982,S2-897253771,S2-925912398,S2-94780504,S2-972481359,S2-974048765,S2-97942178,S3-10998845,S3-111557145,S3-116779320,S3-134169363,S3-138300003,S3-151549299,S3-173251856,S3-177617907,S3-178806032,S3-19495609,S3-212673276,S3-220039708,S3-222704466,S3-22984993,S3-240058956,S3-245559867,S3-349484197,S3-417588301,S3-438122514,S3-447123507,S3-460230140,S3-465621356,S3-471823202,S3-479859230,S3-498857102,S3-504272956,S3-512254104,S3-524060422,S3-538082059,S3-544020666,S3-552681982,S3-559699683,S3-59566618,S3-598541477,S3-602494595,S3-611749488,S3-643652200,S3-658831177,S3-667615486,S3-66990849,S3-674462848,S3-687558338,S3-706738150,S3-720858830,S3-727220721,S3-733672710,S3-759805319,S3-783193502,S3-791168465,S3-805614339,S3-811994487,S3-816056695,S3-822206162,S3-829077116,S3-829876804,S3-834447294,S3-837548855,S3-850220444,S3-876056880,S3-882908391,S3-895602008,S3-929162272,S3-945134885,S3-962591780,S3-973669734,S3-978307427,S3-988430935,S3-99079075
S1-296237987	S2-116503479,S2-153307795,S2-190920632,S2-197581246,S2-23589596,S2-244580053,S2-245622899,S2-275694997,S2-291697149,S2-302592870,S2-330882347,S2-335538857,S2-338622471,S2-476793692,S2-494775423,S2-52948507,S2-580403215,S2-603112003,S2-641484158,S2-646505897,S2-683625993,S2-712564167,S2-741555428,S2-803441156,S2-854122759,S2-864023,S2-867057708,S2-891523517,S2-936511271,S2-94657036,S2-946925427,S2-966241181,S2-973278721,S3-192461240,S3-193349554,S3-201147482,S3-251471852,S3-272025409,S3-314777314,S3-377759143,S3-395233045,S3-409199693,S3-451580820,S3-458913829,S3-470274435,S3-485121593,S3-49188495,S3-498022436,S3-514803386,S3-578732671,S3-592097381,S3-632545768,S3-669710264,S3-701103681,S3-733957507,S3-739124653,S3-771051751,S3-78232936,S3-811620250,S3-815182832,S3-823893373,S3-853936508,S3-854793865,S3-876878668,S3-881204158,S3-920795964,S3-931785840,S3-956999982,S3-965329044,S3-977468112
S1-296275047	S2-110035627,S2-112166965,S2-124701522,S2-131253872,S2-161467526,S2-162731525,S2-167485589,S2-169116579,S2-179903079,S2-183105967,S2-188216196,S2-192448641,S2-19681669,S2-201589350,S2-202843522,S2-212393086,S2-226271368,S2-230570950,S2-250726536,S2-262719187,S2-268355831,S2-282432772,S2-298799012,S2-30836855,S2-308382416,S2-336103963,S2-336870660,S2-346563246,S2-398544101,S2-426955968,S2-430423296,S2-471621674,S2-473894396,S2-506717492,S2-507023986,S2-518462147,S2-522533347,S2-541317887,S2-572892110,S2-582483725,S2-60982226,S2-619793728,S2-620163665,S2-645255420,S2-654118955,S2-683334734,S2-70594731,S2-723490666,S2-724592463,S2-727190905,S2-738395744,S2-750051297,S2-76498557,S2-767772528,S2-768919828,S2-79042006,S2-792405214,S2-832592040,S2-84909826,S2-849110923,S2-888693153,S2-933175618,S2-955797232,S2-962951010,S2-969445197,S2-982817803,S3-103118766,S3-129554689,S3-141575176,S3-156190154,S3-159020259,S3-163040293,S3-163867712,S3-170698472,S3-174270978,S3-191792976,S3-203657419,S3-205626516,S3-207334068,S3-208694807,S3-225435986,S3-267751849,S3-268769501,S3-289360939,S3-319707921,S3-322595888,S3-340100178,S3-345446269,S3-38499975,S3-394215732,S3-395998399,S3-397268572,S3-398466799,S3-405200231,S3-423353665,S3-442107742,S3-445975455,S3-478773917,S3-505307847,S3-516905942,S3-533433309,S3-55423522,S3-574263666,S3-589642219,S3-592744112,S3-602740550,S3-603210761,S3-639098463,S3-650038237,S3-663170241,S3-687672961,S3-688011611,S3-694487840,S3-699187601,S3-699491204,S3-70656050,S3-717458615,S3-726404450,S3-745256265,S3-761541253,S3-775937311,S3-800237924,S3-808101341,S3-857047496,S3-869218679,S3-879215803,S3-88784106,S3-889809409,S3-898002913,S3-910434708,S3-956352381,S3-983740502,S3-987397469
S1-307581912	S2-141684410,S2-174064289,S2-180749267,S2-203756789,S2-22978288,S2-243437257,S2-249531610,S2-259558402,S2-264361989,S2-29482094,S2-298515316,S2-306490543,S2-316459275,S2-346252185,S2-346795738,S2-361073016,S2-361106878,S2-398929599,S2-469283426,S2-51339086,S2-518667170,S2-534375372,S2-535966651,S2-541325875,S2-550413072,S2-584617156,S2-594232574,S2-598685165,S2-628099826,S2-635612181,S2-641828032,S2-660566285,S2-662095197,S2-679176543,S2-684225876,S2-687356921,S2-691343001,S2-691656623,S2-715016668,S2-732442756,S2-760872198,S2-767936841,S2-785246262,S2-798821095,S2-805252835,S2-841053373,S2-845914343,S2-846980819,S2-864259849,S2-884438620,S2-893921293,S2-914147528,S2-915567495,S2-91659021,S2-924736315,S2-97138550,S2-996943050,S3-117546603,S3-143075501,S3-144097203,S3-16648683,S3-197856499,S3-242925875,S3-272514813,S3-27663391,S3-309432114,S3-345392577,S3-35668172,S3-362945403,S3-371979966,S3-380686708,S3-387653994,S3-399620673,S3-405261149,S3-409202272,S3-421935101,S3-451588611,S3-478878002,S3-509400657,S3-527131659,S3-533773216,S3-556443216,S3-558950491,S3-572853237,S3-574308748,S3-593893809,S3-594146853,S3-59578889,S3-603198503,S3-606751669,S3-623416090,S3-625739142,S3-632013476,S3-633270873,S3-656105723,S3-664521934,S3-689642909,S3-718590634,S3-719250182,S3-719443055,S3-780736190,S3-805454048,S3-807967941,S3-815104755,S3-817186615,S3-855900667,S3-8720081,S3-873143432,S3-874861604,S3-876331526,S3-878737163,S3-894070246,S3-901277278,S3-926203784,S3-928970527,S3-959370463
S1-310630315	S2-109192382,S2-110673237,S2-137717781,S2-142106215,S2-147351136,S2-161893811,S2-176370379,S2-186704802,S2-191945997,S2-197237813,S2-21450832,S2-239712501,S2-265778005,S2-270427799,S2-29199068,S2-331096721,S2-343330267,S2-348502109,S2-370587597,S2-384304463,S2-399337575,S2-40989049,S2-414372482,S2-425418461,S2-446819343,S2-467658432,S2-488293106,S2-498016529,S2-516511537,S2-518808311,S2-526044516,S2-550195913,S2-56730325,S2-593255472,S2-594609478,S2-632460335,S2-639277311,S2-671776157,S2-674325466,S2-694945360,S2-696171777,S2-707644032,S2-712624287,S2-713599079,S2-757347198,S2-761650196,S2-764644278,S2-778916298,S2-791844161,S2-820246341,S2-864144553,S2-86491405,S2-866512670,S2-872606015,S2-87307512,S2-904402020,S2-906734866,S2-928141386,S2-9350926,S2-938500851,S2-947836492,S2-957835489,S2-990768293,S2-993246409,S3-115606860,S3-117131502,S3-117537606,S3-123607593,S3-128620035,S3-133043695,S3-136269846,S3-143889447,S3-153027639,S3-176388828,S3-186481924,S3-19002865,S3-197093912,S3-202798777,S3-219995474,S3-223109162,S3-223437861,S3-234505751,S3-237565174,S3-241987582,S3-243473927,S3-244986628,S3-259088195,S3-273959253,S3-298619202,S3-304144201,S3-304347775,S3-311505337,S3-316290437,S3-323316325,S3-343383785,S3-343845827,S3-354371852,S3-35447759,S3-356467729,S3-406060923,S3-40639221,S3-409275237,S3-426548878,S3-432180889,S3-436488740,S3-454662984,S3-478716310,S3-481586598,S3-488361493,S3-493159592,S3-515578793,S3-52817133,S3-528278094,S3-537255094,S3-545355037,S3-546899246,S3-580780865,S3-583701595,S3-588946896,S3-608996782,S3-614661551,S3-636325755,S3-6449699,S3-647683498,S3-669660746,S3-670367256,S3-69275389,S3-695337295,S3-706512114,S3-740240077,S3-764282465,S3-766353303,S3-79318002,S3-80793139,S3-809033932,S3-810751924,S3-820008610,S3-825282410,S3-830094835,S3-831746819,S3-840449554,S3-857683333,S3-881609281,S3-887801436,S3-888220778,S3-898170037,S3-899408615,S3-901621534,S3-90165523,S3-904298963,S3-913529731,S3-916379142,S3-936084558,S3-936406173,S3-940605399,S3-954061655,S3-958614600,S3-963035282,S3-971895350,S3-97644702
S1-312677351	S2-100014971,S2-105436625,S2-134380219,S2-139000433,S2-141605172,S2-156710512,S2-163259827,S2-17205398,S2-175236420,S2-182984300,S2-196613536,S2-204419817,S2-205027690,S2-207718334,S2-207909802,S2-211807217,S2-235789823,S2-237567475,S2-244721476,S2-246600683,S2-25365194,S2-282444019,S2-291660254,S2-292743977,S2-293632888,S2-294368364,S2-296781020,S2-300432180,S2-317445761,S2-325933900,S2-332141362,S2-335785838,S2-340962175,S2-341229606,S2-363767353,S2-375399497,S2-408994894,S2-413282671,S2-414152449,S2-435313949,S2-441177807,S2-449665250,S2-451805074,S2-456166573,S2-463523896,S2-476074339,S2-487033263,S2-487702680,S2-488743141,S2-49147003,S2-519011149,S2-519492332,S2-521615016,S2-528172648,S2-528485557,S2-54987811,S2-549885912,S2-553092061,S2-5553664,S2-561666518,S2-566625815,S2-574210202,S2-583147541,S2-618035553,S2-622399379,S2-649454752,S2-650861468,S2-6645057,S2-665994287,S2-671100127,S2-683351435,S2-696992619,S2-699161351,S2-70684352,S2-711475309,S2-749265081,S2-750818468,S2-758381698,S2-783679625,S2-786306409,S2-827148976,S2-845443451,S2-859047509,S2-863813287,S2-869512672,S2-869620023,S2-875475843,S2-881136689,S2-884242656,S2-890916455,S2-893360617,S2-894815867,S2-895167134,S2-908003122,S2-913179955,S2-917327771,S2-927073903,S2-935440458,S2-938857000,S2-939878538,S2-943048920,S2-945233776,S2-961627213,S2-976163566,S2-985393264,S2-993558297,S2-997815534,S3-102646926,S3-10711106,S3-107665569,S3-108551477,S3-138495225,S3-162163423,S3-165732555,S3-168727570,S3-241999125,S3-250078189,S3-278494890,S3-324306443,S3-331214821,S3-369366798,S3-409397615,S3-420917708,S3-487538693,S3-56988395,S3-582201169,S3-582310485,S3-607168937,S3-618845998,S3-639217577,S3-73171200,S3-73393638,S3-738706601,S3-742067295,S3-767707881,S3-977425801,S3-980190303,S3-983565039
S1-313448121	S2-240905908,S2-376834919,S2-389192150,S2-405569020,S2-450516194,S2-557137120,S2-570273076,S2-646176525,S2-647149238,S2-671906450,S2-75579808,S2-857689818,S2-858797964,S2-894455024,S2-910313822,S2-935226301,S2-973190666,S3-159666196,S3-232324597,S3-263098532,S3-389710590,S3-43367663,S3-453695742,S3-461845328,S3-466789905,S3-515668181,S3-599334987,S3-620189141,S3-665905988,S3-667053896,S3-669878867,S3-696526863,S3-754666334,S3-762687330,S3-830195342,S3-838348905,S3-883746532,S3-886641846
S1-320151505	S2-102373066,S2-103107059,S2-104029910,S2-123223842,S2-125794445,S2-130257392,S2-161262033,S2-168253692,S2-17162949,S2-18427979,S2-184398678,S2-188881969,S2-203600637,S2-203647831,S2-206820314,S2-226552346,S2-229856886,S2-230628758,S2-243253713,S2-243899308,S2-250926066,S2-25697037,S2-263937321,S2-272686020,S2-279206225,S2-282628634,S2-286055859,S2-293946255,S2-316137895,S2-326806968,S2-331589902,S2-340962960,S2-363993502,S2-376391379,S2-38130528,S2-390805846,S2-404497258,S2-404709097,S2-416164952,S2-418854740,S2-432457265,S2-433611356,S2-436913268,S2-444450754,S2-444736027,S2-447254617,S2-463975437,S2-465004180,S2-47625927,S2-47672881,S2-482702940,S2-486428864,S2-489048810,S2-495330752,S2-500749441,S2-507745629,S2-516052341,S2-544198358,S2-545230465,S2-550965094,S2-557401026,S2-577261267,S2-583919195,S2-608082532,S2-618921786,S2-622905127,S2-624260907,S2-6298049,S2-640965072,S2-657324264,S2-658756771,S2-660240843,S2-662338032,S2-665108035,S2-667080904,S2-672594222,S2-676346421,S2-677566197,S2-725543609,S2-747020806,S2-748337582,S2-757615699,S2-762641017,S2-784053093,S2-791615641,S2-812492344,S2-827151886,S2-830897576,S2-831854439,S2-835512216,S2-851759667,S2-864633363,S2-870015490,S2-878407121,S2-883937811,S2-892916114,S2-895735261,S2-898606081,S2-907047299,S2-918692917,S2-920211467,S2-920392816,S2-92726503,S2-932676134,S2-934591072,S2-948042077,S2-951553277,S2-959485941,S2-961264443,S2-963225537,S2-970558176,S2-991911115,S2-998156675,S3-108301149,S3-109164262,S3-121221675,S3-12256980,S3-126637424,S3-12844487,S3-131286520,S3-143828340,S3-145619632,S3-156708278,S3-158141378,S3-158643422,S3-161541890,S3-164011259,S3-165233414,S3-182195849,S3-184852792,S3-189352828,S3-189868502,S3-191870867,S3-195363085,S3-204967306,S3-206255173,S3-207251704,S3-210601761,S3-226762494,S3-22832217,S3-231801215,S3-232016008,S3-234691491,S3-236605753,S3-258159684,S3-269768669,S3-271271544,S3-274501290,S3-280752390,S3-282956521,S3-287312457,S3-320030801,S3-327271531,S3-337380852,S3-340239347,S3-344657992,S3-351708241,S3-378248543,S3-388301711,S3-388649157,S3-406378796,S3-41107926,S3-423544258,S3-437022833,S3-441124298,S3-441823336,S3-450783508,S3-451072086,S3-451825983,S3-452075878,S3-454582758,S3-457590405,S3-479807846,S3-480779233,S3-481571721,S3-487925582,S3-504977219,S3-505401571,S3-515668086,S3-522601370,S3-529175523,S3-537938798,S3-540654689,S3-559501258,S3-580438614,S3-580705270,S3-584395691,S3-591412501,S3-604225327,S3-604761397,S3-625082028,S3-626550165,S3-630448839,S3-638097899,S3-644174214,S3-654590662,S3-66019861,S3-666064459,S3-666520879,S3-666616522,S3-680685991,S3-685076351,S3-687450244,S3-69061972,S3-700127611,S3-714225448,S3-721170455,S3-722355515,S3-735906791,S3-742763422,S3-755206742,S3-75652378,S3-767780451,S3-778947303,S3-78037243,S3-787421814,S3-796319869,S3-799351708,S3-809286277,S3-813791784,S3-826259475,S3-835496629,S3-839858881,S3-845276030,S3-848391401,S3-857888213,S3-868295009,S3-870032416,S3-879824931,S3-884731773,S3-894102005,S3-901106703,S3-902779589,S3-911432418,S3-920311949,S3-922568,S3-929785893,S3-935202150,S3-935960218,S3-937547265,S3-939281361,S3-948050115,S3-966665793,S3-967222399,S3-975397820,S3-983731160,S3-99586104,S3-998592415,S3-999969095
S1-328828277	S2-115562897,S2-115974149,S2-125148551,S2-12624722,S2-165988735,S2-170328418,S2-178492752,S2-180442487,S2-194960534,S2-196168953,S2-198447881,S2-203100604,S2-204150953,S2-211884162,S2-218885895,S2-2215097,S2-228443815,S2-23413569,S2-241267611,S2-248148388,S2-250699474,S2-27397078,S2-277428239,S2-278998121,S2-285591738,S2-290433315,S2-291328257,S2-291847056,S2-304989551,S2-31109344,S2-314869728,S2-315222901,S2-317522688,S2-319516925,S2-345838011,S2-349888209,S2-350086796,S2-355327690,S2-365691740,S2-366944788,S2-369335148,S2-375527092,S2-389417444,S2-390232574,S2-416880689,S2-428348791,S2-434150844,S2-451287073,S2-457188567,S2-462581428,S2-484208266,S2-485936663,S2-488491759,S2-495616968,S2-499490837,S2-508906818,S2-513841224,S2-513993456,S2-51848943,S2-519055458,S2-520358537,S2-525041169,S2-528271391,S2-536771287,S2-537834355,S2-538846660,S2-544908413,S2-552282352,S2-561623116,S2-570571031,S2-571164874,S2-571474905,S2-575609273,S2-57751210,S2-593807998,S2-594781858,S2-595108127,S2-601643131,S2-642714553,S2-643739290,S2-650661179,S2-656197727,S2-660522527,S2-681717741,S2-715695035,S2-718036641,S2-718539733,S2-744264068,S2-745370088,S2-753051795,S2-76184728,S2-768085351,S2-768644977,S2-780783251,S2-791464072,S2-793666546,S2-796713666,S2-802764741,S2-802808580,S2-809055021,S2-820563224,S2-827019575,S2-828101261,S2-842991266,S2-846689344,S2-848394618,S2-85870248,S2-859810861,S2-884338721,S2-885321223,S2-887700589,S2-898937160,S2-910727205,S2-912823730,S2-916493958,S2-920221468,S2-928883713,S2-929065639,S2-959665286,S2-971827445,S2-982090303,S2-985061277,S2-995676799,S3-101454695,S3-105741348,S3-107074614,S3-123958506,S3-136143584,S3-148074248,S3-152222493,S3-154689560,S3-158065315,S3-177603540,S3-178363739,S3-180252099,S3-198346592,S3-207723283,S3-208348198,S3-212574443,S3-219775310,S3-228081567,S3-231234834,S3-231602246,S3-235619307,S3-236135315,S3-241301302,S3-244193437,S3-253351859,S3-258459173,S3-258754619,S3-262872589,S3-265749100,S3-271447924,S3-27219183,S3-285400407,S3-287167810,S3-288932527,S3-289048627,S3-29738165,S3-301178238,S3-304478476,S3-309998501,S3-33042046,S3-332730579,S3-334221927,S3-335242477,S3-346510271,S3-349345086,S3-351490568,S3-351951076,S3-355416275,S3-366140978,S3-367106364,S3-367130607,S3-369033174,S3-382163206,S3-391657286,S3-397846856,S3-398007624,S3-404507360,S3-407239727,S3-412457433,S3-414293392,S3-416286428,S3-433926969,S3-43731859,S3-437878824,S3-453516815,S3-453542991,S3-454507467,S3-456107378,S3-462131379,S3-466705766,S3-470374937,S3-470698603,S3-471678024,S3-472448291,S3-486316222,S3-495805931,S3-499257763,S3-504011589,S3-504346201,S3-506873488,S3-511347758,S3-523989779,S3-526198541,S3-527905778,S3-52911719,S3-533257721,S3-536481707,S3-538840485,S3-544383566,S3-552539741,S3-556366140,S3-55662794,S3-561903642,S3-565753009,S3-567068364,S3-569384614,S3-5775757,S3-579554082,S3-586730787,S3-587544161,S3-588430177,S3-598297228,S3-600567416,S3-603350966,S3-603921179,S3-607309419,S3-610761489,S3-611548612,S3-620897758,S3-628889925,S3-639110755,S3-642216591,S3-647035907,S3-648037264,S3-671262188,S3-673718039,S3-678405424,S3-679179468,S3-69520677,S3-696904702,S3-703019445,S3-709074091,S3-712618405,S3-713220133,S3-722933200,S3-730402867,S3-73149422,S3-731822866,S3-738126017,S3-742740833,S3-746127658,S3-749863528,S3-751870625,S3-754086571,S3-756542235,S3-758994171,S3-761215046,S3-762124483,S3-763363940,S3-764362993,S3-769813543,S3-771162629,S3-772456381,S3-779844487,S3-785005120,S3-79032993,S3-793632046,S3-811813120,S3-815729630,S3-817666212,S3-820135020,S3-824344823,S3-832117547,S3-8353551,S3-835561528,S3-838464379,S3-840184574,S3-847876946,S3-868937508,S3-870200099,S3-878081240,S3-885902735,S3-894760344,S3-895565512,S3-918243612,S3-92069362,S3-921849312,S3-923704257,S3-925382168,S3-937107590,S3-947481352,S3-948309527,S3-951429058,S3-961789392,S3-962941281,S3-97515560,S3-977217569,S3-979653427,S3-980712872,S3-982865708,S3-983800796,S3-986059111,S3-989028814,S3-990604967
S1-33537044	S2-105719863,S2-106708477,S2-107377896,S2-160051868,S2-160726619,S2-16661719,S2-178449484,S2-263994566,S2-26934347,S2-275822049,S2-30604285,S2-324446430,S2-349216555,S2-356058919,S2-363604291,S2-370071587,S2-373555879,S2-377027393,S2-3892932,S2-400864961,S2-413465728,S2-429910371,S2-437204577,S2-439782541,S2-459672318,S2-488001322,S2-520960332,S2-533503963,S2-535713153,S2-568208370,S2-568888479,S2-640354930,S2-677980302,S2-680195122,S2-703571182,S2-710090700,S2-710328844,S2-714791116,S2-716457211,S2-720451999,S2-74632162,S2-747616915,S2-761002611,S2-792138450,S2-803336307,S2-837245524,S2-844610344,S2-862534833,S2-864395653,S2-866557626,S2-921962570,S2-926379920,S2-958846540,S2-986968744,S3-102344785,S3-109763393,S3-154745501,S3-160364343,S3-160992847,S3-17094741,S3-20087691,S3-206704778,S3-233442094,S3-285828304,S3-309547939,S3-314781241,S3-348546445,S3-357081167,S3-388658500,S3-399674189,S3-42536110,S3-434190743,S3-434927256,S3-446118099,S3-457904019,S3-482370467,S3-493216265,S3-494050636,S3-499462673,S3-509693559,S3-509726845,S3-515094546,S3-516613206,S3-523533935,S3-542323219,S3-573204670,S3-589949200,S3-608265181,S3-612329150,S3-617282173,S3-620081888,S3-670294025,S3-672951672,S3-697215452,S3-700441911,S3-705727256,S3-714749104,S3-71836257,S3-729131724,S3-733118838,S3-75869659,S3-760466095,S3-763668630,S3-784844575,S3-819841497,S3-859852334,S3-881406517,S3-882517216,S3-897451872,S3-903961480,S3-908166541,S3-940485347,S3-96795992,S3-996163236,S3-996998156
S1-344152319	S2-103535100,S2-14261106,S2-179955328,S2-223210896,S2-239700691,S2-25350937,S2-275033526,S2-339481469,S2-370923645,S2-375992170,S2-420280069,S2-462936321,S2-481614784,S2-499323599,S2-507223398,S2-533036961,S2-539871537,S2-632622634,S2-649663254,S2-650256271,S2-655220122,S2-658597059,S2-660720433,S2-682899543,S2-683050594,S2-727908181,S2-759343358,S2-763570807,S2-784488345,S2-785319899,S2-81547948,S2-830805445,S2-83719272,S2-839081841,S2-859058093,S2-868467727,S2-870892330,S2-937939313,S2-962406523,S2-965869612,S2-97948673,S2-990204164,S3-108727013,S3-161788206,S3-168921834,S3-188171849,S3-214688747,S3-216397299,S3-231390188,S3-235660089,S3-259637186,S3-28516754,S3-294834915,S3-306565796,S3-314921826,S3-383235293,S3-421827903,S3-43211066,S3-440491920,S3-459777328,S3-475150623,S3-479740716,S3-494916286,S3-520757352,S3-523528370,S3-530233943,S3-533647035,S3-541739529,S3-560626002,S3-613342865,S3-656922815,S3-660506414,S3-705723456,S3-711250570,S3-713144829,S3-722291611,S3-730341099,S3-734717471,S3-739436464,S3-748762881,S3-754487979,S3-79460670,S3-798922434,S3-799337665,S3-802369320,S3-816057024,S3-850831877,S3-862624769,S3-866228336,S3-89258146,S3-952342593
S1-35908111	S2-100499358,S2-103532385,S2-104020061,S2-105489872,S2-110824671,S2-117059267,S2-117659497,S2-120667790,S2-126889259,S2-130328180,S2-160390943,S2-160545865,S2-184406876,S2-22058357,S2-224987831,S2-237049305,S2-242178187,S2-24361315,S2-253067007,S2-255236386,S2-25922438,S2-259345350,S2-272153481,S2-27238122,S2-283176593,S2-29188222,S2-294014383,S2-325320275,S2-338386630,S2-340991306,S2-341554678,S2-343891074,S2-347512207,S2-356903591,S2-358790980,S2-365447647,S2-377371386,S2-391069893,S2-392006261,S2-41219277,S2-415112932,S2-423072017,S2-431841678,S2-465150714,S2-470696676,S2-472204475,S2-475005744,S2-504188169,S2-518624147,S2-529087418,S2-530907172,S2-574189635,S2-594621715,S2-610438767,S2-615288679,S2-642211265,S2-646665049,S2-660828572,S2-682324330,S2-69169289,S2-698382582,S2-706058114,S2-707649107,S2-714327860,S2-719086949,S2-723053794,S2-723114641,S2-725121595,S2-729599212,S2-732295538,S2-743474603,S2-753942929,S2-757559174,S2-758520324,S2-780581355,S2-81480426,S2-821643598,S2-823504160,S2-84257176,S2-842772050,S2-85280328,S2-85754956,S2-890339326,S2-890440390,S2-891355940,S2-894764859,S2-902399012,S2-908339423,S2-919138665,S2-927285408,S2-932288344,S2-947383409,S2-953952907,S2-963242004,S2-980589458,S2-995393839,S3-272846089,S3-724393412,S3-76647500,S3-809113811
S1-361859792	S2-1683137,S2-244763897,S2-287968699,S2-289515368,S2-307043783,S2-321159777,S2-339518688,S2-39043613,S2-417364728,S2-455009975,S2-491561763,S2-507791744,S2-513029883,S2-573726039,S2-593590272,S2-653812021,S2-679985679,S2-699033715,S2-721012924,S2-765195318,S2-801797030,S2-810585553,S2-822505107,S2-846129294,S2-863539495,S2-973751166,S2-985183528,S2-996944103,S3-144337941,S3-171728074,S3-174512731,S3-174985750,S3-17890946,S3-184588307,S3-189947607,S3-238845010,S3-240025914,S3-242635147,S3-295932132,S3-30475874,S3-386109630,S3-390269889,S3-403244511,S3-403856385,S3-42724408,S3-439253961,S3-45324372,S3-486018135,S3-514120595,S3-537899267,S3-608518389,S3-620017683,S3-642120873,S3-678044271,S3-722298423,S3-733097453,S3-733655509,S3-771681108,S3-814794745,S3-845454460,S3-848496794,S3-87631660,S3-938952505,S3-941782923,S3-986295600,S3-987684398
S1-367291716	S2-31459031,S2-331611102,S2-352937063,S2-375162,S2-395204410,S2-416212955,S2-460056621,S2-469881025,S2-469977322,S2-479733984,S2-666063228,S2-699796047,S2-721315560,S2-846558269,S2-871920952,S2-875814089,S2-900082431,S2-939018199,S2-969373947,S2-978122847,S2-991354084,S2-992732508,S2-998619019,S3-1325500,S3-135476577,S3-176751526,S3-243559635,S3-298455764,S3-303212721,S3-332587596,S3-452726821,S3-455406927,S3-470660345,S3-478913012,S3-493088273,S3-508535529,S3-522751192,S3-546089370,S3-621771586,S3-682370911,S3-761755376,S3-765561529,S3-768573045,S3-777205646,S3-905246861,S3-917026867,S3-925061,S3-969753124
S1-373635517	S2-103861627,S2-121778973,S2-128895210,S2-135139044,S2-154534988,S2-155909448,S2-156806223,S2-164782346,S2-181364067,S2-192363080,S2-205520631,S2-211477572,S2-213989631,S2-274341506,S2-278660240,S2-285385293,S2-291423048,S2-293420997,S2-305533099,S2-306473926,S2-335445810,S2-364453498,S2-368475736,S2-391140566,S2-407992863,S2-435950930,S2-458574235,S2-461101873,S2-461750086,S2-46496068,S2-473288191,S2-473653300,S2-474345183,S2-480863558,S2-486592318,S2-489533876,S2-533389792,S2-553068154,S2-558989144,S2-594766337,S2-622318802,S2-648381939,S2-649450799,S2-651816299,S2-687784139,S2-719226353,S2-736925162,S2-738110949,S2-742667238,S2-760379774,S2-766154904,S2-779209474,S2-790933495,S2-791360194,S2-797655418,S2-801949294,S2-803107917,S2-80532021,S2-809404234,S2-811361238,S2-83354713,S2-838895234,S2-843244626,S2-874806042,S2-880732045,S2-891636416,S2-892037846,S2-904641117,S2-906514490,S2-917504717,S2-939916966,S2-943193943,S3-103385532,S3-114773642,S3-116672080,S3-122913898,S3-135479760,S3-141765721,S3-141861230,S3-14720557,S3-161168392,S3-181363087,S3-183025531,S3-210112384,S3-210652872,S3-220147848,S3-228024101,S3-238240254,S3-241064711,S3-242368744,S3-251371426,S3-278367671,S3-310168718,S3-314076683,S3-326075902,S3-330872080,S3-331268296,S3-332042905,S3-336273053,S3-337099247,S3-339782344,S3-350128128,S3-352236656,S3-379152991,S3-415782721,S3-41653743,S3-436654808,S3-439560714,S3-443646500,S3-447096378,S3-452793257,S3-457459976,S3-48067567,S3-492523792,S3-494142949,S3-502416189,S3-50272114,S3-503775967,S3-508624441,S3-512276217,S3-516122163,S3-530595828,S3-530626033,S3-53890053,S3-553525684,S3-557794061,S3-570557229,S3-577107291,S3-578713392,S3-581868138,S3-582368346,S3-583387094,S3-588119196,S3-592358209,S3-598819242,S3-599979245,S3-610338356,S3-616085974,S3-633316142,S3-642685221,S3-655512438,S3-657708023,S3-677279464,S3-677355305,S3-677595154,S3-718789237,S3-758264430,S3-763423142,S3-767860935,S3-775357705,S3-792365166,S3-798941870,S3-80349841,S3-808893426,S3-81155283,S3-819207585,S3-832636162,S3-832842675,S3-837171977,S3-84040277,S3-846177541,S3-853239392,S3-87297299,S3-87446251,S3-875415724,S3-892972142,S3-905339679,S3-908507990,S3-914872040,S3-915847149,S3-928987287,S3-943723572,S3-947694541,S3-952498499,S3-970567342,S3-984726996
S1-377912796	S2-109305299,S2-110025404,S2-132654147,S2-133696304,S2-133783175,S2-135679122,S2-13863767,S2-139475203,S2-146283441,S2-154309252,S2-159776092,S2-169156964,S2-170443217,S2-174749893,S2-17553567,S2-19077147,S2-201899514,S2-211973794,S2-214004799,S2-216478658,S2-228629917,S2-230526502,S2-257778850,S2-266275676,S2-275768284,S2-286910948,S2-288967687,S2-292867124,S2-297442680,S2-298245812,S2-310664965,S2-314181469,S2-326307852,S2-329458521,S2-329666895,S2-369348282,S2-373205137,S2-389519376,S2-396275948,S2-396764233,S2-397762065,S2-404006131,S2-406092890,S2-408174970,S2-410168697,S2-41369622,S2-417668151,S2-419468275,S2-42304104,S2-425069888,S2-425647031,S2-445169288,S2-445969128,S2-44665263,S2-447240218,S2-461288920,S2-464188162,S2-47014818,S2-486513467,S2-486938306,S2-489001605,S2-500081348,S2-501905137,S2-505949584,S2-512789941,S2-530281414,S2-537265007,S2-554165926,S2-55424601,S2-558996469,S2-567363676,S2-582207882,S2-595471721,S2-597507609,S2-602557490,S2-605897291,S2-609044573,S2-626938049,S2-627493753,S2-629293880,S2-639848536,S2-659008393,S2-662220910,S2-671979060,S2-673683683,S2-682764328,S2-691591549,S2-693446772,S2-696894089,S2-69786249,S2-70959643,S2-711211640,S2-71279951,S2-712988801,S2-71900311,S2-722116631,S2-724806817,S2-729771395,S2-742571201,S2-744369619,S2-756480337,S2-762449613,S2-763073775,S2-776949611,S2-801728970,S2-803310474,S2-815401665,S2-817932972,S2-847527534,S2-849843651,S2-859683925,S2-867603985,S2-881842940,S2-887251261,S2-888455863,S2-88980165,S2-893783768,S2-896515431,S2-920156486,S2-924309076,S2-955851851,S2-965382618,S2-973173292,S2-976072736,S2-97612931,S2-982314793,S2-990627312,S2-993472875,S2-994208668,S2-995816432,S2-996092221,S3-107968680,S3-110341104,S3-129634114,S3-134674828,S3-136107811,S3-147897971,S3-14872680,S3-150371520,S3-161009994,S3-164292440,S3-169040296,S3-170712156,S3-171175568,S3-171637541,S3-171763101,S3-183113302,S3-186066506,S3-19531233,S3-202261159,S3-204110373,S3-207579585,S3-20781349,S3-215247025,S3-22744890,S3-227489022,S3-233609810,S3-239973108,S3-246825305,S3-248973309,S3-261115721,S3-266581585,S3-266696866,S3-266847675,S3-272332636,S3-287501747,S3-288618931,S3-292180687,S3-293566200,S3-302430941,S3-313494950,S3-315645133,S3-329509316,S3-342093983,S3-346628379,S3-35002222,S3-351820704,S3-353033061,S3-365495321,S3-365991351,S3-371379798,S3-371481635,S3-375805452,S3-382742181,S3-391544978,S3-392878436,S3-398504690,S3-399630305,S3-404246158,S3-404913044,S3-425254766,S3-430492796,S3-430716499,S3-430769816,S3-433354211,S3-441945325,S3-446733369,S3-456995848,S3-473263591,S3-478218033,S3-482122986,S3-483303813,S3-489343387,S3-505849432,S3-519213542,S3-532749701,S3-53979865,S3-54430886,S3-548793308,S3-549533757,S3-554358594,S3-56087388,S3-564589468,S3-56806297,S3-568643737,S3-571941979,S3-573448193,S3-580455574,S3-594339378,S3-595063227,S3-596613183,S3-606162473,S3-611344132,S3-611476791,S3-61365834,S3-622806295,S3-624958667,S3-626147230,S3-626737305,S3-640467386,S3-656418734,S3-663588799,S3-665072947,S3-666399154,S3-670399275,S3-670992769,S3-674180451,S3-682392388,S3-684725427,S3-691911902,S3-692432437,S3-709065857,S3-712205036,S3-723419038,S3-731934604,S3-737939003,S3-743352026,S3-746399581,S3-753701027,S3-754332851,S3-754754436,S3-758288378,S3-758640067,S3-765295416,S3-767119749,S3-772637459,S3-781083977,S3-781270436,S3-791672008,S3-80202854,S3-812926229,S3-814411094,S3-826991456,S3-830865662,S3-835137968,S3-835454772,S3-851620918,S3-860244948,S3-869723181,S3-870171261,S3-871534988,S3-871646881,S3-874621680,S3-877556586,S3-880000247,S3-886348303,S3-88796280,S3-891946060,S3-892861721,S3-89855827,S3-905954990,S3-925226584,S3-927402509,S3-9422931,S3-948380276,S3-952886799,S3-958594168,S3-965866008,S3-9869195,S3-991978093,S3-994328103,S3-995579851
S1-388065298	S2-116463212,S2-150266252,S2-154476590,S2-15887768,S2-170480842,S2-174867609,S2-194661226,S2-241607279,S2-248366297,S2-284864415,S2-37334120,S2-393842650,S2-399611381,S2-410762786,S2-448279504,S2-459861056,S2-485310566,S2-507052992,S2-529838722,S2-566816812,S2-574140764,S2-593994927,S2-623893641,S2-63531497,S2-707595181,S2-712973121,S2-717166227,S2-722018767,S2-732521075,S2-763202834,S2-802143598,S2-816921651,S2-823470137,S2-842577657,S2-865478310,S2-87770634,S2-891162815,S2-904802303,S2-911205018,S2-93026309,S2-940570474,S2-957822320,S2-958223280,S2-967335869,S3-100591727,S3-104981263,S3-118476884,S3-161206027,S3-161265833,S3-168513684,S3-193056912,S3-205689861,S3-208976378,S3-211522808,S3-227827295,S3-234836010,S3-240926873,S3-249780035,S3-261596979,S3-278653807,S3-310339409,S3-340940562,S3-341497279,S3-355011517,S3-379256030,S3-382232959,S3-411033877,S3-41866476,S3-419905875,S3-426507198,S3-446533385,S3-45052171,S3-489290943,S3-513900583,S3-567026566,S3-584604673,S3-606984094,S3-644457679,S3-689675500,S3-73460956,S3-830232205,S3-861352669,S3-884222924,S3-885281233,S3-942265770,S3-959526234,S3-960669856,S3-979029769
S1-401153469	S2-152010346,S2-17368479,S2-178264821,S2-19034929,S2-198814472,S2-199378155,S2-229798525,S2-238545003,S2-2400848,S2-375576636,S2-435016956,S2-443325917,S2-443432537,S2-519403845,S2-584867012,S2-584995877,S2-607866572,S2-639157996,S2-64624325,S2-688370668,S2-705095776,S2-739108549,S2-770347709,S2-793586803,S2-801396214,S2-826757342,S2-836028736,S2-85470145,S2-896638355,S2-899659868,S2-913980929,S2-925251365,S2-939793421,S2-950656751,S3-113729421,S3-133289156,S3-18741886,S3-251719881,S3-292362958,S3-316159581,S3-401829519,S3-424943764,S3-430587350,S3-46356600,S3-482957425,S3-623601974,S3-673808824,S3-70221417,S3-73624728,S3-739979475,S3-797792541,S3-840818771,S3-842612604,S3-849788981,S3-850508740,S3-868321489,S3-893973951,S3-909308119
S1-402965427	S2-105644983,S2-122343350,S2-134380219,S2-1373597,S2-139000433,S2-139273108,S2-139911400,S2-141605172,S2-152970389,S2-154508379,S2-163259827,S2-168956603,S2-17205398,S2-175236420,S2-196613536,S2-204419817,S2-205027690,S2-207909802,S2-210640395,S2-211745250,S2-228887765,S2-234419138,S2-237567475,S2-244721476,S2-249430568,S2-25365194,S2-277692134,S2-291660254,S2-292743977,S2-294368364,S2-299325554,S2-300432180,S2-313854049,S2-315904331,S2-317445761,S2-320422916,S2-325933900,S2-332141362,S2-332453351,S2-341229606,S2-350901359,S2-351674354,S2-375399497,S2-385523783,S2-403560686,S2-413282671,S2-414152449,S2-435313949,S2-448281080,S2-449665250,S2-451805074,S2-456166573,S2-457585656,S2-457823672,S2-46495724,S2-470089451,S2-476074339,S2-48102314,S2-487033263,S2-487702680,S2-488743141,S2-49147003,S2-504862953,S2-506213627,S2-519011149,S2-519492332,S2-521615016,S2-528172648,S2-539285671,S2-549885912,S2-550689832,S2-5553664,S2-561666518,S2-583147541,S2-592381294,S2-600105173,S2-602227205,S2-611827182,S2-615717496,S2-618035553,S2-61947650,S2-630825823,S2-63897018,S2-640092048,S2-648404217,S2-648628395,S2-649454752,S2-650861468,S2-652341788,S2-655791615,S2-6645057,S2-665994287,S2-673202863,S2-679582852,S2-683351435,S2-690544388,S2-692342391,S2-692650024,S2-699161351,S2-702730188,S2-711475309,S2-719160665,S2-737173165,S2-74162503,S2-749265081,S2-753964038,S2-770900507,S2-783679625,S2-786306409,S2-788131749,S2-812100270,S2-848965382,S2-863813287,S2-869512672,S2-869620023,S2-875475843,S2-881136689,S2-884242656,S2-890916455,S2-893360617,S2-894815867,S2-895167134,S2-895778390,S2-896867108,S2-927073903,S2-93414609,S2-939878538,S2-945233776,S2-961627213,S2-962409909,S2-973368822,S2-985393264,S3-106575922,S3-114518971,S3-120405524,S3-148990385,S3-158371013,S3-161557757,S3-194687331,S3-195085343,S3-19756914,S3-206418360,S3-20733987,S3-209412377,S3-216670528,S3-221063732,S3-231990208,S3-251281632,S3-266314011,S3-297500588,S3-301314742,S3-302594880,S3-364323705,S3-382599925,S3-384605799,S3-393624187,S3-407755309,S3-422485056,S3-422486389,S3-430495409,S3-435533658,S3-442005333,S3-451145470,S3-451382422,S3-452936321,S3-464067586,S3-517428077,S3-54093255,S3-547000076,S3-550275539,S3-551201078,S3-559980580,S3-56240680,S3-575211279,S3-578461101,S3-581344554,S3-593099453,S3-637154074,S3-639579948,S3-643915060,S3-645494575,S3-647759182,S3-660509082,S3-663005103,S3-666051633,S3-670264517,S3-672258262,S3-673744671,S3-673842574,S3-687498930,S3-691409437,S3-70868160,S3-725316320,S3-730490698,S3-731076464,S3-740292876,S3-744180366,S3-746436858,S3-753891116,S3-770986740,S3-797823626,S3-799595869,S3-799837337,S3-801112198,S3-802998428,S3-839981530,S3-845525474,S3-852019543,S3-876513023,S3-879808791,S3-89997510,S3-904015941,S3-934357259,S3-948688156,S3-950375931,S3-951966966,S3-952759450,S3-963467640,S3-97205813,S3-978041303
S1-40508795	S2-103470627,S2-114177474,S2-1866842,S2-209926640,S2-22874393,S2-245891080,S2-249838055,S2-259866321,S2-303541169,S2-35120842,S2-354955401,S2-355772197,S2-387768313,S2-393415715,S2-419751706,S2-420842846,S2-455362710,S2-478876100,S2-483942701,S2-53154682,S2-535283853,S2-538437486,S2-577291731,S2-592020125,S2-596392709,S2-608476688,S2-616502408,S2-627880969,S2-694672248,S2-749923814,S2-764637841,S2-77704289,S2-841270491,S2-86517309,S2-909271879,S2-94648717,S2-951132060,S3-108307802,S3-12314441,S3-123294931,S3-151832481,S3-165395464,S3-240459275,S3-314042317,S3-320409236,S3-337638890,S3-342867704,S3-347711547,S3-354182551,S3-391738989,S3-411659499,S3-412045084,S3-434287178,S3-469056913,S3-486395274,S3-500864273,S3-643798384,S3-64867007,S3-655292123,S3-67844250,S3-704262243,S3-718023469,S3-72021042,S3-724072749,S3-757596703,S3-761871191,S3-806622375,S3-882644957,S3-939406771,S3-946541787,S3-979275009,S3-989408068,S3-999788629
S1-425693286	S2-135811001,S2-281468843,S2-365512423,S2-405040712,S2-621943253,S2-826251982,S2-84940516,S3-242418215,S3-472514551,S3-870027436
S1-426702569	S2-101480354,S2-109604603,S2-130346990,S2-135325765,S2-13779894,S2-150188085,S2-152876966,S2-158406789,S2-185128751,S2-19350551,S2-21031382,S2-210430724,S2-223258880,S2-233029322,S2-239687747,S2-245178305,S2-2648477,S2-276907665,S2-281378850,S2-293432482,S2-310487404,S2-31612010,S2-316861478,S2-321664499,S2-32906368,S2-353576682,S2-355300089,S2-359566142,S2-36573872,S2-367489307,S2-37277941,S2-390535983,S2-391269162,S2-396451815,S2-399726617,S2-404206160,S2-40891345,S2-417997962,S2-437259297,S2-43961699,S2-443141935,S2-443825520,S2-447539281,S2-457205730,S2-45977334,S2-474555195,S2-47521643,S2-494833259,S2-498176989,S2-498821930,S2-501430235,S2-505955681,S2-507700720,S2-519803775,S2-524387008,S2-52487302,S2-544253278,S2-570828277,S2-587351048,S2-587422880,S2-592647644,S2-60029801,S2-602025455,S2-605667353,S2-614265026,S2-614329308,S2-620447179,S2-637166151,S2-639055320,S2-641266471,S2-668187916,S2-68640475,S2-686428227,S2-689675213,S2-693975121,S2-706432195,S2-706456432,S2-708499514,S2-710291504,S2-715171173,S2-718957473,S2-723094739,S2-73964695,S2-740635832,S2-760537380,S2-766383781,S2-767371921,S2-771702987,S2-779686484,S2-780045734,S2-785397630,S2-798492256,S2-810713832,S2-813152731,S2-834647174,S2-834962574,S2-836363565,S2-855252578,S2-860034298,S2-870968939,S2-884684998,S2-887680876,S2-904251267,S2-906506977,S2-90793505,S2-912232418,S2-913366234,S2-919309595,S2-925976375,S2-926841117,S2-931758234,S2-934436102,S2-939505150,S2-95477573,S2-96015540,S2-975815554,S2-978862634,S2-982820673,S2-985193882,S2-995705947,S3-144613619,S3-148311237,S3-151789075,S3-15425627,S3-155969983,S3-157912326,S3-164506567,S3-169175842,S3-170088762,S3-175021339,S3-178882128,S3-190189830,S3-207897503,S3-211970261,S3-220122464,S3-221321510,S3-2218036,S3-226653084,S3-227546537,S3-228078955,S3-240218287,S3-24175178,S3-241898355,S3-253573614,S3-254963488,S3-257023624,S3-262219772,S3-268543976,S3-285749355,S3-287507955,S3-288705787,S3-291261163,S3-293435706,S3-297963290,S3-302880679,S3-360303443,S3-370715246,S3-380852083,S3-382579526,S3-392586221,S3-398142016,S3-428741911,S3-439056005,S3-449738632,S3-49155457,S3-506811471,S3-52167912,S3-528272915,S3-532084196,S3-563364469,S3-572585247,S3-584566461,S3-589107120,S3-5912433,S3-597374357,S3-60463502,S3-620551240,S3-622528365,S3-63743955,S3-637782474,S3-661820151,S3-665436909,S3-666511345,S3-677348403,S3-683718692,S3-68643368,S3-690086744,S3-697764594,S3-729067704,S3-730121010,S3-73155640,S3-741380080,S3-757064426,S3-758329834,S3-764279232,S3-767932735,S3-788782520,S3-815482226,S3-872901233,S3-878583343,S3-882593002,S3-892746051,S3-898849352,S3-900726954,S3-903913297,S3-910560630,S3-917371587,S3-930655539,S3-936874289,S3-982955289,S3-994901621
S1-434719296	S2-114853160,S2-14542650,S2-146914092,S2-148448894,S2-158016014,S2-158565038,S2-165075995,S2-167340938,S2-200317674,S2-20443893,S2-207327156,S2-226557338,S2-227640237,S2-23102326,S2-241334023,S2-242493141,S2-255063147,S2-262164961,S2-271698585,S2-27438874,S2-276372885,S2-284047472,S2-287552644,S2-292938700,S2-300364433,S2-315945394,S2-318232035,S2-318593755,S2-32053925,S2-328755865,S2-331417017,S2-333926092,S2-337279903,S2-348765659,S2-3597487,S2-369697372,S2-371990282,S2-380046520,S2-383736351,S2-397955927,S2-400250482,S2-407025058,S2-407464763,S2-40803062,S2-411916072,S2-445333485,S2-4587182,S2-460015833,S2-47102928,S2-473248989,S2-483536787,S2-487075762,S2-487711417,S2-494387769,S2-494525420,S2-502518022,S2-503930925,S2-514322779,S2-521439194,S2-528173266,S2-559459240,S2-573013606,S2-57633651,S2-582503954,S2-596185868,S2-601546408,S2-625440043,S2-625479728,S2-64234171,S2-653246929,S2-682599314,S2-693113643,S2-701891242,S2-702257223,S2-717685588,S2-720972632,S2-747248211,S2-748088592,S2-758471819,S2-77270412,S2-784866595,S2-785737023,S2-793448239,S2-794338884,S2-794341349,S2-809676231,S2-810707806,S2-813083622,S2-814314295,S2-816591298,S2-817250873,S2-827502507,S2-829179585,S2-829732416,S2-850162250,S2-856824707,S2-859747961,S2-871746096,S2-873729041,S2-886769456,S2-89389212,S2-91321793,S2-91376690,S2-932953943,S2-936479869,S2-951816307,S2-990493377,S2-994647742,S3-104879653,S3-107686139,S3-115066043,S3-11809679,S3-12101463,S3-123091748,S3-130664937,S3-13187366,S3-134025909,S3-137350426,S3-144138732,S3-148521150,S3-150562664,S3-15838288,S3-172031218,S3-188603093,S3-19461768,S3-194681448,S3-195354159,S3-212889549,S3-21425833,S3-234244546,S3-238907493,S3-246678952,S3-254903739,S3-255377027,S3-264268430,S3-26511416,S3-26898971,S3-28794361,S3-305397815,S3-316782051,S3-332569572,S3-341122128,S3-35197608,S3-355718944,S3-363722108,S3-384352078,S3-401111271,S3-405926104,S3-408139246,S3-410547604,S3-413809867,S3-421379931,S3-421746754,S3-429323151,S3-444752098,S3-460239201,S3-469323236,S3-498381445,S3-513451799,S3-52469733,S3-525200814,S3-538666367,S3-56804798,S3-57174358,S3-58785005,S3-602224276,S3-61125201,S3-63542685,S3-635793934,S3-636927809,S3-637759634,S3-643302654,S3-648812619,S3-651715020,S3-66537893,S3-673431363,S3-67432008,S3-680078056,S3-693941449,S3-696176911,S3-70437621,S3-719065839,S3-719557566,S3-722791455,S3-723010520,S3-770725544,S3-77201577,S3-773000022,S3-774414310,S3-787266831,S3-788325548,S3-791586879,S3-816916071,S3-829771510,S3-839633919,S3-846300899,S3-85210221,S3-853195222,S3-85955277,S3-867913953,S3-86792566,S3-891126039,S3-899055829,S3-899598953,S3-904177856,S3-907192349,S3-907689887,S3-908443543,S3-922829864,S3-942206959,S3-942289978,S3-960527238,S3-976206095,S3-986801145,S3-988351749
S1-441023683	S2-119814348,S2-132209424,S2-142044389,S2-153723992,S2-160562870,S2-160579362,S2-164606101,S2-177426275,S2-19415569,S2-195998978,S2-297021533,S2-298669508,S2-316736700,S2-31939922,S2-399768564,S2-433819177,S2-476641801,S2-483937049,S2-526360319,S2-538237592,S2-570076033,S2-586682369,S2-59221082,S2-619088040,S2-727860462,S2-738677577,S2-800718657,S2-832587685,S2-835105186,S2-859637569,S2-880106880,S2-961844281,S2-990052333,S3-121701318,S3-124413571,S3-185372380,S3-197751908,S3-215287639,S3-228219355,S3-240154396,S3-247473347,S3-268876845,S3-283714676,S3-300814244,S3-322774662,S3-330809446,S3-359738642,S3-46713055,S3-522409329,S3-526669572,S3-587092994,S3-590119396,S3-600920943,S3-617745883,S3-630681554,S3-635875615,S3-671568771,S3-734549233,S3-794544612,S3-86897074,S3-89293072,S3-92596667,S3-965015138,S3-970777981,S3-982205673
S1-443154384	S2-182212728,S2-294174511,S2-316098722,S2-658292682,S2-69062169,S2-706127031,S2-728953518,S2-781289854,S2-798249401,S2-809317086,S2-832431423,S2-846177817,S2-887502507,S2-983007435,S3-12964700,S3-278053224,S3-291706183,S3-312228706,S3-333753627,S3-357696091,S3-397061824,S3-399991106,S3-485787666,S3-501720572,S3-616960243,S3-62940186,S3-637551365,S3-731684892,S3-736207904,S3-866850416,S3-87446730
S1-450636499	S2-101644609,S2-105326016,S2-105533908,S2-108501441,S2-120564904,S2-121849113,S2-132197101,S2-132336613,S2-134417504,S2-143632102,S2-145828262,S2-161535549,S2-1634642,S2-164862100,S2-166888201,S2-167129760,S2-212854748,S2-227902091,S2-23631190,S2-248215652,S2-254860029,S2-257821967,S2-257858182,S2-262627522,S2-268579746,S2-271336881,S2-292533384,S2-300423607,S2-31664742,S2-318666306,S2-322574722,S2-328800549,S2-330134315,S2-339138869,S2-354003097,S2-360362965,S2-371513193,S2-383709050,S2-394834630,S2-396956603,S2-400843321,S2-401376400,S2-403523007,S2-418499808,S2-423824216,S2-434938024,S2-446478689,S2-446931994,S2-45340546,S2-454101232,S2-468110433,S2-47181331,S2-474622732,S2-492524970,S2-494683186,S2-497118604,S2-504007655,S2-509845101,S2-511450906,S2-512354725,S2-519781554,S2-524515054,S2-525297295,S2-532733781,S2-53360437,S2-539183773,S2-540933251,S2-554886397,S2-562002347,S2-566008716,S2-568315414,S2-578865967,S2-58748317,S2-588012023,S2-594433296,S2-612907001,S2-617447214,S2-634582136,S2-643444977,S2-644717565,S2-645834565,S2-649568956,S2-649858506,S2-659182136,S2-660025494,S2-664029211,S2-668394533,S2-669839621,S2-670172416,S2-676551183,S2-678817939,S2-679849297,S2-686396912,S2-689185834,S2-692438489,S2-71431915,S2-736045400,S2-736660881,S2-744057833,S2-792634399,S2-807390735,S2-812471970,S2-814390334,S2-820011263,S2-82070054,S2-842815359,S2-856269795,S2-863655526,S2-868162194,S2-889038275,S2-909797248,S2-923058555,S2-926383345,S2-927232742,S2-931462707,S2-933439460,S2-943117168,S2-943762231,S2-946462045,S2-948596915,S2-953128079,S2-961789505,S2-991314801,S3-10263418,S3-113579590,S3-117909448,S3-11891087,S3-136855002,S3-140216827,S3-14116068,S3-144075047,S3-14775136,S3-161078790,S3-181485449,S3-189211470,S3-205312309,S3-206726790,S3-212348365,S3-213684253,S3-218748813,S3-224925595,S3-227308866,S3-245736944,S3-248450431,S3-280654835,S3-282059590,S3-282205441,S3-286853206,S3-294040311,S3-299017765,S3-299453895,S3-311856280,S3-324315188,S3-326272802,S3-338805191,S3-350198017,S3-359975308,S3-362875363,S3-367394037,S3-373544816,S3-376041453,S3-386146728,S3-387220520,S3-389439266,S3-390128682,S3-395880711,S3-397289785,S3-40897563,S3-415422747,S3-4251268,S3-4425303,S3-454611788,S3-463690527,S3-464656968,S3-467388582,S3-483889380,S3-487582699,S3-494472500,S3-498072780,S3-498379183,S3-506846377,S3-515727620,S3-527044181,S3-542920629,S3-543369186,S3-573554289,S3-583525390,S3-603511043,S3-60359393,S3-60573721,S3-607848120,S3-637606943,S3-640314800,S3-643899960,S3-647148162,S3-651388331,S3-658124216,S3-669912858,S3-678886074,S3-679443170,S3-68643367,S3-687661644,S3-689746452,S3-696580564,S3-712583110,S3-714131740,S3-717271714,S3-718082504,S3-720962610,S3-722497605,S3-723726572,S3-734171680,S3-735142262,S3-74233263,S3-745888099,S3-748250332,S3-75507490,S3-757406923,S3-772765127,S3-799163024,S3-821668599,S3-831669346,S3-849725146,S3-851701663,S3-852851875,S3-856262785,S3-864622896,S3-865880754,S3-869579707,S3-899539021,S3-902293401,S3-911205556,S3-912208123,S3-917331126,S3-919743315,S3-920093100,S3-930071173,S3-937243921,S3-95174035,S3-951966512,S3-974250133,S3-977090421,S3-998405381
S1-455565134	S2-151419333,S2-1524512,S2-178830132,S2-186731896,S2-195515260,S2-210102193,S2-251186138,S2-26334561,S2-285677779,S2-291626367,S2-292054831,S2-333032466,S2-352684682,S2-362983834,S2-396040102,S2-398100697,S2-431216762,S2-479672062,S2-505592143,S2-517957550,S2-527150521,S2-577188049,S2-577323624,S2-584336544,S2-595343393,S2-604917969,S2-605014378,S2-611821990,S2-640495344,S2-649016113,S2-666515119,S2-670909577,S2-686833006,S2-71076269,S2-721846899,S2-763496918,S2-786269301,S2-800310830,S2-801568639,S2-81552090,S2-855539522,S2-865300506,S2-872109812,S2-875122626,S2-886971303,S2-931419031,S2-959881566,S3-113964634,S3-127056176,S3-128160430,S3-147884495,S3-169056147,S3-173161379,S3-183687130,S3-190851298,S3-193695090,S3-20513467,S3-23130974,S3-233512907,S3-240471008,S3-245943491,S3-246275375,S3-260539602,S3-287664300,S3-346963806,S3-347381826,S3-349600957,S3-352273660,S3-362259935,S3-387290515,S3-394357658,S3-410543686,S3-41439264,S3-416023018,S3-423323682,S3-435352644,S3-44229902,S3-496379523,S3-497133235,S3-497246267,S3-498310173,S3-506155011,S3-507941799,S3-509980487,S3-512149293,S3-525679738,S3-531942412,S3-551575520,S3-567447646,S3-571412606,S3-595614477,S3-61213520,S3-626722469,S3-642443627,S3-663561526,S3-68810574,S3-691616898,S3-69252254,S3-702866136,S3-711536151,S3-720669739,S3-724902348,S3-755121314,S3-773378271,S3-778810146,S3-780315611,S3-781105978,S3-792519134,S3-802116981,S3-810893762,S3-816804817,S3-827230808,S3-83339591,S3-837956076,S3-851127635,S3-854887663,S3-882145308,S3-889723625,S3-905224278,S3-913660377,S3-938721257,S3-950423678,S3-956544890,S3-968377162,S3-978352297,S3-990419898,S3-994636541
S1-456427404	S3-442326482,S3-718976159,S3-922003653,S3-928215963
S1-460943174	S2-102251782,S2-108420872,S2-112985552,S2-147391594,S2-172677058,S2-176705809,S2-180142400,S2-181393402,S2-182958252,S2-190827221,S2-193119409,S2-198309336,S2-198931042,S2-210964816,S2-211542849,S2-218393289,S2-222968367,S2-224927030,S2-231461204,S2-232653776,S2-236015172,S2-239029797,S2-244059155,S2-252589181,S2-25898985,S2-279623038,S2-282456388,S2-302671797,S2-329983620,S2-330980141,S2-331551956,S2-33939536,S2-350077817,S2-351189297,S2-353403210,S2-359059131,S2-363051779,S2-363210657,S2-377585674,S2-385200613,S2-394091916,S2-403195223,S2-404798906,S2-421364472,S2-421838589,S2-424938815,S2-425011007,S2-433100873,S2-446409412,S2-450117713,S2-465575468,S2-473634912,S2-479808626,S2-494114411,S2-528927165,S2-565882976,S2-566980084,S2-576792045,S2-577065698,S2-580468508,S2-582572449,S2-588665055,S2-596104904,S2-597212036,S2-605037558,S2-619133526,S2-627215196,S2-630913094,S2-634604797,S2-637357372,S2-638206105,S2-639999813,S2-645520630,S2-646227522,S2-662196272,S2-663271151,S2-697480122,S2-698845098,S2-71212102,S2-727856803,S2-73140697,S2-7481684,S2-752875273,S2-755025899,S2-758825908,S2-777892889,S2-780880515,S2-793711941,S2-794050109,S2-796307136,S2-804296386,S2-832758823,S2-837073597,S2-852199093,S2-854649360,S2-862584049,S2-864014322,S2-879873812,S2-901895433,S2-915744097,S2-916844505,S2-920780425,S2-93890971,S2-941058273,S2-94691856,S2-947314288,S2-953510429,S2-955799357,S2-95786243,S2-964890075,S2-969277598,S2-977195756,S2-98135850,S2-994966004,S3-101861929,S3-107149990,S3-123079955,S3-123558636,S3-126086556,S3-138987036,S3-141149825,S3-143228624,S3-154347174,S3-168797441,S3-174290398,S3-178832406,S3-182229693,S3-194510430,S3-201703872,S3-20418818,S3-217096061,S3-25119722,S3-257996217,S3-267543936,S3-279862680,S3-287748738,S3-290785678,S3-304598939,S3-329037982,S3-33045683,S3-339477258,S3-357471195,S3-37180149,S3-378553320,S3-379156184,S3-38536015,S3-39749309,S3-406175102,S3-414372520,S3-423906099,S3-443005043,S3-447773820,S3-449532356,S3-450580891,S3-451784977,S3-455567722,S3-4703711,S3-473941915,S3-478501195,S3-486915160,S3-488224045,S3-504196217,S3-512112806,S3-514703694,S3-518817854,S3-524899617,S3-543180128,S3-548682009,S3-553662571,S3-557520212,S3-562840595,S3-579605771,S3-59608617,S3-596713298,S3-601319590,S3-605657713,S3-632453689,S3-639718751,S3-647137053,S3-648468629,S3-662615645,S3-687816352,S3-707163581,S3-723547432,S3-72814962,S3-747374725,S3-796726354,S3-802494674,S3-81285450,S3-82227100,S3-833465211,S3-849956009,S3-850784061,S3-859997534,S3-86985997,S3-898379466,S3-904987874,S3-910618155,S3-912682705,S3-924143229,S3-935166413,S3-935552985,S3-94272737,S3-949814062,S3-986599608,S3-998880896
S1-46506909	S2-106842397,S2-114163535,S2-11535805,S2-122761471,S2-132970157,S2-133602806,S2-133774477,S2-146189480,S2-148992056,S2-150288452,S2-151927913,S2-163672388,S2-16991631,S2-183566911,S2-204054985,S2-209244583,S2-215036537,S2-226374894,S2-234032579,S2-250870433,S2-25545315,S2-261820566,S2-294028479,S2-299785043,S2-306687110,S2-307166860,S2-310144720,S2-323185252,S2-375561204,S2-377525594,S2-395553574,S2-400698090,S2-406334210,S2-406546269,S2-413494591,S2-422709935,S2-438985920,S2-45738743,S2-460618570,S2-46182781,S2-465565315,S2-46656040,S2-470618418,S2-473528966,S2-487903262,S2-50758283,S2-514432394,S2-519113244,S2-521076857,S2-524275048,S2-52560525,S2-541815344,S2-554983603,S2-566390635,S2-571117419,S2-580195647,S2-589800391,S2-5963561,S2-600318350,S2-606340051,S2-615208177,S2-617612079,S2-623286370,S2-632471552,S2-648295382,S2-672223427,S2-678117756,S2-705012323,S2-719623357,S2-732039709,S2-734066490,S2-73514126,S2-76288860,S2-766912356,S2-783350293,S2-797818444,S2-813120664,S2-823178905,S2-823446503,S2-844515652,S2-846646034,S2-853636652,S2-865102092,S2-870865794,S2-875802022,S2-906376175,S2-926025681,S2-930501456,S2-943364927,S2-94579090,S2-952536589,S2-961100179,S2-975365757,S2-998492964,S3-109208038,S3-110083319,S3-110828473,S3-131156021,S3-132834686,S3-150320143,S3-152599553,S3-161186212,S3-164080525,S3-165911119,S3-165971445,S3-180585628,S3-185650721,S3-188558336,S3-200368271,S3-217069818,S3-218111038,S3-232812941,S3-245477442,S3-258311296,S3-266122783,S3-2895662,S3-293103071,S3-30353167,S3-304363362,S3-309701580,S3-32110327,S3-332216739,S3-333564603,S3-344263577,S3-347722756,S3-349865973,S3-359049190,S3-37569059,S3-376756226,S3-377249156,S3-393828271,S3-398881401,S3-403251765,S3-407262527,S3-407552422,S3-410289686,S3-429604184,S3-429700913,S3-436307238,S3-438920069,S3-45124464,S3-456976964,S3-481982870,S3-482298216,S3-52463744,S3-526138844,S3-527315255,S3-530465694,S3-533758276,S3-541041370,S3-552580019,S3-560086571,S3-567271392,S3-582181442,S3-594887108,S3-604493970,S3-628169669,S3-628551988,S3-629358559,S3-63970330,S3-654248493,S3-656577165,S3-662177748,S3-681872100,S3-68191901,S3-68935449,S3-696203651,S3-706992182,S3-723628671,S3-729224517,S3-730598292,S3-738059815,S3-744031907,S3-744642361,S3-751001326,S3-753034312,S3-756596163,S3-802600208,S3-825139422,S3-825868100,S3-866005370,S3-870981083,S3-883894262,S3-900110842,S3-907383243,S3-907776474,S3-927139407,S3-936114173,S3-94644864,S3-948899823,S3-952563066,S3-95392140,S3-971381453,S3-979630293,S3-993490785,S3-993742214,S3-996087202
S1-466668920	S2-116480536,S2-119515910,S2-133301758,S2-158318217,S2-173516208,S2-174716038,S2-191919647,S2-192482998,S2-220749317,S2-235368756,S2-256016840,S2-280522279,S2-299555954,S2-321001485,S2-330516269,S2-331142467,S2-341507894,S2-343798342,S2-360113545,S2-372721701,S2-374271299,S2-385313947,S2-390642230,S2-408342843,S2-415705714,S2-417433833,S2-429870403,S2-439734963,S2-4410812,S2-443001468,S2-464534781,S2-471361838,S2-474466975,S2-491625463,S2-502271452,S2-512740645,S2-516901761,S2-524236826,S2-537429163,S2-541259137,S2-542253904,S2-600440805,S2-606729918,S2-630399297,S2-641705517,S2-669285207,S2-672293256,S2-679168113,S2-679679510,S2-681751330,S2-688409610,S2-690255912,S2-696377138,S2-721410783,S2-725636539,S2-733227633,S2-741989597,S2-744454704,S2-807037901,S2-817462706,S2-829019070,S2-835414825,S2-853917800,S2-854787646,S2-860002187,S2-861225256,S2-862647195,S2-866687723,S2-872920770,S2-881517073,S2-892482962,S2-895999705,S2-913741690,S2-917222205,S2-918083528,S2-924621636,S2-934216684,S2-945540388,S2-95052607,S2-978269575,S3-115004081,S3-144971003,S3-155224751,S3-157368179,S3-166793742,S3-176697830,S3-195719521,S3-213423316,S3-25172490,S3-253715286,S3-281513986,S3-282849682,S3-283907536,S3-296959764,S3-318757551,S3-321691914,S3-335100931,S3-335172279,S3-355887050,S3-36653509,S3-371061037,S3-391448086,S3-392885614,S3-418119097,S3-424328131,S3-452777566,S3-46165706,S3-467864077,S3-467936497,S3-509486592,S3-56273489,S3-577820780,S3-585835902,S3-592445639,S3-594971383,S3-598855564,S3-600204156,S3-612876990,S3-627229879,S3-629558147,S3-637009934,S3-643607727,S3-653387035,S3-67853779,S3-688006018,S3-693458487,S3-694944019,S3-698330942,S3-700866668,S3-710421210,S3-715405735,S3-736174148,S3-745489650,S3-751225828,S3-751893140,S3-757167449,S3-759157667,S3-763291811,S3-783712038,S3-80337515,S3-807909970,S3-814233430,S3-817171652,S3-819144789,S3-821689090,S3-832274505,S3-855996154,S3-85785950,S3-858261653,S3-868274766,S3-890711741,S3-893395198,S3-910084306,S3-913773527,S3-922123340,S3-942099219,S3-946041860,S3-965930502,S3-969109986,S3-988246678
S1-468461684	S2-15274048,S2-162851131,S2-165987917,S2-190677762,S2-210499137,S2-225015429,S2-236831925,S2-296323038,S2-327621346,S2-334126709,S2-34523584,S2-416226199,S2-429045520,S2-45673883,S2-487453883,S2-502389740,S2-505543273,S2-510367781,S2-554753907,S2-573949906,S2-58597000,S2-615198305,S2-648368548,S2-648836139,S2-666665510,S2-720396632,S2-737766295,S2-760137460,S2-825311450,S2-838280917,S2-843005563,S2-940432161,S2-967714992,S3-127286261,S3-165362667,S3-176661433,S3-187816499,S3-194828745,S3-202800530,S3-226487511,S3-239232669,S3-243710764,S3-245368935,S3-264694409,S3-286079488,S3-296789401,S3-297641883,S3-322247857,S3-331791236,S3-340278512,S3-357964019,S3-426845691,S3-484477858,S3-540267022,S3-548979547,S3-707560276,S3-710794742,S3-717643657,S3-72000049,S3-749357513,S3-805611194,S3-853939069,S3-854681892,S3-927118082,S3-959492785
S1-48068006	S2-125652544,S2-126845892,S2-139704475,S2-140018909,S2-144979599,S2-173166610,S2-192017067,S2-194254324,S2-194620823,S2-200497972,S2-202345572,S2-206314119,S2-216386935,S2-216476349,S2-226572059,S2-249880408,S2-256548688,S2-297253288,S2-317284958,S2-332475652,S2-345858902,S2-347440788,S2-361570365,S2-366695897,S2-385320156,S2-39911663,S2-411834190,S2-412202843,S2-417018398,S2-42716935,S2-43275188,S2-491867445,S2-492825750,S2-496896087,S2-505420301,S2-509066201,S2-530060573,S2-530722232,S2-536542764,S2-566428126,S2-574401240,S2-580058882,S2-593572585,S2-597841875,S2-610024406,S2-644772646,S2-651160692,S2-659266514,S2-671757846,S2-686858579,S2-690916533,S2-696631066,S2-722647673,S2-742818016,S2-751041937,S2-765413826,S2-794715754,S2-801026111,S2-81276776,S2-819384427,S2-81961831,S2-824009315,S2-828046335,S2-849318485,S2-854806914,S2-857823592,S2-862264790,S2-866579579,S2-870733114,S2-872361906,S2-900355385,S2-91954247,S2-924115701,S2-929779891,S2-933103393,S2-964780879,S2-970223400,S2-976576666,S2-982465928,S3-115421713,S3-116408839,S3-130473563,S3-160204350,S3-177968297,S3-17892441,S3-189046098,S3-190779529,S3-199704145,S3-202059201,S3-212354668,S3-21265112,S3-21721176,S3-217900016,S3-223024353,S3-229431927,S3-23975075,S3-254755240,S3-25806126,S3-259201616,S3-260795871,S3-262750694,S3-267238268,S3-269056019,S3-296285149,S3-318083996,S3-318232714,S3-322031692,S3-33141420,S3-339412323,S3-340523582,S3-342491975,S3-348055584,S3-383135616,S3-385014748,S3-390509133,S3-405041711,S3-406708206,S3-408275172,S3-40970625,S3-413837499,S3-426792402,S3-428306907,S3-430111199,S3-4361474,S3-446346807,S3-500036589,S3-526703787,S3-561107571,S3-588144958,S3-590418668,S3-59257700,S3-60218922,S3-61253993,S3-62621477,S3-627338416,S3-642202340,S3-646886040,S3-656566668,S3-658997887,S3-668317977,S3-673639049,S3-682380909,S3-700301999,S3-702318129,S3-714288359,S3-720098313,S3-721736545,S3-723803539,S3-734507610,S3-751874543,S3-758156988,S3-75941861,S3-762148494,S3-794803172,S3-819028432,S3-821401497,S3-823492711,S3-82914392,S3-841361978,S3-845393100,S3-852860884,S3-859558391,S3-860145596,S3-88429221,S3-895632645,S3-899665298,S3-901965850,S3-90999529,S3-915335843,S3-915789689,S3-940744204,S3-951255673,S3-955176419,S3-963776174
S1-482245935	S2-101252926,S2-108079473,S2-111891227,S2-118318181,S2-136462273,S2-155834990,S2-156087027,S2-160388624,S2-161365121,S2-166988283,S2-168235447,S2-169155442,S2-186078153,S2-188880150,S2-218603873,S2-21894751,S2-22251648,S2-223667387,S2-227316675,S2-229742557,S2-231261877,S2-241313475,S2-242334036,S2-243926205,S2-244076254,S2-244878936,S2-25563014,S2-257248541,S2-25744356,S2-264903159,S2-273032270,S2-273199367,S2-285213095,S2-286143532,S2-30355177,S2-303619799,S2-313595952,S2-315612576,S2-325599733,S2-326429471,S2-353911381,S2-36057317,S2-37338848,S2-377560975,S2-398165985,S2-399541825,S2-402238474,S2-409365990,S2-414175916,S2-421659275,S2-4236881,S2-427202438,S2-428834218,S2-432409498,S2-441092837,S2-451792959,S2-45237441,S2-458999162,S2-461799041,S2-467765073,S2-47458866,S2-477618882,S2-480893535,S2-484945934,S2-492671968,S2-496500351,S2-498838288,S2-50614301,S2-509157558,S2-512513852,S2-520075864,S2-56243984,S2-594386142,S2-616184400,S2-62451942,S2-627720464,S2-649818962,S2-657795834,S2-66203441,S2-664689016,S2-666401269,S2-681133060,S2-687441654,S2-690146199,S2-695266508,S2-702734483,S2-703644340,S2-70912520,S2-710288676,S2-714927296,S2-721569668,S2-725812138,S2-732217300,S2-737328839,S2-740789277,S2-741319589,S2-744516920,S2-745489246,S2-748406793,S2-756674089,S2-764968183,S2-766660121,S2-777873885,S2-7827468,S2-783508180,S2-788852208,S2-794206677,S2-80154200,S2-81272711,S2-834592917,S2-851141202,S2-851704675,S2-853974560,S2-86025035,S2-869276019,S2-871567834,S2-893015230,S2-912814738,S2-922640628,S2-924499398,S2-925053059,S2-928241238,S2-935255238,S2-951177473,S2-955812087,S2-970064156,S2-972368199,S2-980362589,S2-996979179,S3-117087265,S3-128268225,S3-13406768,S3-139851149,S3-142763447,S3-146044353,S3-166374091,S3-190420573,S3-197169753,S3-199438259,S3-204007002,S3-207787122,S3-218299931,S3-220999288,S3-229452684,S3-229715984,S3-232110559,S3-240790636,S3-241465514,S3-247299470,S3-255257816,S3-289977700,S3-293296706,S3-295826694,S3-297295778,S3-314712803,S3-327800854,S3-329251042,S3-329779942,S3-339160763,S3-341807504,S3-342998749,S3-349072461,S3-353790067,S3-360998173,S3-36129318,S3-37077778,S3-384248806,S3-390408705,S3-400952178,S3-407919839,S3-411074455,S3-412918952,S3-4245747,S3-432849298,S3-438024013,S3-445246379,S3-447408691,S3-465690193,S3-472905099,S3-47945993,S3-48135910,S3-487582515,S3-494349983,S3-497684603,S3-499500998,S3-510140895,S3-539068872,S3-563056000,S3-591702411,S3-595673431,S3-606476112,S3-619328571,S3-642786811,S3-648745876,S3-653049288,S3-6541805,S3-654484407,S3-665627577,S3-666755261,S3-669988650,S3-676611803,S3-689344241,S3-689810314,S3-689891985,S3-703701159,S3-711493841,S3-712007015,S3-712616889,S3-72918645,S3-735782808,S3-739236172,S3-751879929,S3-753064915,S3-761913700,S3-762305471,S3-769926937,S3-769977686,S3-797527736,S3-803543551,S3-821388568,S3-822449339,S3-830714224,S3-840313895,S3-855494926,S3-862249398,S3-863782660,S3-868171583,S3-895700299,S3-905666704,S3-927189466,S3-936019995,S3-945042714,S3-949638972,S3-980520616
S1-482632930	S2-103173051,S2-110709677,S2-119173004,S2-153647238,S2-161503024,S2-161927712,S2-166680581,S2-177666971,S2-195738322,S2-197023659,S2-201182692,S2-220268040,S2-223467317,S2-22544436,S2-22808986,S2-230890113,S2-252625159,S2-254407703,S2-270918583,S2-282883495,S2-290198405,S2-293438283,S2-309792181,S2-326762204,S2-328266487,S2-333952408,S2-340527085,S2-356392700,S2-362221534,S2-373169281,S2-374472008,S2-374626278,S2-375148063,S2-381423012,S2-390092765,S2-390425095,S2-408894257,S2-420204344,S2-431612309,S2-433706424,S2-440407686,S2-440600861,S2-447041363,S2-466036489,S2-469220773,S2-472132283,S2-483202565,S2-502976159,S2-507492818,S2-537617711,S2-544400926,S2-550305871,S2-556707881,S2-604968120,S2-638118355,S2-638860948,S2-655996674,S2-659990047,S2-696650630,S2-708932057,S2-716955988,S2-717674154,S2-722379434,S2-729991137,S2-741808052,S2-747853087,S2-753571768,S2-767421884,S2-772897654,S2-774993372,S2-776018769,S2-777724580,S2-78682228,S2-812623421,S2-813172639,S2-815674928,S2-819324998,S2-821114481,S2-829444477,S2-870459989,S2-871350215,S2-886492966,S2-896762344,S2-897799507,S2-915758304,S2-917740199,S2-919558107,S2-919913560,S2-92172380,S2-925907580,S2-937264937,S2-937999117,S2-941494549,S2-947383778,S2-9543917,S2-958976264,S2-962639594,S2-96543643,S2-982323410,S2-986515071,S2-994731815,S2-995503681,S3-264342046,S3-335022110,S3-426126889,S3-521304055
S1-491138472	S2-11452718,S2-123718097,S2-136048262,S2-164936117,S2-176702028,S2-18486328,S2-197200716,S2-214973302,S2-219033117,S2-226879405,S2-236901889,S2-242890129,S2-246653218,S2-250986251,S2-255860388,S2-259913460,S2-26645262,S2-267368981,S2-294718003,S2-296647250,S2-29685687,S2-309541537,S2-324260973,S2-325562495,S2-330136001,S2-365174872,S2-369226853,S2-383988627,S2-390828591,S2-405272258,S2-407802428,S2-418910403,S2-419066965,S2-424390829,S2-442757793,S2-455620818,S2-456253237,S2-483643202,S2-496419719,S2-502138828,S2-504871529,S2-511099496,S2-514901226,S2-521191118,S2-537473327,S2-569502741,S2-586055732,S2-589402082,S2-590636541,S2-594550708,S2-601424632,S2-61511253,S2-624481641,S2-625926403,S2-628125677,S2-62960793,S2-634761540,S2-643065646,S2-66299818,S2-681670942,S2-687523232,S2-688811958,S2-690205551,S2-698632716,S2-699967762,S2-710313662,S2-739567312,S2-788106715,S2-82055850,S2-82224941,S2-824384051,S2-829134438,S2-829733472,S2-82980014,S2-834968040,S2-837886898,S2-879791597,S2-89773284,S2-903203753,S2-925143749,S2-948595978,S2-950299050,S2-962614162,S2-970749297,S2-972291958,S2-97421329,S2-976867708,S2-992827684,S2-995738364,S3-10008502,S3-110103779,S3-117933528,S3-118054598,S3-120167242,S3-125467704,S3-153100405,S3-165622010,S3-177524038,S3-186150831,S3-190441805,S3-192098961,S3-205637702,S3-206458922,S3-228287016,S3-23699355,S3-241209795,S3-249832530,S3-261959851,S3-299107299,S3-301622180,S3-31828738,S3-3269675,S3-330089728,S3-331942229,S3-335460949,S3-344274870,S3-350854603,S3-352231573,S3-353047312,S3-353655905,S3-370438452,S3-38764204,S3-391019806,S3-4014939,S3-414489046,S3-43710305,S3-437760717,S3-445467282,S3-455887030,S3-487128807,S3-49205914,S3-492637557,S3-505297746,S3-505566276,S3-506968667,S3-508055831,S3-514329514,S3-528129704,S3-531333425,S3-539000023,S3-540104214,S3-542323382,S3-546782898,S3-562714651,S3-626954358,S3-639877971,S3-646109875,S3-652347842,S3-652372946,S3-662489596,S3-668897390,S3-67035158,S3-681767958,S3-700636493,S3-715501367,S3-726933950,S3-732428544,S3-732657495,S3-744085393,S3-749248729,S3-762477470,S3-770912240,S3-774968838,S3-779431365,S3-797079741,S3-805037268,S3-811291386,S3-811298329,S3-811300767,S3-811971133,S3-838767662,S3-838928780,S3-839358389,S3-844427746,S3-877517903,S3-879196820,S3-89278806,S3-896133489,S3-906991077,S3-925833197,S3-928683234,S3-938767993,S3-956988918,S3-964774635,S3-966367332,S3-966769740,S3-974349078,S3-998740864
S1-498567090	S2-10667450,S2-214977594,S2-221123001,S2-299990308,S2-350648222,S2-362362682,S2-367078465,S2-520437527,S2-562500902,S2-639477273,S2-717576486,S2-751585128,S2-758430869,S2-786082760,S2-788755247,S2-868087614,S2-940945359,S3-11237409,S3-23774645,S3-302728419,S3-41666303,S3-458340522,S3-467832608,S3-534617400,S3-602451989,S3-612982424,S3-673165201,S3-777811553,S3-856215314,S3-857243584,S3-907225158,S3-926223339,S3-955975517,S3-964416573
S1-504862013	S2-234149300,S2-238866466,S2-270412232,S2-291033584,S2-420058836,S2-505186857,S2-533361801,S2-573086647,S2-643765455,S2-648254800,S2-688864449,S2-737811711,S2-815590607,S2-875403026,S2-881377806,S2-908844497,S2-934755680,S3-122835272,S3-123499296,S3-257517051,S3-293341741,S3-299968685,S3-348276235,S3-425012327,S3-559755892,S3-662221037,S3-757748575,S3-926685276,S3-93113262,S3-972988798
S1-505753870	S2-101252926,S2-107669246,S2-108079473,S2-110425881,S2-111891227,S2-113442889,S2-118318181,S2-121192677,S2-139840279,S2-145251401,S2-151290246,S2-152736269,S2-155834990,S2-156087027,S2-160388624,S2-166988283,S2-167316447,S2-169155442,S2-177289709,S2-186078153,S2-188880150,S2-19425615,S2-19442209,S2-196103492,S2-216888634,S2-218603873,S2-21894751,S2-219822409,S2-22251648,S2-226415527,S2-227316675,S2-229742557,S2-241313475,S2-243162326,S2-244076254,S2-244878936,S2-25563014,S2-25744356,S2-269747084,S2-269928867,S2-273032270,S2-279840616,S2-285213095,S2-288458392,S2-289647919,S2-30355177,S2-303619799,S2-313595952,S2-325599733,S2-347442275,S2-352070994,S2-353911381,S2-36057317,S2-377560975,S2-378396877,S2-388625456,S2-402238474,S2-409365990,S2-411980305,S2-414175916,S2-4236881,S2-427202438,S2-438355453,S2-451792959,S2-45237441,S2-458999162,S2-461337447,S2-461799041,S2-467765073,S2-47458866,S2-47718434,S2-477618882,S2-480893535,S2-484945934,S2-492671968,S2-493433360,S2-496500351,S2-498838288,S2-509157558,S2-512513852,S2-514081569,S2-53073790,S2-531359752,S2-548555247,S2-579320203,S2-580497684,S2-60151936,S2-616184400,S2-62451942,S2-627720464,S2-634443586,S2-637397341,S2-649818962,S2-657795834,S2-66203441,S2-664689016,S2-681133060,S2-687441654,S2-695266508,S2-702734483,S2-703644340,S2-710288676,S2-711776087,S2-717326443,S2-727408583,S2-737328839,S2-741319589,S2-744516920,S2-745489246,S2-756674089,S2-764968183,S2-766660121,S2-775148299,S2-776964267,S2-781252137,S2-783508180,S2-788852208,S2-791068133,S2-80154200,S2-810071511,S2-81272711,S2-82650740,S2-828644512,S2-834592917,S2-851141202,S2-851704675,S2-853974560,S2-86025035,S2-869276019,S2-871567834,S2-873201743,S2-888348069,S2-891170934,S2-907418015,S2-912814738,S2-915463533,S2-922640628,S2-924499398,S2-925053059,S2-928241238,S2-935255238,S2-951177473,S2-955812087,S2-972368199,S2-972931766,S2-977595296,S2-980362589,S3-102229396,S3-106549160,S3-10849920,S3-121844879,S3-128268225,S3-142763447,S3-143705533,S3-155046891,S3-161289289,S3-166374091,S3-174744604,S3-181304065,S3-181307494,S3-183915782,S3-189099240,S3-190420573,S3-199438259,S3-202034241,S3-204007002,S3-207192600,S3-207787122,S3-212144224,S3-215168340,S3-218299931,S3-21876392,S3-226847382,S3-228023898,S3-229715984,S3-233037335,S3-235186908,S3-244519712,S3-266662730,S3-268991637,S3-279985078,S3-290728381,S3-295826694,S3-297295778,S3-300666467,S3-316519931,S3-339160763,S3-342998749,S3-344141939,S3-347004563,S3-348522993,S3-349072461,S3-34970391,S3-353790067,S3-356388382,S3-360998173,S3-36129318,S3-396393489,S3-397281133,S3-397404033,S3-408527544,S3-411074455,S3-412394861,S3-415195831,S3-430646302,S3-438024013,S3-443195237,S3-447408691,S3-452135977,S3-452366019,S3-456913182,S3-465690193,S3-468023603,S3-474815981,S3-479752423,S3-48135910,S3-494349983,S3-497684603,S3-499500998,S3-502177627,S3-519348495,S3-545287945,S3-546453048,S3-560679418,S3-563056000,S3-568906599,S3-579048468,S3-591046849,S3-595673431,S3-601771436,S3-606476112,S3-621763096,S3-622558457,S3-624710476,S3-635168331,S3-645857374,S3-648745876,S3-653477223,S3-6541805,S3-654484407,S3-661574229,S3-663523907,S3-665627577,S3-672679428,S3-67607430,S3-682346387,S3-68946176,S3-689810314,S3-689891985,S3-701385688,S3-703701159,S3-711493841,S3-712776095,S3-720682651,S3-72918645,S3-733186071,S3-741360550,S3-751845471,S3-753064915,S3-759352906,S3-762305471,S3-769926937,S3-769977686,S3-774894785,S3-782921909,S3-787144075,S3-78928714,S3-797527736,S3-802583984,S3-802875398,S3-812713211,S3-819597939,S3-821388568,S3-823137696,S3-830714224,S3-855494926,S3-855655211,S3-858251945,S3-863782660,S3-868171583,S3-873739747,S3-877302148,S3-891333245,S3-89180176,S3-893081965,S3-895700299,S3-896062084,S3-901850772,S3-914435532,S3-91700051,S3-940938287,S3-958687991,S3-961338996,S3-962271174,S3-977519492,S3-980520616
S1-516734255	S2-104772220,S2-115156128,S2-125536567,S2-125828863,S2-127399780,S2-130177526,S2-139210813,S2-141311943,S2-154528654,S2-167701234,S2-180900206,S2-186232723,S2-189119522,S2-200211122,S2-200675188,S2-245744013,S2-251562706,S2-255335244,S2-27011247,S2-283420478,S2-286571801,S2-291727879,S2-293206221,S2-297929565,S2-298078677,S2-299312516,S2-300972104,S2-303269103,S2-310626712,S2-320573197,S2-326007273,S2-326950656,S2-331331495,S2-343084278,S2-34579928,S2-350878741,S2-361479780,S2-364141038,S2-370396721,S2-376701669,S2-386495212,S2-393747015,S2-400328229,S2-403253705,S2-412373143,S2-438420996,S2-438520408,S2-44538978,S2-466114210,S2-482102873,S2-492208121,S2-498012557,S2-500219482,S2-512136984,S2-528013148,S2-535841860,S2-546674797,S2-550900410,S2-566324343,S2-582598509,S2-593316492,S2-593679970,S2-594364929,S2-602879920,S2-60887999,S2-613674633,S2-616581290,S2-617529549,S2-622243128,S2-624423051,S2-641101372,S2-658867347,S2-66154900,S2-669424958,S2-671662375,S2-677414317,S2-684380376,S2-686805789,S2-689933160,S2-696827513,S2-696979438,S2-700314940,S2-703519603,S2-719139974,S2-727595921,S2-727617440,S2-728082508,S2-733054343,S2-73526570,S2-74502227,S2-754888386,S2-794839968,S2-802552411,S2-804308310,S2-819251899,S2-834608785,S2-838278246,S2-841681240,S2-858845185,S2-862842443,S2-881861913,S2-886335031,S2-903964828,S2-912711928,S2-913087203,S2-913152370,S2-928494341,S2-938008001,S2-941866406,S2-955596343,S2-959872342,S2-969387010,S2-986550974,S2-988394510,S3-159238066,S3-171620417,S3-202408164,S3-237792744,S3-240320739,S3-247408654,S3-269113920,S3-295085745,S3-297894843,S3-302757342,S3-310836202,S3-352203844,S3-391103473,S3-446481549,S3-517381285,S3-519833961,S3-599777271,S3-603697153,S3-622635144,S3-625372352,S3-674171779,S3-681073216,S3-71091001,S3-762075908,S3-791872108,S3-793046109,S3-797992142,S3-814522231,S3-821157653,S3-833612692,S3-866442751,S3-891085573,S3-903883888,S3-910149721,S3-913718975,S3-955252487
S1-517683305	S2-100448460,S2-102015304,S2-103216630,S2-104689488,S2-106547500,S2-108276602,S2-11474698,S2-122824554,S2-123383392,S2-124644451,S2-124782318,S2-128427629,S2-13206136,S2-136111106,S2-139171242,S2-139742569,S2-142947256,S2-148444017,S2-153563436,S2-153814747,S2-156087127,S2-156224104,S2-167139875,S2-172697743,S2-17452961,S2-177255418,S2-17937901,S2-180409609,S2-191584515,S2-194260985,S2-195116484,S2-198032715,S2-198960525,S2-201912699,S2-206814228,S2-20757755,S2-211362983,S2-215856854,S2-218314905,S2-22390262,S2-223983285,S2-226669097,S2-227683978,S2-239922030,S2-246533711,S2-251202663,S2-251823408,S2-252603907,S2-252895639,S2-253507008,S2-258719094,S2-267896429,S2-268595570,S2-269418558,S2-275741045,S2-279881859,S2-285003731,S2-286723472,S2-302430301,S2-30652342,S2-309788737,S2-315200098,S2-327528141,S2-334845953,S2-347382410,S2-348156373,S2-34905968,S2-350911394,S2-351153553,S2-357533962,S2-363893250,S2-372806345,S2-378050308,S2-381557605,S2-382444676,S2-384389330,S2-39001892,S2-391372767,S2-400003999,S2-40209141,S2-410641087,S2-41217147,S2-415309427,S2-420182050,S2-421612413,S2-42476173,S2-428455137,S2-428990956,S2-447580826,S2-45404616,S2-461046226,S2-463353387,S2-466503013,S2-467439122,S2-469369019,S2-470925054,S2-479744182,S2-490612600,S2-493892945,S2-500994576,S2-501839336,S2-504227714,S2-510529688,S2-514574289,S2-519445552,S2-525805721,S2-542661381,S2-546156317,S2-549378030,S2-552069858,S2-553050976,S2-563904542,S2-56694937,S2-569148148,S2-575623669,S2-583584987,S2-588510586,S2-589931994,S2-59016642,S2-592946461,S2-59531834,S2-604935895,S2-605265178,S2-606292293,S2-617617540,S2-617842496,S2-633231146,S2-639337190,S2-642156568,S2-664132256,S2-66586562,S2-675052845,S2-686304624,S2-695719965,S2-704597672,S2-710580480,S2-711840878,S2-717721304,S2-717939277,S2-718162869,S2-722553608,S2-725988865,S2-726132349,S2-726768015,S2-734218970,S2-745845143,S2-752947976,S2-755327327,S2-756960977,S2-75780086,S2-760525307,S2-762473844,S2-770780016,S2-7722114,S2-773407720,S2-776643659,S2-778725287,S2-778770601,S2-782313303,S2-784334218,S2-784487778,S2-785056419,S2-789725102,S2-789980118,S2-804682686,S2-805458357,S2-806640808,S2-812778443,S2-813468157,S2-820950314,S2-833182722,S2-851606896,S2-852783799,S2-857164625,S2-862485328,S2-864302284,S2-865399139,S2-869487047,S2-870253909,S2-877714547,S2-879326203,S2-880534022,S2-887765178,S2-888646909,S2-932874757,S2-934372905,S2-935941770,S2-936156286,S2-936646542,S2-940727965,S2-946468643,S2-946890100,S2-950081291,S2-953591453,S2-956074919,S2-959115488,S2-959876010,S2-960710602,S2-960825002,S2-982653689,S3-101290549,S3-101366336,S3-111025148,S3-118381358,S3-120259543,S3-122311538,S3-122846029,S3-124265364,S3-132200035,S3-133144225,S3-143011727,S3-148214776,S3-148660126,S3-151574937,S3-161014598,S3-162496,S3-166854010,S3-175228583,S3-175365558,S3-181386060,S3-181954743,S3-185931337,S3-187292129,S3-203887107,S3-205891245,S3-210936907,S3-216233968,S3-217931395,S3-221828144,S3-230643075,S3-234880420,S3-243752109,S3-252075137,S3-261881644,S3-267810589,S3-278594638,S3-28495015,S3-284997831,S3-285221306,S3-288329455,S3-289428079,S3-293035567,S3-293242668,S3-295445658,S3-296144504,S3-29704302,S3-304724779,S3-32080702,S3-322167146,S3-325137077,S3-330379193,S3-332398018,S3-335374486,S3-340878900,S3-342323824,S3-34987827,S3-361724194,S3-375055671,S3-381966042,S3-382158405,S3-389887581,S3-399969040,S3-405202437,S3-408449607,S3-412403061,S3-413940558,S3-414177339,S3-41480597,S3-415921207,S3-422519385,S3-426334653,S3-426527044,S3-426725094,S3-442171604,S3-443465932,S3-452405288,S3-453768841,S3-455572604,S3-458028183,S3-46357523,S3-464099203,S3-471647614,S3-472138217,S3-475029927,S3-479135789,S3-48217629,S3-487717243,S3-488009042,S3-490314149,S3-492598532,S3-501622331,S3-508268792,S3-515677832,S3-516903433,S3-517904355,S3-518374729,S3-522288161,S3-531324830,S3-531582572,S3-538952673,S3-552698097,S3-554931283,S3-557385918,S3-563970577,S3-571511621,S3-572117636,S3-573475816,S3-574951843,S3-583070239,S3-587008582,S3-592918974,S3-604920559,S3-6104018,S3-611697549,S3-622473506,S3-63186595,S3-634952173,S3-636330631,S3-644568657,S3-645764522,S3-647235516,S3-648871964,S3-653200893,S3-656269921,S3-661210590,S3-663479700,S3-667328399,S3-667536737,S3-668826021,S3-669134308,S3-672318568,S3-673588753,S3-674271259,S3-674383527,S3-676139366,S3-68120773,S3-684725277,S3-687088263,S3-69606139,S3-697480773,S3-6983744,S3-698423958,S3-701849222,S3-709403309,S3-710116941,S3-713466714,S3-716938145,S3-748348759,S3-756783266,S3-763571402,S3-76372551,S3-768787370,S3-771471159,S3-77927066,S3-785979917,S3-787432389,S3-787977814,S3-788453255,S3-794599628,S3-796864509,S3-797101700,S3-800972661,S3-807607419,S3-812351971,S3-813198868,S3-820864659,S3-829792303,S3-837433978,S3-841915385,S3-867858455,S3-885961099,S3-887256068,S3-889764374,S3-892440839,S3-89430395,S3-901825556,S3-906334684,S3-910821208,S3-91127014,S3-913634423,S3-919275552,S3-926552000,S3-935449774,S3-93553969,S3-942317698,S3-946516050,S3-949736484,S3-949762455,S3-962739917,S3-975034956,S3-980802508,S3-982136438,S3-984219169
S1-52005849	S2-36162684,S2-389213280,S2-394090982,S2-547067056,S2-665444610,S2-822403687,S2-864572225,S2-885726213,S2-998635510,S3-127748489,S3-152347779,S3-274571826,S3-489893089,S3-528302888,S3-59819967,S3-834714379,S3-884430264
S1-521782533	S2-110033545,S2-136301139,S2-153289963,S2-154094383,S2-154977207,S2-173280133,S2-183368931,S2-194092700,S2-196581832,S2-198143600,S2-206771832,S2-213843530,S2-216876395,S2-234167453,S2-236605170,S2-242656326,S2-279699223,S2-280158851,S2-285761233,S2-306748545,S2-307547685,S2-308161402,S2-363155250,S2-373202967,S2-469449475,S2-486711886,S2-495324625,S2-497764256,S2-50088182,S2-512595954,S2-520912739,S2-54304194,S2-545819053,S2-556470763,S2-564989144,S2-568265652,S2-580093505,S2-580906785,S2-589743619,S2-591608650,S2-615755081,S2-635134238,S2-657292283,S2-670910163,S2-673040062,S2-694096169,S2-70991123,S2-710522338,S2-723211319,S2-727252327,S2-748559831,S2-754211989,S2-759679489,S2-771411355,S2-771528960,S2-787825340,S2-803684298,S2-808082972,S2-809867515,S2-814019624,S2-815460965,S2-817770189,S2-81869948,S2-835709319,S2-837344279,S2-843604315,S2-860790964,S2-869895478,S2-88072887,S2-916925129,S2-949406012,S2-960166377,S2-974637801,S3-113195322,S3-237696188,S3-238878326,S3-277037418,S3-277556804,S3-280067875,S3-283699819,S3-289196778,S3-303886149,S3-352045124,S3-377683762,S3-379321096,S3-388912934,S3-444561497,S3-459277403,S3-462048493,S3-463488130,S3-469034670,S3-487506711,S3-499945739,S3-512587449,S3-522160317,S3-528014486,S3-530429929,S3-536589725,S3-549930777,S3-570011830,S3-573987436,S3-578645423,S3-583426426,S3-596018549,S3-615240254,S3-631289847,S3-675701824,S3-695814960,S3-695955356,S3-703911232,S3-724081224,S3-72501040,S3-734272775,S3-749986643,S3-752154725,S3-752629271,S3-763517622,S3-780513099,S3-785074964,S3-789340137,S3-818467381,S3-820384760,S3-86569806,S3-874566004,S3-884386486,S3-888708633,S3-894924964,S3-903393034,S3-905707321,S3-910668260,S3-926528680,S3-928771541,S3-941293288,S3-943543408,S3-955636355,S3-985078983
S1-535840870	S2-119007367,S2-133305824,S2-143343356,S2-159161347,S2-179371982,S2-190445473,S2-215288506,S2-218556412,S2-219063794,S2-223115512,S2-223442090,S2-269408345,S2-274200362,S2-301253934,S2-303370676,S2-335985191,S2-344060539,S2-356896673,S2-410842448,S2-42046597,S2-423373036,S2-42779639,S2-431095412,S2-432496148,S2-436067655,S2-436075594,S2-456956585,S2-501377112,S2-528449098,S2-532448975,S2-536411077,S2-551316441,S2-601511795,S2-613798076,S2-623673250,S2-630511665,S2-64987227,S2-688598616,S2-689448719,S2-696710099,S2-697734849,S2-714875842,S2-81868237,S2-827838457,S2-965684578,S2-982004262,S2-982362527,S3-100092927,S3-108704547,S3-129853781,S3-131054276,S3-133031341,S3-144080377,S3-154803234,S3-154944138,S3-176617352,S3-183858513,S3-18796487,S3-264755436,S3-282143361,S3-307511268,S3-341746084,S3-360387065,S3-368328951,S3-369909243,S3-394788229,S3-421652224,S3-502950444,S3-510389777,S3-527002632,S3-531697842,S3-533026481,S3-62849975,S3-649067925,S3-650267877,S3-70344709,S3-707244686,S3-714969177,S3-722494002,S3-752227339,S3-757778813,S3-80434240,S3-865657785,S3-881002857,S3-905898405,S3-915895920,S3-940855991,S3-943015989,S3-94376790,S3-957202396,S3-97919435,S3-984922367,S3-986260005
S1-541260963	S2-10052160,S2-12399911,S2-15768192,S2-162394580,S2-190326206,S2-218458027,S2-266219283,S2-275499211,S2-284019526,S2-288246076,S2-355898470,S2-360526234,S2-365537988,S2-384792309,S2-403404601,S2-422816296,S2-426714487,S2-430213743,S2-445330214,S2-449833187,S2-452595695,S2-47907637,S2-480252334,S2-483228618,S2-487702680,S2-489989469,S2-508314557,S2-519492332,S2-560551824,S2-560617550,S2-592708114,S2-595951354,S2-597461815,S2-602896357,S2-628109516,S2-667066743,S2-681571577,S2-693152398,S2-696501465,S2-705638677,S2-705907632,S2-706716821,S2-708184386,S2-74700686,S2-794529192,S2-796688294,S2-797664573,S2-80772445,S2-814350514,S2-859368412,S2-88285079,S2-887854979,S2-888451541,S2-902114596,S2-915011716,S2-948651883,S2-949649934,S2-969313126,S2-973848645,S2-979134941,S3-109160787,S3-113855448,S3-139085433,S3-145117325,S3-157058009,S3-180253597,S3-194832515,S3-198636751,S3-223647673,S3-283079455,S3-30682449,S3-34889771,S3-356694859,S3-37762018,S3-381640265,S3-389019474,S3-396380078,S3-401824972,S3-436101655,S3-436888109,S3-452161185,S3-525638059,S3-526198379,S3-546540898,S3-564207815,S3-585646991,S3-592724651,S3-592763970,S3-598555199,S3-617577942,S3-623788067,S3-62674533,S3-633836709,S3-648161211,S3-650378356,S3-659361939,S3-696015552,S3-715139638,S3-716425906,S3-721541,S3-746209666,S3-749855050,S3-753601653,S3-765668090,S3-797546231,S3-829200804,S3-836503659,S3-843422237,S3-877355122,S3-912899210,S3-923312661,S3-925336825,S3-927291670,S3-932220068,S3-940176054,S3-940327183,S3-940748250,S3-965901976,S3-992517659,S3-993229213
S1-557732888	S2-11032326,S2-1488871,S2-153209487,S2-176612698,S2-196741030,S2-241028787,S2-246961560,S2-248229849,S2-250086678,S2-260054148,S2-270745974,S2-287751960,S2-290322555,S2-325895585,S2-331628822,S2-378943018,S2-395985938,S2-41244887,S2-44940052,S2-468300496,S2-505360338,S2-513089552,S2-567880190,S2-574125046,S2-608451383,S2-618204279,S2-630786908,S2-638440105,S2-641264177,S2-641884413,S2-660971496,S2-704296163,S2-732793820,S2-738687078,S2-741264525,S2-752223496,S2-783560153,S2-841085402,S2-850647447,S2-876616983,S2-880478402,S2-886932912,S2-888315013,S2-895462650,S2-909798048,S2-919903755,S2-929867079,S2-931820113,S3-198302981,S3-207472716,S3-209010301,S3-213049909,S3-235531473,S3-244439668,S3-269566651,S3-285674461,S3-292949289,S3-304599688,S3-316802486,S3-329187504,S3-344914028,S3-348051256,S3-366904809,S3-373294286,S3-382608754,S3-384388662,S3-401739682,S3-427271919,S3-428949345,S3-474084704,S3-486019281,S3-51434313,S3-51460847,S3-518409837,S3-526138172,S3-543256244,S3-551924161,S3-555413625,S3-561452321,S3-58599501,S3-58821253,S3-605275924,S3-613181632,S3-644379951,S3-690504072,S3-709848621,S3-717121353,S3-727440847,S3-736344615,S3-739609605,S3-750593095,S3-753622035,S3-78884622,S3-7897786,S3-812412699,S3-851932625,S3-982486206,S3-989344991
S1-558219253	S2-121921049,S2-125479622,S2-134283790,S2-139498460,S2-143993803,S2-151261961,S2-152391468,S2-157304782,S2-158978776,S2-172976773,S2-173391462,S2-175037727,S2-179930721,S2-180866601,S2-194366616,S2-20497454,S2-224050108,S2-228337975,S2-234240514,S2-234496379,S2-236297375,S2-236553795,S2-236774263,S2-244622854,S2-247473103,S2-249789119,S2-258913671,S2-278125700,S2-289425786,S2-290225594,S2-292541954,S2-300573675,S2-30343179,S2-309497494,S2-312548106,S2-329388856,S2-331953480,S2-333403415,S2-345538917,S2-345873971,S2-346043391,S2-346274725,S2-355588969,S2-363540363,S2-37675680,S2-381538317,S2-382623131,S2-405703205,S2-417402277,S2-423021511,S2-434132822,S2-435437320,S2-436388174,S2-454523433,S2-456889352,S2-461237602,S2-463184772,S2-474727193,S2-484439476,S2-486643762,S2-487483384,S2-488179151,S2-489075576,S2-49339671,S2-493908179,S2-494179549,S2-517184991,S2-518149675,S2-520730099,S2-522472708,S2-524961687,S2-53252892,S2-534897615,S2-540954408,S2-554333820,S2-568491490,S2-576164019,S2-578022603,S2-595097692,S2-596939497,S2-620819194,S2-620944974,S2-623053874,S2-623450417,S2-625781843,S2-629041127,S2-633878166,S2-63705790,S2-644720216,S2-656080651,S2-660734714,S2-661055896,S2-665437030,S2-686430594,S2-689202307,S2-690928688,S2-691326973,S2-694561465,S2-707031096,S2-707335061,S2-720094555,S2-726207682,S2-732687713,S2-735237887,S2-743284281,S2-744319319,S2-750017748,S2-769053509,S2-771215783,S2-774050645,S2-783559473,S2-784574613,S2-799812276,S2-818915696,S2-824887288,S2-827631895,S2-827884720,S2-829746078,S2-841341110,S2-843497640,S2-850901184,S2-85283844,S2-855312634,S2-856130585,S2-874759391,S2-875488818,S2-879939219,S2-885702471,S2-894761114,S2-898028223,S2-906338839,S2-916793738,S2-918670727,S2-918981492,S2-930662865,S2-930750341,S2-931750298,S2-932863043,S2-933235061,S2-933435149,S2-944901434,S2-947560763,S2-951548873,S2-963903333,S2-9659312,S2-976831107,S2-981282704,S2-982417949,S2-994210699,S2-994847696,S3-108114394,S3-11478858,S3-120116436,S3-12206975,S3-133299993,S3-136977547,S3-138993988,S3-14393226,S3-16257796,S3-166949745,S3-172199676,S3-173744574,S3-188569453,S3-197161287,S3-202311370,S3-211251057,S3-212902175,S3-214083981,S3-220826375,S3-223204067,S3-224065277,S3-226054528,S3-233276649,S3-233514699,S3-243305487,S3-261795671,S3-263098899,S3-273748793,S3-274799040,S3-284097078,S3-286848939,S3-28704953,S3-288136564,S3-291090616,S3-291783087,S3-297147052,S3-297659124,S3-3037426,S3-32079065,S3-324903887,S3-325061537,S3-331684643,S3-332335454,S3-34307559,S3-34583278,S3-35705725,S3-357205251,S3-364743888,S3-371344468,S3-379689286,S3-386016057,S3-387493013,S3-402595675,S3-41000573,S3-425454238,S3-427100738,S3-427251623,S3-438463858,S3-442343007,S3-444979638,S3-446178835,S3-447408549,S3-447957135,S3-454980724,S3-45568189,S3-458847075,S3-47404992,S3-477076630,S3-496236041,S3-50212265,S3-502159170,S3-507899832,S3-509431089,S3-512415083,S3-522138583,S3-529077511,S3-541206380,S3-541246895,S3-544755833,S3-551843285,S3-555983583,S3-561505912,S3-561978088,S3-569224861,S3-569365884,S3-569732167,S3-573500093,S3-604200896,S3-609786452,S3-632398543,S3-63504955,S3-643114748,S3-643184075,S3-649161664,S3-655559064,S3-663570940,S3-668766812,S3-671450253,S3-674234293,S3-674457961,S3-67528411,S3-679685572,S3-68717183,S3-697831274,S3-712303518,S3-712769397,S3-726252554,S3-726532471,S3-72999449,S3-741264693,S3-756814237,S3-769332705,S3-783547131,S3-792841649,S3-799593123,S3-800541687,S3-800897787,S3-801892523,S3-802020227,S3-802580571,S3-814111844,S3-816501533,S3-818366572,S3-826830390,S3-834157315,S3-838120624,S3-841174575,S3-841436272,S3-862221399,S3-868402697,S3-882969036,S3-886611966,S3-889448569,S3-893492928,S3-900565421,S3-912608639,S3-918784801,S3-918947657,S3-92085346,S3-943526367,S3-946952910,S3-956326570,S3-96233751,S3-984749830,S3-995581955
S1-581606301	S2-102843758,S2-116799176,S2-134380219,S2-139000433,S2-141605172,S2-163259827,S2-17205398,S2-175236420,S2-196613536,S2-204419817,S2-205027690,S2-207909802,S2-237567475,S2-244721476,S2-25233926,S2-25365194,S2-263794679,S2-291660254,S2-292743977,S2-294368364,S2-300432180,S2-300805056,S2-317445761,S2-318172410,S2-325933900,S2-332141362,S2-341229606,S2-375399497,S2-399878940,S2-413282671,S2-414152449,S2-435313949,S2-449665250,S2-451805074,S2-456166573,S2-476074339,S2-487033263,S2-487702680,S2-488743141,S2-49147003,S2-519011149,S2-519492332,S2-521615016,S2-528172648,S2-549885912,S2-5553664,S2-561666518,S2-583147541,S2-618035553,S2-649454752,S2-650861468,S2-6645057,S2-665994287,S2-683351435,S2-699161351,S2-711475309,S2-749265081,S2-765174135,S2-783679625,S2-786306409,S2-802867056,S2-826434408,S2-863813287,S2-869512672,S2-869620023,S2-875475843,S2-881136689,S2-884242656,S2-890916455,S2-893360617,S2-894815867,S2-895167134,S2-927073903,S2-939878538,S2-945233776,S2-961627213,S2-985393264,S3-103335409,S3-123958753,S3-154018696,S3-199833012,S3-32945896,S3-345947515,S3-511523251,S3-573066542,S3-668153677,S3-840834657,S3-872984013,S3-929770206
S1-582733437	S2-102516614,S2-105709637,S2-115637389,S2-156084780,S2-166748758,S2-17494672,S2-216123213,S2-229888865,S2-299503233,S2-308640699,S2-30944161,S2-318811948,S2-34259708,S2-352469020,S2-357512296,S2-379728040,S2-381868926,S2-389060719,S2-415686278,S2-454799592,S2-45531431,S2-474500452,S2-522809137,S2-537101029,S2-563142123,S2-573095321,S2-576938465,S2-594012523,S2-635039708,S2-644526922,S2-664802080,S2-665732429,S2-669614118,S2-671817950,S2-722175767,S2-730102703,S2-731436536,S2-784859968,S2-802373998,S2-816043074,S2-819913858,S2-891107610,S2-933865393,S2-943978983,S2-95220407,S2-959471100,S2-962211694,S2-968411963,S2-989590454,S3-108916772,S3-114340024,S3-122647733,S3-123384545,S3-139879261,S3-140848252,S3-166312817,S3-188923749,S3-20931446,S3-279227810,S3-28631568,S3-30284380,S3-312775935,S3-320678603,S3-357815115,S3-359304029,S3-412661579,S3-417145539,S3-436932171,S3-47213612,S3-488780614,S3-504298489,S3-538537076,S3-545279207,S3-583915721,S3-588198062,S3-591861792,S3-620729353,S3-621789578,S3-629919,S3-656231911,S3-689301793,S3-68999863,S3-697021638,S3-723613904,S3-74164489,S3-745070291,S3-766794914,S3-778268436,S3-78564205,S3-789869912,S3-805079724,S3-833208069,S3-852104882,S3-855787242,S3-87645115,S3-904241059,S3-930610094,S3-944430422,S3-953474584,S3-954055662
S1-588225957	S2-111301612,S2-122602282,S2-133727375,S2-135317321,S2-139738486,S2-149594390,S2-151341517,S2-152614889,S2-156002402,S2-1561004,S2-160218750,S2-196898164,S2-206644332,S2-214658761,S2-233583328,S2-251515581,S2-2656250,S2-285000547,S2-295851755,S2-296407863,S2-312190827,S2-316629844,S2-320323855,S2-322703568,S2-331543666,S2-337501862,S2-344115835,S2-344393361,S2-371976677,S2-373673173,S2-392894812,S2-401554255,S2-4145061,S2-427630060,S2-428646175,S2-431559147,S2-450944635,S2-452680871,S2-458960885,S2-460851215,S2-471540324,S2-474244018,S2-479296352,S2-486012425,S2-491244709,S2-498160048,S2-501124054,S2-502688120,S2-507543156,S2-521319834,S2-526373468,S2-567135384,S2-581307032,S2-587652161,S2-596144820,S2-596459796,S2-596769467,S2-612462619,S2-617385816,S2-620266848,S2-62595704,S2-625968069,S2-631765297,S2-632164420,S2-635269095,S2-644940375,S2-658025692,S2-662342143,S2-67544136,S2-67901160,S2-680450552,S2-688830488,S2-689161903,S2-694381059,S2-69794613,S2-719948959,S2-727746888,S2-730128528,S2-733993534,S2-735026241,S2-746374543,S2-747575632,S2-759057689,S2-759983362,S2-762278833,S2-776141565,S2-792624301,S2-795037520,S2-797613358,S2-802035215,S2-815138437,S2-818277617,S2-826144687,S2-829198225,S2-83571067,S2-838997246,S2-851785866,S2-859886213,S2-864751143,S2-866638155,S2-87246759,S2-887315199,S2-902115953,S2-917947239,S2-933374436,S2-940482199,S2-947251185,S2-948388770,S2-949224022,S2-952874596,S2-971991128,S3-101580863,S3-109541919,S3-131601349,S3-136359534,S3-143065115,S3-146406702,S3-171910255,S3-182049623,S3-185742067,S3-186135434,S3-192173532,S3-194099597,S3-197678052,S3-19768579,S3-204666487,S3-242218780,S3-246439120,S3-256962345,S3-269580472,S3-271946825,S3-278990123,S3-285778309,S3-290874212,S3-314887618,S3-322523385,S3-350955111,S3-358994726,S3-359832147,S3-364007930,S3-366695756,S3-367528335,S3-36790639,S3-379638642,S3-381837220,S3-383427532,S3-393561206,S3-39722357,S3-405433455,S3-410627845,S3-436695817,S3-43872380,S3-443819936,S3-44415285,S3-44516194,S3-448531092,S3-453259107,S3-456429253,S3-459613034,S3-461394511,S3-463365059,S3-464626568,S3-513503401,S3-51720244,S3-527747032,S3-537110651,S3-538434844,S3-546577698,S3-547139756,S3-55328892,S3-556456164,S3-582362465,S3-594319421,S3-595082814,S3-609729844,S3-61864419,S3-624284551,S3-625177817,S3-627339028,S3-629585230,S3-63885377,S3-647446035,S3-659096250,S3-661905642,S3-664856881,S3-672314886,S3-675655367,S3-680139056,S3-694439198,S3-706609893,S3-739352686,S3-740218516,S3-764365824,S3-785605413,S3-795307460,S3-815897866,S3-821275042,S3-828790191,S3-829701756,S3-83027785,S3-830865149,S3-831835948,S3-841777910,S3-842315027,S3-859457171,S3-860469555,S3-877826542,S3-890007938,S3-901269043,S3-902139637,S3-902944325,S3-909754639,S3-923919855,S3-92547370,S3-943977077,S3-94426527,S3-948945666,S3-951910030,S3-960206083,S3-964227749,S3-968339137,S3-996530143
S1-589298046	S2-103971165,S2-125525411,S2-132408883,S2-160771325,S2-163964097,S2-184741154,S2-193038173,S2-213386164,S2-219219168,S2-236551614,S2-253321968,S2-256680550,S2-270260715,S2-279519943,S2-281444633,S2-286110551,S2-289656809,S2-300527834,S2-302853001,S2-30861972,S2-320069421,S2-320320206,S2-361465756,S2-374199083,S2-381168273,S2-387572922,S2-398632212,S2-431549048,S2-438043218,S2-443291693,S2-454884268,S2-460513418,S2-467663959,S2-472473775,S2-477009838,S2-487113303,S2-499912549,S2-50358612,S2-508228251,S2-522603313,S2-524768863,S2-527410906,S2-559624815,S2-567358121,S2-570956887,S2-571203567,S2-574859293,S2-581026112,S2-58517069,S2-585979212,S2-590292889,S2-594708466,S2-60914058,S2-617951400,S2-623611221,S2-624553788,S2-631172546,S2-635529924,S2-645718825,S2-646231376,S2-652839104,S2-656936523,S2-66527283,S2-6791587,S2-686100891,S2-688595196,S2-693917059,S2-726471073,S2-73126018,S2-733399261,S2-738355366,S2-753594627,S2-762957989,S2-766192398,S2-771170899,S2-776896663,S2-778841739,S2-778913508,S2-792375421,S2-810605706,S2-81194415,S2-815046202,S2-826237008,S2-828628472,S2-833371755,S2-835712061,S2-842152781,S2-851581094,S2-85404540,S2-859013023,S2-86243774,S2-864818132,S2-866661493,S2-872893055,S2-876645157,S2-876937177,S2-898494688,S2-901489784,S2-915888420,S2-916527601,S2-925367037,S2-943080488,S2-949020414,S2-977885573,S2-986420260,S2-994161783,S2-998315015,S3-104885064,S3-120065642,S3-124689618,S3-127261515,S3-131399064,S3-131980379,S3-144750935,S3-157415722,S3-15942509,S3-165917982,S3-175087784,S3-176490094,S3-177850270,S3-180020772,S3-201344116,S3-204061286,S3-219207332,S3-224252984,S3-230698352,S3-23613091,S3-257411007,S3-268227299,S3-274003904,S3-279483492,S3-291348941,S3-292510312,S3-307345269,S3-309018276,S3-31265360,S3-31446050,S3-315673003,S3-321106692,S3-328476707,S3-340546597,S3-348617652,S3-355670036,S3-357589339,S3-358510529,S3-360695819,S3-366978748,S3-372127729,S3-381353560,S3-386602699,S3-402467747,S3-413176220,S3-426786757,S3-428510986,S3-429541456,S3-431871296,S3-435143859,S3-452291652,S3-466610296,S3-480661756,S3-509762873,S3-519030473,S3-533624997,S3-534431481,S3-547454520,S3-555065153,S3-560641586,S3-56115438,S3-574850649,S3-57993388,S3-584092619,S3-58484712,S3-59001153,S3-591026116,S3-59592592,S3-600212612,S3-605034878,S3-606020311,S3-606480119,S3-611275630,S3-614241886,S3-616479752,S3-618312935,S3-638540166,S3-640873045,S3-64809848,S3-658695677,S3-659525099,S3-663131046,S3-665116911,S3-673850161,S3-674695693,S3-694706540,S3-708185399,S3-734747978,S3-735956130,S3-744095804,S3-745445978,S3-754192534,S3-766474308,S3-766813570,S3-77719496,S3-780241230,S3-789801886,S3-805189780,S3-808797835,S3-815241800,S3-822961906,S3-827756660,S3-83356373,S3-8395710,S3-854757941,S3-869904304,S3-888934962,S3-896753481,S3-902452668,S3-909457566,S3-910060589,S3-9144763,S3-931853971,S3-938436194,S3-955864850,S3-966956972,S3-987572605
S1-590773946	S2-105771372,S2-129556573,S2-133882410,S2-146476620,S2-146704798,S2-149949561,S2-166371346,S2-197804965,S2-199785443,S2-217349280,S2-220595265,S2-223055341,S2-236270075,S2-261065773,S2-272522824,S2-27318441,S2-296826767,S2-307644724,S2-313328869,S2-318127565,S2-351668776,S2-357335881,S2-381453901,S2-404110961,S2-408752850,S2-44293765,S2-449711968,S2-456279195,S2-46770775,S2-491593852,S2-519784674,S2-525266758,S2-529857926,S2-530286930,S2-548940524,S2-561832009,S2-576440714,S2-576885939,S2-638547956,S2-643351304,S2-805251674,S2-81972040,S2-861367011,S2-870571978,S2-885393404,S2-931891737,S2-972577848,S2-988691164,S3-115045127,S3-115070342,S3-131416955,S3-135581792,S3-159683727,S3-184479202,S3-225627741,S3-23610331,S3-257204337,S3-32338777,S3-367986971,S3-368421489,S3-381612315,S3-383357316,S3-452309891,S3-455639171,S3-488745046,S3-510225872,S3-556775756,S3-572195834,S3-596142002,S3-597017919,S3-642697650,S3-653567517,S3-676754985,S3-680076743,S3-692240960,S3-693520983,S3-694333128,S3-696597060,S3-697593797,S3-720469937,S3-724938879,S3-735304840,S3-742206204,S3-745373406,S3-796874590,S3-799157186,S3-800874023,S3-802518269,S3-803783199,S3-842182790,S3-853645674,S3-859546631,S3-860978737,S3-867800913,S3-874472735,S3-883582569,S3-931017092,S3-932907033,S3-944277133,S3-95363838,S3-957382825,S3-960454603,S3-962508276
S1-595374997	S2-109927344,S2-125245670,S2-139283618,S2-147904168,S2-150248451,S2-160669777,S2-16214689,S2-174665354,S2-17839939,S2-183284743,S2-196887077,S2-198223220,S2-203204357,S2-204437942,S2-204867690,S2-20611263,S2-212276149,S2-219960331,S2-223411187,S2-226918020,S2-236075034,S2-239482604,S2-243426661,S2-245833449,S2-248375414,S2-260427594,S2-268865768,S2-272404701,S2-279192034,S2-283036972,S2-293208831,S2-294320890,S2-305856449,S2-311141872,S2-312363313,S2-317974133,S2-326764090,S2-332583937,S2-332622341,S2-351666095,S2-351753927,S2-353137369,S2-35371380,S2-355151533,S2-356830460,S2-363403522,S2-371168472,S2-382843589,S2-398147616,S2-402578333,S2-406355251,S2-410103618,S2-410110365,S2-41427956,S2-421634753,S2-423737116,S2-442720087,S2-443270489,S2-451582332,S2-453816339,S2-454275396,S2-454869049,S2-459127037,S2-467390715,S2-475887823,S2-478147337,S2-486547270,S2-490646705,S2-493425723,S2-496146869,S2-500187616,S2-50187641,S2-506690753,S2-508268446,S2-510787675,S2-512503163,S2-519726631,S2-519838522,S2-524876597,S2-527989963,S2-528454761,S2-534989587,S2-537022290,S2-540579933,S2-548660650,S2-569664993,S2-571426829,S2-572035321,S2-573348845,S2-576201227,S2-585721871,S2-587348440,S2-596991756,S2-614035562,S2-616537019,S2-618368385,S2-618450341,S2-624064731,S2-624852809,S2-625538707,S2-637297522,S2-641487440,S2-644260320,S2-646011761,S2-651009734,S2-663295980,S2-66732492,S2-66962269,S2-671196576,S2-67767475,S2-678854119,S2-681427039,S2-685548284,S2-690189064,S2-69254219,S2-706115596,S2-719351822,S2-721888015,S2-725838827,S2-72608074,S2-728059181,S2-73871882,S2-751541661,S2-754360384,S2-763266469,S2-763591048,S2-767487975,S2-779091595,S2-781183949,S2-782749194,S2-787200121,S2-789254319,S2-791644662,S2-792892876,S2-793361413,S2-797066023,S2-813451254,S2-821416304,S2-837833031,S2-840350078,S2-85579928,S2-858211843,S2-859331037,S2-865728919,S2-868179159,S2-872659850,S2-875404437,S2-876595795,S2-890490718,S2-893415824,S2-91289300,S2-920605212,S2-920928160,S2-92363181,S2-926724261,S2-928969702,S2-932963633,S2-940766712,S2-941892248,S2-946976842,S2-948483874,S2-948748717,S2-968466900,S2-971000453,S2-973144742,S2-979682794,S2-98180035,S2-994113796,S2-999079397,S3-118681783,S3-129082904,S3-12936135,S3-132956641,S3-133412403,S3-137398378,S3-139341135,S3-141180174,S3-14310148,S3-153389041,S3-161757638,S3-170455166,S3-183787872,S3-188232557,S3-201196384,S3-210659398,S3-22290541,S3-223205254,S3-235743019,S3-249037977,S3-253835378,S3-254800941,S3-260353546,S3-262580542,S3-27329724,S3-274120035,S3-275899659,S3-27969958,S3-282634319,S3-289386686,S3-295482014,S3-298484184,S3-30929287,S3-311179811,S3-312571624,S3-317478450,S3-317608943,S3-318508643,S3-324731627,S3-33422572,S3-341649677,S3-344552052,S3-344641271,S3-351706952,S3-354757765,S3-363281807,S3-367476483,S3-369556056,S3-371642671,S3-373532175,S3-37618868,S3-386008867,S3-392963295,S3-405119442,S3-406991778,S3-40747766,S3-409758837,S3-412787106,S3-413793275,S3-422133487,S3-422313637,S3-431314589,S3-43721764,S3-453828871,S3-456213971,S3-464070472,S3-467004746,S3-477357719,S3-483722439,S3-486908169,S3-487899906,S3-500085873,S3-523171873,S3-528326037,S3-538015657,S3-5429025,S3-548973168,S3-553704372,S3-562614832,S3-563003316,S3-565404766,S3-566317415,S3-570497643,S3-576631189,S3-580936558,S3-5833454,S3-60411957,S3-605620083,S3-614734882,S3-623309229,S3-63290380,S3-633412338,S3-6351110,S3-635985005,S3-642455617,S3-643316740,S3-643434569,S3-658504545,S3-667638168,S3-669075881,S3-670562303,S3-676716347,S3-681527404,S3-692616474,S3-693486642,S3-69517414,S3-697095772,S3-701113077,S3-709324470,S3-714044831,S3-715276597,S3-719241761,S3-723664862,S3-723874476,S3-730152941,S3-734453490,S3-742143563,S3-743231882,S3-747479215,S3-748324420,S3-750236390,S3-761988657,S3-763582160,S3-77324399,S3-773487387,S3-791172812,S3-798174717,S3-804888703,S3-806975310,S3-814003917,S3-820902602,S3-838619325,S3-845867454,S3-848982576,S3-851086606,S3-859640266,S3-862664780,S3-880226878,S3-883150098,S3-887562440,S3-898903188,S3-900654938,S3-901417215,S3-904844318,S3-905730244,S3-905777638,S3-908398390,S3-931796201,S3-935918753,S3-936291343,S3-938624418,S3-946233628,S3-94693582,S3-960152994,S3-962330159,S3-962365006,S3-9655997,S3-967500200,S3-969940651,S3-997117190
S1-595528482	S2-103527254,S2-118828014,S2-119453793,S2-120333554,S2-128328618,S2-139000433,S2-141605172,S2-151360003,S2-163259827,S2-17205398,S2-176122837,S2-181256938,S2-183609848,S2-183715416,S2-185135407,S2-185450917,S2-189993563,S2-195312068,S2-208389541,S2-225455092,S2-227001360,S2-231824823,S2-234801827,S2-237567475,S2-240841105,S2-248332264,S2-251808378,S2-25365194,S2-256342545,S2-257688557,S2-263085052,S2-263516529,S2-265076081,S2-267804571,S2-285124868,S2-286728178,S2-289259678,S2-291660254,S2-292743977,S2-294292912,S2-294368364,S2-309353574,S2-317445761,S2-321026959,S2-323099243,S2-325933900,S2-327404688,S2-329061125,S2-331796391,S2-332141362,S2-336717952,S2-340024635,S2-341229606,S2-346737228,S2-349081041,S2-351109786,S2-351111856,S2-351270679,S2-356241687,S2-359928055,S2-362911491,S2-363756741,S2-366380651,S2-369940866,S2-370805962,S2-375399497,S2-387888210,S2-39494684,S2-407915154,S2-411719487,S2-414152449,S2-422391592,S2-424274212,S2-435590027,S2-436967640,S2-447130761,S2-449665250,S2-452872584,S2-456421215,S2-458034017,S2-460076722,S2-465433078,S2-476074339,S2-48175846,S2-487033263,S2-487702680,S2-488743141,S2-488876700,S2-49147003,S2-501986849,S2-51130375,S2-513096756,S2-518902548,S2-519011149,S2-519492332,S2-521615016,S2-528172648,S2-549705609,S2-553678720,S2-558307325,S2-563785876,S2-566911604,S2-577909875,S2-588691433,S2-593497781,S2-596934237,S2-618035553,S2-619501292,S2-633921198,S2-641997314,S2-649454752,S2-650497504,S2-650861468,S2-651546878,S2-651587276,S2-656723010,S2-665994287,S2-670483325,S2-671571240,S2-671627066,S2-672408583,S2-673661822,S2-676607029,S2-676682231,S2-683351435,S2-688401461,S2-689530473,S2-694212781,S2-696336167,S2-705140306,S2-707599477,S2-707799869,S2-711475309,S2-714891184,S2-71957162,S2-722475525,S2-734995937,S2-74626106,S2-74672260,S2-749265081,S2-754748801,S2-756398333,S2-762216097,S2-76234326,S2-764662163,S2-766094690,S2-778715868,S2-781038984,S2-783851972,S2-784311846,S2-786306409,S2-788915640,S2-794837759,S2-797122339,S2-797558785,S2-808754605,S2-827039896,S2-827499986,S2-82840317,S2-833226037,S2-838059987,S2-840400669,S2-849429827,S2-85269945,S2-867705486,S2-869512672,S2-881028278,S2-881136689,S2-884242656,S2-890916455,S2-891469390,S2-893360617,S2-894216731,S2-894815867,S2-895077727,S2-897700073,S2-901355556,S2-904642694,S2-906480912,S2-906816361,S2-907613670,S2-909761366,S2-911420681,S2-913856330,S2-920763655,S2-927073903,S2-929536154,S2-93194509,S2-936585153,S2-942456755,S2-944356055,S2-945233776,S2-953456234,S2-958289755,S2-96686637,S2-966966876,S2-974067015,S2-980818580,S2-985393264,S2-997797109,S3-109040743,S3-112933331,S3-11909136,S3-132807007,S3-133312362,S3-160165017,S3-160956198,S3-167096146,S3-172578869,S3-184931954,S3-191479976,S3-191512813,S3-191538487,S3-202593272,S3-210527535,S3-214389347,S3-218811999,S3-224776663,S3-235361311,S3-2479298,S3-276668359,S3-280576239,S3-282201794,S3-2962221,S3-303964927,S3-310045345,S3-311350617,S3-311841597,S3-322592927,S3-324768223,S3-325093908,S3-326941038,S3-336783258,S3-337880901,S3-347863339,S3-350293801,S3-355498699,S3-356441967,S3-357706379,S3-358404882,S3-371322583,S3-371966780,S3-373317562,S3-374519390,S3-37631786,S3-378821672,S3-383208536,S3-392109209,S3-406135135,S3-411464392,S3-411825655,S3-422038795,S3-441636178,S3-445903005,S3-467552015,S3-46870237,S3-470177196,S3-470628327,S3-474952251,S3-484258707,S3-490084585,S3-509737655,S3-51301084,S3-546151988,S3-560653758,S3-602196565,S3-608504308,S3-61083281,S3-617659955,S3-617670141,S3-619687529,S3-654645013,S3-656239710,S3-66956825,S3-672495577,S3-675653959,S3-693991865,S3-704694680,S3-706300298,S3-714712507,S3-716127123,S3-726860278,S3-727819833,S3-754065952,S3-754174864,S3-778672763,S3-789669465,S3-79065671,S3-791916170,S3-796981076,S3-798586722,S3-799179961,S3-807824619,S3-810547728,S3-813345872,S3-831001669,S3-841731380,S3-845531711,S3-850640026,S3-866228273,S3-874910131,S3-883311595,S3-885123244,S3-889762211,S3-907655194,S3-923794825,S3-929693446,S3-946159460,S3-950596475,S3-951218419,S3-962361624
S1-5974875	S2-497689768,S3-34152919,S3-420381198,S3-714823926,S3-742960553
S1-618704174	S2-112403906,S2-123913243,S2-126460600,S2-127873313,S2-134380219,S2-139000433,S2-141605172,S2-149377215,S2-163259827,S2-165634821,S2-166427175,S2-168783405,S2-17205398,S2-172664396,S2-175236420,S2-192279404,S2-196613536,S2-204419817,S2-205027690,S2-207499618,S2-207909802,S2-211101083,S2-211391737,S2-221661129,S2-235164854,S2-237567475,S2-241166253,S2-244721476,S2-245567720,S2-249885907,S2-25365194,S2-265691847,S2-273658756,S2-275700699,S2-282091472,S2-283293530,S2-291660254,S2-292743977,S2-294368364,S2-300432180,S2-306204741,S2-316378387,S2-317445761,S2-323808576,S2-325933900,S2-332141362,S2-341229606,S2-355017583,S2-362276624,S2-362611527,S2-37195916,S2-375399497,S2-378171877,S2-389109329,S2-413282671,S2-414152449,S2-421396119,S2-435313949,S2-435980246,S2-449665250,S2-451805074,S2-455398416,S2-456166573,S2-476074339,S2-476999537,S2-484729040,S2-48616777,S2-487033263,S2-487702680,S2-488743141,S2-49147003,S2-502804907,S2-506228430,S2-519011149,S2-519492332,S2-521615016,S2-528172648,S2-548270634,S2-549885912,S2-5553664,S2-559329915,S2-561666518,S2-583147541,S2-610181379,S2-613600021,S2-618035553,S2-625568423,S2-629206912,S2-629706882,S2-649454752,S2-650861468,S2-65640001,S2-663784795,S2-6645057,S2-665994287,S2-667731938,S2-683351435,S2-683925014,S2-699161351,S2-705361091,S2-707147172,S2-707896458,S2-708551823,S2-711475309,S2-716153030,S2-746999171,S2-749265081,S2-756530858,S2-764742185,S2-76634487,S2-769602975,S2-772773890,S2-775900689,S2-780227800,S2-782906175,S2-783679625,S2-784200866,S2-786306409,S2-795133908,S2-79545646,S2-798435816,S2-801199689,S2-811870750,S2-815783114,S2-819754233,S2-844370868,S2-844408605,S2-849155696,S2-849387449,S2-85468864,S2-863813287,S2-868896771,S2-869512672,S2-869620023,S2-869784532,S2-875475843,S2-876221033,S2-881136689,S2-884242656,S2-885467787,S2-885977582,S2-889492704,S2-890916455,S2-891100273,S2-892593953,S2-893360617,S2-894815867,S2-895167134,S2-909000899,S2-927073903,S2-92721632,S2-931135767,S2-939878538,S2-945233776,S2-951399310,S2-953054054,S2-956156691,S2-959731246,S2-961627213,S2-985393264,S3-106954196,S3-107943769,S3-11477610,S3-121177247,S3-126681372,S3-128190369,S3-135863368,S3-138863947,S3-147294804,S3-149117733,S3-149159626,S3-153847775,S3-162467272,S3-169705462,S3-179430075,S3-18388841,S3-195453594,S3-198133985,S3-204124247,S3-204416823,S3-205149494,S3-206016013,S3-227097281,S3-230996756,S3-232409204,S3-236034134,S3-236682942,S3-2388650,S3-240435384,S3-247058873,S3-251641892,S3-267104911,S3-267835724,S3-274244790,S3-281396118,S3-289091434,S3-296480072,S3-309239878,S3-31339269,S3-31534966,S3-318640524,S3-325795017,S3-329254715,S3-332251462,S3-341852064,S3-352298193,S3-359286387,S3-361483891,S3-379660316,S3-383195093,S3-389999744,S3-393652795,S3-395731904,S3-396880159,S3-399305551,S3-407424761,S3-410504319,S3-415649828,S3-419968106,S3-421447654,S3-428741064,S3-43308669,S3-445296628,S3-446537324,S3-448715115,S3-466601490,S3-470607618,S3-490952474,S3-491220995,S3-495417818,S3-50846117,S3-513514927,S3-514323365,S3-516893608,S3-517562659,S3-519653801,S3-523259391,S3-527245868,S3-528878369,S3-534742064,S3-54339820,S3-545979907,S3-547315267,S3-561333023,S3-565404229,S3-572815938,S3-581373147,S3-581418826,S3-598083603,S3-607603195,S3-60830531,S3-610229679,S3-614310539,S3-617665261,S3-619164253,S3-619571407,S3-619605290,S3-620864051,S3-625878237,S3-625888844,S3-630225339,S3-638984821,S3-643068652,S3-644104463,S3-653526142,S3-654339170,S3-656521208,S3-659105488,S3-661962863,S3-674623795,S3-681113518,S3-682203730,S3-685405023,S3-692071432,S3-694015347,S3-699180912,S3-70837116,S3-7228420,S3-72699395,S3-730018467,S3-74062485,S3-740942907,S3-743156315,S3-749068456,S3-750696057,S3-751010092,S3-751989009,S3-756861243,S3-758193667,S3-759361021,S3-765344923,S3-768801618,S3-773340443,S3-780931101,S3-786408810,S3-798212806,S3-819982399,S3-837465348,S3-838138416,S3-843308992,S3-847080330,S3-848121651,S3-852415816,S3-853664725,S3-865605963,S3-869018815,S3-875188103,S3-884278689,S3-89007357,S3-890317681,S3-891820444,S3-892312295,S3-898677193,S3-899928336,S3-901338915,S3-905897861,S3-910411603,S3-915582956,S3-91621133,S3-926615659,S3-931040861,S3-940594886,S3-947016209,S3-94852491,S3-965221061,S3-969133032,S3-974944632,S3-981252865,S3-989839047,S3-991803597,S3-992351614,S3-993215122,S3-994071950,S3-994676853,S3-9959896
S1-621207870	S2-118689625,S2-123474189,S2-132951641,S2-143591065,S2-147589390,S2-152597272,S2-171960995,S2-173858148,S2-184382980,S2-226553410,S2-26813522,S2-284362466,S2-288797400,S2-291615624,S2-318643138,S2-359914910,S2-360495062,S2-36750957,S2-372393143,S2-388763461,S2-398252646,S2-418747984,S2-427819187,S2-518697474,S2-522134918,S2-525115680,S2-525797576,S2-539036334,S2-547263525,S2-571669644,S2-574190392,S2-593112650,S2-601695053,S2-610238618,S2-611686904,S2-627867567,S2-633065101,S2-648060330,S2-652215688,S2-662526171,S2-681684639,S2-685947058,S2-698009058,S2-746083892,S2-783220317,S2-838673872,S2-850503945,S2-854716771,S2-903493731,S2-941872445,S2-949133719,S2-966253903,S2-96966168,S2-972375419,S2-986050484,S2-994135250,S2-996324865,S3-10073551,S3-122933086,S3-134445014,S3-143802519,S3-154363181,S3-154709383,S3-176818066,S3-178136531,S3-191584764,S3-209798463,S3-223814582,S3-238426723,S3-241886534,S3-245477858,S3-252341801,S3-270351360,S3-270590569,S3-301351863,S3-308017896,S3-310211488,S3-314234303,S3-356380514,S3-373106961,S3-381294400,S3-405476757,S3-42611050,S3-468867640,S3-471046457,S3-51085284,S3-543622111,S3-545118943,S3-574449603,S3-578536667,S3-58067340,S3-592855044,S3-595250116,S3-628779569,S3-657907856,S3-685710108,S3-688130343,S3-689752547,S3-708235100,S3-713272860,S3-716266759,S3-718398504,S3-719595452,S3-722693318,S3-73860171,S3-748615583,S3-75269391,S3-759280711,S3-761767266,S3-776231169,S3-790150621,S3-819287280,S3-827031988,S3-856594055,S3-879194963,S3-898678607,S3-900776044,S3-907497711,S3-914130049,S3-917576964,S3-920563994,S3-924767498,S3-939971938,S3-941104997,S3-951968983,S3-95250706,S3-958611224,S3-963890459,S3-980401474,S3-997166603
S1-626949347	S2-131552796,S2-131919860,S2-135392440,S2-140281742,S2-16894916,S2-220432003,S2-245675944,S2-24990857,S2-270826500,S2-275551999,S2-293484220,S2-309733793,S2-328243888,S2-336466050,S2-344360116,S2-344525530,S2-364345054,S2-396809576,S2-399354623,S2-419819230,S2-42304467,S2-423315957,S2-423778715,S2-440198862,S2-454899727,S2-460715011,S2-466251493,S2-471407488,S2-488105955,S2-491547477,S2-497238312,S2-498037048,S2-5135444,S2-529434852,S2-552442747,S2-562842509,S2-569776518,S2-586968438,S2-612445485,S2-617326409,S2-617350348,S2-617587425,S2-62794274,S2-632413123,S2-637212080,S2-666212038,S2-719088199,S2-747788839,S2-758251386,S2-765287409,S2-824795692,S2-825328927,S2-858602119,S2-887620737,S2-89386869,S2-917387166,S2-930166912,S2-945370318,S2-949090540,S2-967700098,S3-112108362,S3-131502177,S3-161567055,S3-163605034,S3-228522156,S3-241374893,S3-324051955,S3-326597399,S3-347232065,S3-380916309,S3-409301171,S3-412593766,S3-439569383,S3-453803238,S3-466716722,S3-473242520,S3-481644738,S3-488149711,S3-519537097,S3-540602429,S3-549062486,S3-553594157,S3-588471622,S3-604917913,S3-620024001,S3-62047817,S3-62870765,S3-636588343,S3-641918863,S3-649150001,S3-65077746,S3-657221679,S3-665149221,S3-671505885,S3-705042752,S3-709115966,S3-71449126,S3-733145934,S3-747524660,S3-783188754,S3-783435769,S3-783695992,S3-794043200,S3-809504085,S3-829596575,S3-835660253,S3-837608129,S3-84376596,S3-867906117,S3-901460730,S3-904839318,S3-928126439,S3-960487951,S3-964276712,S3-985423849,S3-986571016,S3-990902112,S3-994360195
S1-627975754	S2-164189233,S2-19207087,S2-20735660,S2-32042945,S2-392156096,S2-414934976,S2-450766897,S2-463468009,S2-99325764,S2-994718972,S3-131606056,S3-177494571,S3-181595855,S3-287660687,S3-426608769,S3-534929632,S3-571731962,S3-657138029,S3-68716842,S3-713556426,S3-743333234,S3-844690961,S3-979851157
S1-630494536	S2-124993617,S2-170607485,S2-228211133,S2-234427266,S2-235463966,S2-243514628,S2-249541137,S2-324672380,S2-352943034,S2-37577439,S2-516751887,S2-541402228,S2-571326300,S2-577084291,S2-605458161,S2-62886531,S2-6405778,S2-702516414,S2-703135760,S2-74758679,S2-764028237,S2-775592923,S2-788583751,S2-799261157,S2-840117312,S2-86064100,S2-86238121,S2-937294241,S2-951317162,S2-963792514,S3-113975463,S3-117524287,S3-139265154,S3-147547858,S3-289229957,S3-290386147,S3-318223276,S3-358035071,S3-437955627,S3-475040709,S3-486194765,S3-491410370,S3-493610852,S3-50449986,S3-602157970,S3-636326607,S3-674852879,S3-682829778,S3-686988871,S3-71817897,S3-720889016,S3-756251849,S3-78206363,S3-78735580,S3-78833188,S3-796783956,S3-817284030,S3-83145352,S3-844904230,S3-865605125,S3-900083124,S3-952834344,S3-974149876,S3-995905603
S1-632088756	S2-108803321,S2-112490958,S2-122875878,S2-127655564,S2-13019924,S2-135157147,S2-13550621,S2-139242132,S2-140372301,S2-145722192,S2-146811514,S2-149166145,S2-153910049,S2-160283057,S2-164947142,S2-166044080,S2-166056943,S2-169133258,S2-177806322,S2-180121006,S2-180876391,S2-18131912,S2-184489897,S2-18721257,S2-189189522,S2-216477287,S2-219642030,S2-225014935,S2-228384522,S2-242129110,S2-242786609,S2-258744234,S2-259646814,S2-26034326,S2-270233740,S2-282213193,S2-282605326,S2-283099982,S2-295440535,S2-302252224,S2-312211973,S2-317728415,S2-3246708,S2-329676491,S2-334298758,S2-334637714,S2-336179781,S2-343572964,S2-350319910,S2-352289125,S2-355995944,S2-388514851,S2-388547802,S2-403996902,S2-411319707,S2-422495732,S2-423234399,S2-423984664,S2-432153436,S2-436149776,S2-452249526,S2-455244899,S2-456636170,S2-461454382,S2-461669345,S2-465659948,S2-479940585,S2-48238425,S2-515963441,S2-522109681,S2-534761527,S2-551562402,S2-556500649,S2-567127404,S2-577163678,S2-577704730,S2-584891630,S2-59824909,S2-606011807,S2-607972638,S2-611064972,S2-61990939,S2-62536540,S2-63168573,S2-63589157,S2-648816339,S2-648865910,S2-648970979,S2-651658116,S2-652565564,S2-656154214,S2-658284999,S2-660742879,S2-710619413,S2-726098470,S2-745477696,S2-748122719,S2-748446754,S2-748458970,S2-763760962,S2-769815707,S2-77334459,S2-794465184,S2-794557330,S2-808378720,S2-809334809,S2-823950134,S2-827539335,S2-837147393,S2-84537162,S2-846067171,S2-8819,S2-882976431,S2-88506035,S2-892006813,S2-915446748,S2-937432921,S2-938141431,S2-9490801,S2-953723967,S2-954754574,S2-965698004,S2-969610709,S2-972902648,S2-975727941,S2-979933030,S2-980931157,S2-988012145,S2-996196493,S3-120535131,S3-12160213,S3-12305576,S3-128718991,S3-143140106,S3-149026528,S3-157427809,S3-162559398,S3-166620914,S3-170953011,S3-171275675,S3-173005258,S3-181389076,S3-186168543,S3-210982635,S3-212543981,S3-212635123,S3-216921612,S3-221185792,S3-238740585,S3-25079900,S3-278290011,S3-292094559,S3-297129292,S3-302758777,S3-310721483,S3-325861842,S3-326643597,S3-326848891,S3-327933462,S3-330335679,S3-343418675,S3-353307247,S3-35408527,S3-355342105,S3-355535242,S3-366501916,S3-371297517,S3-395685278,S3-398403767,S3-428400695,S3-44171274,S3-446852667,S3-455689489,S3-456399606,S3-457505761,S3-458728735,S3-468462098,S3-468845278,S3-478366849,S3-480207128,S3-493781000,S3-499238422,S3-508521730,S3-508647290,S3-515680485,S3-518439448,S3-534610401,S3-543193948,S3-54797079,S3-548932439,S3-555315337,S3-561940017,S3-5706593,S3-573231598,S3-57479132,S3-579980001,S3-581108700,S3-598308771,S3-611297221,S3-614042918,S3-616184148,S3-628461203,S3-635008163,S3-635453735,S3-665570271,S3-668907666,S3-677688705,S3-678107262,S3-680095601,S3-680798243,S3-684572241,S3-690191449,S3-701504311,S3-707450130,S3-709594716,S3-717653941,S3-721942149,S3-726501376,S3-73063822,S3-738299159,S3-741868324,S3-742580319,S3-74366694,S3-748951041,S3-76169741,S3-783375440,S3-784589048,S3-79700699,S3-809280404,S3-816851518,S3-822923215,S3-82557606,S3-834620743,S3-836417931,S3-843386559,S3-846643272,S3-881385286,S3-898685740,S3-904486067,S3-925762094,S3-928137551,S3-932990152,S3-943265817,S3-96394728,S3-989275393
S1-64285241	S2-134380219,S2-138362346,S2-139000433,S2-141605172,S2-147757207,S2-15773322,S2-163259827,S2-164658239,S2-17205398,S2-175236420,S2-18052625,S2-192855848,S2-196613536,S2-204419817,S2-205027690,S2-207909802,S2-222434555,S2-228562299,S2-230546023,S2-237567475,S2-244721476,S2-25365194,S2-261806031,S2-273023641,S2-291119380,S2-291660254,S2-292743977,S2-294368364,S2-300432180,S2-317445761,S2-325933900,S2-332141362,S2-337093115,S2-341229606,S2-375399497,S2-376007626,S2-413282671,S2-414152449,S2-416715899,S2-423320986,S2-435313949,S2-438206480,S2-444917901,S2-449665250,S2-451805074,S2-456166573,S2-476074339,S2-47836080,S2-482058583,S2-487033263,S2-487702680,S2-488743141,S2-49147003,S2-519011149,S2-519492332,S2-521615016,S2-523273364,S2-528172648,S2-536746928,S2-549885912,S2-5553664,S2-561666518,S2-583147541,S2-58433036,S2-598243067,S2-618035553,S2-642086574,S2-64246578,S2-649454752,S2-650861468,S2-6645057,S2-665994287,S2-683351435,S2-699161351,S2-710633966,S2-711475309,S2-718000064,S2-749265081,S2-751695944,S2-755426171,S2-769182596,S2-783679625,S2-786306409,S2-796304482,S2-821862730,S2-828130803,S2-848356422,S2-848967626,S2-863813287,S2-869512672,S2-869620023,S2-874076532,S2-875475843,S2-881136689,S2-884242656,S2-890916455,S2-893360617,S2-894815867,S2-895167134,S2-90782816,S2-908490908,S2-927073903,S2-939878538,S2-940223246,S2-945233776,S2-961627213,S2-985393264,S3-123939150,S3-155338171,S3-155416596,S3-155794046,S3-170910983,S3-19820777,S3-206391997,S3-223400937,S3-228923984,S3-231978434,S3-238133673,S3-267223317,S3-292384832,S3-30155673,S3-301672596,S3-33790591,S3-373359637,S3-377868334,S3-420907983,S3-436694060,S3-446964519,S3-459567382,S3-472552481,S3-493463292,S3-493799662,S3-500741564,S3-515197625,S3-532232992,S3-547336673,S3-558226313,S3-573379365,S3-576480934,S3-57667033,S3-585023020,S3-588515154,S3-589554525,S3-593590471,S3-594770385,S3-595677398,S3-623597348,S3-653799516,S3-660848737,S3-662927641,S3-666697776,S3-667200914,S3-669874863,S3-705288630,S3-726998897,S3-736748692,S3-754999220,S3-757241007,S3-758290972,S3-770963849,S3-801216393,S3-828468678,S3-881895445,S3-886200062,S3-892435630,S3-911554681,S3-925317964,S3-938728786,S3-997350352
S1-649238538	S2-103035633,S2-109380656,S2-161520083,S2-189367010,S2-206933409,S2-210305365,S2-241271291,S2-247064509,S2-259185016,S2-264662117,S2-264762709,S2-266388943,S2-301336568,S2-301947820,S2-338853878,S2-34865202,S2-36266630,S2-374105791,S2-385636790,S2-388320157,S2-389881931,S2-392818269,S2-398289620,S2-400747748,S2-402400797,S2-413706312,S2-413779789,S2-420925076,S2-446604674,S2-453704946,S2-459539059,S2-496198321,S2-49936869,S2-515439281,S2-520466299,S2-527962901,S2-554126657,S2-55816340,S2-569791829,S2-572759699,S2-59919082,S2-605778539,S2-647459500,S2-648269050,S2-658482569,S2-659580961,S2-667971749,S2-668956112,S2-669844619,S2-711907823,S2-728606747,S2-744049974,S2-804500184,S2-830201082,S2-842738799,S2-846866832,S2-858520341,S2-877100246,S2-878200896,S2-888971366,S2-941020049,S2-949043267,S2-950294663,S2-9513176,S2-964250903,S2-973146789,S2-977742542,S2-995841614,S3-101476164,S3-107671383,S3-132823621,S3-13388474,S3-139472015,S3-144144029,S3-168733158,S3-181905213,S3-188113018,S3-197930831,S3-221234364,S3-244873850,S3-316388665,S3-349896561,S3-364217952,S3-374238949,S3-385701481,S3-399821655,S3-40352243,S3-433522763,S3-457130479,S3-505321047,S3-510188418,S3-522671227,S3-537769567,S3-54335471,S3-550834494,S3-552026875,S3-643227129,S3-647837041,S3-656556258,S3-65875211,S3-660346705,S3-677577802,S3-68034292,S3-680595303,S3-686580282,S3-699910199,S3-710034860,S3-710315919,S3-716707016,S3-72395392,S3-742292992,S3-753205058,S3-763805922,S3-772194933,S3-784874362,S3-787695219,S3-793580215,S3-797169290,S3-804472385,S3-818339755,S3-842843632,S3-845376589,S3-853339663,S3-85829429,S3-86622135,S3-867122459,S3-873361378,S3-8794519,S3-933822228,S3-942855306,S3-947041656,S3-949147758,S3-954495275,S3-959619692,S3-973867446,S3-988108818,S3-997360668,S3-998122591
S1-652185060	S2-212866472,S2-252226003,S2-458343023,S2-516723593,S2-548788584,S2-574651121,S3-115093193,S3-552184418,S3-733851534,S3-974721406
S1-663067533	S2-105988442,S2-112495836,S2-114445756,S2-143937181,S2-188480920,S2-244624383,S2-259818330,S2-277047643,S2-287017589,S2-29629830,S2-330336056,S2-335773206,S2-350525187,S2-377050088,S2-448710463,S2-479393559,S2-488187098,S2-491492785,S2-501284125,S2-52232156,S2-523292462,S2-549090760,S2-561616223,S2-597877534,S2-602320334,S2-60433434,S2-616204448,S2-617286389,S2-627084854,S2-628973162,S2-687201077,S2-691384746,S2-719995587,S2-731963485,S2-75115858,S2-75850118,S2-76120672,S2-786204194,S2-813314399,S2-82564809,S2-880961319,S2-885868177,S2-938399498,S2-942449167,S2-945438087,S2-957202175,S2-958393616,S2-981676681,S2-987476423,S3-105007133,S3-108552418,S3-145456809,S3-175746445,S3-181990599,S3-215367547,S3-274017779,S3-316183468,S3-31716311,S3-331947417,S3-381094616,S3-38438147,S3-386825428,S3-38921278,S3-390330172,S3-400724800,S3-417822885,S3-429448676,S3-441007311,S3-446549729,S3-447993984,S3-453072268,S3-494494194,S3-504515541,S3-513367775,S3-531051394,S3-538117808,S3-553708597,S3-55481520,S3-601149162,S3-609007656,S3-611979210,S3-613211288,S3-633174336,S3-636259673,S3-665057405,S3-738519016,S3-741470217,S3-759276161,S3-785534043,S3-792456860,S3-841387221,S3-844902285,S3-878154680,S3-888533517,S3-898520867,S3-916872906,S3-934030587,S3-942887906,S3-958824465,S3-992410603
S1-667264941	S2-108931759,S2-127842412,S2-129614921,S2-162735672,S2-181312685,S2-203102396,S2-206555418,S2-211664780,S2-229039608,S2-232813043,S2-254724919,S2-259986134,S2-278738779,S2-280957038,S2-282324283,S2-290431154,S2-299742973,S2-300005617,S2-302286803,S2-30583617,S2-319947562,S2-343858826,S2-344519548,S2-355703521,S2-364823607,S2-370034590,S2-404882453,S2-431468537,S2-433259130,S2-43844052,S2-439610588,S2-443373991,S2-459838625,S2-464152823,S2-47231640,S2-485847488,S2-4874394,S2-489168411,S2-501106402,S2-502055965,S2-548262198,S2-556666191,S2-655966643,S2-70369574,S2-710111667,S2-740057364,S2-741082704,S2-748044328,S2-748981114,S2-754564101,S2-755820347,S2-768093671,S2-7949031,S2-802511123,S2-814262646,S2-829370251,S2-829607684,S2-833455780,S2-845637855,S2-846307511,S2-896793470,S2-901979626,S2-907213648,S2-919161831,S2-92323579,S2-932062489,S2-938670501,S2-940702171,S2-947231673,S2-973596886,S2-977079153,S2-981073977,S3-100531360,S3-11054457,S3-113498813,S3-142006606,S3-146278574,S3-164896708,S3-173660015,S3-186700135,S3-194851638,S3-202375903,S3-208174421,S3-211453827,S3-21519061,S3-226762014,S3-227282362,S3-234980473,S3-235430046,S3-240534565,S3-24468831,S3-245219485,S3-283903236,S3-30482529,S3-322426174,S3-322828932,S3-325377299,S3-326050422,S3-328934108,S3-330512458,S3-338353978,S3-342406013,S3-351553725,S3-35306002,S3-356259243,S3-37064181,S3-370692998,S3-413904980,S3-422993631,S3-431673144,S3-434352622,S3-460394866,S3-507135833,S3-541799185,S3-56962807,S3-572073673,S3-581378324,S3-603417900,S3-604881554,S3-609207798,S3-61171508,S3-616471241,S3-616717488,S3-636011467,S3-653734960,S3-654119798,S3-691200542,S3-691796530,S3-70118428,S3-70429667,S3-737196538,S3-740074193,S3-750576755,S3-753812830,S3-803358985,S3-812897074,S3-852998538,S3-859451472,S3-868585685,S3-87887761,S3-891075900,S3-893754242,S3-909348170,S3-922965187,S3-928852386,S3-938687577,S3-945202069,S3-953787071,S3-966024569,S3-969641168,S3-972645547,S3-982381287,S3-998065387
S1-669312620	S2-111564538,S2-117830735,S2-118367338,S2-119936464,S2-132559938,S2-139137931,S2-140415247,S2-141993162,S2-154374735,S2-163414782,S2-182785471,S2-184745248,S2-185145475,S2-190956110,S2-204914506,S2-234169359,S2-256791096,S2-260560488,S2-272805930,S2-277680449,S2-278136898,S2-28901036,S2-291623597,S2-298654312,S2-305174558,S2-308541902,S2-313517574,S2-328801445,S2-340593250,S2-341575033,S2-344470616,S2-347191050,S2-352221214,S2-36115543,S2-374666682,S2-380140653,S2-39154196,S2-404449702,S2-417614753,S2-417784971,S2-433968188,S2-437723737,S2-440052621,S2-442956594,S2-443089482,S2-444828207,S2-454200486,S2-488699345,S2-488967439,S2-489244465,S2-490990815,S2-499981194,S2-504757026,S2-519496063,S2-530707693,S2-538737318,S2-540801219,S2-551133799,S2-562898107,S2-564719848,S2-56672668,S2-593149261,S2-593247824,S2-595275603,S2-596915337,S2-602718967,S2-610716271,S2-622920100,S2-626496667,S2-647189492,S2-650401586,S2-657490767,S2-689867582,S2-692654720,S2-719138112,S2-735679350,S2-750365948,S2-769544933,S2-78740002,S2-812779835,S2-815499656,S2-817622848,S2-835656373,S2-916438943,S2-921374741,S2-92314858,S2-924975381,S2-954346803,S2-957744575,S2-964562752,S3-100795261,S3-102382186,S3-106521724,S3-119880656,S3-127082093,S3-127623352,S3-14725702,S3-150673464,S3-153895782,S3-156390600,S3-163848871,S3-165410348,S3-17389792,S3-182552584,S3-211683598,S3-228553250,S3-243875887,S3-259681315,S3-272312599,S3-285704451,S3-316765921,S3-317521627,S3-32021061,S3-328434521,S3-346140386,S3-364831754,S3-366360005,S3-392109248,S3-407830519,S3-413486137,S3-429300043,S3-469417715,S3-469678596,S3-471956305,S3-47952706,S3-480482298,S3-488817736,S3-490499503,S3-524426092,S3-549552780,S3-553234409,S3-605264711,S3-615899082,S3-618990541,S3-629638591,S3-641280845,S3-64692825,S3-649266370,S3-652946101,S3-653723004,S3-661639950,S3-672845598,S3-704509321,S3-706740554,S3-723268791,S3-754266113,S3-767779237,S3-777183220,S3-782273576,S3-785900222,S3-791732255,S3-803242415,S3-816506359,S3-831175819,S3-837065521,S3-874207454,S3-881613188,S3-884068608,S3-886218504,S3-890278055,S3-901158203,S3-952624620,S3-962426283,S3-97099705,S3-981087937,S3-992224802,S3-992360528,S3-998332446
S1-670137434	S2-103338639,S2-134806568,S2-150650383,S2-152439374,S2-239273877,S2-260204892,S2-315189814,S2-349880144,S2-372858191,S2-381409189,S2-403189426,S2-416140863,S2-424782214,S2-446598268,S2-455195336,S2-465664026,S2-469476276,S2-509887286,S2-512767050,S2-526721697,S2-5461860,S2-591771375,S2-630920574,S2-642773975,S2-650280876,S2-653800184,S2-656607132,S2-671684234,S2-686203865,S2-737667468,S2-807764417,S2-824050531,S2-885888505,S2-887036041,S2-930344876,S2-955763760,S2-958239048,S2-977580616,S3-108635307,S3-124884966,S3-130828840,S3-159016821,S3-188531665,S3-19146888,S3-205795763,S3-210598534,S3-21213579,S3-228765479,S3-243154451,S3-257893503,S3-258089255,S3-261920577,S3-27787471,S3-29593707,S3-303194309,S3-304724648,S3-315191418,S3-315772545,S3-347162186,S3-353153010,S3-366677501,S3-367797617,S3-379786818,S3-400407197,S3-435660697,S3-472050415,S3-479656848,S3-483727531,S3-489236362,S3-49175538,S3-500358049,S3-500726807,S3-504233055,S3-509075247,S3-531788715,S3-549756762,S3-56263694,S3-577649567,S3-585765029,S3-600342155,S3-609452558,S3-61285738,S3-614522491,S3-614945078,S3-616180977,S3-62505251,S3-643695993,S3-666545075,S3-667064743,S3-687577189,S3-733961835,S3-74216313,S3-74297832,S3-743629664,S3-761903556,S3-794895405,S3-819378271,S3-822872472,S3-852430279,S3-864005341,S3-868351545,S3-892309578,S3-894339111,S3-895374805,S3-901069468,S3-904908093,S3-909004581,S3-929214797,S3-957096362,S3-96221997,S3-962707013,S3-964034784,S3-973533826,S3-978367573,S3-991277599
S1-67490113	S2-101369796,S2-124989658,S2-134380219,S2-139000433,S2-141605172,S2-148101277,S2-148732097,S2-163259827,S2-163811503,S2-165717894,S2-17205398,S2-175236420,S2-196613536,S2-204419817,S2-205027690,S2-207909802,S2-237567475,S2-239943410,S2-240657406,S2-244721476,S2-25365194,S2-271825471,S2-289261959,S2-291660254,S2-292743977,S2-293168875,S2-294368364,S2-300432180,S2-31362369,S2-317445761,S2-321983544,S2-325933900,S2-332141362,S2-341071794,S2-341229606,S2-343100792,S2-344413624,S2-350449747,S2-354987165,S2-35714775,S2-368962596,S2-375399497,S2-387864353,S2-395964781,S2-408505357,S2-409434745,S2-413282671,S2-414152449,S2-419080766,S2-435313949,S2-435889601,S2-437953181,S2-449665250,S2-451805074,S2-452891739,S2-45391793,S2-456166573,S2-474175169,S2-476074339,S2-481107897,S2-48319345,S2-487033263,S2-487702680,S2-488743141,S2-49147003,S2-499730794,S2-505029844,S2-511195606,S2-511592888,S2-519011149,S2-519492332,S2-521615016,S2-526136804,S2-528172648,S2-541416376,S2-549885912,S2-5553664,S2-560458870,S2-561666518,S2-580402988,S2-583147541,S2-617890748,S2-618035553,S2-619173178,S2-624466603,S2-646117129,S2-649454752,S2-650861468,S2-6645057,S2-665994287,S2-666681908,S2-683351435,S2-683660505,S2-696263467,S2-699161351,S2-711475309,S2-717707231,S2-718536193,S2-749265081,S2-770139286,S2-783679625,S2-786306409,S2-790111588,S2-80349538,S2-822287970,S2-833089747,S2-836955491,S2-846153714,S2-863813287,S2-869512672,S2-869620023,S2-875475843,S2-881136689,S2-884242656,S2-890916455,S2-893360617,S2-894815867,S2-895167134,S2-903262919,S2-906091656,S2-909185293,S2-927073903,S2-939878538,S2-945233776,S2-961627213,S2-963794538,S2-984779881,S2-985393264,S2-991294544,S2-991538459,S2-998766782,S3-108112269,S3-115047322,S3-134625086,S3-148858604,S3-150063951,S3-159048397,S3-174190696,S3-181481561,S3-184366054,S3-216929377,S3-247899408,S3-251415957,S3-260832596,S3-26696324,S3-292474221,S3-307448505,S3-316732665,S3-317018386,S3-327619637,S3-340438436,S3-346663824,S3-416529818,S3-430858041,S3-433006795,S3-44459639,S3-480765017,S3-48663026,S3-517034724,S3-524770966,S3-527780751,S3-533153161,S3-5763830,S3-588769740,S3-606678307,S3-664035323,S3-688285022,S3-699153996,S3-714171419,S3-73066562,S3-793977180,S3-800270509,S3-816112722,S3-853300968,S3-861891323,S3-897904699,S3-93278527,S3-95220136,S3-986137111,S3-98841588,S3-997810374
S1-677935743	S2-106060258,S2-111928044,S2-138795461,S2-143886033,S2-147301608,S2-153998119,S2-187553138,S2-196860416,S2-203603736,S2-207445646,S2-208349955,S2-210377292,S2-211629302,S2-218309450,S2-220455016,S2-223893594,S2-22904043,S2-231497780,S2-249861150,S2-262517208,S2-273416737,S2-273588926,S2-2746188,S2-27841770,S2-281078466,S2-286446409,S2-306577254,S2-308661286,S2-325026333,S2-337935799,S2-349500871,S2-349825581,S2-355914870,S2-369795069,S2-376799217,S2-386851303,S2-389050613,S2-41393057,S2-4259432,S2-426136724,S2-427456794,S2-429372073,S2-431831737,S2-438768669,S2-439595553,S2-441285493,S2-446409412,S2-451580188,S2-453382772,S2-453415251,S2-457265179,S2-461288530,S2-474277008,S2-474658778,S2-496283299,S2-499935174,S2-501120128,S2-521433417,S2-523017605,S2-532374225,S2-532519796,S2-535568947,S2-538793862,S2-544115320,S2-549273139,S2-553226534,S2-555066635,S2-557996746,S2-558411920,S2-578448963,S2-588502323,S2-613897316,S2-615722644,S2-618912549,S2-620107716,S2-630597604,S2-638377595,S2-652183952,S2-653918371,S2-659044987,S2-662692848,S2-665928740,S2-67299684,S2-677851324,S2-678786690,S2-698528189,S2-708032916,S2-713880206,S2-715781348,S2-71903532,S2-719366881,S2-738999384,S2-73953966,S2-750085852,S2-758970498,S2-761004721,S2-773561976,S2-783256668,S2-784903683,S2-791281949,S2-837133006,S2-871268795,S2-879685906,S2-885014813,S2-891268185,S2-894186900,S2-895505638,S2-896384043,S2-907038078,S2-927974284,S2-931294078,S2-959999058,S2-964576562,S2-978223757,S2-983099372,S2-988245749,S2-990740824,S2-99111877,S2-997417609,S3-104146875,S3-107222782,S3-113501861,S3-121802028,S3-135401211,S3-136150603,S3-138495250,S3-147445959,S3-159875111,S3-163098539,S3-165393946,S3-170792365,S3-17785869,S3-181454397,S3-186727143,S3-190686146,S3-191058428,S3-194937388,S3-195931039,S3-204251478,S3-209319546,S3-209665768,S3-211650965,S3-214946691,S3-219372068,S3-220985428,S3-221441426,S3-223183607,S3-226396233,S3-239309106,S3-240212528,S3-240413017,S3-253021791,S3-254258376,S3-259678406,S3-260314277,S3-260360240,S3-262866400,S3-27436089,S3-290962149,S3-298416806,S3-304197115,S3-312539821,S3-323098899,S3-32458979,S3-328681104,S3-33430752,S3-342655719,S3-34356583,S3-350428943,S3-356427705,S3-362817281,S3-363699115,S3-383651151,S3-385372436,S3-386091633,S3-391991183,S3-404135756,S3-41209713,S3-41787476,S3-436384523,S3-436821178,S3-438591970,S3-438924095,S3-448930981,S3-478401860,S3-489559519,S3-491169209,S3-491465368,S3-491768143,S3-496761747,S3-50062087,S3-505901808,S3-520479763,S3-527690909,S3-528158086,S3-540818858,S3-540966347,S3-542509384,S3-543650107,S3-549649262,S3-550152040,S3-55462226,S3-56374924,S3-57775981,S3-581733410,S3-582788167,S3-59533183,S3-601477987,S3-617063853,S3-638347163,S3-650965029,S3-663994824,S3-666274864,S3-67495434,S3-683372315,S3-684027110,S3-69228127,S3-694606354,S3-695897495,S3-696894033,S3-697986372,S3-705803736,S3-708244285,S3-710133352,S3-714136683,S3-714454063,S3-71968262,S3-721249897,S3-721598059,S3-72227891,S3-727796049,S3-728221776,S3-728340635,S3-739811493,S3-741088649,S3-745142578,S3-746202160,S3-753015905,S3-754733379,S3-764415844,S3-774753988,S3-78286800,S3-80161167,S3-803722813,S3-828066017,S3-8316679,S3-837873399,S3-853109434,S3-856136733,S3-861181873,S3-864565265,S3-870273203,S3-874663244,S3-88581840,S3-889096934,S3-904600624,S3-906615819,S3-914434047,S3-918907603,S3-9204595,S3-927385926,S3-934362682,S3-940665892,S3-942369693,S3-949477298,S3-961861615,S3-962567546,S3-970765702,S3-972831296,S3-983033261,S3-993469492,S3-997315084
S1-68161416	S2-143847960,S2-157564986,S2-198772698,S2-223497914,S2-237062186,S2-258751233,S2-310714322,S2-374094758,S2-391724186,S2-462025638,S2-551526307,S2-601082599,S2-633457614,S2-645058593,S2-681195477,S2-684122292,S2-708120162,S2-71953839,S2-771629730,S2-83628519,S2-865057182,S2-926038820,S2-93707859,S2-962023865,S2-972230604,S2-99555358,S3-107347834,S3-108800969,S3-116614362,S3-120369634,S3-127583827,S3-129910706,S3-13069710,S3-131991628,S3-133410355,S3-157189549,S3-172472370,S3-175323486,S3-178523519,S3-185686074,S3-204537761,S3-214708085,S3-217176853,S3-219131079,S3-22584522,S3-228492514,S3-234075445,S3-238014665,S3-242952893,S3-253406144,S3-265673461,S3-277468319,S3-282235882,S3-28633759,S3-286898027,S3-28836208,S3-297342397,S3-314556462,S3-315299589,S3-318678910,S3-321668016,S3-330345102,S3-333078600,S3-33593189,S3-336786072,S3-336885413,S3-35399229,S3-372709702,S3-374928312,S3-375471245,S3-393515370,S3-432934718,S3-44045323,S3-446070779,S3-44770539,S3-459425019,S3-464258080,S3-468523925,S3-485428417,S3-487867216,S3-501008107,S3-501044371,S3-504813922,S3-513904940,S3-517659989,S3-523372687,S3-530701642,S3-551603215,S3-552129687,S3-563493385,S3-566827988,S3-569411909,S3-576899884,S3-584945137,S3-608070153,S3-6202322,S3-628611344,S3-629862317,S3-637446132,S3-639856623,S3-642535182,S3-655132698,S3-665617175,S3-677665011,S3-685840451,S3-6974560,S3-708089793,S3-712628176,S3-717621439,S3-725190172,S3-742577264,S3-74882379,S3-752568422,S3-765590343,S3-768655877,S3-775536244,S3-787245570,S3-788276196,S3-790489543,S3-796146509,S3-805400658,S3-823597580,S3-826868529,S3-830870485,S3-83618039,S3-836638294,S3-837106828,S3-841844660,S3-852094679,S3-878445373,S3-887725494,S3-895114093,S3-908818472,S3-911217665,S3-91677485,S3-918902548,S3-922336756,S3-925300118,S3-928908623,S3-92905991,S3-930464845,S3-93155787,S3-941713319,S3-943552527,S3-957524101,S3-973202781,S3-980038767,S3-984842983,S3-987816422,S3-994846735
S1-682844169	S2-101971243,S2-132480560,S2-136677866,S2-137540072,S2-149826919,S2-152965354,S2-17717650,S2-181332449,S2-183284116,S2-197687791,S2-223909386,S2-226153161,S2-231367696,S2-233453321,S2-238772230,S2-239322857,S2-265408002,S2-268609291,S2-268993168,S2-279994088,S2-284614095,S2-290829755,S2-303830041,S2-308044975,S2-31499014,S2-32495810,S2-339075947,S2-349548940,S2-366185170,S2-369373630,S2-406582519,S2-420897798,S2-421918420,S2-425208381,S2-430884919,S2-437647779,S2-447244061,S2-452727121,S2-474139900,S2-495985438,S2-526921771,S2-534639181,S2-537029637,S2-542026934,S2-576535062,S2-608597875,S2-614739100,S2-619901996,S2-631844992,S2-660027237,S2-662976148,S2-669478084,S2-669604699,S2-687052848,S2-710459710,S2-734524649,S2-735365754,S2-73979976,S2-744908998,S2-757385671,S2-757513222,S2-777377966,S2-784432294,S2-796751354,S2-796785754,S2-8075083,S2-80871550,S2-814210768,S2-844320879,S2-844708722,S2-846375173,S2-853518560,S2-853689521,S2-856653361,S2-859164850,S2-861316621,S2-871376070,S2-900329008,S2-903552392,S2-934253944,S2-947661100,S2-954178248,S2-970781898,S2-971786365,S3-121334885,S3-12177841,S3-127087155,S3-132380373,S3-14758858,S3-155964771,S3-160052448,S3-162692880,S3-167151745,S3-170717922,S3-203847348,S3-219241413,S3-222889660,S3-234574007,S3-243679497,S3-258807505,S3-268161962,S3-28617710,S3-28859887,S3-296629983,S3-311772041,S3-31874602,S3-328178658,S3-338923128,S3-347556281,S3-350002221,S3-364786016,S3-369807112,S3-383199213,S3-393617620,S3-396839998,S3-397748710,S3-39876851,S3-419112823,S3-430973764,S3-43828287,S3-446375120,S3-450170642,S3-464724753,S3-496925680,S3-498197044,S3-506364732,S3-548730632,S3-567772318,S3-580321404,S3-598279118,S3-600268445,S3-608160531,S3-619957171,S3-620700804,S3-638000773,S3-678100395,S3-679772071,S3-679846746,S3-705529716,S3-711542014,S3-71867896,S3-725206962,S3-72872810,S3-729445240,S3-731916844,S3-738250302,S3-752397583,S3-782126815,S3-789773459,S3-800161415,S3-802062351,S3-832623072,S3-844637928,S3-85125003,S3-863172260,S3-867895539,S3-868653507,S3-875473142,S3-878712342,S3-895361471,S3-906074938,S3-913108945,S3-91700084,S3-918098562,S3-934192259,S3-935506095,S3-94521272,S3-953908861
S1-700383051	S2-134400874,S2-144868058,S2-147886842,S2-14899572,S2-162236590,S2-163443216,S2-173213236,S2-173452300,S2-175964266,S2-182754284,S2-18840893,S2-196957091,S2-204215796,S2-212552026,S2-217023689,S2-217819983,S2-220765295,S2-242608084,S2-260015260,S2-264720985,S2-265561408,S2-266058951,S2-268018812,S2-277491141,S2-277897484,S2-281697689,S2-28426653,S2-311971322,S2-317486051,S2-326920936,S2-344349558,S2-351818912,S2-361011248,S2-363737295,S2-367335950,S2-385773528,S2-389165404,S2-392728170,S2-396545474,S2-40048670,S2-414215761,S2-416437471,S2-427189587,S2-45953190,S2-460039844,S2-460986271,S2-48589986,S2-491904976,S2-504811513,S2-516365805,S2-522465550,S2-527589240,S2-568000749,S2-576747142,S2-578493979,S2-582485909,S2-584870844,S2-61336062,S2-62026094,S2-643759326,S2-667657685,S2-670794609,S2-676347390,S2-67662044,S2-72463424,S2-740226141,S2-754973285,S2-757781404,S2-766002339,S2-767693892,S2-77095637,S2-774512451,S2-784543891,S2-799136374,S2-805545163,S2-822597256,S2-828945150,S2-840951689,S2-847330841,S2-857018493,S2-860917670,S2-865999926,S2-870642054,S2-871687775,S2-885435673,S2-885775139,S2-909366836,S2-920268998,S2-944644089,S2-946968163,S2-947101326,S2-949689745,S2-96207746,S2-968127077,S2-982341346,S2-991923970,S2-996620656,S3-106617965,S3-108893530,S3-109048335,S3-112403060,S3-124685513,S3-131950159,S3-162465338,S3-16702367,S3-167585956,S3-177299942,S3-192725946,S3-196640822,S3-208205416,S3-210772774,S3-224966165,S3-227742189,S3-23755325,S3-267617762,S3-281882511,S3-284124608,S3-29038497,S3-29195667,S3-295970972,S3-313316155,S3-318508108,S3-321384797,S3-327218942,S3-374350316,S3-40276407,S3-40665886,S3-411647701,S3-41244628,S3-435841146,S3-442678979,S3-456694879,S3-467731101,S3-483414295,S3-491446194,S3-500407748,S3-502045819,S3-516029443,S3-518621264,S3-534211205,S3-546549463,S3-556576978,S3-559400273,S3-575049043,S3-579304750,S3-613246161,S3-643511140,S3-662987550,S3-66569631,S3-67114704,S3-685701956,S3-686408136,S3-704526516,S3-7055907,S3-724977955,S3-737079167,S3-746525242,S3-748842128,S3-768231089,S3-794275391,S3-81302370,S3-822550137,S3-827661803,S3-846167578,S3-896459008,S3-910237775,S3-931609205,S3-97115146,S3-985588346
S1-702568540	S2-260459748,S2-306711234,S2-395081396,S2-455199700,S2-488894729,S2-498212332,S2-652166361,S2-927639109,S2-95262029,S2-966042305,S2-968534348,S2-996281552,S3-182593129,S3-345862272,S3-352912282,S3-416333937,S3-447476778,S3-45493171,S3-56193923,S3-776338936,S3-802697342,S3-83441805,S3-837396944,S3-86660612,S3-895187248,S3-962549704,S3-993971001
S1-707916403	S2-106002159,S2-177721383,S2-210497092,S2-227478969,S2-256337258,S2-27606213,S2-278350763,S2-283228666,S2-316060779,S2-336375317,S2-381397591,S2-384853518,S2-385937616,S2-413490751,S2-462738250,S2-517016103,S2-535182948,S2-545431335,S2-578195413,S2-582401562,S2-595093199,S2-618415815,S2-637472617,S2-640380802,S2-663381482,S2-750320973,S2-756565730,S2-781180829,S2-798525134,S2-878441725,S2-951140724,S2-986680825,S3-125839198,S3-131218146,S3-164250332,S3-174568827,S3-231014007,S3-2316558,S3-295595178,S3-298973276,S3-31377354,S3-341343003,S3-400646153,S3-419706284,S3-470142294,S3-482398370,S3-568749543,S3-587862174,S3-606238200,S3-627598707,S3-65442915,S3-670515367,S3-7105355,S3-734898000,S3-738087104,S3-740918157,S3-757212759,S3-761282182,S3-778752624,S3-789952716,S3-803129239,S3-820749863,S3-828983306,S3-845241193,S3-907379366,S3-916632671,S3-938751113,S3-948966760,S3-98057301,S3-989229826
S1-709960468	S2-110117450,S2-117923804,S2-120175365,S2-127753003,S2-149598627,S2-152028394,S2-15637876,S2-160687207,S2-178612793,S2-202564007,S2-221647535,S2-224457557,S2-239567364,S2-254798825,S2-25517452,S2-267833588,S2-269610435,S2-277780965,S2-281298862,S2-28919058,S2-31510948,S2-337725156,S2-345945791,S2-351050869,S2-354448264,S2-36928438,S2-3710305,S2-390920032,S2-410227840,S2-415190942,S2-438735149,S2-444189804,S2-445769328,S2-447356178,S2-459781897,S2-460757783,S2-465387010,S2-473578520,S2-478830218,S2-481452778,S2-485020361,S2-502624234,S2-519500095,S2-557336232,S2-559215876,S2-56429245,S2-569985192,S2-574679640,S2-583033223,S2-59375135,S2-619318709,S2-632343858,S2-637272378,S2-657376717,S2-675027190,S2-677894200,S2-699205853,S2-712750813,S2-725967279,S2-736798755,S2-749602483,S2-756172338,S2-762961239,S2-771062714,S2-772387725,S2-773975605,S2-783218448,S2-786219446,S2-798834854,S2-810249506,S2-815630108,S2-828828008,S2-848807455,S2-855485063,S2-880269747,S2-885747710,S2-917934264,S2-919896962,S2-924745678,S2-927486420,S2-939159678,S2-946334198,S2-948125752,S2-952901082,S2-957252651,S2-957360623,S2-961257338,S2-96970454,S2-972369491,S2-977497532,S2-989856457,S2-992931965,S2-993084804,S3-100433379,S3-101705788,S3-103061005,S3-107858614,S3-11088865,S3-120974616,S3-130913733,S3-141128948,S3-143280710,S3-160267908,S3-165186785,S3-168666436,S3-170383643,S3-172374964,S3-174730697,S3-175169814,S3-175654758,S3-190320114,S3-193231668,S3-195540034,S3-224181347,S3-233048634,S3-238462407,S3-249541042,S3-262707724,S3-288616856,S3-321124048,S3-34683338,S3-347400419,S3-364580825,S3-371276631,S3-371518638,S3-391687479,S3-39350545,S3-393917131,S3-411911877,S3-431301038,S3-448086828,S3-467417480,S3-471084098,S3-474922559,S3-485355893,S3-497398124,S3-505089353,S3-505766902,S3-513816236,S3-522519650,S3-525207512,S3-527535490,S3-539588543,S3-550415141,S3-553326899,S3-569252376,S3-58400161,S3-589251441,S3-59416502,S3-60190514,S3-603245595,S3-603322612,S3-609844659,S3-621232221,S3-666955231,S3-68168801,S3-686316743,S3-69652525,S3-704204458,S3-708471780,S3-714511845,S3-734424009,S3-736025702,S3-75132438,S3-770150933,S3-784082858,S3-791430804,S3-798394411,S3-806642703,S3-807724154,S3-813794622,S3-817897883,S3-819239248,S3-846107618,S3-856260013,S3-860175232,S3-864348759,S3-87684852,S3-89755169,S3-911380524,S3-911769585,S3-929648387,S3-948398918,S3-9489862,S3-953996505,S3-954043990,S3-958432137,S3-978978683,S3-988013561,S3-992475424
S1-710558824	S2-11387570,S2-115507319,S2-117274673,S2-120690481,S2-120792542,S2-123333440,S2-131818279,S2-153294983,S2-161283027,S2-173528288,S2-177394850,S2-184969068,S2-194916910,S2-196484717,S2-196584550,S2-204582727,S2-221214160,S2-226121621,S2-227026885,S2-238283770,S2-240490788,S2-252066954,S2-269080433,S2-273220673,S2-273854825,S2-290919474,S2-29231066,S2-293279490,S2-297502382,S2-298344664,S2-299785852,S2-304853847,S2-316311785,S2-317914512,S2-321214404,S2-321283630,S2-323551317,S2-327647606,S2-329481727,S2-332022512,S2-334497076,S2-348474297,S2-348542925,S2-349177146,S2-357522375,S2-3587206,S2-361173142,S2-366756754,S2-370322714,S2-371759658,S2-380046926,S2-383081505,S2-386780215,S2-396183690,S2-396374909,S2-399965213,S2-402182302,S2-430482475,S2-432587573,S2-456852839,S2-457796403,S2-460573399,S2-466626031,S2-468466390,S2-469489873,S2-477144743,S2-480790133,S2-484875017,S2-485132063,S2-48574781,S2-48653735,S2-489338029,S2-489520339,S2-491904976,S2-50690859,S2-507465856,S2-509003589,S2-51356748,S2-51383026,S2-522607131,S2-522882112,S2-522963020,S2-533133837,S2-550775026,S2-550878659,S2-559196548,S2-560205295,S2-569599700,S2-580543990,S2-584588372,S2-589877015,S2-59495128,S2-601354686,S2-610213326,S2-612109218,S2-621052411,S2-622693258,S2-634262,S2-637128277,S2-645530069,S2-646968739,S2-653954726,S2-654578450,S2-654870206,S2-655910032,S2-665240628,S2-671400937,S2-677470199,S2-680727274,S2-681484947,S2-682626814,S2-68421075,S2-698756930,S2-707197295,S2-710507206,S2-71586620,S2-719537746,S2-727212596,S2-734374282,S2-734418599,S2-734957232,S2-737333575,S2-737463390,S2-744652790,S2-749287953,S2-751442065,S2-757118524,S2-771388192,S2-77930099,S2-785549865,S2-789984338,S2-793271660,S2-80635742,S2-821415821,S2-82283361,S2-824134014,S2-824929423,S2-82895538,S2-847005091,S2-854256484,S2-867600307,S2-887617201,S2-890021351,S2-897849745,S2-899581194,S2-907192186,S2-913928555,S2-923944808,S2-928014506,S2-946445399,S2-950605990,S2-96468369,S2-967009825,S2-979172958,S2-980600070,S2-988585168,S2-993936226,S2-996864028,S2-997692895,S3-1023244,S3-102439440,S3-107488216,S3-10771817,S3-11407360,S3-132356101,S3-154083081,S3-158655917,S3-164525764,S3-167911816,S3-177590409,S3-190324515,S3-194795213,S3-201897715,S3-208284061,S3-209366091,S3-235651918,S3-243456234,S3-244618512,S3-246846617,S3-24953986,S3-253912479,S3-257259101,S3-259912117,S3-263446398,S3-263565145,S3-273562865,S3-274710399,S3-313574284,S3-313689643,S3-318943531,S3-325696590,S3-329101465,S3-347397191,S3-358634414,S3-358856118,S3-374211828,S3-381458706,S3-38853959,S3-404972960,S3-407870341,S3-409069242,S3-411438594,S3-429101014,S3-437677925,S3-448351823,S3-472909210,S3-489662445,S3-490720180,S3-4932089,S3-495801789,S3-513762595,S3-540083280,S3-541193984,S3-551963499,S3-557519501,S3-566517974,S3-579888068,S3-586982947,S3-591593794,S3-61548004,S3-632406711,S3-638012203,S3-650405368,S3-651530221,S3-655135639,S3-666458815,S3-674423551,S3-676160390,S3-685744756,S3-693403432,S3-695498177,S3-704984683,S3-715403067,S3-719195710,S3-721451696,S3-726849387,S3-745603472,S3-753949840,S3-75570836,S3-756292624,S3-770362892,S3-796730920,S3-800495981,S3-801355286,S3-810635557,S3-811697327,S3-81847250,S3-820146519,S3-82117101,S3-822475288,S3-832858085,S3-833631192,S3-837741381,S3-841486649,S3-841548966,S3-841637768,S3-843396129,S3-857629240,S3-858597953,S3-861157802,S3-863884068,S3-87197633,S3-872298386,S3-881403213,S3-883224285,S3-886946582,S3-887601666,S3-910562605,S3-910697478,S3-925400242,S3-925494936,S3-932352025,S3-936250223,S3-9500480,S3-956141186,S3-960152123,S3-96654901,S3-975808514,S3-976078676,S3-980536487,S3-989872167,S3-991367711,S3-998723766
S1-715888147	S2-102366031,S2-115347618,S2-124055417,S2-131836338,S2-16548131,S2-167685678,S2-173368622,S2-179158918,S2-218755658,S2-22301152,S2-22665785,S2-233342827,S2-254202446,S2-27477427,S2-281896390,S2-283997468,S2-291443883,S2-344823312,S2-35283557,S2-370047591,S2-373592950,S2-378904313,S2-404705888,S2-407848630,S2-41578545,S2-428847593,S2-431748652,S2-442504069,S2-450659460,S2-460642903,S2-461182968,S2-468769029,S2-46994902,S2-490613342,S2-498841793,S2-503462460,S2-507534866,S2-515014295,S2-530935528,S2-533811633,S2-541413046,S2-552441259,S2-569065501,S2-575749676,S2-586171678,S2-602362968,S2-615018618,S2-616478160,S2-619770867,S2-623835071,S2-634241880,S2-636813760,S2-638770497,S2-639882253,S2-655633409,S2-668160655,S2-709757871,S2-71030503,S2-716067763,S2-729385348,S2-735242872,S2-735879217,S2-753206115,S2-762689299,S2-76499864,S2-766615338,S2-778353010,S2-804912876,S2-805811262,S2-824368763,S2-824870733,S2-834469130,S2-836540025,S2-865018411,S2-865708076,S2-876815652,S2-88277514,S2-890433951,S2-897737149,S2-899355836,S2-910401500,S2-929648878,S2-936708966,S2-943883656,S2-950698250,S2-971295191,S2-974135374,S2-985965124,S2-989772626,S2-990039152,S2-997938415,S3-1149353,S3-139556388,S3-156854382,S3-162493790,S3-177750087,S3-184480290,S3-198771264,S3-204425106,S3-23995238,S3-248991921,S3-256189074,S3-266576305,S3-267563782,S3-273582630,S3-280559090,S3-284823118,S3-290447687,S3-304799102,S3-313010099,S3-319581578,S3-320318475,S3-324868924,S3-329850373,S3-364331584,S3-400154377,S3-404290608,S3-41204733,S3-475540891,S3-486158760,S3-494953952,S3-529098213,S3-52994472,S3-531950645,S3-536264726,S3-547705281,S3-555394720,S3-556946828,S3-559324954,S3-578164826,S3-581451548,S3-596511152,S3-599821910,S3-605113887,S3-606121288,S3-61118931,S3-617471068,S3-627668985,S3-640954670,S3-65858414,S3-672648824,S3-674346011,S3-695629676,S3-713130746,S3-736749822,S3-73850745,S3-750116741,S3-757012900,S3-761289892,S3-800194680,S3-80370201,S3-807104516,S3-814781856,S3-815371395,S3-818691866,S3-853022261,S3-862563520,S3-869131672,S3-876003084,S3-883734774,S3-890636460,S3-922777140,S3-929779908,S3-960580849,S3-961926683,S3-964141890,S3-967592013,S3-97149478,S3-976122421,S3-976355511,S3-980022224
S1-716043904	S2-221360852,S2-98600034,S3-120008295,S3-1706566,S3-189055220,S3-311301767,S3-414880865,S3-601219054,S3-604111513,S3-637546547,S3-703872666,S3-738917444,S3-935401918,S3-963643040
S1-716080061	S2-1300818,S2-134380219,S2-139000433,S2-141605172,S2-15272681,S2-163259827,S2-17205398,S2-175236420,S2-196613536,S2-204419817,S2-205027690,S2-207909802,S2-220868737,S2-232994212,S2-234967413,S2-237567475,S2-244721476,S2-25365194,S2-291660254,S2-292743977,S2-294368364,S2-300432180,S2-308187284,S2-317445761,S2-325933900,S2-332141362,S2-341229606,S2-375399497,S2-38667354,S2-413282671,S2-414152449,S2-424062169,S2-435313949,S2-449665250,S2-451805074,S2-456166573,S2-476074339,S2-487033263,S2-487702680,S2-488743141,S2-49147003,S2-519011149,S2-519492332,S2-521615016,S2-528172648,S2-52938642,S2-549885912,S2-5553664,S2-561666518,S2-583147541,S2-618035553,S2-634876548,S2-649454752,S2-650861468,S2-657114920,S2-6645057,S2-665994287,S2-683351435,S2-699161351,S2-711475309,S2-723658369,S2-726846711,S2-749265081,S2-783679625,S2-786306409,S2-81261899,S2-813246029,S2-863813287,S2-869512672,S2-869620023,S2-875475843,S2-881136689,S2-884242656,S2-890916455,S2-893360617,S2-894815867,S2-895167134,S2-926857347,S2-927073903,S2-928399648,S2-93786318,S2-939878538,S2-945233776,S2-961627213,S2-985393264,S2-99662647,S3-115923063,S3-151930111,S3-161233871,S3-174951122,S3-228048059,S3-279666018,S3-292749686,S3-312931852,S3-330262433,S3-333905547,S3-339262372,S3-371227379,S3-392891270,S3-423810560,S3-437261673,S3-452885901,S3-459358797,S3-493455603,S3-495571874,S3-561507912,S3-601890852,S3-628747664,S3-641997798,S3-678084042,S3-691349241,S3-731039708,S3-779921014,S3-797027771,S3-79892537,S3-867598742,S3-930088652
S1-733382831	S2-109586959,S2-134380219,S2-139000433,S2-141605172,S2-163259827,S2-17205398,S2-175236420,S2-180671773,S2-195211875,S2-196613536,S2-204419817,S2-205027690,S2-207909802,S2-237567475,S2-244721476,S2-25365194,S2-291660254,S2-292743977,S2-294368364,S2-300432180,S2-317445761,S2-325933900,S2-332141362,S2-341229606,S2-375399497,S2-413282671,S2-414152449,S2-435313949,S2-436898456,S2-449665250,S2-451805074,S2-456166573,S2-476074339,S2-487033263,S2-487702680,S2-488743141,S2-49147003,S2-519011149,S2-519492332,S2-521615016,S2-528172648,S2-539938183,S2-549885912,S2-5553664,S2-561666518,S2-581291684,S2-583147541,S2-618035553,S2-633798864,S2-647216313,S2-649454752,S2-650861468,S2-6645057,S2-665994287,S2-683351435,S2-699161351,S2-711475309,S2-742741944,S2-749265081,S2-761546929,S2-782803728,S2-783679625,S2-786306409,S2-863813287,S2-864409529,S2-869512672,S2-869620023,S2-875475843,S2-881136689,S2-884242656,S2-890916455,S2-893360617,S2-894815867,S2-895167134,S2-927073903,S2-939878538,S2-945233776,S2-953511094,S2-961627213,S2-985393264,S3-108458585,S3-271874220,S3-37741098,S3-412334060,S3-533033047,S3-543369001,S3-568503892,S3-586889202,S3-592342174,S3-61316856,S3-613917031,S3-633493838,S3-676064259,S3-686457175,S3-848371195,S3-868692871,S3-874245816,S3-881750784,S3-922685058,S3-923738833,S3-94247719,S3-971968638
S1-736969873	S2-110065838,S2-122734328,S2-124219176,S2-173189516,S2-224886914,S2-257974681,S2-287949123,S2-307511844,S2-32874829,S2-362863731,S2-370361419,S2-377855551,S2-380539650,S2-396752921,S2-500454078,S2-50153504,S2-510042048,S2-566485810,S2-597497906,S2-601536309,S2-604557243,S2-619595537,S2-624344076,S2-64812507,S2-656915766,S2-659599940,S2-675635294,S2-678464202,S2-695759722,S2-69810257,S2-720172580,S2-721256050,S2-737646382,S2-74571919,S2-748242279,S2-754029543,S2-778299407,S2-849172905,S2-85177425,S2-854040680,S2-860258050,S2-876043802,S2-917157952,S2-920398532,S2-943188183,S2-985447309,S3-149939555,S3-154776466,S3-171037321,S3-185734191,S3-248009114,S3-252970318,S3-25970813,S3-288621264,S3-289276804,S3-319334201,S3-330887449,S3-334652824,S3-361305502,S3-364395381,S3-387751330,S3-395525672,S3-439029631,S3-441894230,S3-450281646,S3-462425531,S3-4819382,S3-491918869,S3-530571954,S3-530872503,S3-576944804,S3-588890568,S3-604871432,S3-618524114,S3-62385919,S3-654891434,S3-663208249,S3-679312091,S3-69609194,S3-707831326,S3-755611060,S3-775795618,S3-81830587,S3-819250454,S3-841257372,S3-849211661,S3-902142170,S3-910481787,S3-953091458,S3-971720960,S3-982036490
S1-739429454	S2-103596307,S2-10496148,S2-108860357,S2-118055572,S2-127545426,S2-128366348,S2-129821368,S2-137390914,S2-152013436,S2-159747493,S2-178744462,S2-179173464,S2-184017575,S2-217851468,S2-246193612,S2-246272400,S2-249771865,S2-254708791,S2-254815950,S2-257982930,S2-289985879,S2-292089562,S2-29946220,S2-302124110,S2-317528203,S2-322204650,S2-330136871,S2-338607940,S2-346219323,S2-350712412,S2-351796486,S2-362203801,S2-364463821,S2-381792439,S2-383911593,S2-400303928,S2-417373484,S2-448659162,S2-465099066,S2-478452005,S2-479334300,S2-485116500,S2-491357241,S2-500031895,S2-505075627,S2-507404002,S2-522560456,S2-530695867,S2-535584211,S2-537771138,S2-545646258,S2-559456053,S2-562994586,S2-583719964,S2-587729593,S2-59307082,S2-596132506,S2-597893793,S2-620581809,S2-625096294,S2-631161368,S2-631682033,S2-631899125,S2-641372140,S2-645358922,S2-650330400,S2-654200034,S2-660149993,S2-667700080,S2-668403689,S2-670955955,S2-675514346,S2-676893943,S2-678152867,S2-678706221,S2-704967087,S2-711907962,S2-712315357,S2-714286198,S2-722264677,S2-756556034,S2-758994040,S2-767589814,S2-769408605,S2-772010362,S2-776521732,S2-780180435,S2-804553740,S2-805040793,S2-812400384,S2-813616879,S2-823571089,S2-829962766,S2-836132159,S2-841717378,S2-861323049,S2-862397780,S2-864732393,S2-868923839,S2-871384262,S2-880853712,S2-883740459,S2-889338103,S2-901909925,S2-906396444,S2-915086151,S2-919678308,S2-929725534,S2-937574552,S2-939067928,S2-950745222,S2-963309582,S2-971673709,S2-980393380,S2-988420245,S2-989528662,S2-99328346,S2-993493208,S2-996703587,S3-102082288,S3-104697908,S3-126442725,S3-136274179,S3-147002770,S3-148745636,S3-176806428,S3-176915020,S3-188813220,S3-231913118,S3-233265634,S3-243039701,S3-251242263,S3-251261386,S3-259387656,S3-312340908,S3-312707554,S3-317653426,S3-322431761,S3-332474144,S3-342191265,S3-347569463,S3-354122998,S3-355696140,S3-365213345,S3-371460722,S3-375086201,S3-377756487,S3-378022194,S3-400472032,S3-412369117,S3-419805321,S3-422409016,S3-435162986,S3-46024962,S3-475710018,S3-47685872,S3-483115774,S3-487828060,S3-501691503,S3-504517314,S3-510393955,S3-520647503,S3-523716842,S3-524058009,S3-527382602,S3-551161158,S3-553404835,S3-560940928,S3-564500689,S3-564563006,S3-56464656,S3-572814771,S3-580095460,S3-582244057,S3-582654239,S3-585697115,S3-592795409,S3-593845391,S3-612753493,S3-619740025,S3-622663026,S3-623861749,S3-626119253,S3-632997373,S3-645968711,S3-651226938,S3-653818595,S3-660611648,S3-702926871,S3-707818871,S3-710636132,S3-711236395,S3-738576387,S3-74241405,S3-749157397,S3-765095351,S3-772792122,S3-782737618,S3-783003735,S3-796673341,S3-799171692,S3-818969719,S3-834570260,S3-847587584,S3-852111996,S3-8585629,S3-876646315,S3-880266751,S3-881339857,S3-881463054,S3-881893996,S3-88486342,S3-888090678,S3-889389993,S3-895426735,S3-914441632,S3-940465385,S3-941219415,S3-945187504,S3-954767690,S3-99115224,S3-996613399
S1-743485548	S2-103641163,S2-107138290,S2-1080765,S2-108455545,S2-108508048,S2-117107094,S2-118976224,S2-126281087,S2-134380219,S2-139000433,S2-141605172,S2-14813981,S2-163259827,S2-163677413,S2-17205398,S2-175236420,S2-180061089,S2-188553895,S2-189965095,S2-193049756,S2-196613536,S2-204419817,S2-205027690,S2-207909802,S2-237567475,S2-244721476,S2-252241964,S2-25365194,S2-26170069,S2-266644816,S2-291660254,S2-292743977,S2-294368364,S2-296138658,S2-300432180,S2-301843095,S2-313882321,S2-317445761,S2-325933900,S2-332141362,S2-332882794,S2-341229606,S2-355111640,S2-35882386,S2-359396211,S2-361428891,S2-369825899,S2-375399497,S2-392483894,S2-405209259,S2-413282671,S2-414152449,S2-435313949,S2-444388062,S2-444964036,S2-449665250,S2-451330972,S2-451805074,S2-452054569,S2-452376154,S2-456166573,S2-471509147,S2-476074339,S2-479158208,S2-487033263,S2-487702680,S2-488743141,S2-49147003,S2-503536404,S2-519011149,S2-519492332,S2-521615016,S2-525818338,S2-5260415,S2-528172648,S2-528737321,S2-545478969,S2-545547465,S2-549885912,S2-554735213,S2-5553664,S2-561666518,S2-568057707,S2-569015207,S2-583147541,S2-59438382,S2-603954007,S2-607420885,S2-609435988,S2-618035553,S2-642487529,S2-642921016,S2-647051175,S2-649454752,S2-650861468,S2-657465030,S2-661711432,S2-6645057,S2-665994287,S2-677590167,S2-678149481,S2-679315271,S2-683351435,S2-689967971,S2-696409896,S2-699161351,S2-702861394,S2-705571307,S2-711475309,S2-711564815,S2-712959989,S2-717194340,S2-720335838,S2-721815027,S2-724524334,S2-733463572,S2-735625035,S2-738082168,S2-744316847,S2-749265081,S2-753814882,S2-769472866,S2-770106009,S2-770114074,S2-780693368,S2-781880410,S2-783679625,S2-786306409,S2-788729411,S2-796024171,S2-804340976,S2-815419196,S2-825537668,S2-838092590,S2-84260803,S2-843766081,S2-863813287,S2-869015605,S2-869512672,S2-869620023,S2-870587106,S2-871359934,S2-875475843,S2-881136689,S2-883798843,S2-883802035,S2-884242656,S2-890916455,S2-893360617,S2-894815867,S2-895167134,S2-899694513,S2-909553169,S2-914313024,S2-919518777,S2-927073903,S2-93407849,S2-939878538,S2-945233776,S2-961627213,S2-967313299,S2-967991829,S2-979218222,S2-980330538,S2-985393264,S2-997222055,S3-193154350,S3-239683164,S3-504576527,S3-52693493,S3-632332176
S1-743842828	S2-124304589,S2-137122235,S2-142024807,S2-14779373,S2-162840285,S2-172510669,S2-184222120,S2-184316884,S2-216202871,S2-240515292,S2-257294947,S2-262321969,S2-283129517,S2-285692062,S2-295648061,S2-302570229,S2-309886883,S2-321240577,S2-325422460,S2-326223988,S2-34913762,S2-359075828,S2-365902420,S2-411068349,S2-411634829,S2-418084944,S2-42203468,S2-422251622,S2-44882703,S2-454717565,S2-454816282,S2-496215951,S2-49674109,S2-523040998,S2-543214482,S2-545039343,S2-562661149,S2-565424676,S2-578833260,S2-602117049,S2-610717129,S2-618565054,S2-629024838,S2-639144920,S2-658383552,S2-662793334,S2-698110762,S2-699980296,S2-709329712,S2-731537601,S2-746784024,S2-762842562,S2-787802888,S2-802301347,S2-805770375,S2-84357387,S2-847594930,S2-850076647,S2-879838542,S2-90520738,S2-921367509,S2-955054183,S2-962086204,S2-965103897,S2-965968286,S2-971528187,S2-973538584,S2-974361577,S2-979975966,S2-984931831,S2-99350180,S3-101984641,S3-104542860,S3-105882889,S3-107883488,S3-116170018,S3-121548263,S3-126679857,S3-138618634,S3-139313181,S3-148463886,S3-161968259,S3-16360826,S3-164467031,S3-167422536,S3-173418193,S3-176629697,S3-187894538,S3-189004589,S3-194779854,S3-200365703,S3-21906571,S3-228301114,S3-239856829,S3-245119748,S3-253775748,S3-269979821,S3-283074095,S3-283988233,S3-289616704,S3-291319268,S3-299695562,S3-299765853,S3-301627012,S3-30241699,S3-303970785,S3-305043184,S3-305566015,S3-307443730,S3-315446648,S3-316503245,S3-317125176,S3-31772985,S3-319720398,S3-320875927,S3-326775610,S3-329403567,S3-332621260,S3-335937637,S3-337022021,S3-347262468,S3-353633910,S3-360782689,S3-362375463,S3-38977993,S3-390847180,S3-394133390,S3-3987241,S3-39957845,S3-40029198,S3-403984101,S3-40510626,S3-409045943,S3-411092312,S3-418641458,S3-421573739,S3-424296111,S3-429435293,S3-429799640,S3-431042876,S3-440623755,S3-448193770,S3-449064671,S3-451874818,S3-454066826,S3-47281552,S3-473319267,S3-474623371,S3-478243272,S3-478890408,S3-479216890,S3-481496942,S3-482496685,S3-489745250,S3-489997786,S3-494291457,S3-498612251,S3-501496659,S3-505650151,S3-51098318,S3-54382632,S3-545564575,S3-557554333,S3-557906136,S3-559045279,S3-559541558,S3-573093280,S3-575944123,S3-582929344,S3-589689984,S3-595747394,S3-60875765,S3-616592310,S3-619212810,S3-621417107,S3-62486616,S3-625627786,S3-633145637,S3-636158025,S3-639688192,S3-663972421,S3-66859391,S3-670636347,S3-672022812,S3-674826727,S3-679452711,S3-686402917,S3-687642792,S3-688792458,S3-69901956,S3-710175016,S3-724983406,S3-73098938,S3-731892601,S3-735713856,S3-736538060,S3-752141810,S3-752497913,S3-753729202,S3-756520925,S3-757363873,S3-76403036,S3-764605563,S3-782799092,S3-785316828,S3-786450292,S3-78662041,S3-788049274,S3-789980156,S3-791735374,S3-795845021,S3-800751673,S3-805952184,S3-806932324,S3-81686698,S3-818858144,S3-825178335,S3-826156625,S3-829324323,S3-834102376,S3-838577469,S3-839537979,S3-856425176,S3-860332033,S3-860569838,S3-86719667,S3-868002932,S3-868413716,S3-886306626,S3-892667425,S3-912727450,S3-914116746,S3-918203914,S3-919229180,S3-921464282,S3-923078678,S3-939057194,S3-952593021,S3-960669687,S3-962718619,S3-973757802,S3-979693663,S3-98566643,S3-986803165,S3-99246485
S1-753419143	S2-123973922,S2-199778358,S2-234524193,S2-250744874,S2-254644163,S2-290691180,S2-373582065,S2-394615603,S2-395373531,S2-407337759,S2-421723964,S2-525792990,S2-531235693,S2-561334298,S2-591978223,S2-622498915,S2-628119716,S2-637443041,S2-638347116,S2-644613890,S2-659457113,S2-792051260,S2-813726132,S2-822263854,S2-822352586,S2-8226474,S2-9027677,S2-902813064,S2-913919365,S2-91449873,S2-923832951,S2-941095079,S2-991468312,S3-114619823,S3-132534119,S3-143477452,S3-175041195,S3-217615157,S3-234584414,S3-23723781,S3-257897367,S3-296445981,S3-336444139,S3-423208727,S3-441563232,S3-444130562,S3-475442197,S3-482693516,S3-491241237,S3-514102181,S3-533256680,S3-54242563,S3-544059965,S3-588585023,S3-662464867,S3-680547971,S3-691377321,S3-739013325,S3-762715953,S3-774417981,S3-789198553,S3-79139729,S3-821671427,S3-831028414,S3-833154522,S3-8339736,S3-856257679,S3-862048789,S3-871746773,S3-883277747,S3-927106917,S3-971744849,S3-984230740
S1-756532295	S2-1329934,S2-207314406,S2-220702891,S2-260838150,S2-272821582,S2-289927866,S2-291052369,S2-312868742,S2-356332784,S2-361803307,S2-520766359,S2-5626285,S2-573856241,S2-643237415,S2-660432026,S2-694647583,S2-695275228,S2-722384124,S2-776365053,S2-851112159,S2-889193070,S2-902891955,S2-962483598,S2-984858806,S2-989643810,S3-119358000,S3-167254022,S3-198516343,S3-263347118,S3-31743855,S3-406627048,S3-438934192,S3-440426496,S3-487407542,S3-50750357,S3-576445657,S3-671365908,S3-692474300,S3-693228926,S3-744156953,S3-762632365,S3-802928480,S3-822163088,S3-838888736,S3-84721270,S3-870310984,S3-906822759,S3-986755323
S1-771021108	S2-109386106,S2-14109940,S2-141638291,S2-1437212,S2-161015441,S2-173877478,S2-180058075,S2-182296315,S2-182945879,S2-187110950,S2-205662318,S2-226066891,S2-238927106,S2-247312579,S2-249398691,S2-260923380,S2-264852500,S2-280607262,S2-282712325,S2-306322328,S2-307862048,S2-313499437,S2-318306015,S2-334477611,S2-351401070,S2-364719271,S2-365195988,S2-371164417,S2-372979772,S2-37795474,S2-392218046,S2-393356704,S2-403135359,S2-405220686,S2-43132712,S2-440041660,S2-44347387,S2-444520460,S2-460041503,S2-463314230,S2-463349000,S2-475140734,S2-483082667,S2-488250235,S2-497235088,S2-510789821,S2-530509723,S2-545076877,S2-546992315,S2-553353316,S2-574842403,S2-580022752,S2-583718107,S2-622472042,S2-623360501,S2-643893290,S2-644891488,S2-646426722,S2-662563747,S2-673808857,S2-680097156,S2-687711478,S2-694487585,S2-717827081,S2-719650462,S2-769620582,S2-770026925,S2-785248722,S2-818924850,S2-821440253,S2-823246850,S2-841295925,S2-850881289,S2-855546500,S2-86105131,S2-867183383,S2-873420525,S2-885695811,S2-895865385,S2-898157786,S2-900305152,S2-906733202,S2-910793849,S2-929370372,S2-933358779,S2-941054658,S2-945724718,S2-954059035,S2-957059893,S2-968821480,S2-969190360,S2-982037438,S3-109336336,S3-123245942,S3-140342209,S3-140515553,S3-144532619,S3-163152837,S3-176715869,S3-184302399,S3-191897390,S3-19298194,S3-198964487,S3-238214444,S3-247008261,S3-270650597,S3-274175740,S3-282229939,S3-287691397,S3-293152987,S3-294658115,S3-309230603,S3-325750962,S3-331178974,S3-333951401,S3-336798889,S3-339040871,S3-350369553,S3-360709121,S3-414598189,S3-425133003,S3-444204805,S3-451048054,S3-472152439,S3-48019106,S3-503694247,S3-503963725,S3-514947196,S3-515048258,S3-517248817,S3-518526928,S3-542682069,S3-549308731,S3-560084209,S3-565221995,S3-588428063,S3-60736545,S3-618612924,S3-629275328,S3-637106707,S3-654962561,S3-696382370,S3-69692029,S3-698750402,S3-698919290,S3-699189080,S3-733279500,S3-736280409,S3-743368704,S3-74669520,S3-753258061,S3-762889698,S3-765144031,S3-778425141,S3-791596411,S3-798068860,S3-798471231,S3-799782011,S3-831963240,S3-837729189,S3-849776846,S3-868535078,S3-878200424,S3-881121224,S3-887329642,S3-932561144,S3-945300025,S3-952238009,S3-966787164,S3-997663282
S1-775889398	S2-143918436,S2-14480944,S2-187099674,S2-288272313,S2-305910746,S2-323625877,S2-33013524,S2-415450647,S2-489169982,S2-521442589,S2-559522424,S2-587930128,S2-604599181,S2-620027920,S2-623826854,S2-909810929,S2-931040899,S2-95158340,S2-970468618,S2-993120673,S3-137467264,S3-204707183,S3-258817808,S3-290766881,S3-300705147,S3-326058058,S3-350446003,S3-372010271,S3-396655320,S3-496802238,S3-501389580,S3-562976823,S3-597572013,S3-800180522,S3-816024421,S3-824743997,S3-87728077,S3-950204307,S3-982219690
S1-776954181	S2-100332695,S2-10050655,S2-105472922,S2-108119493,S2-109483445,S2-110279090,S2-111246579,S2-111760506,S2-134904318,S2-138690617,S2-151136080,S2-153120884,S2-155782132,S2-157204215,S2-160726318,S2-183932681,S2-192192951,S2-196067239,S2-197862082,S2-207014320,S2-207679183,S2-209887745,S2-209933839,S2-214737507,S2-219680635,S2-223537612,S2-228817225,S2-23148985,S2-242685320,S2-249586770,S2-250478969,S2-252130918,S2-256906701,S2-258046468,S2-258629664,S2-266936926,S2-268884184,S2-270728056,S2-281481413,S2-282855602,S2-283095711,S2-284953754,S2-285493054,S2-299846402,S2-300136016,S2-300288186,S2-30246613,S2-311729412,S2-314341626,S2-317542218,S2-318916227,S2-319864756,S2-319919978,S2-320743414,S2-322022964,S2-322249922,S2-334215773,S2-335967361,S2-336686911,S2-337301092,S2-34748807,S2-348736110,S2-350918735,S2-351196658,S2-359376171,S2-363810088,S2-377576485,S2-377963332,S2-384381935,S2-406872181,S2-410797297,S2-416948640,S2-417361407,S2-419557379,S2-422536661,S2-428617848,S2-431207438,S2-432147482,S2-433257965,S2-440003997,S2-445968685,S2-447513105,S2-450855084,S2-454458840,S2-457371568,S2-461474455,S2-469564149,S2-471634689,S2-472769061,S2-475266012,S2-479045577,S2-498879477,S2-506482414,S2-50655992,S2-508392257,S2-53102806,S2-531355574,S2-536773978,S2-538939082,S2-55136405,S2-553488815,S2-554659505,S2-565882802,S2-566600230,S2-571025244,S2-576480371,S2-579083321,S2-58036132,S2-581466898,S2-602467532,S2-603010162,S2-611935473,S2-616154949,S2-619944078,S2-620449200,S2-623270244,S2-62888185,S2-632017392,S2-632978872,S2-639147420,S2-657090647,S2-662580514,S2-666850027,S2-679937533,S2-695990300,S2-708867169,S2-71662311,S2-71949036,S2-721515682,S2-724902808,S2-734926298,S2-735900799,S2-746979005,S2-749355339,S2-749437591,S2-75254050,S2-753017252,S2-757621935,S2-760283890,S2-763567485,S2-765629420,S2-766852358,S2-779357912,S2-782766066,S2-783818533,S2-796477525,S2-803656080,S2-812451028,S2-816864891,S2-82314526,S2-826520890,S2-828407637,S2-833913849,S2-837631708,S2-851109376,S2-854377293,S2-857902645,S2-869567434,S2-87040319,S2-876894105,S2-880663278,S2-88625886,S2-892345143,S2-905434303,S2-909199633,S2-91969732,S2-920323714,S2-921138213,S2-921573178,S2-933101887,S2-946428528,S2-950185410,S2-954190113,S2-957585536,S2-957659833,S2-961293844,S2-964072718,S2-967994035,S2-97396594,S2-97548221,S2-981401407,S2-989757410,S2-992001834,S3-110980697,S3-112026992,S3-119089670,S3-123832889,S3-126589038,S3-13620625,S3-137112745,S3-138193241,S3-138317338,S3-139091296,S3-139962352,S3-155747410,S3-166230441,S3-169260601,S3-171013364,S3-190757813,S3-194933043,S3-203964357,S3-204519163,S3-209409288,S3-222681623,S3-226230587,S3-231741908,S3-234882049,S3-254672904,S3-269342796,S3-274024319,S3-274049236,S3-275983525,S3-290370774,S3-294174584,S3-299175655,S3-316195343,S3-324023735,S3-324195363,S3-325590188,S3-331662874,S3-332996,S3-345923124,S3-346744392,S3-351698781,S3-357557502,S3-359655866,S3-368438778,S3-378087279,S3-399154187,S3-40998929,S3-411658987,S3-429039744,S3-43055116,S3-450541868,S3-451257743,S3-45635062,S3-462690124,S3-470204200,S3-474003705,S3-489807282,S3-491629892,S3-493170800,S3-497031255,S3-503008214,S3-510418888,S3-514676529,S3-520058055,S3-524133975,S3-530337322,S3-557507330,S3-576319718,S3-576655878,S3-580505985,S3-599893465,S3-601534146,S3-604736341,S3-60918797,S3-611419723,S3-626078642,S3-626084265,S3-626138883,S3-640773144,S3-653755155,S3-657342819,S3-67314971,S3-676016782,S3-682924255,S3-684643516,S3-688376948,S3-689187362,S3-693564640,S3-700007481,S3-700477757,S3-704152094,S3-709870609,S3-722113398,S3-72720876,S3-728346915,S3-749427736,S3-749976943,S3-759614245,S3-761146406,S3-771599482,S3-772700052,S3-782762469,S3-791514159,S3-797770545,S3-799225121,S3-81092541,S3-819828886,S3-827477542,S3-832854164,S3-833366384,S3-836840259,S3-837980580,S3-838756076,S3-841409072,S3-8487416,S3-849416823,S3-849874008,S3-850185514,S3-854736982,S3-855654374,S3-857911746,S3-861249324,S3-863910935,S3-873703245,S3-894344007,S3-902538158,S3-904391404,S3-907602727,S3-914369474,S3-92374802,S3-936491778,S3-943870805,S3-947186457,S3-963692638,S3-96934963,S3-972019727,S3-973471090,S3-975587455,S3-976998131
S1-779954871	S2-121471104,S2-18598533,S2-245750073,S2-317665841,S2-348828018,S2-46402676,S2-528950210,S2-548551279,S2-570045121,S2-588495515,S2-675399933,S2-812505364,S2-917391836,S3-154308666,S3-192444803,S3-23303523,S3-2331045,S3-242509730,S3-287883038,S3-337012073,S3-399264670,S3-400203294,S3-401413276,S3-420778216,S3-475971748,S3-496874888,S3-525352709,S3-691374736,S3-722924124,S3-854972237,S3-861786919
S1-781103531	S2-1143753,S2-118606789,S2-120433246,S2-170269764,S2-179329076,S2-201201668,S2-255519598,S2-263674242,S2-272344558,S2-283075789,S2-308277800,S2-328174163,S2-364125432,S2-373573154,S2-416665445,S2-533360651,S2-558856570,S2-619714036,S2-636068682,S2-65790949,S2-663507562,S2-703176243,S2-725376864,S2-727235064,S2-764924056,S2-818676197,S2-853999118,S2-858837288,S2-874357029,S2-887904397,S2-898848546,S2-907320977,S2-931950549,S2-933410278,S2-975752039,S2-981824726,S2-98280872,S3-103018163,S3-108550504,S3-119723816,S3-124985388,S3-204401923,S3-222731845,S3-242076142,S3-25356376,S3-277531029,S3-371387949,S3-383087769,S3-462680765,S3-489039857,S3-519653577,S3-539735186,S3-550216527,S3-562036815,S3-609193549,S3-624507570,S3-793238871,S3-801967492,S3-862139957,S3-890093134,S3-893229121,S3-918963975,S3-944472295,S3-959195501,S3-962690385,S3-973848939
S1-784973933	S2-154348047,S2-178923721,S2-220103808,S2-277913896,S2-281534382,S2-371290194,S2-401973986,S2-406353344,S2-47830524,S2-508973032,S2-527568691,S2-537453697,S2-557186908,S2-757431321,S2-854096922,S2-95133214,S3-149769110,S3-239308813,S3-365279724,S3-369785501,S3-386973124,S3-428071035,S3-705534033,S3-744867054,S3-78591981,S3-799059031,S3-815617073,S3-851797729,S3-869402118,S3-896068058,S3-901586764,S3-903157512,S3-92552009,S3-999005331
S1-790108889	S2-100035775,S2-106159944,S2-117238723,S2-131765756,S2-133234577,S2-134233424,S2-136915610,S2-139496689,S2-153323813,S2-15500017,S2-160184966,S2-161407290,S2-161478936,S2-161745204,S2-165718938,S2-168100297,S2-182248717,S2-194940974,S2-202815355,S2-203972388,S2-207000931,S2-208143330,S2-211289290,S2-221227608,S2-223635571,S2-22686860,S2-229092548,S2-229436627,S2-234110434,S2-235610574,S2-237596687,S2-238113928,S2-241187874,S2-24866811,S2-251248332,S2-262893526,S2-269923084,S2-277585,S2-280139564,S2-301185816,S2-301379643,S2-303253716,S2-305113239,S2-310910158,S2-316709602,S2-329162050,S2-33181938,S2-343508553,S2-345719084,S2-35057345,S2-354044038,S2-355338415,S2-366674603,S2-371570666,S2-383985295,S2-389337989,S2-399401956,S2-411463367,S2-41817808,S2-421433013,S2-421830308,S2-439352443,S2-442941653,S2-44478306,S2-458089399,S2-459192501,S2-459389739,S2-465110194,S2-467593400,S2-468025468,S2-469255423,S2-471503680,S2-476342943,S2-480184533,S2-481785227,S2-488515830,S2-489087008,S2-489945469,S2-490987854,S2-491080477,S2-493045414,S2-49668996,S2-498293405,S2-503100636,S2-506189080,S2-508096893,S2-510173617,S2-511278801,S2-516816706,S2-520966445,S2-523457403,S2-526053288,S2-527708747,S2-534941036,S2-535343564,S2-536369596,S2-542133663,S2-552655530,S2-58064271,S2-588227258,S2-592962382,S2-594128930,S2-594461910,S2-608814879,S2-617064682,S2-617473694,S2-624680320,S2-631438234,S2-634014319,S2-649547687,S2-665746166,S2-682474932,S2-689431639,S2-701990716,S2-702792619,S2-707516491,S2-711407659,S2-712328546,S2-712384564,S2-713748950,S2-722778222,S2-724074052,S2-731674659,S2-734183474,S2-739564044,S2-746792924,S2-761872555,S2-766390942,S2-767584665,S2-769529527,S2-77173497,S2-779141672,S2-782473771,S2-783154943,S2-784317740,S2-787833931,S2-78859027,S2-802791150,S2-804235714,S2-807529770,S2-812921964,S2-815159813,S2-823713508,S2-824523970,S2-831029617,S2-83472060,S2-838173800,S2-848371580,S2-886145223,S2-887119858,S2-889901434,S2-89607554,S2-906638295,S2-912753215,S2-921801361,S2-923676247,S2-930244228,S2-930881343,S2-931644334,S2-936011717,S2-936636372,S2-939228159,S2-941449579,S2-947039141,S2-949129833,S2-95453093,S2-955584649,S2-957819685,S2-965295273,S2-965732929,S2-969769850,S2-969858440,S2-971782615,S2-972717885,S2-974269614,S3-100278742,S3-102159703,S3-11554735,S3-118496213,S3-131562664,S3-131980026,S3-136142525,S3-14787464,S3-150799333,S3-157528725,S3-163753958,S3-179704020,S3-180420422,S3-181989176,S3-190418518,S3-191589255,S3-197195079,S3-197745990,S3-200195109,S3-200230179,S3-202388394,S3-207386978,S3-208944478,S3-220119832,S3-225195620,S3-225464390,S3-236304173,S3-241270385,S3-241814619,S3-242913187,S3-266545936,S3-272615453,S3-273880423,S3-274818084,S3-277096630,S3-279678789,S3-295560269,S3-299231533,S3-300580495,S3-300816551,S3-306046557,S3-30679239,S3-311602489,S3-312095037,S3-313281284,S3-313685666,S3-316885187,S3-318493859,S3-320883081,S3-32123490,S3-332194206,S3-332220091,S3-333790392,S3-334581794,S3-334859821,S3-337906608,S3-343649845,S3-348817589,S3-354884953,S3-370096978,S3-37352259,S3-381467887,S3-382003130,S3-394718727,S3-398455967,S3-40296329,S3-403994655,S3-414280980,S3-41488185,S3-415038228,S3-416149543,S3-416897513,S3-418952896,S3-418972559,S3-422780030,S3-439398074,S3-443057868,S3-460297812,S3-466929865,S3-471824296,S3-47907028,S3-481728470,S3-486339009,S3-487934463,S3-494162756,S3-499620084,S3-521657318,S3-535286785,S3-537901929,S3-538643440,S3-542371782,S3-553948377,S3-555168762,S3-555426596,S3-564121677,S3-571631590,S3-571948580,S3-575772788,S3-586113109,S3-597234689,S3-599078796,S3-599173840,S3-606557021,S3-609805443,S3-610502020,S3-618079298,S3-620791773,S3-624337309,S3-633462686,S3-636266719,S3-641876065,S3-642823827,S3-642928862,S3-648685408,S3-65803736,S3-658489190,S3-661812696,S3-662111444,S3-664181083,S3-667864085,S3-683740735,S3-69220948,S3-699490780,S3-705712925,S3-708528047,S3-713161490,S3-713677856,S3-719343370,S3-722682052,S3-724847782,S3-728955624,S3-73433348,S3-735021410,S3-735802898,S3-736310717,S3-738860563,S3-739773285,S3-740667247,S3-741249008,S3-742453584,S3-746541723,S3-753756092,S3-774975237,S3-780557931,S3-78193675,S3-790525960,S3-797054858,S3-805278373,S3-807007721,S3-81030356,S3-820252255,S3-823246805,S3-82454946,S3-830817486,S3-835012265,S3-839049085,S3-842361156,S3-844470030,S3-846919984,S3-850721512,S3-860409115,S3-864273657,S3-873132805,S3-876511181,S3-877364764,S3-881865338,S3-886540224,S3-893632559,S3-898624479,S3-901447420,S3-907311371,S3-908124975,S3-910371226,S3-910768778,S3-918329704,S3-919218809,S3-920811916,S3-922718829,S3-93789908,S3-941439343,S3-947029825,S3-952308973,S3-959226715,S3-963669119,S3-967097514,S3-979557054,S3-983220619
S1-792872528	S2-102179769,S2-120350789,S2-123175090,S2-125144424,S2-126602254,S2-145212568,S2-179838280,S2-182391684,S2-18656303,S2-187495773,S2-199572939,S2-199744642,S2-19979083,S2-201189732,S2-209616767,S2-220084350,S2-220350144,S2-224578035,S2-243226176,S2-244232983,S2-24837447,S2-253072483,S2-260877529,S2-268891970,S2-270491692,S2-281220709,S2-284520569,S2-287725527,S2-293290952,S2-307910428,S2-312064696,S2-324539184,S2-329304038,S2-345421595,S2-351492241,S2-352725347,S2-35343253,S2-362377333,S2-373918580,S2-37506637,S2-377889224,S2-384618522,S2-3900645,S2-394901174,S2-399251891,S2-404135553,S2-406973966,S2-411419621,S2-411641062,S2-413800409,S2-418033631,S2-436128558,S2-44572092,S2-451028365,S2-453643818,S2-458177024,S2-458302377,S2-463728412,S2-475855548,S2-479238218,S2-482115175,S2-484332768,S2-487953115,S2-496224690,S2-500708061,S2-507438442,S2-509546998,S2-517473140,S2-524903512,S2-537622018,S2-542305433,S2-55418676,S2-554320460,S2-566315861,S2-571103656,S2-576294206,S2-582338178,S2-592745551,S2-607475633,S2-60895011,S2-610252850,S2-612030917,S2-623837021,S2-625082758,S2-625615259,S2-642427829,S2-649262600,S2-653864130,S2-666998573,S2-674929705,S2-681536377,S2-683334484,S2-690786087,S2-710083636,S2-713835856,S2-725949755,S2-738843284,S2-739264475,S2-751513423,S2-756656323,S2-757841158,S2-775624455,S2-777285650,S2-795359172,S2-79881083,S2-799486928,S2-799505081,S2-804471520,S2-806666809,S2-807398160,S2-842305303,S2-852398524,S2-854090478,S2-854294919,S2-859301994,S2-87845041,S2-880313377,S2-882902686,S2-885675184,S2-887189880,S2-887689239,S2-89059382,S2-897972356,S2-901588215,S2-904329858,S2-90561307,S2-909338652,S2-9104416,S2-913106397,S2-923296769,S2-923709763,S2-924127677,S2-926410656,S2-927017087,S2-928206284,S2-929447648,S2-93491277,S2-935303432,S2-945453441,S2-958471829,S2-964685977,S2-976582107,S2-990566028,S2-99236752,S3-106410630,S3-114399438,S3-121439585,S3-139271032,S3-142999074,S3-150874547,S3-168414781,S3-169999033,S3-174786425,S3-176135887,S3-180751203,S3-181076115,S3-181104742,S3-188583049,S3-189399005,S3-207432159,S3-211472051,S3-217404411,S3-219721570,S3-238581902,S3-239410444,S3-241843967,S3-251196654,S3-26636398,S3-267454773,S3-268649736,S3-273513905,S3-281259689,S3-291754979,S3-306303761,S3-324173131,S3-349085962,S3-349790414,S3-359456177,S3-365448607,S3-382322328,S3-386494024,S3-388896730,S3-390744154,S3-399300061,S3-409406168,S3-415250226,S3-428975059,S3-429170493,S3-431720073,S3-434588185,S3-44218238,S3-450004305,S3-450309328,S3-46152980,S3-473720451,S3-492387691,S3-493538959,S3-504449987,S3-507228005,S3-523439205,S3-525205229,S3-534432267,S3-537349295,S3-542011708,S3-542876050,S3-54774181,S3-55122364,S3-556365942,S3-569793811,S3-579743396,S3-636505409,S3-639036306,S3-644966440,S3-653486054,S3-658651972,S3-660771386,S3-678869517,S3-69250121,S3-694609863,S3-696089886,S3-700283138,S3-70142535,S3-701497894,S3-70512771,S3-712738192,S3-716895526,S3-72585097,S3-746317949,S3-747477208,S3-76171844,S3-781117044,S3-788528478,S3-794639022,S3-797815247,S3-799829650,S3-802151144,S3-803428870,S3-812964881,S3-818502855,S3-832175771,S3-837580410,S3-838170730,S3-840766836,S3-841486484,S3-842564072,S3-847057284,S3-850679219,S3-852219266,S3-854854720,S3-859695488,S3-861260746,S3-865280787,S3-867888491,S3-872318952,S3-872912227,S3-875858046,S3-896291651,S3-896864445,S3-897875989,S3-915133319,S3-921594696,S3-940496952,S3-945473645,S3-952447286,S3-963081491,S3-964599439,S3-966465014,S3-979845713,S3-994107571
S1-79664859	S2-103446134,S2-11282583,S2-122500912,S2-138949112,S2-142080636,S2-155437589,S2-182319155,S2-201484036,S2-206461824,S2-209273591,S2-215302092,S2-215484507,S2-21729040,S2-243552544,S2-279292506,S2-283497094,S2-286522177,S2-286714487,S2-292136260,S2-302579776,S2-310387372,S2-31910333,S2-3476462,S2-367452875,S2-371938097,S2-372110113,S2-385123286,S2-401263004,S2-414396378,S2-416097775,S2-418106127,S2-425162377,S2-431206628,S2-432800817,S2-448505460,S2-453815262,S2-46098092,S2-464630401,S2-476978590,S2-503544367,S2-509559794,S2-513590509,S2-515388269,S2-535952790,S2-536436145,S2-552180597,S2-554579745,S2-564002064,S2-566829998,S2-586605146,S2-589461459,S2-591521515,S2-592011445,S2-596414637,S2-599471391,S2-602011574,S2-624043611,S2-638151447,S2-643651422,S2-672786528,S2-687078575,S2-698842247,S2-718901363,S2-724939699,S2-72605664,S2-743154214,S2-758642344,S2-771874229,S2-781548861,S2-792834814,S2-793658260,S2-799195731,S2-799339241,S2-81179379,S2-820803867,S2-827419894,S2-831580367,S2-838704649,S2-848207702,S2-8487179,S2-853146998,S2-855361368,S2-856810070,S2-867049017,S2-867961486,S2-868124793,S2-884783337,S2-892708071,S2-8953452,S2-909228325,S2-93221013,S2-963513830,S2-966103392,S2-973301376,S2-979879880,S2-980766592,S3-102025087,S3-103080954,S3-115493649,S3-118852641,S3-129727186,S3-149764456,S3-15683398,S3-17365392,S3-180891422,S3-185983599,S3-190464905,S3-198653333,S3-204533115,S3-211649106,S3-219925979,S3-237250775,S3-23980321,S3-262317730,S3-263333078,S3-278032501,S3-278229182,S3-279929481,S3-300685154,S3-305664349,S3-310878346,S3-313998527,S3-317352074,S3-328570728,S3-329740919,S3-333694622,S3-346283318,S3-355453585,S3-366295078,S3-370277878,S3-38178086,S3-388979882,S3-40091372,S3-40438286,S3-414046609,S3-414070749,S3-424272785,S3-439637057,S3-441587529,S3-447689879,S3-453691892,S3-454526712,S3-456127093,S3-463002835,S3-466760986,S3-473919764,S3-474747395,S3-478175641,S3-479073871,S3-483432709,S3-483590781,S3-491136594,S3-505677733,S3-507323029,S3-515529270,S3-51749134,S3-518024163,S3-528312665,S3-541543668,S3-550316133,S3-553776014,S3-572346857,S3-575614119,S3-578714479,S3-590008815,S3-59494509,S3-597988690,S3-599470748,S3-627275252,S3-632901186,S3-640052390,S3-641659597,S3-673995194,S3-703043591,S3-718013670,S3-721238699,S3-722478137,S3-735940975,S3-739910165,S3-741602550,S3-752722172,S3-793520183,S3-795291979,S3-802747541,S3-806025624,S3-807395013,S3-816704564,S3-821100555,S3-825275584,S3-837124210,S3-842305871,S3-857032097,S3-861498065,S3-86847458,S3-883962282,S3-886694946,S3-891101329,S3-894958685,S3-90867666,S3-922346352,S3-9272853,S3-929292819,S3-930292054,S3-949856024,S3-953607352,S3-954233684,S3-961824770,S3-968783203,S3-993192336
S1-797453242	S2-10295413,S2-111672492,S2-112844644,S2-128807935,S2-136767868,S2-173862647,S2-187799006,S2-237299189,S2-250160659,S2-260877190,S2-268092225,S2-268124093,S2-276769919,S2-30021602,S2-313790268,S2-319019143,S2-3227946,S2-326611458,S2-327596785,S2-338814219,S2-342096009,S2-358523809,S2-361707395,S2-401455333,S2-417265525,S2-423919341,S2-426985200,S2-442419241,S2-445177330,S2-471555953,S2-471601460,S2-478747653,S2-491859022,S2-500497905,S2-509945630,S2-527074216,S2-542190910,S2-545491052,S2-546410580,S2-564492749,S2-575258862,S2-596531686,S2-598697543,S2-610961591,S2-621556204,S2-622863282,S2-625192486,S2-655867946,S2-699118159,S2-704648045,S2-705276019,S2-714354322,S2-723060315,S2-729294307,S2-734973716,S2-751629604,S2-752850160,S2-761412751,S2-774597178,S2-780469279,S2-814147029,S2-82886874,S2-833608353,S2-85488333,S2-864910772,S2-883345406,S2-899243278,S2-911611370,S2-92812581,S2-929986799,S2-933579356,S2-946546512,S2-947761515,S2-954598087,S2-974150309,S3-100650561,S3-116529238,S3-170054007,S3-184716512,S3-200114863,S3-233451,S3-249825592,S3-262960793,S3-270119371,S3-274866796,S3-276412206,S3-279877738,S3-297872892,S3-304524371,S3-315354682,S3-325375288,S3-365174947,S3-40377827,S3-417418915,S3-432270689,S3-449518953,S3-45335329,S3-457729926,S3-480099165,S3-490381236,S3-49896917,S3-499725147,S3-522396957,S3-533469052,S3-534358441,S3-536093442,S3-544744759,S3-561040316,S3-626144061,S3-64974280,S3-659673579,S3-675148630,S3-683546088,S3-686456912,S3-698596187,S3-717542565,S3-757293963,S3-785413659,S3-786914043,S3-807644852,S3-808212384,S3-836954586,S3-848207868,S3-865263494,S3-870201778,S3-918768460,S3-941726000,S3-958189401
S1-805319803	S2-101920105,S2-110699581,S2-111546588,S2-120380034,S2-12245420,S2-123570685,S2-125667796,S2-127639527,S2-129496529,S2-131912572,S2-134516401,S2-136569004,S2-150969758,S2-155310340,S2-155711968,S2-160549016,S2-165175374,S2-169107340,S2-176652964,S2-183043633,S2-189419667,S2-211399678,S2-21480382,S2-216930486,S2-218986334,S2-2195976,S2-227073118,S2-227980132,S2-231035464,S2-234116129,S2-235572578,S2-249643563,S2-251503095,S2-251752032,S2-256211392,S2-259366705,S2-261299048,S2-261737564,S2-263572722,S2-268890192,S2-269469618,S2-269663524,S2-272301398,S2-273641098,S2-27391087,S2-28831004,S2-291901542,S2-293338225,S2-309244007,S2-312880719,S2-315859884,S2-327406952,S2-32946400,S2-329623938,S2-329703451,S2-330735036,S2-332750021,S2-335371584,S2-339871619,S2-341601326,S2-342032614,S2-347330129,S2-351600993,S2-355073219,S2-355405651,S2-357379554,S2-360369601,S2-363199770,S2-367944807,S2-371868354,S2-373785852,S2-378914160,S2-394438135,S2-39677850,S2-40389016,S2-404415391,S2-406976096,S2-413479596,S2-417413636,S2-417429821,S2-420025978,S2-424156282,S2-424420581,S2-438626311,S2-439658205,S2-440280141,S2-44947116,S2-454203110,S2-466043168,S2-467367685,S2-474830200,S2-510922702,S2-521699266,S2-522688721,S2-523314320,S2-527896975,S2-533735008,S2-53494806,S2-535223456,S2-53756736,S2-538100770,S2-539474762,S2-552060661,S2-55967693,S2-561592527,S2-565510689,S2-572388050,S2-588195480,S2-605127134,S2-608157881,S2-613734235,S2-615300955,S2-626274259,S2-630772309,S2-641899065,S2-645420726,S2-649168257,S2-651800101,S2-654036733,S2-658868236,S2-666118717,S2-670852131,S2-679260337,S2-67986718,S2-690819675,S2-700373704,S2-706118581,S2-707539837,S2-709270962,S2-710832114,S2-717697057,S2-726656600,S2-747446481,S2-752880060,S2-754737384,S2-769937718,S2-777290291,S2-780112789,S2-782877873,S2-792059711,S2-795354400,S2-799807561,S2-803950653,S2-804733541,S2-809165036,S2-810776331,S2-812447891,S2-818992207,S2-82456569,S2-827728056,S2-829312842,S2-829889680,S2-838493982,S2-839444537,S2-840004711,S2-847850399,S2-848106752,S2-858074321,S2-864177092,S2-869185722,S2-880645428,S2-882626075,S2-891992331,S2-893490141,S2-896215235,S2-896709567,S2-898678677,S2-898998084,S2-901951138,S2-904280248,S2-912938177,S2-919205990,S2-921410952,S2-922873104,S2-930670021,S2-946605770,S2-948501749,S2-951167621,S2-957293469,S2-958977242,S2-965377096,S2-974130506,S2-974283771,S2-97801123,S2-978541124,S2-987614844,S2-989225269,S2-992705475,S2-998421025,S3-102073790,S3-103661616,S3-112793099,S3-115795835,S3-120617820,S3-121604787,S3-126006003,S3-127531266,S3-129468620,S3-130488599,S3-130543112,S3-136783509,S3-13702714,S3-142528198,S3-15166197,S3-162576143,S3-171136710,S3-175654199,S3-180634499,S3-182229936,S3-182363730,S3-183857511,S3-186957815,S3-189858357,S3-205503698,S3-206274299,S3-216517267,S3-219122950,S3-221245809,S3-222726500,S3-224365974,S3-225918330,S3-227077339,S3-232726095,S3-236345848,S3-23860267,S3-244585124,S3-245095400,S3-253774905,S3-259872845,S3-263032153,S3-269415127,S3-272246087,S3-272274878,S3-272728130,S3-311133482,S3-320347050,S3-325089625,S3-338499679,S3-340599061,S3-348775732,S3-354653707,S3-35575183,S3-356753816,S3-368850951,S3-372327133,S3-372987025,S3-388202676,S3-392196470,S3-395901287,S3-396209957,S3-399365554,S3-401688834,S3-401689579,S3-402100767,S3-403753515,S3-407070053,S3-40857594,S3-40892297,S3-412499645,S3-416006538,S3-422557233,S3-426063619,S3-439290134,S3-440368531,S3-444239364,S3-45543312,S3-462927813,S3-474410478,S3-474697086,S3-475885061,S3-483471996,S3-483494903,S3-487735116,S3-492511745,S3-495723209,S3-498127298,S3-504456539,S3-507793391,S3-507955105,S3-511437770,S3-519820872,S3-521790784,S3-521835166,S3-521962263,S3-524994458,S3-532572582,S3-541543130,S3-542654131,S3-552338266,S3-556702771,S3-558490136,S3-563824824,S3-583961812,S3-590676984,S3-594975805,S3-596288335,S3-60157517,S3-602544319,S3-615488200,S3-620525407,S3-626133255,S3-626407231,S3-630102700,S3-634569288,S3-635659434,S3-637623960,S3-637677662,S3-640802490,S3-650874644,S3-660390552,S3-667879692,S3-670082862,S3-675528810,S3-682050726,S3-682050821,S3-686480024,S3-692388132,S3-69394925,S3-705345526,S3-706933594,S3-716690731,S3-717405445,S3-717475803,S3-719260926,S3-720617986,S3-721238940,S3-722489707,S3-723577540,S3-724317524,S3-725657643,S3-726263162,S3-732786633,S3-736135835,S3-745297360,S3-747928428,S3-760264323,S3-760554877,S3-77284528,S3-77408455,S3-774103392,S3-782948656,S3-786483348,S3-79134915,S3-79500896,S3-797217245,S3-79868461,S3-800926745,S3-803681006,S3-806296128,S3-818450891,S3-836612031,S3-84010460,S3-843562281,S3-850597914,S3-853683537,S3-857060779,S3-861926023,S3-865670409,S3-867518797,S3-874812447,S3-875439410,S3-876490509,S3-887247486,S3-896759097,S3-898679420,S3-900062139,S3-906156370,S3-907848971,S3-912556788,S3-914521866,S3-919506941,S3-923234636,S3-932214735,S3-944004130,S3-944102708,S3-948717255,S3-950750550,S3-955133136,S3-966109433,S3-974538104,S3-977823146,S3-985432363,S3-986683428,S3-987807678,S3-989764557,S3-998114942,S3-998514172,S3-998844810,S3-999419517
S1-810734839	S2-107045926,S2-111819279,S2-115444595,S2-116371373,S2-116450255,S2-119011500,S2-13148151,S2-138768108,S2-148367190,S2-152512228,S2-179387497,S2-18281280,S2-190222602,S2-199930378,S2-205283633,S2-249331861,S2-250563331,S2-264142223,S2-271064956,S2-284446351,S2-295209799,S2-304280555,S2-314193489,S2-322403890,S2-33856388,S2-340084444,S2-342182337,S2-352250984,S2-392586614,S2-398327764,S2-406367170,S2-420041104,S2-436871856,S2-442173021,S2-453586874,S2-470464692,S2-474877567,S2-479378042,S2-491715779,S2-507007813,S2-515291431,S2-518321612,S2-519215676,S2-52548533,S2-529345463,S2-53284800,S2-537861684,S2-545614555,S2-549622534,S2-561758643,S2-567525607,S2-572453061,S2-585430593,S2-591845450,S2-602506596,S2-603623793,S2-604672233,S2-619527448,S2-633276196,S2-652341151,S2-669964570,S2-681981102,S2-697713143,S2-711713141,S2-747621530,S2-758881629,S2-768912805,S2-776860098,S2-790540351,S2-791739683,S2-794072563,S2-798412194,S2-800396445,S2-801733753,S2-827901714,S2-834416382,S2-835219905,S2-843550515,S2-8492442,S2-8685636,S2-869153798,S2-878651820,S2-889775394,S2-913886130,S2-942664423,S2-943622319,S2-947467040,S2-951857707,S2-963783810,S2-972815127,S2-975422038,S3-114761836,S3-123816752,S3-126078544,S3-153231039,S3-195274996,S3-199983074,S3-204709627,S3-22987449,S3-244783304,S3-254919286,S3-272446262,S3-273463350,S3-275324214,S3-280409607,S3-28240129,S3-294176858,S3-295611824,S3-331709187,S3-332035056,S3-351069020,S3-359626326,S3-361833262,S3-365108773,S3-373943937,S3-375938670,S3-39099747,S3-414411624,S3-425035983,S3-429611435,S3-432450359,S3-439338960,S3-467589254,S3-47496808,S3-477893581,S3-483005575,S3-488828377,S3-541745901,S3-544020069,S3-544428750,S3-545853553,S3-558387888,S3-56263358,S3-565328421,S3-579411468,S3-58047783,S3-591366176,S3-594477532,S3-596651206,S3-605209459,S3-610239541,S3-615110929,S3-632149982,S3-63359700,S3-641301994,S3-668770261,S3-684634417,S3-686446246,S3-709738810,S3-710581067,S3-717314787,S3-72837224,S3-734203559,S3-734657177,S3-751271893,S3-754261646,S3-765588969,S3-766627481,S3-773552951,S3-774373466,S3-776254506,S3-799100601,S3-816309053,S3-817358573,S3-83021464,S3-831851728,S3-845051460,S3-851092125,S3-855018184,S3-858487563,S3-86124944,S3-861416804,S3-867569716,S3-877634644,S3-896328901,S3-897849252,S3-938413361,S3-947827563,S3-950345044,S3-950798839,S3-97052509,S3-970587667,S3-986006517
S1-813170327	S2-103829945,S2-119098833,S2-137016330,S2-149125123,S2-156922533,S2-158052395,S2-161250796,S2-166580939,S2-166984957,S2-176512223,S2-176646295,S2-222137759,S2-224847464,S2-228110241,S2-242043118,S2-274910293,S2-317110316,S2-319640154,S2-349746325,S2-388603276,S2-391938264,S2-420602523,S2-453767812,S2-454077168,S2-46940723,S2-488750198,S2-492240070,S2-495911374,S2-518720545,S2-529170496,S2-538653194,S2-568734985,S2-574606516,S2-602384865,S2-602668350,S2-613962952,S2-615048311,S2-627678729,S2-645195978,S2-650224125,S2-671512329,S2-684395360,S2-694882330,S2-695895789,S2-697208776,S2-735052227,S2-741244184,S2-791748712,S2-798146895,S2-812246601,S2-822304002,S2-824494697,S2-846744109,S2-85571845,S2-903083294,S2-910367920,S2-913718499,S2-914724198,S2-916820106,S2-956324151,S3-105235186,S3-116391417,S3-117364642,S3-120031122,S3-127180750,S3-13487160,S3-136043710,S3-141033923,S3-14112086,S3-148481563,S3-14940664,S3-170701883,S3-174556081,S3-177549199,S3-179539909,S3-202007029,S3-207661750,S3-227711598,S3-243423434,S3-243464064,S3-247349076,S3-249624587,S3-261919382,S3-26454083,S3-265124087,S3-270324995,S3-278108143,S3-28068643,S3-298792073,S3-305748508,S3-309462382,S3-311299024,S3-312821950,S3-314913628,S3-333821736,S3-339507594,S3-339634726,S3-346158982,S3-347520056,S3-34838764,S3-353272059,S3-355306221,S3-359572336,S3-367347358,S3-374354172,S3-376551757,S3-386432925,S3-39892880,S3-400962385,S3-40170344,S3-409605068,S3-415390857,S3-416922594,S3-42310508,S3-426033681,S3-436133779,S3-436320776,S3-447067025,S3-454393415,S3-458769867,S3-468678281,S3-47338439,S3-476029534,S3-480162720,S3-485539881,S3-487152932,S3-487713756,S3-495322669,S3-509397303,S3-515427310,S3-515989713,S3-528892514,S3-536393849,S3-545513045,S3-551811896,S3-560445520,S3-561869763,S3-566494324,S3-573682742,S3-578090664,S3-592819413,S3-597846604,S3-599849976,S3-605153247,S3-618637628,S3-623610914,S3-625488341,S3-628408214,S3-642686298,S3-643200501,S3-644522525,S3-65549747,S3-666142321,S3-669146326,S3-670846422,S3-675608627,S3-676545104,S3-677766277,S3-681886122,S3-684683885,S3-694799848,S3-702227978,S3-708058352,S3-712111635,S3-725787964,S3-729743924,S3-744970099,S3-750478582,S3-7545567,S3-763666847,S3-774753609,S3-778401629,S3-781421490,S3-783985549,S3-787780222,S3-793321318,S3-799409842,S3-80391822,S3-807860278,S3-817955151,S3-832057217,S3-835246733,S3-840347481,S3-841880014,S3-84188364,S3-843298476,S3-851500683,S3-871293171,S3-873640830,S3-87837466,S3-878686960,S3-881522481,S3-883741170,S3-897799829,S3-904188616,S3-904733339,S3-906017323,S3-912091692,S3-914790572,S3-919550039,S3-926262536,S3-95018252,S3-959336001,S3-959834743,S3-964463632,S3-968898010,S3-980037260,S3-991204401,S3-992729773
S1-822087158	S2-106382726,S2-112161628,S2-124426850,S2-170818647,S2-175073460,S2-179459177,S2-195758508,S2-201243258,S2-226269891,S2-234221838,S2-235547928,S2-24161625,S2-244757292,S2-24961180,S2-270714670,S2-310658389,S2-311609596,S2-327699705,S2-344040030,S2-364831204,S2-36490771,S2-38702589,S2-388415260,S2-420347037,S2-447036984,S2-460026627,S2-46235387,S2-471996158,S2-512918991,S2-514478565,S2-542698358,S2-54627201,S2-546811456,S2-548322457,S2-552912444,S2-554813249,S2-566316925,S2-568240374,S2-59617031,S2-597405971,S2-609281890,S2-685242173,S2-710056586,S2-713402727,S2-733626825,S2-754878939,S2-792336825,S2-804194786,S2-827982285,S2-832589028,S2-850943319,S2-869337619,S2-879544038,S2-881623402,S2-896216609,S2-898039111,S2-921752083,S2-923725567,S2-968076929,S2-973176576,S2-978219578,S2-983767277,S2-995095574,S2-997706230,S3-118431462,S3-122276903,S3-128824880,S3-133544013,S3-134790670,S3-134982841,S3-147160476,S3-147211416,S3-151307240,S3-160397114,S3-163262654,S3-166146745,S3-17817353,S3-18838148,S3-190633414,S3-193532335,S3-223187548,S3-224121438,S3-225834640,S3-226259734,S3-231829322,S3-245730775,S3-248974882,S3-256905097,S3-260239650,S3-269644205,S3-274771775,S3-286047349,S3-288278641,S3-30011603,S3-302756471,S3-314898675,S3-316852415,S3-322233231,S3-340231507,S3-3470194,S3-350224586,S3-351063196,S3-357855558,S3-358185447,S3-363410153,S3-366097837,S3-373807237,S3-387538780,S3-405698555,S3-412848553,S3-413086118,S3-422382630,S3-423150549,S3-428728268,S3-428994090,S3-429646576,S3-438884127,S3-447350417,S3-447623250,S3-459948984,S3-470640069,S3-492959211,S3-497308752,S3-501707175,S3-507150548,S3-514878611,S3-530672576,S3-54207834,S3-546158927,S3-548787244,S3-549833114,S3-555358065,S3-558191165,S3-558292957,S3-574057567,S3-57993358,S3-57994557,S3-579987866,S3-583100636,S3-583776578,S3-601587530,S3-6076304,S3-60873082,S3-62403151,S3-627666255,S3-632246296,S3-639350162,S3-641369025,S3-642162208,S3-66044067,S3-661228183,S3-662161299,S3-667948105,S3-670887594,S3-690421865,S3-695208936,S3-696882231,S3-698266759,S3-700635549,S3-705507724,S3-705517253,S3-713743577,S3-722457923,S3-727339937,S3-729995827,S3-732530323,S3-733192751,S3-747345210,S3-764848291,S3-767368968,S3-773922173,S3-776441597,S3-782220492,S3-789645529,S3-797657569,S3-801940208,S3-803863443,S3-807103409,S3-818796425,S3-825921514,S3-829743575,S3-843104549,S3-843988039,S3-855088568,S3-857591899,S3-864648847,S3-864910242,S3-871461810,S3-873016888,S3-876796695,S3-880097774,S3-901524812,S3-918828908,S3-922761592,S3-929451302,S3-935644820,S3-939099184,S3-943945334,S3-94620492,S3-947146453,S3-95628808,S3-956725618,S3-957115440,S3-974297898,S3-977280109,S3-978013402,S3-994077079,S3-99925887
S1-831407036	S2-105934719,S2-10784785,S2-110291245,S2-115312773,S2-116174092,S2-120105126,S2-121519063,S2-132152998,S2-148849238,S2-183990849,S2-20290999,S2-205507188,S2-234719856,S2-244926864,S2-29037409,S2-300782154,S2-317530166,S2-324343366,S2-325094734,S2-325757076,S2-342813028,S2-346482332,S2-358104009,S2-361135383,S2-385922532,S2-394438135,S2-405313377,S2-426095007,S2-427426997,S2-436799663,S2-439248479,S2-442845942,S2-457022726,S2-469839988,S2-475476991,S2-48302043,S2-520019902,S2-525812255,S2-583020307,S2-585537718,S2-587146139,S2-597960243,S2-637010677,S2-638284716,S2-639887294,S2-715248541,S2-718026025,S2-722125881,S2-753206447,S2-762858172,S2-788545461,S2-793386898,S2-796127889,S2-806799482,S2-821031099,S2-821165524,S2-822013199,S2-833980622,S2-837542245,S2-84056954,S2-907237880,S2-914958047,S2-917413326,S2-919535395,S2-931168703,S2-938798990,S2-939873224,S2-942541197,S2-946395436,S2-964596602,S2-966039084,S2-973535225,S2-976704428,S2-996418942,S3-125041215,S3-133620531,S3-140510610,S3-15510599,S3-16631772,S3-182925951,S3-210452068,S3-212046121,S3-21450129,S3-215604890,S3-217650327,S3-226370811,S3-236250831,S3-242101330,S3-245263167,S3-248965089,S3-255706807,S3-257196466,S3-269234103,S3-269933128,S3-284578694,S3-298717090,S3-303896234,S3-314909646,S3-324338204,S3-338374957,S3-33939366,S3-340691023,S3-349608353,S3-371276223,S3-376523302,S3-380212704,S3-381436721,S3-403018270,S3-403124614,S3-403426611,S3-4068373,S3-4080202,S3-420961722,S3-422728179,S3-449808437,S3-452243792,S3-461189876,S3-463465140,S3-465050822,S3-490670597,S3-492151918,S3-493173647,S3-493452609,S3-496778867,S3-510686364,S3-515889314,S3-519017433,S3-527154778,S3-554492015,S3-564458756,S3-580570232,S3-585464836,S3-586562324,S3-589414632,S3-597922630,S3-59829694,S3-602431242,S3-626098163,S3-626194511,S3-635150431,S3-640088285,S3-642507714,S3-64472499,S3-647961651,S3-659162033,S3-675871156,S3-676903157,S3-679484807,S3-682207913,S3-707036385,S3-717729383,S3-731210973,S3-758389126,S3-761433104,S3-774491351,S3-779205248,S3-804786640,S3-817523944,S3-818496073,S3-829980362,S3-832878749,S3-835501060,S3-836105847,S3-837373766,S3-849500561,S3-852047182,S3-854939996,S3-875289567,S3-882103007,S3-886972393,S3-888404187,S3-897016471,S3-91607374,S3-92866369,S3-937776319,S3-941768989,S3-947918476,S3-954499478,S3-959776613,S3-962393921,S3-96272274,S3-962780106,S3-969364144,S3-977960847,S3-984643286,S3-986412978
S1-831456529	S2-11088743,S2-113292754,S2-144440214,S2-146009046,S2-152668665,S2-15834558,S2-159024823,S2-160265337,S2-1694525,S2-172956216,S2-17723303,S2-216537666,S2-231498090,S2-248839129,S2-251285114,S2-270369067,S2-28430331,S2-287567705,S2-288328535,S2-291476990,S2-295076458,S2-298528153,S2-305781326,S2-316015939,S2-323853405,S2-33567648,S2-339763212,S2-343350061,S2-34655045,S2-347443362,S2-351367892,S2-364506849,S2-365102267,S2-374621674,S2-376336599,S2-383835776,S2-386944262,S2-394820872,S2-409032377,S2-411680474,S2-413038222,S2-421927723,S2-421930730,S2-423861796,S2-433496187,S2-4339860,S2-434438707,S2-443212973,S2-451242142,S2-462886956,S2-485696545,S2-511560423,S2-527552105,S2-532399231,S2-535917209,S2-543853669,S2-567061457,S2-571175044,S2-591400195,S2-59586407,S2-598777625,S2-600630899,S2-601047143,S2-606444314,S2-609298704,S2-611524970,S2-626814178,S2-627453870,S2-652249471,S2-653303662,S2-654341112,S2-66786657,S2-668609064,S2-673107035,S2-680530701,S2-687997522,S2-70755620,S2-730760572,S2-742019762,S2-750362705,S2-761054994,S2-762349927,S2-77492852,S2-789391896,S2-806190830,S2-820130142,S2-82991086,S2-834878862,S2-841937915,S2-843373173,S2-852784314,S2-857404937,S2-864979997,S2-87043214,S2-876282503,S2-888484839,S2-894675831,S2-898167912,S2-898433861,S2-930432391,S2-937892267,S2-956983280,S2-964844760,S2-970761280,S2-977599464,S2-990501771,S2-99378721,S3-113421859,S3-12414859,S3-134758188,S3-140957907,S3-142240004,S3-145380385,S3-159775505,S3-176425997,S3-181215342,S3-199950895,S3-203363979,S3-20554437,S3-212295443,S3-21970380,S3-219941165,S3-224786225,S3-234484480,S3-243973360,S3-25517082,S3-264561368,S3-268893185,S3-273029588,S3-286361630,S3-297867781,S3-300700780,S3-308041265,S3-308491897,S3-309029190,S3-327184955,S3-329776460,S3-329862294,S3-32999125,S3-330253651,S3-3325560,S3-334393026,S3-350101392,S3-379703301,S3-381411928,S3-385514985,S3-394730324,S3-407115064,S3-413265372,S3-41332384,S3-433411278,S3-438606127,S3-444860860,S3-450945679,S3-460668862,S3-461382869,S3-468494247,S3-476151462,S3-486016682,S3-4897372,S3-495695847,S3-509743587,S3-51118210,S3-513626681,S3-519292448,S3-520327160,S3-521550300,S3-522442785,S3-540017999,S3-546521487,S3-552909871,S3-555055352,S3-555959292,S3-55992461,S3-561767758,S3-571573421,S3-582845687,S3-588574917,S3-595684967,S3-596228574,S3-597289089,S3-62111704,S3-644468744,S3-644621202,S3-658743184,S3-660690385,S3-669423717,S3-679038954,S3-701241500,S3-706283311,S3-708128982,S3-718283107,S3-739342049,S3-750014631,S3-752275488,S3-757272139,S3-773663314,S3-786444324,S3-791457031,S3-797163627,S3-803933907,S3-830979835,S3-841763353,S3-84733984,S3-850944900,S3-851800198,S3-857502737,S3-859131324,S3-866114635,S3-868998900,S3-874242470,S3-881244532,S3-888570520,S3-892391568,S3-894138821,S3-900990338,S3-910525615,S3-912934289,S3-927998175,S3-933161809,S3-93939404,S3-949115114,S3-954704695,S3-960600472,S3-962872655,S3-974161820,S3-975038895,S3-989522093
S1-834864420	S2-110955809,S2-124400402,S2-129370264,S2-131316011,S2-134427849,S2-144624183,S2-152724545,S2-15428398,S2-164279516,S2-168100900,S2-173062191,S2-18922513,S2-193249641,S2-194940250,S2-209668636,S2-219304613,S2-22736054,S2-227993627,S2-231303583,S2-238024259,S2-239263220,S2-2424280,S2-250234051,S2-285563793,S2-285945341,S2-293577237,S2-320959142,S2-32731601,S2-3517799,S2-357371945,S2-386264851,S2-386398436,S2-391049600,S2-405630927,S2-427180309,S2-430514904,S2-439776720,S2-471548823,S2-477330413,S2-481675699,S2-49531819,S2-503381842,S2-515483210,S2-523541491,S2-525276753,S2-543843439,S2-544057718,S2-571547423,S2-57440224,S2-575692847,S2-590381318,S2-593255530,S2-633944397,S2-643039153,S2-644624113,S2-651524412,S2-654495466,S2-657248511,S2-662925656,S2-68214797,S2-692834733,S2-693136317,S2-711082424,S2-735750858,S2-737374505,S2-738918632,S2-747415655,S2-750527709,S2-781709241,S2-804133358,S2-809327975,S2-811899365,S2-814233140,S2-843362375,S2-844842176,S2-850315510,S2-855833964,S2-856905365,S2-864569896,S2-868595102,S2-873433740,S2-87508924,S2-876498643,S2-880753733,S2-905257888,S2-918911869,S2-925711757,S2-926411827,S2-944514636,S2-961984528,S2-962464538,S2-977815432,S2-981919430,S3-144191923,S3-175033267,S3-1930060,S3-223918487,S3-257124972,S3-310559960,S3-408395965,S3-412507701,S3-427515013,S3-433640242,S3-437452093,S3-451058635,S3-53774446,S3-545374142,S3-577856922,S3-584422078,S3-634840345,S3-646722846,S3-688491467,S3-688727370,S3-690245285,S3-692422930,S3-714755662,S3-728038328,S3-729473293,S3-80728463,S3-830205502,S3-857179791,S3-89638034,S3-950993035
S1-83679816	S2-113968881,S2-11756257,S2-128234236,S2-13563984,S2-139039630,S2-143883402,S2-16277894,S2-167556569,S2-182340706,S2-186428186,S2-194549003,S2-196557699,S2-209293404,S2-211604512,S2-212535908,S2-212760557,S2-219818887,S2-223907588,S2-232520055,S2-238305903,S2-245544814,S2-250708843,S2-257312052,S2-258196709,S2-262568826,S2-26811726,S2-276422457,S2-281930628,S2-291473883,S2-302546840,S2-302818132,S2-307128938,S2-311972437,S2-332000613,S2-338545382,S2-345756878,S2-35039971,S2-353589301,S2-386278606,S2-388343486,S2-390449621,S2-392839540,S2-404395204,S2-408523754,S2-416313126,S2-41762854,S2-419362619,S2-431146100,S2-435706867,S2-443920775,S2-443957171,S2-446561699,S2-451763561,S2-452650016,S2-457777259,S2-459712379,S2-459775636,S2-486551448,S2-491236423,S2-511974545,S2-52068132,S2-540760153,S2-54685878,S2-552177050,S2-564429920,S2-569972687,S2-57642028,S2-578112311,S2-578572424,S2-579382742,S2-593590614,S2-612671626,S2-615528256,S2-634803483,S2-654168804,S2-675939858,S2-685663723,S2-689725441,S2-698281686,S2-71839026,S2-728962848,S2-730273661,S2-753935056,S2-765505225,S2-779517126,S2-787346808,S2-800464075,S2-816180410,S2-821721972,S2-82511626,S2-842228069,S2-856821308,S2-880446367,S2-890601673,S2-896648811,S2-900262326,S2-903281179,S2-912532342,S2-912848302,S2-914463191,S2-915858840,S2-916262312,S2-916545214,S2-923315626,S2-927027658,S2-951770717,S2-988790253,S3-120010426,S3-120284470,S3-125972455,S3-148385153,S3-150290094,S3-155552060,S3-178112677,S3-179335768,S3-181320994,S3-194050719,S3-195303123,S3-195713708,S3-198781032,S3-20683660,S3-209690589,S3-213333293,S3-220418374,S3-228674821,S3-24884009,S3-258375574,S3-267560732,S3-275874573,S3-294796278,S3-298596159,S3-326030082,S3-345020248,S3-359231426,S3-365114941,S3-369572287,S3-387559685,S3-387764822,S3-389238749,S3-399558896,S3-402649511,S3-405978591,S3-415346950,S3-415694780,S3-422548620,S3-42738221,S3-437975697,S3-438694172,S3-441044622,S3-463288800,S3-466661174,S3-472787839,S3-474639433,S3-474800966,S3-477614613,S3-478268226,S3-478603713,S3-484480450,S3-49014838,S3-497918814,S3-498852323,S3-501010834,S3-504603145,S3-504837387,S3-522103823,S3-545889091,S3-554782101,S3-563468986,S3-573649183,S3-580252861,S3-607764530,S3-609883986,S3-617839806,S3-623118892,S3-638049631,S3-644580361,S3-644932924,S3-647342396,S3-695233836,S3-695646517,S3-697752657,S3-70289104,S3-714092312,S3-717441114,S3-721137336,S3-738460936,S3-741141733,S3-755765069,S3-783012828,S3-788742296,S3-797270363,S3-816955909,S3-818761196,S3-85371424,S3-858397068,S3-860708328,S3-86915556,S3-873518211,S3-881355839,S3-893657317,S3-894127002,S3-894779328,S3-895738795,S3-911625261,S3-936488832,S3-94908081,S3-967939992,S3-987851400,S3-991825646
S1-84668021	S2-106231910,S2-111607478,S2-11880552,S2-124924536,S2-12796136,S2-136736746,S2-140493088,S2-140544438,S2-143122512,S2-145847616,S2-148186640,S2-155365482,S2-162051094,S2-16625649,S2-16786052,S2-174210757,S2-175425880,S2-187660522,S2-191203526,S2-193884931,S2-194152767,S2-198751985,S2-201256547,S2-203273472,S2-206316482,S2-213224449,S2-217406071,S2-233014386,S2-234986758,S2-23564126,S2-237538422,S2-269792097,S2-274142815,S2-274759690,S2-275169165,S2-284329234,S2-286864782,S2-302698329,S2-313739656,S2-315579098,S2-319436550,S2-320894302,S2-322444619,S2-322857336,S2-324908341,S2-329664788,S2-335212054,S2-347407422,S2-351068348,S2-356577402,S2-377324739,S2-384402960,S2-387515638,S2-390293941,S2-396577026,S2-397057513,S2-40673130,S2-407164048,S2-412303943,S2-420352896,S2-43162968,S2-431732397,S2-432607079,S2-435905329,S2-439444178,S2-442103852,S2-445874570,S2-450222220,S2-453774887,S2-455843240,S2-457947327,S2-458668713,S2-461246768,S2-463224563,S2-469103274,S2-475896601,S2-480792025,S2-484070084,S2-486522274,S2-509095823,S2-524661953,S2-529664944,S2-552252242,S2-553371466,S2-554189188,S2-558614077,S2-559854803,S2-563676334,S2-566340879,S2-567328739,S2-567732409,S2-569567265,S2-571742497,S2-574416251,S2-598225111,S2-600972578,S2-611908,S2-615697450,S2-623575722,S2-629527951,S2-63246844,S2-659760112,S2-663906477,S2-69105214,S2-694405609,S2-695899720,S2-699430550,S2-706550329,S2-706975881,S2-713636636,S2-724814497,S2-739968187,S2-744211696,S2-751013857,S2-760676515,S2-776441086,S2-777884655,S2-785482279,S2-786055914,S2-78808892,S2-791161054,S2-796683358,S2-800316757,S2-803779757,S2-804678753,S2-806086188,S2-80905885,S2-820901558,S2-82163846,S2-833516975,S2-834208,S2-843907085,S2-859542803,S2-867574601,S2-87122629,S2-876170544,S2-877247136,S2-87761149,S2-88403633,S2-8843895,S2-889646475,S2-89829928,S2-907052416,S2-907678860,S2-915764298,S2-918248018,S2-950097516,S2-956690212,S2-962159819,S2-964563164,S2-975640877,S2-980807298,S2-990939309,S2-994232544,S3-101268715,S3-110980697,S3-111303368,S3-117725666,S3-124755919,S3-131421490,S3-140616906,S3-143883859,S3-146234788,S3-146862274,S3-147962111,S3-155157909,S3-172448513,S3-179589655,S3-181211814,S3-189561791,S3-197028679,S3-202297959,S3-208839710,S3-211704963,S3-212680475,S3-218382132,S3-220598974,S3-224636563,S3-232104018,S3-23372292,S3-23712755,S3-241907647,S3-242549186,S3-250120350,S3-254429441,S3-266562559,S3-275148833,S3-283834155,S3-286721770,S3-300482788,S3-318082052,S3-321363303,S3-326521980,S3-329756803,S3-331121070,S3-33736647,S3-340597029,S3-342230444,S3-344980390,S3-359781696,S3-366077481,S3-378608314,S3-379390565,S3-388657269,S3-425053180,S3-426378595,S3-428290886,S3-430073629,S3-432619681,S3-463887753,S3-467557398,S3-480425138,S3-482061523,S3-482460147,S3-489781862,S3-498196171,S3-517592523,S3-522678192,S3-5227152,S3-52530136,S3-530234864,S3-536651352,S3-537498987,S3-541629656,S3-5450960,S3-549511864,S3-551407416,S3-554753008,S3-555747758,S3-55917662,S3-565556494,S3-570990011,S3-575159230,S3-576260698,S3-586648846,S3-619973950,S3-625478016,S3-625734291,S3-636604466,S3-641949565,S3-644998659,S3-646113003,S3-647511612,S3-653797739,S3-660774943,S3-660923835,S3-66723873,S3-670845412,S3-691491083,S3-693075456,S3-693080250,S3-693640917,S3-696577347,S3-701088617,S3-701633221,S3-705419037,S3-715617209,S3-720800016,S3-721024584,S3-725298743,S3-72573495,S3-726878804,S3-738483806,S3-752387493,S3-7567330,S3-757754534,S3-759957575,S3-761172916,S3-761744803,S3-769912703,S3-772585327,S3-789656754,S3-789683742,S3-793872846,S3-794032388,S3-798863117,S3-801514091,S3-806286700,S3-812012790,S3-830890417,S3-845468864,S3-849235497,S3-854569094,S3-85540546,S3-866182980,S3-876822919,S3-881810457,S3-882696840,S3-894305151,S3-89898434,S3-902877543,S3-905012931,S3-912384570,S3-913435381,S3-913864701,S3-921855308,S3-923068048,S3-929204749,S3-934147175,S3-941385848,S3-943596392,S3-951140328,S3-9562770,S3-956691656,S3-967117407,S3-96847484,S3-979338004,S3-991733720,S3-995682524
S1-854054479	S2-378288780,S2-406677478,S2-444709655,S2-710615753,S2-813120613,S3-255289714,S3-458128497,S3-553849662,S3-785118178,S3-824956262,S3-928319643
S1-857232066	S2-210392698,S2-260215838,S2-268108352,S2-324896202,S2-337219193,S2-358814490,S2-366023248,S2-387572692,S2-459613473,S2-460422743,S2-493599287,S2-525473051,S2-564058633,S2-571547423,S2-582982092,S2-587219674,S2-612751803,S2-631171551,S2-644037941,S2-695748510,S2-704260435,S2-760823158,S2-761282766,S2-762307398,S2-847704747,S2-876005860,S2-877193194,S2-882495793,S2-89970329,S2-903806731,S2-906936535,S2-907667258,S2-946334186,S2-948109433,S2-963561507,S3-112879717,S3-119140638,S3-138716926,S3-2093901,S3-22576848,S3-230435165,S3-232603186,S3-234382077,S3-240252262,S3-25986661,S3-30391030,S3-336225171,S3-349124824,S3-358203715,S3-404943139,S3-444465820,S3-460822940,S3-51877244,S3-525022575,S3-541713552,S3-598169141,S3-62184366,S3-643058748,S3-648875072,S3-658084819,S3-678481784,S3-709814583,S3-721499688,S3-723479462,S3-773869726,S3-784161305,S3-905262988,S3-923618145,S3-945253421,S3-948720768,S3-959713631,S3-977607838
S1-865704860	S2-105350732,S2-112474266,S2-123042692,S2-144645341,S2-148985129,S2-345975632,S2-352418742,S2-368908273,S2-410414665,S2-425840854,S2-467882721,S2-615762419,S2-638749876,S2-656755449,S2-762214081,S2-832077827,S2-866796190,S2-873226881,S2-938788648,S2-944796610,S2-955213232,S2-962366834,S2-972501573,S3-214685141,S3-313047310,S3-347525548,S3-355650906,S3-427919254,S3-447218474,S3-621209432,S3-624059915,S3-699179935,S3-725249016,S3-782262155,S3-792938654,S3-868649926,S3-877293683,S3-954531073,S3-97251599
S1-867998778	S2-126589202,S2-126598464,S2-169347587,S2-18820135,S2-194864273,S2-197488301,S2-209125753,S2-243600118,S2-247922661,S2-254638265,S2-272318969,S2-280389707,S2-307187238,S2-31376293,S2-323403287,S2-326306106,S2-363423039,S2-366747230,S2-394145999,S2-400201397,S2-400983701,S2-417629178,S2-4345781,S2-436576860,S2-438417104,S2-46802098,S2-475162617,S2-478826176,S2-49397785,S2-502691513,S2-520717224,S2-532770756,S2-559011394,S2-561663300,S2-57566091,S2-577805107,S2-635979281,S2-639812997,S2-648058432,S2-67861005,S2-695218043,S2-707162843,S2-721800239,S2-731034641,S2-733029480,S2-742111398,S2-766906739,S2-781492029,S2-799380825,S2-833782985,S2-841843045,S2-845543585,S2-869906526,S2-875557096,S2-888925860,S2-903995501,S2-908623280,S2-913959971,S2-938591581,S2-943516307,S2-974975792,S2-982452198,S2-989265577,S3-102401060,S3-13233193,S3-144705734,S3-165497647,S3-181137938,S3-206195626,S3-210973857,S3-218494948,S3-222832013,S3-233683772,S3-24452871,S3-25211726,S3-255148168,S3-30101033,S3-315992148,S3-331535109,S3-347894606,S3-393894585,S3-42901281,S3-430452917,S3-43600460,S3-436237915,S3-544939124,S3-557054933,S3-558013671,S3-559811063,S3-587907611,S3-591333727,S3-600488766,S3-613706946,S3-614962037,S3-615276821,S3-626480480,S3-629664748,S3-641143005,S3-666549315,S3-672221649,S3-673178032,S3-709789961,S3-724424959,S3-747466565,S3-754709560,S3-759914594,S3-765520774,S3-790333276,S3-807085228,S3-855948459,S3-869288442,S3-872680597,S3-894646536,S3-901046706,S3-906715186,S3-928062882,S3-929612884,S3-932839326,S3-936740484,S3-948235855,S3-993985879
S1-869319064	S2-112761567,S2-114064037,S2-114262306,S2-122752409,S2-125373606,S2-126735957,S2-134640506,S2-134685870,S2-135707390,S2-136571473,S2-142092445,S2-143177068,S2-158599300,S2-16767800,S2-172373854,S2-184664039,S2-188241046,S2-196046081,S2-197723519,S2-202187786,S2-207359723,S2-216024329,S2-23776669,S2-239280926,S2-240467772,S2-242785649,S2-250328988,S2-266541958,S2-266753786,S2-277239391,S2-30225894,S2-304077139,S2-305925140,S2-330043897,S2-340660498,S2-343505027,S2-358362963,S2-361665432,S2-362056650,S2-367819416,S2-371609681,S2-372353456,S2-372563030,S2-3762052,S2-383089481,S2-384385427,S2-3877160,S2-405137130,S2-409024587,S2-420070677,S2-427318838,S2-433385845,S2-435792130,S2-464767762,S2-46591839,S2-467285331,S2-47380515,S2-480752608,S2-490087052,S2-494590738,S2-50346029,S2-508530598,S2-512086955,S2-525208894,S2-528977743,S2-537560378,S2-547931633,S2-548353248,S2-557193673,S2-563201419,S2-626504133,S2-627909019,S2-638659364,S2-650285428,S2-652596573,S2-653161578,S2-661900496,S2-675609312,S2-675852755,S2-682616859,S2-693475022,S2-703267322,S2-703994973,S2-709640139,S2-718701166,S2-737726566,S2-737737139,S2-7403988,S2-75684304,S2-758275275,S2-7632931,S2-766383354,S2-766876098,S2-779660181,S2-779870148,S2-796648419,S2-827854595,S2-861713358,S2-867930821,S2-868784526,S2-870089801,S2-870795643,S2-875374397,S2-890136358,S2-893539755,S2-928096731,S2-941343023,S2-948023319,S2-965572682,S2-969935134,S2-971885323,S2-981667594,S2-981773385,S2-984700553,S2-988893420,S2-998683437,S3-105094409,S3-105713058,S3-108655777,S3-109689812,S3-118165443,S3-119576386,S3-121192754,S3-12346411,S3-129329421,S3-129455242,S3-13080549,S3-139445319,S3-142282936,S3-144971580,S3-146330970,S3-152322651,S3-154160731,S3-158089338,S3-160049439,S3-161750848,S3-16178165,S3-165561189,S3-166574365,S3-189281752,S3-189980965,S3-200129345,S3-209354313,S3-224769190,S3-247645171,S3-247829964,S3-249663253,S3-271894181,S3-288363640,S3-295751429,S3-297780975,S3-30117997,S3-310001192,S3-310304266,S3-327567763,S3-331203314,S3-337360179,S3-347515342,S3-36052320,S3-363820263,S3-371315340,S3-375771148,S3-393749890,S3-394601143,S3-40359593,S3-409120785,S3-414975321,S3-418967855,S3-426441090,S3-430357992,S3-439303714,S3-44662448,S3-448428298,S3-45405861,S3-473687653,S3-502246419,S3-503300477,S3-50785173,S3-524856729,S3-540681624,S3-547794286,S3-548456912,S3-551711919,S3-566056538,S3-583666203,S3-586652205,S3-590186331,S3-600481744,S3-61914402,S3-640161217,S3-6691649,S3-669199354,S3-67340272,S3-675415103,S3-676925354,S3-6780336,S3-678195773,S3-680131973,S3-684330906,S3-695841079,S3-707446178,S3-714844714,S3-737642594,S3-737700680,S3-748186959,S3-750252585,S3-767075575,S3-769504117,S3-778946335,S3-780621796,S3-781923598,S3-787458427,S3-790191261,S3-832831721,S3-835549952,S3-840565952,S3-850133982,S3-853523799,S3-854282930,S3-858449054,S3-862314488,S3-865147734,S3-869993665,S3-870319522,S3-879074121,S3-882193580,S3-886511863,S3-886902535,S3-891807381,S3-914598367,S3-927686639,S3-929316463,S3-933798563,S3-937284890,S3-937934141,S3-942435872,S3-943838929,S3-947057717,S3-947350594,S3-948146093,S3-955518282,S3-978546889,S3-978726074,S3-986023363,S3-989009393
S1-871380077	S2-104075530,S2-105530543,S2-106628824,S2-118880418,S2-139109215,S2-143864631,S2-147610054,S2-154758230,S2-157338136,S2-167116767,S2-171213836,S2-18290735,S2-183490216,S2-196116054,S2-204802699,S2-223841209,S2-225483372,S2-226207247,S2-226996584,S2-228647500,S2-235480107,S2-236264081,S2-245208121,S2-265200764,S2-269479685,S2-270415178,S2-271363411,S2-275563070,S2-290409807,S2-301776373,S2-330645626,S2-34240167,S2-347806517,S2-35297020,S2-377474695,S2-382433165,S2-385037765,S2-386647516,S2-388232084,S2-388391019,S2-390686624,S2-391307091,S2-392961115,S2-395440069,S2-399321006,S2-410776474,S2-412808690,S2-423172743,S2-439015512,S2-441935676,S2-465967943,S2-468117527,S2-476434316,S2-480751455,S2-504470963,S2-505364138,S2-514841338,S2-530011934,S2-53565280,S2-540113011,S2-54740826,S2-549625730,S2-551777623,S2-566093535,S2-568773621,S2-573605021,S2-584079646,S2-589617183,S2-596511571,S2-604197641,S2-60501050,S2-608336100,S2-620085733,S2-621118826,S2-62201541,S2-62664932,S2-638345013,S2-639481062,S2-639984134,S2-643087501,S2-64653760,S2-653776546,S2-662185537,S2-66477443,S2-67407425,S2-674834621,S2-703809826,S2-705525141,S2-706062581,S2-734273365,S2-738649310,S2-755589572,S2-771654414,S2-786468976,S2-790878162,S2-796134519,S2-797371219,S2-808283219,S2-810045636,S2-823471435,S2-839466792,S2-846484435,S2-861397677,S2-865092974,S2-865741294,S2-870856185,S2-896514004,S2-904075512,S2-911694340,S2-920476296,S2-92210194,S2-929809013,S2-933754926,S2-937988982,S2-948066082,S2-954106805,S2-958917150,S2-977911662,S2-986596133,S3-100301341,S3-105714941,S3-110189446,S3-111184169,S3-112746484,S3-113220559,S3-118874755,S3-121833926,S3-127882985,S3-135403265,S3-146760559,S3-151456592,S3-154294064,S3-160480436,S3-172777354,S3-177679065,S3-183549320,S3-183992660,S3-190009813,S3-193243115,S3-196840309,S3-214287859,S3-214472611,S3-222403072,S3-230356466,S3-232802288,S3-234280871,S3-244864492,S3-266386131,S3-269902366,S3-279891918,S3-291197717,S3-29449777,S3-299989284,S3-300241759,S3-313976142,S3-315469885,S3-334747483,S3-345422024,S3-353843068,S3-363435768,S3-363455141,S3-377430979,S3-385057818,S3-388253983,S3-393314043,S3-395423983,S3-395424691,S3-419276267,S3-421097319,S3-426143380,S3-426826515,S3-430060456,S3-464926272,S3-472645523,S3-473399620,S3-474494601,S3-479076563,S3-489233436,S3-492044617,S3-505278134,S3-509109641,S3-515167785,S3-524514019,S3-53060883,S3-531131836,S3-531888986,S3-545509911,S3-547893430,S3-561299156,S3-565997915,S3-572159063,S3-573467628,S3-578353341,S3-581362636,S3-589037945,S3-59573434,S3-595969079,S3-596725548,S3-597803099,S3-606630466,S3-63894656,S3-672745781,S3-682099834,S3-68376675,S3-684550932,S3-689305069,S3-690153336,S3-690171521,S3-693891168,S3-715636745,S3-717419722,S3-743433209,S3-752665926,S3-75332375,S3-75789859,S3-769792398,S3-775769373,S3-783552948,S3-786958391,S3-789537673,S3-796815179,S3-803913801,S3-803955795,S3-833645016,S3-83952738,S3-880518605,S3-93243016,S3-939804592,S3-94168241,S3-955129417,S3-966827272,S3-968006054,S3-976304930,S3-99782076
S1-875966477	S2-105031828,S2-106069176,S2-107725904,S2-139076951,S2-1402941,S2-147963856,S2-153486505,S2-160209499,S2-18444358,S2-204000111,S2-21437578,S2-217198995,S2-220961377,S2-227183596,S2-234839979,S2-238890414,S2-249783963,S2-256061169,S2-268932991,S2-273695242,S2-279783057,S2-289383782,S2-295535759,S2-32431996,S2-33919678,S2-357867041,S2-363684666,S2-376365383,S2-384434056,S2-388373273,S2-410015978,S2-414001842,S2-424307449,S2-430872968,S2-435182563,S2-438612922,S2-439968505,S2-454162979,S2-457257784,S2-498195912,S2-506160624,S2-535756617,S2-536668477,S2-539383055,S2-561325248,S2-57698976,S2-591800124,S2-595790130,S2-596236105,S2-599691484,S2-623206806,S2-623211179,S2-624710242,S2-624938977,S2-649233652,S2-658181482,S2-711527769,S2-712340723,S2-737016453,S2-740814538,S2-742306422,S2-757012476,S2-798629569,S2-802102314,S2-809993408,S2-812125433,S2-823681161,S2-82404062,S2-825509605,S2-862825798,S2-863459590,S2-879770172,S2-894370128,S2-906794978,S2-92386613,S2-941496346,S2-94239355,S2-944513286,S2-948297296,S2-950897446,S2-965807073,S2-967017237,S2-973543407,S2-983297295,S2-990003152,S3-102774922,S3-110001153,S3-112490276,S3-118253865,S3-118983066,S3-122298213,S3-145663942,S3-147881564,S3-166763584,S3-170252455,S3-179227244,S3-190212726,S3-198887918,S3-217730576,S3-221382884,S3-239853633,S3-249176894,S3-254649004,S3-257825136,S3-258327166,S3-264435789,S3-275274650,S3-291494624,S3-305328400,S3-310964371,S3-311551178,S3-326777520,S3-330173429,S3-331184252,S3-341686864,S3-365468422,S3-366458215,S3-378560277,S3-38585125,S3-394512942,S3-399530702,S3-406784297,S3-411015731,S3-413622813,S3-42006361,S3-426679744,S3-429285472,S3-430387609,S3-449969829,S3-455292897,S3-492997790,S3-49972641,S3-505297790,S3-513102698,S3-517183730,S3-518090716,S3-52520116,S3-526807873,S3-540788429,S3-55199845,S3-55241477,S3-553208930,S3-555499194,S3-561413588,S3-589079240,S3-592605988,S3-592719727,S3-596290237,S3-596437236,S3-598022585,S3-599615016,S3-634937954,S3-664618157,S3-671308925,S3-681518471,S3-6843494,S3-686188521,S3-697050498,S3-702115468,S3-715805622,S3-718962349,S3-730413093,S3-742778107,S3-764369754,S3-765492367,S3-770220539,S3-795271574,S3-797026098,S3-800012804,S3-815370349,S3-820592845,S3-824204012,S3-827299716,S3-829200001,S3-830646874,S3-835120961,S3-845324485,S3-851218959,S3-851730312,S3-876043719,S3-880454756,S3-880683962,S3-886866803,S3-892021707,S3-896453957,S3-904211274,S3-920896212,S3-931772606,S3-935259542,S3-945334658,S3-946575410,S3-953537828,S3-954499274,S3-958969632,S3-9688413,S3-981553138
S1-876916368	S2-101093867,S2-101977515,S2-124450825,S2-124866416,S2-124903300,S2-146362994,S2-171515023,S2-17551192,S2-18365565,S2-188171653,S2-194353757,S2-194890638,S2-203423962,S2-24265070,S2-245939714,S2-266763168,S2-289775188,S2-291751162,S2-294107920,S2-299336797,S2-299357608,S2-302770455,S2-325140521,S2-328307119,S2-364040259,S2-373754071,S2-375609669,S2-378970087,S2-396443816,S2-414435083,S2-419754879,S2-446570510,S2-447971335,S2-449294494,S2-450430676,S2-484250183,S2-49266676,S2-504697683,S2-513423610,S2-524844058,S2-533558739,S2-53539127,S2-546395119,S2-548824313,S2-551371755,S2-560942466,S2-561054115,S2-572612558,S2-572785412,S2-579630784,S2-595127268,S2-626475705,S2-641167895,S2-645787960,S2-656818362,S2-658847160,S2-66006233,S2-668685207,S2-698530574,S2-707508165,S2-707941498,S2-712220060,S2-720155788,S2-725577691,S2-72653161,S2-732777677,S2-7663425,S2-776666221,S2-780619357,S2-79113843,S2-797973034,S2-807956026,S2-814596481,S2-832835136,S2-8417730,S2-851512860,S2-892651873,S2-9073761,S2-912192495,S2-916772478,S2-919539618,S2-924235689,S2-924725230,S2-939923705,S2-95058715,S2-950850036,S2-96013515,S2-961460280,S2-966791847,S2-971848498,S2-972865806,S2-973183394,S2-985384058,S2-985799066,S2-994168459,S3-27896682,S3-325961429,S3-350198559,S3-396925778,S3-445744771,S3-46594416,S3-471595602,S3-484291680,S3-522036521,S3-613896442,S3-652371586,S3-660543649,S3-694348255,S3-725787473,S3-815853321,S3-96752601
S1-880561678	S2-130875855,S2-196902669,S2-23533829,S2-26044885,S2-325623027,S2-38505281,S2-398555332,S2-415803936,S2-431389915,S2-479253933,S2-499960599,S2-702785719,S2-725410123,S2-768933119,S2-800983979,S2-833275085,S2-901813316,S3-122049379,S3-143280710,S3-383494830,S3-421140772,S3-58751681,S3-625728699,S3-696020004,S3-882692630,S3-901453680,S3-906013436,S3-918790319,S3-97923695
S1-88307124	S2-357582639,S2-933345792,S3-979326327
S1-895602816	S2-102285263,S2-222541917,S2-261869880,S2-268293613,S2-495158738,S2-495815235,S2-571877728,S2-795167029,S3-118656129,S3-169884123,S3-189617217,S3-274769857,S3-32400007,S3-377499754,S3-432305266,S3-470292915,S3-504827650,S3-514968406,S3-640794022,S3-768871747,S3-78177722,S3-811473408,S3-905365435,S3-951561901,S3-953433428
S1-902212841	S2-102576445,S2-112780396,S2-113766472,S2-114685810,S2-119602919,S2-12307927,S2-12464128,S2-130114835,S2-146719929,S2-146895019,S2-14783968,S2-155634953,S2-163382541,S2-167818418,S2-172439725,S2-173827563,S2-17869287,S2-178965749,S2-184464809,S2-196349354,S2-215818382,S2-233810259,S2-237613523,S2-238974495,S2-244894473,S2-249973468,S2-254971502,S2-259080881,S2-267083042,S2-269117170,S2-281906853,S2-287860231,S2-30339160,S2-306862393,S2-314460240,S2-322662556,S2-330126750,S2-332643522,S2-344019516,S2-347549160,S2-354202247,S2-35721809,S2-364767720,S2-375423080,S2-376873756,S2-38046877,S2-389482119,S2-389819009,S2-392606092,S2-397441563,S2-412138296,S2-423704666,S2-442278693,S2-450268984,S2-453895061,S2-453923013,S2-455531484,S2-456174556,S2-458277890,S2-466637519,S2-467211702,S2-468556730,S2-476117306,S2-476167352,S2-481428698,S2-487698621,S2-501244503,S2-506248971,S2-512918668,S2-518826402,S2-520665086,S2-5245970,S2-53076769,S2-533851786,S2-535450828,S2-537348765,S2-539658789,S2-543919388,S2-558458728,S2-562827730,S2-566710236,S2-577255572,S2-581358446,S2-584341551,S2-587029984,S2-587547195,S2-588924333,S2-593403314,S2-593457508,S2-601600044,S2-606474794,S2-609271375,S2-612867860,S2-615129082,S2-616896649,S2-61696009,S2-626226029,S2-627466903,S2-629458740,S2-631527569,S2-636339596,S2-64606492,S2-655629473,S2-655996674,S2-656223456,S2-657014448,S2-664898457,S2-670599865,S2-677313065,S2-682988963,S2-684162247,S2-687343610,S2-694946344,S2-699146316,S2-701098777,S2-702360620,S2-709899118,S2-719211839,S2-721844095,S2-732373845,S2-732845460,S2-736616770,S2-737376709,S2-737567940,S2-737621544,S2-738204152,S2-740206864,S2-740447995,S2-752008209,S2-756590804,S2-758383284,S2-762638032,S2-765363978,S2-780406694,S2-783395442,S2-786707890,S2-801150281,S2-803493951,S2-809098808,S2-810054805,S2-811429238,S2-8198126,S2-82065365,S2-823426544,S2-82532973,S2-835854341,S2-837059792,S2-838833905,S2-842579697,S2-849566449,S2-850646502,S2-852692597,S2-854377475,S2-858069758,S2-869693359,S2-880923975,S2-88654448,S2-888096450,S2-889357620,S2-892237718,S2-893348127,S2-899489195,S2-90188458,S2-90364703,S2-904433306,S2-914160115,S2-920593534,S2-92262862,S2-924160126,S2-941487673,S2-943706009,S2-94714006,S2-947970086,S2-953829536,S2-958106029,S2-97463636,S2-987168467,S2-992540814,S2-995803945,S3-103176942,S3-103327699,S3-105714046,S3-105943415,S3-117655241,S3-124860959,S3-132404251,S3-132455336,S3-14080399,S3-15677423,S3-159140426,S3-173147491,S3-182841653,S3-184817838,S3-191647679,S3-202739017,S3-209063965,S3-210503946,S3-213723284,S3-229482487,S3-254464528,S3-276818930,S3-286008326,S3-293664746,S3-356831202,S3-369861070,S3-377031848,S3-379210609,S3-380441514,S3-386144317,S3-397978972,S3-39960148,S3-402518877,S3-420288607,S3-423267552,S3-424810178,S3-429348585,S3-43430401,S3-464569462,S3-493973,S3-497128628,S3-503965287,S3-505911660,S3-520147699,S3-540161280,S3-550879229,S3-557367464,S3-56778063,S3-570396210,S3-574474884,S3-574955416,S3-582336925,S3-583081677,S3-605953664,S3-634931023,S3-642779186,S3-659141270,S3-673847857,S3-679132297,S3-689216342,S3-6966609,S3-699386975,S3-705226353,S3-710610002,S3-729881752,S3-780560619,S3-791462026,S3-79836205,S3-80298254,S3-807676668,S3-808585196,S3-815758223,S3-837473868,S3-841982819,S3-864550467,S3-86938624,S3-892508210,S3-906297745,S3-9149476,S3-925063482,S3-955327775,S3-960817678,S3-966446727,S3-98530171,S3-997627660
S1-905068683	S2-111073630,S2-115220084,S2-132598756,S2-145799197,S2-152795033,S2-158587060,S2-170325582,S2-200251988,S2-218019398,S2-222135297,S2-227747110,S2-230183302,S2-241111623,S2-327462669,S2-343383809,S2-351606993,S2-375104553,S2-377261480,S2-388374740,S2-410828041,S2-433274432,S2-434636681,S2-43837249,S2-451947403,S2-484371263,S2-487956215,S2-49884880,S2-546491008,S2-552568534,S2-555027295,S2-575574515,S2-578326098,S2-586695241,S2-591391819,S2-595406263,S2-603985159,S2-620148740,S2-660718730,S2-663846349,S2-664543713,S2-67829289,S2-69576345,S2-732040069,S2-737651258,S2-746606668,S2-747535051,S2-774330004,S2-7826398,S2-80283633,S2-808620865,S2-843053379,S2-845394844,S2-856465042,S2-899270278,S2-98788417,S2-990024913,S2-998022165,S3-120949238,S3-1270207,S3-133251069,S3-14036968,S3-142662731,S3-142968420,S3-146113092,S3-147961616,S3-148359117,S3-154759239,S3-155805550,S3-159856170,S3-162489967,S3-190630087,S3-199084740,S3-223114161,S3-237556445,S3-239274715,S3-243462475,S3-245965108,S3-248613601,S3-250616178,S3-262219324,S3-263695920,S3-29834531,S3-31219663,S3-316645085,S3-322423671,S3-32443804,S3-331785969,S3-337709335,S3-366739461,S3-367985451,S3-372976032,S3-400910401,S3-408204160,S3-439277314,S3-449936317,S3-452021941,S3-45856640,S3-464324306,S3-483819943,S3-502481829,S3-514518897,S3-537847024,S3-544356260,S3-574924361,S3-579004140,S3-580580522,S3-602789084,S3-609943305,S3-610529564,S3-616277144,S3-61667066,S3-625031477,S3-635384407,S3-653525336,S3-669822272,S3-683614301,S3-69458500,S3-710493161,S3-712022705,S3-719310655,S3-751237326,S3-755501027,S3-756379588,S3-776182535,S3-778943242,S3-789743753,S3-799992065,S3-813363278,S3-818563495,S3-841603445,S3-890745292,S3-897964280,S3-914186761,S3-927264848,S3-936848313,S3-97883383,S3-97990810,S3-989395490
S1-908044271	S2-134380219,S2-139000433,S2-141605172,S2-163259827,S2-17205398,S2-175236420,S2-190880992,S2-196613536,S2-204419817,S2-205027690,S2-207909802,S2-237567475,S2-244721476,S2-25365194,S2-261476762,S2-291660254,S2-292743977,S2-294368364,S2-297205222,S2-300432180,S2-317445761,S2-325933900,S2-332141362,S2-341229606,S2-358632800,S2-375399497,S2-413282671,S2-414152449,S2-435313949,S2-449665250,S2-451805074,S2-456166573,S2-476074339,S2-487033263,S2-487702680,S2-488743141,S2-49147003,S2-519011149,S2-519492332,S2-521615016,S2-528172648,S2-549885912,S2-551736154,S2-5553664,S2-561666518,S2-567983439,S2-583147541,S2-618035553,S2-649454752,S2-650861468,S2-6645057,S2-665994287,S2-683351435,S2-686503284,S2-699161351,S2-711475309,S2-749265081,S2-783679625,S2-786306409,S2-788200051,S2-838830927,S2-863813287,S2-869512672,S2-869620023,S2-870277934,S2-875475843,S2-881136689,S2-884242656,S2-890916455,S2-892995686,S2-893360617,S2-894815867,S2-895167134,S2-927073903,S2-939878538,S2-945233776,S2-961627213,S2-985393264,S3-161764912,S3-188018926,S3-208422445,S3-229074340,S3-245061313,S3-270362232,S3-320244774,S3-390910870,S3-433404050,S3-447970515,S3-488388274,S3-531481703,S3-601628889,S3-640516414,S3-676099020,S3-689689732,S3-707800837,S3-773394035,S3-797227671,S3-812341574,S3-817289127,S3-821448408,S3-899485966,S3-975844530,S3-996353697
S1-910304460	S2-12333592,S2-128977708,S2-129544542,S2-144439859,S2-145707290,S2-153858921,S2-156201214,S2-158219058,S2-161149862,S2-171809752,S2-175979894,S2-195848228,S2-19822643,S2-202565558,S2-204722816,S2-214809471,S2-236270865,S2-24091865,S2-241471621,S2-242202921,S2-278576873,S2-285990201,S2-290642917,S2-300371141,S2-301786103,S2-30346465,S2-303539503,S2-305924357,S2-310906479,S2-318606166,S2-323141563,S2-332065569,S2-334853446,S2-336894041,S2-338480187,S2-343946908,S2-367567690,S2-377627517,S2-379025191,S2-384007294,S2-415122871,S2-426211078,S2-444335139,S2-452256586,S2-461245684,S2-485287717,S2-502667142,S2-541404110,S2-546800811,S2-55522120,S2-565398298,S2-568288491,S2-576231606,S2-580906493,S2-591275514,S2-600167750,S2-607368161,S2-611818041,S2-614281546,S2-615178097,S2-641588877,S2-647214088,S2-652413291,S2-660425162,S2-660785081,S2-660959717,S2-685573431,S2-688226662,S2-690861955,S2-691556553,S2-695656568,S2-695867262,S2-703242703,S2-704162468,S2-707236389,S2-710666175,S2-726328190,S2-728430819,S2-743506610,S2-750130090,S2-750565295,S2-786743849,S2-790679340,S2-796659575,S2-799129436,S2-805437306,S2-817089269,S2-819228001,S2-820507427,S2-835238519,S2-836010911,S2-839957155,S2-843028669,S2-852801190,S2-868021776,S2-875401520,S2-881100554,S2-88453117,S2-908567307,S2-909014023,S2-923794324,S2-931628252,S2-941354832,S2-955196405,S2-968796339,S2-970503564,S2-985420077,S2-986783376,S3-117703137,S3-1252808,S3-134276486,S3-141137085,S3-145735158,S3-151730140,S3-158513648,S3-162708235,S3-179506343,S3-182607332,S3-195966001,S3-20964359,S3-218558842,S3-219649623,S3-240658656,S3-255139126,S3-265404294,S3-286180240,S3-291425816,S3-312986016,S3-319273128,S3-34678123,S3-352437216,S3-356747011,S3-357544556,S3-361596463,S3-366081654,S3-371387363,S3-386341800,S3-395960790,S3-398565738,S3-406449261,S3-413589138,S3-416840550,S3-417483907,S3-418220351,S3-4194761,S3-42532224,S3-434817851,S3-437486736,S3-43883239,S3-457716063,S3-465882290,S3-466384213,S3-472183393,S3-492485855,S3-508346888,S3-510150310,S3-515328031,S3-519636379,S3-532508523,S3-535900935,S3-543417533,S3-548360711,S3-56373601,S3-568353285,S3-571863498,S3-585859326,S3-586057529,S3-58994376,S3-591021280,S3-593428567,S3-594595798,S3-606339079,S3-62009614,S3-62294493,S3-648515640,S3-648724188,S3-648861213,S3-65248519,S3-670348796,S3-676489935,S3-686985005,S3-704344566,S3-71049709,S3-745735180,S3-759622859,S3-765634851,S3-771762557,S3-781809416,S3-791061199,S3-804099752,S3-80997399,S3-816647425,S3-826092293,S3-83356328,S3-836614288,S3-849400447,S3-85518267,S3-86774360,S3-876059113,S3-880830530,S3-919851655,S3-920552657,S3-922698357,S3-943794388,S3-954409317,S3-963565831,S3-967094282,S3-978376025,S3-9912081
S1-912991887	S2-116105988,S2-121024405,S2-231167276,S2-29312169,S2-319968378,S2-338279251,S2-479114525,S2-530068801,S2-563838064,S2-603933664,S2-604090922,S2-619256974,S2-67185839,S2-67749396,S2-68576635,S2-730153752,S2-746652255,S2-766950070,S2-77208759,S2-818619385,S2-863514774,S2-866481716,S2-887041861,S2-894767135,S2-938366265,S2-988169296,S3-115036160,S3-209549166,S3-211001181,S3-299788758,S3-300230310,S3-399984976,S3-406465380,S3-452586382,S3-520548379,S3-604371242,S3-619655728,S3-739265053,S3-780463968,S3-80596125,S3-863742044,S3-920422793,S3-926109943,S3-993991292
S1-914199557	S2-109081367,S2-11706578,S2-130456462,S2-179851605,S2-185023182,S2-222639274,S2-23105264,S2-244173352,S2-282809714,S2-29490304,S2-33619247,S2-351038622,S2-354115676,S2-364189957,S2-377223005,S2-401579097,S2-43376187,S2-438114599,S2-441869283,S2-526156964,S2-545750154,S2-589543599,S2-597746301,S2-607448954,S2-641073586,S2-672449091,S2-673000793,S2-720986854,S2-747599390,S2-757654242,S2-7816206,S2-783046182,S2-8283879,S2-836441382,S2-907548123,S2-967650245,S2-982677883,S2-988544555,S2-998149866,S3-105676558,S3-173444802,S3-189649308,S3-227215929,S3-27971763,S3-313272617,S3-318373764,S3-318605211,S3-348160158,S3-365514494,S3-394879110,S3-421825651,S3-430298469,S3-430902675,S3-457553580,S3-537490161,S3-539386091,S3-577732767,S3-61195441,S3-632862710,S3-669957328,S3-694343054,S3-719036673,S3-746427086,S3-756307487,S3-768709809,S3-787740728,S3-791206919,S3-804838842,S3-818076358,S3-840762345,S3-847337515,S3-886402248,S3-916557400,S3-923356839,S3-930758588,S3-968796644,S3-979913789,S3-981283493
S1-91560764	S2-107652156,S2-110964539,S2-112141719,S2-116817823,S2-130184881,S2-138740659,S2-146036212,S2-171066475,S2-171261896,S2-171419665,S2-174835342,S2-174919225,S2-181339149,S2-195501300,S2-203209397,S2-207119530,S2-217617372,S2-226862098,S2-24049291,S2-247155252,S2-255824012,S2-257777697,S2-261055851,S2-278125049,S2-279592519,S2-302044535,S2-316944629,S2-322762653,S2-324082858,S2-327480903,S2-330970811,S2-338272357,S2-385213494,S2-386952398,S2-391269869,S2-415984209,S2-41987834,S2-42434437,S2-435661348,S2-444316006,S2-461290820,S2-482237843,S2-483282218,S2-485475107,S2-493106941,S2-514719736,S2-517325260,S2-518863464,S2-554568494,S2-557567118,S2-56066534,S2-577406381,S2-589860564,S2-591912649,S2-601474833,S2-608789803,S2-609003329,S2-614412678,S2-616423958,S2-639523636,S2-64908259,S2-651228059,S2-651753036,S2-65542688,S2-660468474,S2-66634248,S2-6907471,S2-740254735,S2-745196959,S2-753021702,S2-768959012,S2-774893195,S2-798212944,S2-809195357,S2-814601654,S2-816922066,S2-822948582,S2-824150327,S2-829034236,S2-833350357,S2-836799709,S2-840238168,S2-848148851,S2-858920535,S2-866085629,S2-90228512,S2-911847508,S2-918584406,S2-959962491,S2-971724900,S2-983372904,S2-989281744,S3-106211624,S3-112926415,S3-12443230,S3-126529276,S3-128497867,S3-132063258,S3-143751025,S3-157325164,S3-165257040,S3-18151101,S3-184571415,S3-188097091,S3-224444148,S3-235059509,S3-239712342,S3-248012881,S3-257099703,S3-262482921,S3-302658770,S3-302719473,S3-316039850,S3-320460227,S3-327158504,S3-333320257,S3-345064847,S3-357609670,S3-373387774,S3-383901432,S3-39386971,S3-419105782,S3-423112676,S3-447266560,S3-469116807,S3-469981209,S3-487436496,S3-4876056,S3-529809335,S3-529850454,S3-531404461,S3-541666308,S3-564285142,S3-574003217,S3-575872469,S3-586440855,S3-587732230,S3-600903315,S3-608189596,S3-608692467,S3-62565940,S3-626510610,S3-629775099,S3-636950329,S3-656607397,S3-657170506,S3-660630150,S3-663253432,S3-668485676,S3-676822934,S3-688113133,S3-689970463,S3-703223006,S3-706020289,S3-732582967,S3-738955008,S3-755582590,S3-763762964,S3-773573553,S3-782490043,S3-806533619,S3-81673223,S3-829531815,S3-839357700,S3-849731240,S3-849840386,S3-851278929,S3-854031302,S3-856092543,S3-871216946,S3-872702866,S3-878948541,S3-883814102,S3-887906443,S3-89903340,S3-915570509,S3-922661760,S3-928743588,S3-936798945,S3-942103149,S3-94839709,S3-948737670,S3-959388762,S3-960831284,S3-990822225,S3-99678099
S1-918127060	S2-11859023,S2-11932311,S2-119697857,S2-12287218,S2-127753705,S2-131933917,S2-137538760,S2-141173872,S2-157281855,S2-163522866,S2-1688362,S2-173468918,S2-177774290,S2-178047401,S2-186605143,S2-190169590,S2-191728213,S2-194139678,S2-20163621,S2-205870756,S2-21559684,S2-23007690,S2-234815564,S2-241396858,S2-248258188,S2-259194616,S2-260284189,S2-273140296,S2-278298994,S2-280643225,S2-280850940,S2-301893405,S2-302454325,S2-310188448,S2-314215099,S2-32073906,S2-323845998,S2-334252415,S2-338339647,S2-346065447,S2-351458167,S2-35900042,S2-36210277,S2-373066961,S2-387372898,S2-404674891,S2-407371910,S2-409972020,S2-413001031,S2-41618040,S2-417881212,S2-418126715,S2-425869191,S2-427133186,S2-429211589,S2-442921829,S2-447558845,S2-451314613,S2-467911499,S2-475940754,S2-497254644,S2-515994383,S2-516215541,S2-522711459,S2-567278377,S2-567425288,S2-570811500,S2-579059665,S2-582368574,S2-592015589,S2-593428206,S2-594148096,S2-624910217,S2-626322443,S2-626869180,S2-641812328,S2-65101648,S2-653818647,S2-65590059,S2-656089630,S2-660139982,S2-661297663,S2-674899323,S2-717022458,S2-718823339,S2-726920276,S2-72734147,S2-732415995,S2-736983951,S2-738463284,S2-763414754,S2-77534779,S2-784150434,S2-78799858,S2-789772576,S2-791492613,S2-80112229,S2-801608659,S2-810428798,S2-815624512,S2-816196078,S2-81682309,S2-821818259,S2-827454322,S2-82811586,S2-886882917,S2-890027071,S2-908758215,S2-912294893,S2-913974745,S2-916965399,S2-91761254,S2-923806590,S2-935677100,S2-942235085,S2-95993554,S2-964540244,S2-965171829,S2-96889032,S2-971110339,S2-971585196,S2-989746951,S2-991734926,S3-101490391,S3-105690054,S3-109063091,S3-111502983,S3-111614789,S3-137485683,S3-140722291,S3-145796597,S3-151318439,S3-174181853,S3-175318460,S3-189143095,S3-192822266,S3-192974441,S3-19539485,S3-198979686,S3-20196478,S3-220561616,S3-221545902,S3-241246280,S3-257219616,S3-260741053,S3-261737824,S3-26177835,S3-274611794,S3-278738678,S3-283982225,S3-288759668,S3-291768727,S3-29253572,S3-303531324,S3-325425558,S3-339436634,S3-340582477,S3-363011157,S3-364725157,S3-373302665,S3-373850247,S3-374205351,S3-382937715,S3-394743455,S3-429222835,S3-436708554,S3-43959643,S3-441374401,S3-452136521,S3-454224107,S3-460980364,S3-464813493,S3-468335303,S3-468345746,S3-468497302,S3-469427049,S3-473667956,S3-47778171,S3-482589275,S3-483756216,S3-502241398,S3-51009225,S3-51345159,S3-535920344,S3-541358362,S3-560728644,S3-604519921,S3-610919237,S3-612153798,S3-612703463,S3-618862552,S3-623081672,S3-628242911,S3-628492351,S3-629341907,S3-631860519,S3-632139101,S3-64605543,S3-650720578,S3-650907270,S3-673342093,S3-686892069,S3-693875557,S3-700897055,S3-703144499,S3-716655673,S3-724986916,S3-727532354,S3-728350253,S3-734694806,S3-744095625,S3-749927497,S3-752716149,S3-752835261,S3-760158552,S3-768154381,S3-770730017,S3-775169423,S3-776459375,S3-777230287,S3-784710794,S3-791706595,S3-802511788,S3-807319557,S3-81009802,S3-815012661,S3-818571323,S3-82157437,S3-833768954,S3-839402783,S3-847869315,S3-85413689,S3-862866111,S3-864249459,S3-86841045,S3-903385499,S3-912292888,S3-915214473,S3-923639997,S3-930572940,S3-9495506,S3-959828877,S3-990397641,S3-999058908
S1-918368145	S2-10329121,S2-108885814,S2-141682941,S2-146793484,S2-147064273,S2-155962452,S2-166387280,S2-17852473,S2-194461324,S2-196377817,S2-219154409,S2-223881780,S2-236440691,S2-238016885,S2-239660493,S2-259348679,S2-266209740,S2-276398128,S2-29284352,S2-29315332,S2-319240295,S2-325509058,S2-325617579,S2-331878359,S2-333194920,S2-353942061,S2-358233641,S2-385945019,S2-392576243,S2-396034987,S2-41220818,S2-430616218,S2-431367188,S2-445547333,S2-448622556,S2-459041506,S2-476488700,S2-481825555,S2-492141483,S2-506409064,S2-508464172,S2-51772590,S2-517813981,S2-529853160,S2-542858348,S2-543436452,S2-551402076,S2-566674281,S2-579195868,S2-593563499,S2-594542545,S2-609480211,S2-624770231,S2-631056936,S2-632106836,S2-645685696,S2-648346180,S2-656626027,S2-662129822,S2-671657562,S2-681435581,S2-682178412,S2-687279847,S2-68773989,S2-720413398,S2-722285528,S2-723497082,S2-726353993,S2-726579186,S2-740383290,S2-743034244,S2-764379957,S2-768002363,S2-773891102,S2-809882760,S2-812921973,S2-814383951,S2-82193534,S2-825657399,S2-846087944,S2-853001978,S2-858653182,S2-863387549,S2-864468433,S2-866495311,S2-868912164,S2-871596333,S2-87887912,S2-883908143,S2-884343763,S2-892461838,S2-903749483,S2-905412610,S2-914745160,S2-919017128,S2-934976686,S2-952384198,S2-965282433,S2-978639516,S2-980849820,S2-982279994,S2-98478322,S2-989630609,S3-126335282,S3-133604629,S3-15511494,S3-168552518,S3-192434010,S3-204040590,S3-215213177,S3-223818885,S3-251188058,S3-282662701,S3-304144806,S3-315888024,S3-318823978,S3-35631904,S3-364090879,S3-38119034,S3-384316532,S3-393917584,S3-395818738,S3-399451897,S3-42841777,S3-437103227,S3-450078259,S3-458294739,S3-462741004,S3-463244532,S3-463359382,S3-473932397,S3-529118088,S3-533512250,S3-533773782,S3-553006319,S3-557488750,S3-5723983,S3-575849522,S3-580949447,S3-584873597,S3-625435521,S3-636431014,S3-64830620,S3-652099494,S3-654701550,S3-657873004,S3-67494986,S3-694799848,S3-696189524,S3-699352617,S3-703408211,S3-740119517,S3-743021323,S3-771720161,S3-775092756,S3-7760328,S3-777518393,S3-79288670,S3-799090790,S3-818196861,S3-829528905,S3-832937187,S3-839414113,S3-841678331,S3-850754135,S3-852935904,S3-877628071,S3-894941586,S3-916422476,S3-934206621,S3-935487293,S3-938736554,S3-959836664,S3-962686124,S3-971686579,S3-972067455,S3-982020508,S3-984340352,S3-987374668,S3-998740819
S1-925859038	S2-126259516,S2-131057601,S2-133880040,S2-15294038,S2-173349447,S2-176502955,S2-189709988,S2-191871251,S2-193343621,S2-217643165,S2-225367976,S2-228988252,S2-287138496,S2-29222170,S2-341598010,S2-34593864,S2-350517822,S2-351904666,S2-356088855,S2-379556174,S2-383142831,S2-397316310,S2-408112012,S2-408209415,S2-415086385,S2-415501157,S2-421783767,S2-476381043,S2-482780868,S2-484562192,S2-490152883,S2-498575670,S2-500829495,S2-500829933,S2-512820013,S2-528414871,S2-530661373,S2-560478880,S2-563485353,S2-565749893,S2-57666673,S2-587301162,S2-593326599,S2-602217772,S2-60647600,S2-644366953,S2-655959386,S2-66958770,S2-686153249,S2-709374170,S2-718486347,S2-718980283,S2-72583296,S2-734114314,S2-734138747,S2-792725945,S2-80359996,S2-811899638,S2-822558102,S2-829761178,S2-835711913,S2-836526825,S2-837267850,S2-840755912,S2-849501888,S2-860620099,S2-894266595,S2-911498758,S2-932405800,S2-958522294,S2-965799989,S2-986306402,S2-986593747,S2-987841216,S2-988884030,S3-107215361,S3-148462268,S3-149509184,S3-17240739,S3-173526406,S3-202657503,S3-203112861,S3-204112313,S3-214992334,S3-225981647,S3-267452423,S3-293070218,S3-296408730,S3-325366018,S3-331498711,S3-339515363,S3-348582479,S3-362365885,S3-369969822,S3-38397878,S3-395503193,S3-411054364,S3-41508858,S3-422229637,S3-442419264,S3-469257070,S3-479482303,S3-560121095,S3-563914251,S3-606968298,S3-609885049,S3-610343362,S3-621102813,S3-634291892,S3-643856575,S3-674920609,S3-682162355,S3-703173237,S3-710965660,S3-715479750,S3-717024952,S3-731462147,S3-73698781,S3-746203121,S3-757442827,S3-768661140,S3-772734088,S3-773832202,S3-79006622,S3-800160880,S3-801822551,S3-803088859,S3-818934573,S3-822758793,S3-836746765,S3-84187178,S3-847229638,S3-851450827,S3-852572313,S3-858942471,S3-864067870,S3-87029913,S3-903971598,S3-927465624,S3-93450530,S3-942618583,S3-947320540,S3-970831769
S1-927470261	S2-109165583,S2-117173582,S2-125854340,S2-132632830,S2-155859742,S2-19572182,S2-212579196,S2-322053301,S2-332735005,S2-335747637,S2-339000143,S2-368275267,S2-368800048,S2-36980301,S2-380612716,S2-416336571,S2-434867250,S2-449121227,S2-482203082,S2-532996097,S2-555627289,S2-565566169,S2-566200050,S2-570589112,S2-616909829,S2-641610420,S2-65824658,S2-677116801,S2-712278954,S2-712850209,S2-715110082,S2-734424334,S2-744341452,S2-746778292,S2-76231321,S2-777685025,S2-783970728,S2-791210400,S2-802409039,S2-855274948,S2-861361793,S2-876879425,S2-89367606,S2-922766988,S2-941654124,S2-947676509,S2-951604023,S2-977757261,S2-99154597,S3-102850775,S3-10503682,S3-157311341,S3-208629808,S3-208644608,S3-216242264,S3-232816318,S3-239173438,S3-244880082,S3-278966617,S3-298816418,S3-318783788,S3-328578687,S3-338559662,S3-341204666,S3-36173536,S3-385303644,S3-416362244,S3-432277375,S3-439388715,S3-484979836,S3-499983262,S3-514298261,S3-529621280,S3-531665527,S3-533896370,S3-564524749,S3-56775469,S3-587013623,S3-612163436,S3-64244639,S3-643049916,S3-651599107,S3-699489543,S3-700672282,S3-729292410,S3-729965075,S3-73453593,S3-735395436,S3-7362715,S3-740458088,S3-741911317,S3-744848316,S3-75962345,S3-77591573,S3-797213095,S3-804419407,S3-8142388,S3-844687133,S3-861429744,S3-879397220,S3-892064533,S3-90049602,S3-904953260,S3-945359352,S3-957654768,S3-959473545,S3-961114414,S3-984227106,S3-995475760
S1-934706080	S2-103645042,S2-132892516,S2-147269666,S2-148122854,S2-197949186,S2-265969469,S2-268709201,S2-274441561,S2-289146688,S2-304376649,S2-314054203,S2-31591282,S2-317096651,S2-392604560,S2-41578486,S2-426717761,S2-467526055,S2-476347379,S2-539797174,S2-549374922,S2-635108372,S2-659274321,S2-716867071,S2-725806823,S2-728134046,S2-728326356,S2-804043225,S2-873641158,S2-891738529,S2-89870532,S2-90918808,S2-9502202,S2-965747237,S3-103778489,S3-105427836,S3-118291219,S3-139028483,S3-151185892,S3-169242509,S3-17738343,S3-214128377,S3-23742372,S3-269221050,S3-275756932,S3-331810224,S3-34390721,S3-347357569,S3-350674160,S3-35982028,S3-374278730,S3-380997270,S3-381006112,S3-408320209,S3-470618773,S3-477999931,S3-514415457,S3-517651887,S3-565946375,S3-574452823,S3-623020179,S3-641202910,S3-645260548,S3-666067742,S3-669120269,S3-698308878,S3-745966455,S3-764278779,S3-771269350,S3-844372120,S3-863588926,S3-873194794,S3-900037046,S3-935635035,S3-937827035,S3-959649474,S3-968634827,S3-989453763,S3-997598419
S1-940151781	S2-10245084,S2-104609059,S2-11843593,S2-137176902,S2-143989939,S2-15723193,S2-159212740,S2-1688767,S2-18748568,S2-215293768,S2-215932176,S2-217517700,S2-221004036,S2-227653194,S2-23136141,S2-234028234,S2-236175549,S2-242668495,S2-259558151,S2-291215900,S2-30069497,S2-321687930,S2-333061884,S2-339599306,S2-35304214,S2-353663072,S2-386797225,S2-390401376,S2-402144865,S2-403973708,S2-417035426,S2-418262063,S2-423036029,S2-427007215,S2-428049585,S2-43530966,S2-436462910,S2-442721450,S2-451058963,S2-458573170,S2-462026698,S2-474288845,S2-477047839,S2-482001237,S2-484983068,S2-485315933,S2-490804256,S2-493925530,S2-515383635,S2-520296970,S2-529069617,S2-532944314,S2-53323783,S2-53781915,S2-543591352,S2-580086425,S2-585327195,S2-58600716,S2-590880345,S2-593651359,S2-597747284,S2-59779393,S2-601043909,S2-602436412,S2-611873841,S2-611880740,S2-624937384,S2-625571325,S2-668354866,S2-681609154,S2-693289416,S2-694614035,S2-694711213,S2-722864223,S2-723622932,S2-789930307,S2-823083498,S2-841634157,S2-85684173,S2-857713075,S2-859235920,S2-873145664,S2-901526595,S2-908657964,S2-924472098,S2-925862598,S2-932967635,S2-936659170,S2-967768590,S2-977315039,S2-980130596,S2-988836321,S2-997177842,S3-114981628,S3-123160257,S3-124851143,S3-131953055,S3-141015052,S3-157681923,S3-158821624,S3-160185903,S3-169211592,S3-17848974,S3-196514198,S3-201447424,S3-220006982,S3-229513542,S3-234145780,S3-237505439,S3-245137909,S3-245730965,S3-267032280,S3-273081980,S3-275876378,S3-279266020,S3-279915660,S3-288171421,S3-296046415,S3-311935396,S3-317994931,S3-31939033,S3-323864149,S3-325009629,S3-332704877,S3-335436498,S3-341802433,S3-343355080,S3-346278510,S3-349299710,S3-350023352,S3-356210596,S3-366469524,S3-370434075,S3-371715677,S3-392651026,S3-393408139,S3-394874458,S3-415603449,S3-418120441,S3-421263083,S3-465749272,S3-468963566,S3-471344030,S3-472547484,S3-473919900,S3-479899946,S3-482119840,S3-485177820,S3-487426693,S3-489031200,S3-489732333,S3-494479361,S3-497775372,S3-506184824,S3-509285277,S3-509424943,S3-555278693,S3-564771025,S3-566714761,S3-580407501,S3-5887943,S3-59421956,S3-597458246,S3-609608795,S3-610914877,S3-619856289,S3-627874261,S3-628039664,S3-63205644,S3-642993326,S3-64520638,S3-646759060,S3-688031281,S3-691646006,S3-702896078,S3-704836706,S3-706862214,S3-708689317,S3-720938468,S3-721777324,S3-726158170,S3-728004916,S3-729358678,S3-734601901,S3-743498032,S3-747848066,S3-753720938,S3-770235454,S3-774011243,S3-776970310,S3-782894272,S3-78932447,S3-804714904,S3-811596564,S3-829543682,S3-833861012,S3-841583929,S3-878337788,S3-889923949,S3-893370203,S3-916031942,S3-917720305,S3-919109864,S3-921449196,S3-925027243,S3-933900615,S3-963999132,S3-966605635,S3-966621109,S3-983507113,S3-997954456
S1-941108817	S2-116360248,S2-1384658,S2-148325253,S2-153245225,S2-183741906,S2-223486011,S2-226835857,S2-245448632,S2-256435640,S2-25677810,S2-277195930,S2-286005385,S2-299030584,S2-301079086,S2-314357547,S2-31641583,S2-326979637,S2-327305818,S2-32745374,S2-33246375,S2-345794764,S2-349841117,S2-36335581,S2-379958282,S2-381055296,S2-395857687,S2-422959469,S2-439554928,S2-455871992,S2-480654849,S2-488644301,S2-520177169,S2-524514857,S2-537416918,S2-546108465,S2-555434078,S2-563957953,S2-565638216,S2-569319293,S2-581840575,S2-583309660,S2-589651846,S2-60943202,S2-611495852,S2-624636284,S2-658728357,S2-660145004,S2-661702842,S2-671270040,S2-672777312,S2-683691606,S2-697641488,S2-70823733,S2-718244033,S2-718369956,S2-723708641,S2-762919946,S2-770737884,S2-777494987,S2-778364793,S2-789624339,S2-821001914,S2-845467994,S2-877502471,S2-898078257,S2-904977210,S2-935463738,S2-958934616,S2-982914504,S2-994810423,S2-999370649,S3-113769820,S3-124234859,S3-130183293,S3-135159924,S3-145963178,S3-149289652,S3-161744241,S3-174558418,S3-183417067,S3-188677555,S3-195646098,S3-227793147,S3-232358165,S3-245832524,S3-256085058,S3-263450147,S3-264181820,S3-265685962,S3-275861127,S3-276924470,S3-279353175,S3-290177438,S3-303751179,S3-306921343,S3-312749738,S3-31299279,S3-318402877,S3-330443996,S3-332593390,S3-340313113,S3-340974591,S3-355720613,S3-365610540,S3-376207612,S3-386035868,S3-395138598,S3-396842373,S3-436216735,S3-436921042,S3-461215112,S3-472653985,S3-47375145,S3-479379905,S3-479749452,S3-491783592,S3-494325383,S3-509440438,S3-518166840,S3-519176410,S3-540021999,S3-546849500,S3-548896355,S3-581521268,S3-586183036,S3-593699514,S3-600363748,S3-641772249,S3-645940714,S3-668838825,S3-684474117,S3-686025916,S3-699654591,S3-69999042,S3-723332815,S3-750724903,S3-787368002,S3-807644805,S3-809730287,S3-813270207,S3-828484172,S3-83008508,S3-839264967,S3-884203138,S3-906368554,S3-90916033,S3-920713190,S3-954124973,S3-962950016,S3-973552894,S3-976409443,S3-97664799,S3-979913866,S3-989254702,S3-991465949,S3-994480112
S1-941261133	S2-106430215,S2-106700347,S2-115306413,S2-119270500,S2-128288782,S2-129720184,S2-130162760,S2-136829299,S2-14888954,S2-151506126,S2-151905054,S2-155938447,S2-161477117,S2-162193014,S2-174059188,S2-186314514,S2-18676462,S2-187338783,S2-195526957,S2-206881931,S2-215080425,S2-225205275,S2-225644124,S2-231802418,S2-240968324,S2-247007543,S2-260377511,S2-26607094,S2-271896676,S2-272275055,S2-27669221,S2-277346750,S2-279061066,S2-315492172,S2-318267996,S2-31864275,S2-31930712,S2-327600777,S2-329613115,S2-335043537,S2-33801578,S2-343943820,S2-348824147,S2-355458018,S2-361099547,S2-372090044,S2-385352384,S2-392563399,S2-404312736,S2-405709242,S2-410022555,S2-411900095,S2-436594758,S2-437422773,S2-442898659,S2-445728285,S2-448178334,S2-459149722,S2-466959738,S2-476273555,S2-48200624,S2-490706949,S2-494746474,S2-499603743,S2-509910000,S2-516574895,S2-520066198,S2-521491322,S2-5222710,S2-527106408,S2-533476979,S2-536070529,S2-584630027,S2-58481207,S2-588333613,S2-595669159,S2-597270870,S2-602403933,S2-615319678,S2-627598781,S2-627658365,S2-640221505,S2-641524491,S2-671977081,S2-672658424,S2-674706234,S2-674796740,S2-678681027,S2-689876453,S2-694395679,S2-696554235,S2-698260656,S2-700598729,S2-704568036,S2-743897788,S2-754820639,S2-757537721,S2-77491426,S2-779241585,S2-785430151,S2-804642281,S2-80706826,S2-821769080,S2-822085774,S2-823068970,S2-825506422,S2-825990358,S2-831262912,S2-83203538,S2-848293025,S2-868573648,S2-886932524,S2-898190247,S2-902308972,S2-903981179,S2-904154937,S2-912393629,S2-921354785,S2-932191210,S2-947129437,S2-956621697,S2-958530858,S2-959293229,S2-962989194,S2-98643278,S2-988348692,S3-110203574,S3-110402962,S3-120466537,S3-126960843,S3-135839547,S3-142540771,S3-148778638,S3-162422841,S3-167190835,S3-182655380,S3-186672203,S3-191794151,S3-192129105,S3-192384309,S3-212454139,S3-212613926,S3-216024641,S3-220954044,S3-226460908,S3-239009241,S3-241003318,S3-249519150,S3-252430382,S3-257014570,S3-263394966,S3-265259460,S3-281359443,S3-286286542,S3-290826354,S3-292885287,S3-298310615,S3-300478968,S3-30191818,S3-304324545,S3-30562414,S3-315223961,S3-31716023,S3-323822231,S3-332068664,S3-335658519,S3-350678506,S3-352243939,S3-360333634,S3-372312408,S3-405059284,S3-407669148,S3-431074884,S3-433888629,S3-447716172,S3-452499325,S3-454931340,S3-46821146,S3-476738704,S3-486564988,S3-490499663,S3-494980476,S3-500741737,S3-504176918,S3-508712415,S3-514307625,S3-521574443,S3-529148177,S3-530914011,S3-537788773,S3-53888615,S3-548177648,S3-562313089,S3-587186359,S3-614447219,S3-618661721,S3-625646347,S3-644980358,S3-656008026,S3-668982913,S3-678573237,S3-683096436,S3-68825610,S3-689169733,S3-6915602,S3-696441813,S3-699700486,S3-706778246,S3-7081042,S3-713435994,S3-71606698,S3-730148319,S3-732836535,S3-73693435,S3-737061264,S3-73762438,S3-738953043,S3-740848711,S3-748111003,S3-766250393,S3-769829641,S3-772893714,S3-774886683,S3-778889697,S3-784575405,S3-784969535,S3-794947466,S3-800545368,S3-802020317,S3-806990693,S3-808365200,S3-810706219,S3-823962862,S3-824581974,S3-825411296,S3-827821346,S3-829669497,S3-832828299,S3-841466480,S3-843312009,S3-854194976,S3-859485915,S3-873132986,S3-878145273,S3-883700431,S3-884357825,S3-88609968,S3-902532453,S3-911366540,S3-91175102,S3-913471668,S3-935553797,S3-936884281,S3-953338057,S3-956844324,S3-961168633,S3-962049192,S3-968637916,S3-969319368,S3-973195807,S3-979070625,S3-984688163,S3-987678352,S3-999402442
S1-948342376	S2-104598516,S2-122875878,S2-130624124,S2-136930142,S2-139242132,S2-149166145,S2-161071034,S2-17862130,S2-182753199,S2-229756046,S2-265454703,S2-271153884,S2-313782069,S2-313967774,S2-327875173,S2-390947432,S2-422002424,S2-443020664,S2-448850957,S2-47517892,S2-546680376,S2-567900414,S2-584928605,S2-635000055,S2-641843102,S2-672612884,S2-729668340,S2-730316639,S2-758665146,S2-76000728,S2-773856219,S2-791500636,S2-796412776,S2-811001861,S2-819693645,S2-832016429,S2-845677304,S2-869734125,S2-880510146,S2-896347702,S2-907481165,S2-915442578,S2-935330282,S2-966576108,S2-989533855,S3-101884380,S3-121885716,S3-136794630,S3-136834617,S3-138329824,S3-13987962,S3-143785901,S3-166881612,S3-195111962,S3-214045044,S3-222621018,S3-229570063,S3-243086583,S3-251133523,S3-255146336,S3-265368693,S3-277578170,S3-289214590,S3-305579062,S3-307687736,S3-337107624,S3-35288389,S3-381058595,S3-383709499,S3-414985225,S3-437763901,S3-462036653,S3-46789556,S3-46972778,S3-49282597,S3-499687859,S3-54155346,S3-546401297,S3-558963597,S3-565827250,S3-58161073,S3-583099222,S3-615332713,S3-622169517,S3-650709504,S3-654148672,S3-679729897,S3-682616019,S3-683257221,S3-696373748,S3-700788247,S3-704075391,S3-72434992,S3-742715490,S3-744666358,S3-750598650,S3-775046508,S3-800000600,S3-800436996,S3-841312509,S3-851089385,S3-853140600,S3-854361988,S3-854527337,S3-872129101,S3-873217285,S3-874731507,S3-896764154,S3-902742385,S3-91024987,S3-922722588,S3-92854624,S3-929337226,S3-936889840,S3-967273908,S3-969239896,S3-980393726,S3-996357135,S3-999659805
S1-951433056	S2-11462180,S2-129394434,S2-13557963,S2-180665375,S2-20071255,S2-259899519,S2-271673649,S2-333681482,S2-334274931,S2-363217866,S2-391195966,S2-398388666,S2-427270235,S2-431259128,S2-451583071,S2-470370350,S2-47438666,S2-475673180,S2-48468710,S2-491675548,S2-493573360,S2-532796331,S2-553635389,S2-563493524,S2-618875993,S2-659704581,S2-660240094,S2-678930364,S2-682152474,S2-68836713,S2-734800799,S2-788494060,S2-795362769,S2-806776402,S2-814717316,S2-849235537,S2-877984781,S2-908843592,S2-949351129,S2-949719348,S2-981668083,S3-18360102,S3-185426659,S3-19886246,S3-203650400,S3-205183550,S3-229461538,S3-255333019,S3-266716213,S3-278377913,S3-27879856,S3-299602939,S3-318157570,S3-340348866,S3-364604581,S3-380715773,S3-388138251,S3-519245521,S3-522061875,S3-570553955,S3-695865804,S3-702228959,S3-724818075,S3-754962706,S3-76672901,S3-81344805,S3-819202530,S3-952576492,S3-988180409,S3-99746792,S3-998237845
S1-951832034	S2-108367015,S2-110400832,S2-118635927,S2-127542138,S2-129779385,S2-130039867,S2-139829591,S2-151488894,S2-168823500,S2-175994230,S2-217197984,S2-218224010,S2-232921037,S2-246479809,S2-247775031,S2-252491502,S2-253953670,S2-264401480,S2-264948943,S2-269538349,S2-270474421,S2-273616863,S2-274864432,S2-278562250,S2-279272489,S2-280483217,S2-28632379,S2-286687334,S2-297766866,S2-31554972,S2-316129225,S2-337739648,S2-347375048,S2-355148549,S2-368600579,S2-381695473,S2-385116499,S2-388105400,S2-389141539,S2-393478558,S2-393738952,S2-394219198,S2-399495010,S2-408677307,S2-431068285,S2-439717391,S2-454683465,S2-462129984,S2-476007595,S2-486996394,S2-491614508,S2-503124522,S2-506852455,S2-508344741,S2-517380058,S2-519406361,S2-524133361,S2-524334325,S2-53486803,S2-536573007,S2-546632501,S2-551219294,S2-554851346,S2-56633602,S2-572172893,S2-59973599,S2-606331893,S2-636036755,S2-654255700,S2-656249818,S2-657466864,S2-670322387,S2-67174906,S2-672910100,S2-676356909,S2-676795830,S2-681448763,S2-691046787,S2-693947678,S2-703437301,S2-715130091,S2-716644572,S2-722968279,S2-728693074,S2-732360450,S2-734585733,S2-735867159,S2-74192480,S2-742655579,S2-759685071,S2-762814411,S2-772319013,S2-772600211,S2-774535028,S2-774955503,S2-801977063,S2-809960255,S2-813333739,S2-82078641,S2-828806202,S2-837128602,S2-859388923,S2-86924423,S2-877449348,S2-882612494,S2-888085234,S2-898872144,S2-901620768,S2-906145129,S2-914972943,S2-91617654,S2-917696030,S2-920305090,S2-94101210,S2-944448184,S2-959650932,S2-961290853,S2-968491572,S2-976130730,S2-98936611,S2-995115593,S2-996922023,S3-109415031,S3-123001479,S3-127460604,S3-129944348,S3-132660042,S3-136362999,S3-142713705,S3-182851445,S3-185054538,S3-185098102,S3-188737940,S3-190229139,S3-19738612,S3-208055196,S3-208362897,S3-211415076,S3-219753403,S3-222966632,S3-240361451,S3-240529208,S3-244880345,S3-263218248,S3-268040687,S3-269055145,S3-276877457,S3-287163256,S3-294359316,S3-29577859,S3-306494256,S3-308770597,S3-309456805,S3-312576024,S3-321345631,S3-322746341,S3-324173193,S3-329565412,S3-33662181,S3-338810162,S3-339302247,S3-341336988,S3-343997934,S3-350776509,S3-354212418,S3-356903887,S3-360200510,S3-36788333,S3-370083456,S3-370872233,S3-371924172,S3-380460986,S3-387661410,S3-390749147,S3-394207934,S3-399939153,S3-402101530,S3-402629554,S3-412669422,S3-413884615,S3-424785543,S3-425742464,S3-425806893,S3-431501291,S3-439534525,S3-439761155,S3-441664858,S3-441837251,S3-446315313,S3-447965905,S3-448410650,S3-452814852,S3-45548142,S3-472965307,S3-47685136,S3-486378533,S3-490028823,S3-499209733,S3-50385833,S3-506396128,S3-51230522,S3-512574887,S3-514850351,S3-517456150,S3-518625064,S3-544021134,S3-550236851,S3-562880482,S3-568159600,S3-595953025,S3-600725818,S3-602264576,S3-615554793,S3-615739048,S3-617637059,S3-619917180,S3-624808148,S3-653165585,S3-654362759,S3-655762905,S3-656646373,S3-666515046,S3-673393046,S3-677889711,S3-688347999,S3-691115047,S3-693594724,S3-711355536,S3-726889133,S3-75791208,S3-762599185,S3-764482484,S3-814747391,S3-818361788,S3-819243804,S3-829383159,S3-835099905,S3-845426456,S3-859974809,S3-87218683,S3-875119058,S3-875209541,S3-898400976,S3-91090680,S3-911490198,S3-919024067,S3-923761615,S3-935824857,S3-937285933,S3-939644118,S3-942993831,S3-943145227,S3-945062617,S3-947046154,S3-947637889,S3-949247053,S3-963242611,S3-983593374,S3-991231573,S3-995448720
S1-955841937	S2-116752043,S2-204583116,S2-249151008,S2-32450101,S2-327303265,S2-336600729,S2-531913370,S2-778273357,S2-789560795,S2-888693470,S2-9489691,S3-16703757,S3-180019458,S3-303712116,S3-375744778,S3-390943538,S3-393707245,S3-520424099,S3-586680996,S3-696083310,S3-709155747,S3-795119734,S3-818079774,S3-845465785,S3-959666195
S1-963274337	S2-119604501,S2-131857813,S2-231718266,S2-272873790,S2-290754192,S2-363246617,S2-375534973,S2-398223191,S2-446930748,S2-472722089,S2-484272024,S2-499181291,S2-511258746,S2-556705093,S2-559589496,S2-627919665,S2-655514642,S2-784202399,S2-795558054,S2-835400301,S2-920487458,S2-957351083,S2-969439710,S3-107468767,S3-13539994,S3-143042343,S3-161246189,S3-167437621,S3-216935660,S3-236281500,S3-310676200,S3-322837419,S3-428338,S3-445923981,S3-553639586,S3-556963164,S3-577291053,S3-683422064,S3-79796887,S3-823775700,S3-847704829,S3-932431993,S3-940110775,S3-959527956,S3-971013396,S3-977111228
S1-96425143	S2-100732597,S2-10196805,S2-140766230,S2-142858962,S2-161344637,S2-188470217,S2-197724554,S2-24131282,S2-243582904,S2-244636179,S2-253080864,S2-321892070,S2-329642165,S2-331877403,S2-345754723,S2-352567050,S2-35963343,S2-363585945,S2-383466520,S2-383991975,S2-405109086,S2-424565367,S2-42713053,S2-427865559,S2-433039348,S2-435985191,S2-44329130,S2-464370527,S2-472504348,S2-479520561,S2-509723172,S2-520394421,S2-529321061,S2-537128930,S2-553087606,S2-55944928,S2-560918036,S2-573648107,S2-574162549,S2-589482006,S2-598717675,S2-602796953,S2-615925539,S2-624392446,S2-634637440,S2-639503159,S2-668143466,S2-669639998,S2-676250112,S2-696558905,S2-698489295,S2-699569678,S2-709046191,S2-730292807,S2-747914717,S2-756435411,S2-764075832,S2-801061854,S2-806856543,S2-809777093,S2-82020259,S2-829437744,S2-831531588,S2-863517638,S2-883684247,S2-884033196,S2-892942824,S2-899878545,S2-927679711,S2-934169694,S2-971806463,S2-972321868,S3-109283787,S3-136286685,S3-137950089,S3-179541513,S3-183574654,S3-200950602,S3-204661202,S3-241594060,S3-261871036,S3-288346992,S3-289521840,S3-310500823,S3-311035281,S3-317631667,S3-328572086,S3-348902408,S3-354445614,S3-374372445,S3-374644530,S3-377990449,S3-397074779,S3-407965824,S3-424873584,S3-43220958,S3-433033303,S3-434024501,S3-434091830,S3-449957221,S3-450068594,S3-451551076,S3-464928860,S3-467954312,S3-493419276,S3-49515610,S3-504858337,S3-507064371,S3-508042898,S3-515145115,S3-533786303,S3-549414435,S3-555969480,S3-561760621,S3-583788441,S3-584101856,S3-595553722,S3-59707585,S3-597488703,S3-626429811,S3-642355628,S3-646255700,S3-652639423,S3-705346891,S3-706387654,S3-719189316,S3-721195938,S3-730191024,S3-763360830,S3-785483336,S3-790505636,S3-796732866,S3-80150769,S3-806168429,S3-807771873,S3-810476841,S3-818824207,S3-827596291,S3-83587990,S3-843331461,S3-847871847,S3-848675641,S3-859344821,S3-882007326,S3-885483241,S3-888410222,S3-896421055,S3-89898322,S3-91357671,S3-913795104,S3-953378970,S3-957993009,S3-960069585,S3-962609670,S3-980520558,S3-984544254,S3-984609390,S3-986456426,S3-994336556,S3-995039071
S1-973078151	S2-100531050,S2-10566299,S2-134731513,S2-140568647,S2-156856285,S2-156923857,S2-170750612,S2-196717354,S2-212387104,S2-215409180,S2-220359603,S2-23307073,S2-238069671,S2-249614018,S2-251664939,S2-266835684,S2-273664724,S2-293388023,S2-300247684,S2-310679751,S2-312147882,S2-313926033,S2-318426994,S2-320187778,S2-328480200,S2-332135290,S2-334104245,S2-34597069,S2-351922669,S2-353194610,S2-364393656,S2-364414394,S2-364841286,S2-385675784,S2-385830987,S2-387177930,S2-409334768,S2-419679589,S2-441071160,S2-449139619,S2-454778328,S2-460157443,S2-467476637,S2-482746717,S2-499240354,S2-514933049,S2-517469621,S2-520636186,S2-540196576,S2-548174167,S2-550118711,S2-553010125,S2-563801348,S2-564638727,S2-613224956,S2-618057706,S2-622606409,S2-624475634,S2-647489455,S2-669404148,S2-674740094,S2-693331755,S2-701309342,S2-701978749,S2-711204959,S2-712573913,S2-719877289,S2-732411733,S2-735335136,S2-749090565,S2-766852413,S2-769463338,S2-773316747,S2-777944562,S2-790538657,S2-796780089,S2-801993548,S2-808270549,S2-813259872,S2-827174493,S2-853553146,S2-875678712,S2-876791444,S2-911206190,S2-917264776,S2-918402699,S2-92502701,S2-944074112,S2-953004423,S2-979310766,S3-138073955,S3-139380548,S3-141995153,S3-150072618,S3-158471247,S3-180455006,S3-185644173,S3-210875142,S3-218094577,S3-24242964,S3-245980905,S3-24610812,S3-255730963,S3-260293646,S3-262143727,S3-268273422,S3-29968408,S3-306862632,S3-321971042,S3-327689169,S3-329344573,S3-335770521,S3-356601422,S3-368790949,S3-421846115,S3-429207372,S3-431190858,S3-439312690,S3-446855424,S3-451012162,S3-463587325,S3-463818992,S3-47344582,S3-47565197,S3-48915752,S3-49453520,S3-498879465,S3-501725775,S3-502170900,S3-50532586,S3-508155927,S3-513274791,S3-544763532,S3-545062902,S3-559728240,S3-560066790,S3-568714033,S3-569119785,S3-571634714,S3-577810236,S3-585857444,S3-617373748,S3-617865788,S3-628900973,S3-628986407,S3-696094266,S3-704839043,S3-716196041,S3-716696125,S3-720071704,S3-739797956,S3-759181449,S3-763927433,S3-771077189,S3-774226009,S3-782405504,S3-794195966,S3-799436499,S3-81768175,S3-834139698,S3-841427899,S3-852262175,S3-855377295,S3-870832990,S3-90813477,S3-945060371,S3-959875502,S3-972510626,S3-993235749
S1-975412735	S2-116125115,S2-160071093,S2-268422575,S2-309633767,S2-510495329,S2-596776363,S2-688089654,S2-784038194,S3-178845288,S3-313145515,S3-454316628,S3-718394850,S3-806412028,S3-858071107,S3-959320078
S1-976485117	S2-106658288,S2-12877835,S2-213472002,S2-267192095,S2-284497406,S2-302708756,S2-318306775,S2-327088070,S2-337186652,S2-366865046,S2-392742085,S2-428861135,S2-468196880,S2-642010826,S2-742581448,S2-88556496,S2-943840126,S2-949804185,S3-115611516,S3-134037985,S3-158047009,S3-183669501,S3-183785862,S3-229686554,S3-238637738,S3-300104804,S3-300802275,S3-307537172,S3-308913532,S3-312870428,S3-379792941,S3-423596561,S3-435706085,S3-45993888,S3-474039117,S3-675128574,S3-680654582,S3-722371593,S3-76938773,S3-920032449,S3-937089507
S1-979621542	S2-12991038,S2-134380219,S2-139000433,S2-141605172,S2-163259827,S2-17205398,S2-175020574,S2-175236420,S2-179807278,S2-185872008,S2-190522559,S2-194475130,S2-196613536,S2-201950422,S2-204419817,S2-205027690,S2-206939091,S2-207909802,S2-224506897,S2-237567475,S2-244696558,S2-244721476,S2-25365194,S2-260568788,S2-264391392,S2-291660254,S2-292743977,S2-294368364,S2-300432180,S2-302005228,S2-317445761,S2-325933900,S2-332141362,S2-338606239,S2-341229606,S2-342126996,S2-352406915,S2-375399497,S2-386501702,S2-413282671,S2-414152449,S2-435239153,S2-435313949,S2-449665250,S2-451805074,S2-456166573,S2-457197782,S2-476074339,S2-476666206,S2-487033263,S2-487702680,S2-488743141,S2-49147003,S2-519011149,S2-519492332,S2-521615016,S2-528172648,S2-549885912,S2-5553664,S2-561666518,S2-582017671,S2-583147541,S2-588019719,S2-59921192,S2-606590518,S2-606641938,S2-618035553,S2-635411972,S2-649454752,S2-650861468,S2-657902861,S2-658300587,S2-6645057,S2-665994287,S2-67769944,S2-683351435,S2-687936401,S2-699161351,S2-711475309,S2-728952870,S2-746186822,S2-749265081,S2-764620303,S2-777055581,S2-7772110,S2-783679625,S2-786306409,S2-78875904,S2-791768325,S2-829393252,S2-829775943,S2-855186157,S2-863813287,S2-869512672,S2-869620023,S2-875475843,S2-875532234,S2-881136689,S2-884242656,S2-890916455,S2-893360617,S2-894815867,S2-895167134,S2-91807172,S2-927073903,S2-939878538,S2-945233776,S2-961627213,S2-982082369,S2-985393264,S2-997987743,S3-167416811,S3-191039066,S3-197282184,S3-230969842,S3-266830838,S3-315989076,S3-321236794,S3-354896524,S3-41764179,S3-46829445,S3-514346586,S3-536475049,S3-604921742,S3-607276165,S3-608448511,S3-656359156,S3-663499752,S3-681736651,S3-809456175,S3-854555236,S3-892261980,S3-942453369,S3-974817734,S3-999133820
S1-984429646	S2-104429172,S2-115346527,S2-126613391,S2-130015606,S2-14944443,S2-154443667,S2-154856543,S2-156201836,S2-15794635,S2-164528002,S2-195590774,S2-195731736,S2-214874371,S2-216061578,S2-228310371,S2-243013470,S2-246115455,S2-247879510,S2-258653559,S2-25956410,S2-264329818,S2-266968989,S2-279414263,S2-284033976,S2-292038124,S2-298699771,S2-311226996,S2-321013250,S2-328359583,S2-32946548,S2-336841729,S2-337643335,S2-337708477,S2-344976219,S2-346021632,S2-348334254,S2-350911001,S2-351736400,S2-356382390,S2-369428445,S2-372557599,S2-374870741,S2-387396381,S2-388484215,S2-406627081,S2-416682630,S2-417405943,S2-424506310,S2-427734874,S2-432964068,S2-442917193,S2-445281546,S2-459266360,S2-468730630,S2-47020179,S2-479579493,S2-493646985,S2-496581360,S2-49926108,S2-503135315,S2-514076340,S2-520964998,S2-546207599,S2-560139224,S2-583618820,S2-584530232,S2-586676116,S2-59891150,S2-600871241,S2-602202764,S2-604604422,S2-607277272,S2-614847827,S2-618514743,S2-622259848,S2-622318507,S2-62356310,S2-6379303,S2-645129862,S2-650708342,S2-654362644,S2-661046696,S2-669424426,S2-671267798,S2-67232518,S2-684873050,S2-687222953,S2-697278181,S2-698254230,S2-699368557,S2-705236676,S2-717833336,S2-72482472,S2-740166249,S2-743694688,S2-747419667,S2-749815631,S2-755429961,S2-755448079,S2-758618855,S2-761337383,S2-762830777,S2-768443518,S2-774701973,S2-813276611,S2-813784134,S2-826667879,S2-833396889,S2-833838537,S2-882369150,S2-882445921,S2-887351284,S2-908143860,S2-915498021,S2-916924011,S2-919553826,S2-924472141,S2-925070494,S2-930692112,S2-93173757,S2-937890322,S2-947493322,S2-947498857,S2-948074157,S2-950636441,S2-951667098,S2-952529384,S2-958845567,S2-970389603,S2-972782792,S2-972899811,S2-97705406,S2-98994975,S3-125289276,S3-146168982,S3-146550229,S3-149704527,S3-155710983,S3-170190072,S3-171634931,S3-183248364,S3-185329346,S3-197900437,S3-230066869,S3-253664309,S3-27460907,S3-279499809,S3-306675026,S3-311230735,S3-324478307,S3-329510997,S3-344275825,S3-375691179,S3-437080308,S3-438760061,S3-458617417,S3-472632801,S3-507074180,S3-521432489,S3-532596165,S3-586820434,S3-612630805,S3-614224917,S3-618767343,S3-636042092,S3-647795421,S3-731404975,S3-733497666,S3-743354276,S3-767575897,S3-785983703,S3-796937035,S3-817858941,S3-821388450,S3-841843964,S3-853954061,S3-858616968,S3-887261962,S3-920584292,S3-956760586,S3-971444683,S3-971992047,S3-975024769,S3-988505218,S3-991290468
S1-988708229	S2-114915207,S2-114973698,S2-120556887,S2-12450570,S2-125901150,S2-127051327,S2-128682717,S2-12933625,S2-129337164,S2-130199817,S2-131005308,S2-136365811,S2-140367965,S2-145171764,S2-149748720,S2-157936219,S2-159593500,S2-161843558,S2-165159393,S2-165292668,S2-165618678,S2-166507445,S2-167457951,S2-168100900,S2-16892120,S2-179534538,S2-182144714,S2-198572172,S2-208745437,S2-212783945,S2-214649128,S2-217087147,S2-219812433,S2-227327667,S2-235018726,S2-241662486,S2-245472440,S2-250019823,S2-265724437,S2-271575611,S2-273522206,S2-275398942,S2-275857931,S2-284507942,S2-292082382,S2-293653129,S2-298868033,S2-304292393,S2-310606728,S2-32048671,S2-320818952,S2-324029973,S2-326409229,S2-330054480,S2-331426911,S2-343164154,S2-348115460,S2-349377432,S2-364268400,S2-365595831,S2-36592679,S2-366430125,S2-375051311,S2-38105508,S2-38483562,S2-395757743,S2-399400575,S2-401944706,S2-402484778,S2-406206668,S2-410348317,S2-412518787,S2-418816878,S2-43075718,S2-437156767,S2-439433384,S2-444465147,S2-458700201,S2-460362958,S2-46343520,S2-464147576,S2-466427419,S2-46849555,S2-481514912,S2-492220729,S2-492295979,S2-494450968,S2-497261249,S2-49994162,S2-500476744,S2-50319539,S2-50748280,S2-51302291,S2-514948645,S2-528596364,S2-528721110,S2-531697920,S2-532979729,S2-555032151,S2-555420631,S2-558212765,S2-575713338,S2-583467355,S2-585542152,S2-588664015,S2-596173675,S2-602260740,S2-606220877,S2-619977778,S2-623832581,S2-626896717,S2-639166839,S2-639977079,S2-640560155,S2-641916489,S2-643330398,S2-648220022,S2-648430371,S2-655986493,S2-663951003,S2-67008108,S2-672949274,S2-693424723,S2-698181431,S2-699476853,S2-707158229,S2-714710331,S2-721490723,S2-725237010,S2-735608003,S2-752255903,S2-769695645,S2-783076598,S2-789990693,S2-795904419,S2-796954474,S2-800771005,S2-802728911,S2-804849281,S2-811392544,S2-812111963,S2-817829110,S2-819632334,S2-830671894,S2-831951735,S2-83227070,S2-833869363,S2-843348630,S2-8613835,S2-878530385,S2-884756945,S2-887250101,S2-894419165,S2-894790939,S2-904516890,S2-91252957,S2-921212202,S2-922336408,S2-929630108,S2-932811600,S2-941067967,S2-94118515,S2-941281255,S2-950798040,S2-954139842,S2-96070851,S2-977556948,S2-978467987,S2-982706142,S2-98408460,S2-992514572,S2-993569667,S3-11162032,S3-1368662,S3-138180772,S3-159483957,S3-171866247,S3-177067836,S3-185700573,S3-218656430,S3-222613472,S3-267626977,S3-30262419,S3-313774803,S3-353789211,S3-369856384,S3-387821405,S3-392408432,S3-460778671,S3-475207217,S3-480813464,S3-499715803,S3-514869832,S3-535098698,S3-540527060,S3-552776373,S3-556171759,S3-578263080,S3-616635637,S3-627211834,S3-640491247,S3-660375378,S3-669997419,S3-713521749,S3-740676827,S3-748441461,S3-781271343,S3-7939921,S3-821623428,S3-835063879,S3-85657599,S3-872365130,S3-908141878,S3-914388089,S3-915372314,S3-91790637,S3-922123312,S3-942602762,S3-949983126,S3-9539167,S3-960878819,S3-967649357,S3-986523279
S1-990135066	S2-110690005,S2-118598297,S2-129722248,S2-138042548,S2-143224323,S2-148451308,S2-154020513,S2-173340673,S2-173703824,S2-17674911,S2-188709111,S2-193453855,S2-196112806,S2-197292895,S2-200040113,S2-206586981,S2-227802636,S2-238845222,S2-253484685,S2-259459212,S2-277304493,S2-318382308,S2-324049260,S2-328645610,S2-335412387,S2-39565525,S2-3969506,S2-400969767,S2-403777659,S2-407341921,S2-413685670,S2-421724663,S2-428157849,S2-433822172,S2-437269870,S2-449732089,S2-452263948,S2-457759769,S2-489095594,S2-491328993,S2-492970093,S2-501577056,S2-505322992,S2-524371732,S2-538458979,S2-553791883,S2-57796086,S2-586681430,S2-589547778,S2-591642462,S2-597931316,S2-600434396,S2-613264942,S2-617346261,S2-628859368,S2-629605417,S2-63352670,S2-651763507,S2-664354934,S2-668839552,S2-679975859,S2-68986412,S2-690320112,S2-69460420,S2-696965897,S2-701522759,S2-723305362,S2-734200487,S2-739378959,S2-744855287,S2-745381162,S2-749600364,S2-751273498,S2-752301852,S2-755595251,S2-757368265,S2-761390625,S2-766823550,S2-772531573,S2-788280050,S2-789954695,S2-814550563,S2-835853611,S2-838830955,S2-839603861,S2-840647045,S2-858232957,S2-86249583,S2-876815158,S2-901914686,S2-918039582,S2-921263690,S2-939105141,S2-942938965,S2-943817944,S2-947563801,S2-951541103,S2-958519638,S2-976104804,S3-100525051,S3-114356640,S3-120320186,S3-125201788,S3-13729783,S3-14029318,S3-14511928,S3-14674518,S3-163686913,S3-184728618,S3-185138349,S3-186006901,S3-193237255,S3-194273648,S3-205846222,S3-224385659,S3-238179397,S3-241974381,S3-250822432,S3-252897550,S3-25615402,S3-296695573,S3-302930813,S3-304120860,S3-333179933,S3-333377117,S3-344661951,S3-352758964,S3-371759457,S3-385449879,S3-403168088,S3-417929338,S3-418349884,S3-425466408,S3-43031720,S3-43208829,S3-438536515,S3-441455583,S3-441501107,S3-443139296,S3-460354099,S3-471847752,S3-482838855,S3-491174948,S3-497135558,S3-499147690,S3-506557504,S3-512205062,S3-52911719,S3-532457017,S3-533381066,S3-542881608,S3-544438047,S3-547113783,S3-554323713,S3-556565176,S3-581459996,S3-59904773,S3-614507037,S3-623686600,S3-634280099,S3-635612114,S3-641248560,S3-641497080,S3-642152002,S3-691146408,S3-698616554,S3-700578197,S3-70132466,S3-704437543,S3-737854448,S3-740031638,S3-760926031,S3-761209499,S3-763701685,S3-768816554,S3-777748758,S3-7896775,S3-792109637,S3-798598471,S3-821576041,S3-8375776,S3-844335475,S3-863995751,S3-877337837,S3-886180063,S3-890740393,S3-894273025,S3-900883165,S3-905221432,S3-91455246,S3-919694604,S3-941244888,S3-956187013,S3-957494142,S3-958856221,S3-960250038,S3-961275686,S3-962384282,S3-97216277,S3-991059169
S1-994289509	S2-124698446,S2-141411696,S2-23184951,S2-236893149,S2-289025037,S2-362278857,S2-389870343,S2-395551255,S2-404563480,S2-407446287,S2-410539171,S2-416733565,S2-429494430,S2-480946390,S2-513452740,S2-618625152,S2-630077675,S2-702597549,S2-715255496,S2-721257547,S2-730203494,S2-745607466,S2-778405621,S2-807582618,S2-823241654,S2-843892157,S2-852797132,S2-898652563,S2-907061817,S2-90782469,S2-917211135,S2-920307483,S2-927095686,S2-936125635,S2-972061143,S2-980240124,S2-983776253,S3-167070994,S3-194424143,S3-212484763,S3-250398957,S3-254401994,S3-254847497,S3-262172030,S3-267234223,S3-282860625,S3-297171490,S3-373838480,S3-379563153,S3-381188149,S3-410317826,S3-456801880,S3-487819130,S3-579933867,S3-583266593,S3-585130395,S3-648282718,S3-663271170,S3-671264745,S3-696954517,S3-701506478,S3-703457149,S3-761357614,S3-776439599,S3-79037947,S3-791209265,S3-799839311,S3-82823962,S3-831331903,S3-859485417,S3-871725017,S3-891645411,S3-928887739,S3-934227837,S3-934570303,S3-938034171,S3-952703607,S3-979066270
S1-994417851	S2-102190093,S2-110127390,S2-112104430,S2-130168399,S2-131700598,S2-159302566,S2-1715661,S2-174952589,S2-175297926,S2-185284387,S2-197284537,S2-200312739,S2-22152710,S2-227553238,S2-245915873,S2-245923145,S2-268305523,S2-272356284,S2-280404335,S2-29451002,S2-295613611,S2-298741847,S2-302050920,S2-311047094,S2-313530557,S2-315442303,S2-316045132,S2-324129485,S2-339834006,S2-344738123,S2-346960371,S2-349936248,S2-363818756,S2-372190245,S2-372581136,S2-375322979,S2-380747701,S2-383963017,S2-407876390,S2-411891500,S2-414079033,S2-415643174,S2-415668364,S2-417222027,S2-419962476,S2-422832733,S2-445690014,S2-446781827,S2-44714715,S2-449970480,S2-450983507,S2-451198078,S2-4533912,S2-460365072,S2-461440347,S2-464694112,S2-472826063,S2-472842700,S2-476553800,S2-501020641,S2-510935597,S2-511341038,S2-513445286,S2-518324954,S2-51945774,S2-522395786,S2-524878794,S2-537887349,S2-538088421,S2-539546415,S2-540667262,S2-542647226,S2-543853939,S2-546456243,S2-555697632,S2-557005983,S2-573426537,S2-57440666,S2-57647447,S2-580266360,S2-5812159,S2-585283992,S2-591967310,S2-595241288,S2-60162004,S2-613920621,S2-638482157,S2-638525125,S2-645708553,S2-655309145,S2-659879515,S2-669420963,S2-673353896,S2-678199940,S2-679565798,S2-680138608,S2-706611850,S2-718217103,S2-726116327,S2-733079251,S2-739481955,S2-7491293,S2-752921120,S2-75355184,S2-775014854,S2-776978585,S2-787593430,S2-793313,S2-796043396,S2-796273185,S2-796688174,S2-799069016,S2-802900936,S2-812933470,S2-814499837,S2-845515491,S2-847116549,S2-855975266,S2-86253802,S2-863024787,S2-864659401,S2-87284361,S2-877220916,S2-885168023,S2-891823704,S2-896415977,S2-897457577,S2-908129231,S2-909707704,S2-915868231,S2-921769875,S2-93621630,S2-946692647,S2-955460186,S2-965017771,S2-982206044,S2-989294773,S3-100066610,S3-104058062,S3-118516685,S3-12113516,S3-121378898,S3-125108423,S3-127618795,S3-12857190,S3-132674986,S3-135441297,S3-135626123,S3-135932101,S3-1389102,S3-14072286,S3-141527982,S3-160287759,S3-167626033,S3-16842721,S3-169366495,S3-171087304,S3-177751734,S3-191180750,S3-195023981,S3-196045003,S3-201290416,S3-204012312,S3-206095879,S3-20702804,S3-210850124,S3-230340316,S3-235816011,S3-243959508,S3-250328441,S3-258064211,S3-264886524,S3-265885941,S3-272398711,S3-301682263,S3-30271827,S3-310354540,S3-331138355,S3-331996658,S3-34143002,S3-343103991,S3-344094653,S3-353848955,S3-361742930,S3-370623264,S3-377266801,S3-380438601,S3-394096232,S3-397445330,S3-400796429,S3-4020440,S3-402359445,S3-40494055,S3-410218097,S3-430196717,S3-433088697,S3-444042785,S3-446459673,S3-448544529,S3-458733963,S3-469779231,S3-489699181,S3-493667200,S3-496944788,S3-501563503,S3-50722748,S3-507278049,S3-51186994,S3-513235878,S3-514452169,S3-526860171,S3-53474952,S3-541737884,S3-546027307,S3-548058249,S3-552407565,S3-552934419,S3-570646573,S3-571908454,S3-572175030,S3-588924433,S3-591890659,S3-592569535,S3-617409161,S3-619536196,S3-629322797,S3-636646229,S3-642298353,S3-643876969,S3-656374256,S3-66296131,S3-665797364,S3-668921997,S3-67365634,S3-680732149,S3-682251006,S3-690834341,S3-696612186,S3-697177935,S3-700533594,S3-70388136,S3-715090112,S3-726896735,S3-729192834,S3-731938283,S3-739407205,S3-745602250,S3-746064629,S3-749306838,S3-750374445,S3-755432636,S3-75971692,S3-766486345,S3-768119198,S3-771405545,S3-785101290,S3-785438049,S3-785614067,S3-79860402,S3-808783473,S3-814530171,S3-816186825,S3-818326836,S3-824385389,S3-828226743,S3-836670174,S3-842277646,S3-859210438,S3-865561682,S3-867461850,S3-868949361,S3-875376376,S3-87634374,S3-884078190,S3-884337259,S3-887426204,S3-88806286,S3-894244611,S3-895512883,S3-897713449,S3-91082020,S3-916109939,S3-926136214,S3-928907458,S3-929110004,S3-930987729,S3-932159075,S3-936899132,S3-945731484,S3-949562468,S3-963856345,S3-971402958,S3-975361747,S3-975689199,S3-98018111,S3-993480431
S1-996507806	S2-116324647,S2-118394755,S2-121008044,S2-127961662,S2-129455364,S2-16266956,S2-168047152,S2-168088279,S2-174962117,S2-17832680,S2-193641561,S2-199675113,S2-208037248,S2-210301049,S2-211363102,S2-227875714,S2-23392595,S2-235256853,S2-255785991,S2-260571049,S2-262374187,S2-286028567,S2-314991505,S2-328399570,S2-34221645,S2-343637057,S2-362520709,S2-370574134,S2-3741013,S2-392850708,S2-404657538,S2-406099755,S2-407528610,S2-415609011,S2-417028215,S2-431161587,S2-442021879,S2-443502422,S2-448669289,S2-453696634,S2-454732240,S2-46746062,S2-481027807,S2-483775629,S2-494871520,S2-507121893,S2-541340003,S2-555566702,S2-560554822,S2-568461889,S2-606522515,S2-619000437,S2-625940414,S2-631141117,S2-647752504,S2-648681406,S2-655400498,S2-664192697,S2-665396489,S2-672060182,S2-694692552,S2-700448450,S2-716612787,S2-71742741,S2-724136713,S2-727708946,S2-739274112,S2-740108451,S2-7470068,S2-748984445,S2-760031003,S2-78135937,S2-795152515,S2-799864440,S2-802238769,S2-805886346,S2-808746300,S2-808948384,S2-824982850,S2-83725736,S2-837733441,S2-840582059,S2-847992560,S2-853385880,S2-878126005,S2-893510199,S2-904859540,S2-932137884,S2-97158700,S2-973721109,S2-995415744,S2-999482244,S3-100113612,S3-126609275,S3-129736876,S3-138108694,S3-138364448,S3-146426177,S3-147443241,S3-196839158,S3-198868263,S3-213047269,S3-223588825,S3-226545377,S3-231336051,S3-241703178,S3-272992968,S3-300348379,S3-355710727,S3-359107275,S3-369805369,S3-377012591,S3-387239096,S3-38936106,S3-390988061,S3-394396724,S3-418505559,S3-424401973,S3-435447493,S3-438075527,S3-455181038,S3-460750788,S3-488700483,S3-495323624,S3-501083231,S3-507947784,S3-508087312,S3-515714264,S3-523257506,S3-533140295,S3-535042795,S3-537248882,S3-545761589,S3-560403329,S3-561087505,S3-562723010,S3-564015177,S3-575200245,S3-585570803,S3-597693494,S3-604379955,S3-608570699,S3-626494047,S3-627020227,S3-628578143,S3-635623896,S3-674656486,S3-682313755,S3-717246589,S3-754342819,S3-758143473,S3-766841685,S3-76934481,S3-782153582,S3-789992540,S3-803650677,S3-806523435,S3-824968741,S3-838374781,S3-843595770,S3-851578635,S3-85443383,S3-864830736,S3-870519414,S3-875293225,S3-885466664,S3-886094826,S3-890094403,S3-893846421,S3-905168898,S3-942733985,S3-950224353,S3-950366359,S3-969326761,S3-971794637,S3-975286128,S3-982365663
S1-996966863	S2-111415434,S2-117598134,S2-117608427,S2-134654240,S2-150140212,S2-158601191,S2-175672998,S2-176200664,S2-182650582,S2-208013134,S2-220014545,S2-233675987,S2-244676780,S2-253149891,S2-254343740,S2-26240053,S2-267289326,S2-269535741,S2-270176126,S2-27773033,S2-288702046,S2-29385339,S2-306304438,S2-306552846,S2-323364052,S2-324249990,S2-329967737,S2-330385562,S2-35777190,S2-359586575,S2-367983551,S2-371831976,S2-372856373,S2-396426432,S2-413518146,S2-423116471,S2-427584262,S2-441267693,S2-4432945,S2-449214539,S2-450082985,S2-45191352,S2-476284735,S2-476445806,S2-483926924,S2-505285813,S2-522733318,S2-523211159,S2-538667680,S2-564275028,S2-568336973,S2-58381476,S2-584690228,S2-586237407,S2-590731685,S2-606374667,S2-619746921,S2-621134998,S2-62699503,S2-631870163,S2-645644465,S2-650445081,S2-651085196,S2-661942640,S2-676354282,S2-686873554,S2-687801755,S2-700420128,S2-715862797,S2-721194052,S2-734295887,S2-751856023,S2-754012019,S2-765747168,S2-776244579,S2-788045433,S2-788056105,S2-815594258,S2-855355122,S2-864020294,S2-868622776,S2-871336790,S2-875202042,S2-878795478,S2-881720394,S2-917304182,S2-91917556,S2-928855047,S2-935729755,S2-945145399,S2-945522147,S2-970053818,S2-973559981,S2-975136467,S2-97651846,S2-993862441,S2-998655922,S3-105426610,S3-130455799,S3-148281493,S3-162002949,S3-167702103,S3-178242156,S3-185884716,S3-248081268,S3-387875461,S3-431005117,S3-475108932,S3-526055376,S3-551069512,S3-556156758,S3-595359068,S3-597801641,S3-602135071,S3-637125534,S3-638606489,S3-643036028,S3-66363715,S3-67869877,S3-714567845,S3-718196520,S3-735169740,S3-750002704,S3-784216194,S3-842080279,S3-876641521,S3-952706779,S3-965922034,S3-987443948
