s1	n_true	n_true_s2	n_true_s3	validation
S1-401372098	3	3	0	0
S1-951599976	2	2	0	0
S1-46716098	4	2	2	0
S1-465739288	3	1	2	0
S1-448345019	4	1	3	0
S1-543144015	3	3	0	0
S1-246225268	2	1	1	0
S1-908498505	6	4	2	0
S1-60980827	4	3	1	0
S1-960355473	5	2	3	0
S1-943567301	4	3	1	0
S1-908800416	4	2	2	0
S1-101122655	5	2	3	0
S1-668525331	2	1	1	0
S1-368890496	5	2	3	0
S1-315102620	5	2	3	0
S1-431830647	1	1	0	0
S1-509961458	3	2	1	1
S1-335846790	3	1	2	0
S1-641236003	4	2	2	0
S1-436640256	5	4	1	1
S1-942590387	5	3	2	0
S1-364282301	4	2	2	1
S1-524036030	2	0	2	0
S1-448733076	6	3	3	0
S1-748867572	5	3	2	1
S1-98197393	5	2	3	0
S1-47040385	2	1	1	0
S1-164081713	7	5	2	0
S1-491313845	7	4	3	0
S1-488702780	4	1	3	0
S1-680356898	1	0	1	0
S1-481363029	3	3	0	0
S1-24115094	3	2	1	0
S1-689977390	3	1	2	0
S1-477343565	3	1	2	0
S1-940949278	5	3	2	0
S1-551615800	7	3	4	1
S1-728270873	4	0	4	0
S1-405521342	4	3	1	1
S1-406214982	5	3	2	0
S1-27453021	7	3	4	1
S1-205432256	6	3	3	0
S1-373896077	4	2	2	0
S1-894634638	0	0	0	1
S1-415192963	3	1	2	0
S1-451119317	5	1	4	0
S1-160619866	3	1	2	0
S1-497997494	5	3	2	0
S1-622054204	5	3	2	0
S1-425029735	5	2	3	1
S1-396016027	2	1	1	0
S1-887453047	2	1	1	0
S1-714374058	3	1	2	0
S1-284409617	4	3	1	0
S1-362524142	4	1	3	0
S1-601839146	3	2	1	0
S1-868054757	4	2	2	0
S1-178294692	1	1	0	0
S1-373917752	0	0	0	0
S1-290109287	4	1	3	0
S1-954375720	3	2	1	1
S1-841236317	6	2	4	0
S1-47225325	2	1	1	0
S1-536126146	3	1	2	0
S1-393919545	3	2	1	0
S1-582046795	3	3	0	0
S1-987005689	2	1	1	0
S1-813298272	2	0	2	1
S1-702724995	2	0	2	0
S1-764129222	4	3	1	0
S1-311158779	2	2	0	0
S1-20728743	2	0	2	0
S1-505693918	4	2	2	0
S1-429900267	5	4	1	0
S1-53966414	5	1	4	0
S1-871785372	2	0	2	1
S1-738397946	2	1	1	0
S1-925840718	5	2	3	0
S1-359389192	3	2	1	0
S1-379654996	6	3	3	0
S1-270643653	5	4	1	0
S1-440383221	4	3	1	0
S1-958297307	4	2	2	0
S1-453165199	4	1	3	0
S1-79144137	5	3	2	0
S1-255452144	4	2	2	0
S1-423973106	1	1	0	1
S1-236909503	2	1	1	0
S1-227176635	1	1	0	1
S1-961613339	2	2	0	1
S1-25312162	3	1	2	0
S1-507357083	5	3	2	0
S1-317851611	2	1	1	1
S1-992143437	2	1	1	0
S1-527768007	4	1	3	1
S1-981925901	3	1	2	0
S1-631670392	3	1	2	0
S1-977292711	2	1	1	0
S1-839309172	4	2	2	0
S1-962341953	8	3	5	0
S1-739996933	2	1	1	0
S1-683081860	2	2	0	1
S1-853379544	3	1	2	0
S1-607312695	1	0	1	0
S1-645650011	6	4	2	0
S1-546165896	2	0	2	0
S1-282295416	6	3	3	1
S1-192464263	0	0	0	0
S1-53811749	3	2	1	0
S1-501127978	2	2	0	1
S1-509498169	2	1	1	0
S1-575642900	2	1	1	1
S1-360463908	4	2	2	0
S1-205806884	5	2	3	0
S1-864735768	5	3	2	0
S1-544920175	3	2	1	0
S1-104419363	4	2	2	1
S1-618560153	2	1	1	0
S1-277675102	2	1	1	0
S1-501961922	4	2	2	0
S1-371170359	6	2	4	0
S1-894940798	0	0	0	0
S1-557145214	5	0	5	0
S1-541652796	3	1	2	0
S1-392138809	4	2	2	0
S1-572646151	2	1	1	1
S1-80713863	3	0	3	1
S1-974350533	5	4	1	0
S1-845390095	3	1	2	0
S1-81687190	6	2	4	0
S1-238570410	3	2	1	0
S1-337397588	3	0	3	0
S1-451251131	3	1	2	0
S1-521458401	6	2	4	0
S1-983722158	4	1	3	0
S1-603550112	3	1	2	0
S1-566168384	0	0	0	1
S1-501005663	2	1	1	0
S1-636801095	2	1	1	0
S1-210935903	6	5	1	0
S1-634109947	4	3	1	0
S1-392618598	3	2	1	1
S1-193715603	4	0	4	0
S1-350243012	3	1	2	0
S1-361163422	5	2	3	1
S1-157967133	0	0	0	0
S1-398033319	4	2	2	0
S1-301092232	2	0	2	0
S1-178471187	2	0	2	1
S1-910526897	6	3	3	0
S1-355416319	0	0	0	0
S1-642059558	2	1	1	0
S1-287191559	1	1	0	0
S1-516366640	4	2	2	1
S1-833904625	6	3	3	0
S1-898352747	0	0	0	1
S1-425981032	6	4	2	0
S1-734851410	4	2	2	0
S1-431993897	2	1	1	1
S1-203284471	5	4	1	0
S1-404995167	4	3	1	1
S1-757666986	4	0	4	0
S1-9043366	4	2	2	0
S1-690849296	5	2	3	0
S1-381777317	4	1	3	1
S1-797321509	3	2	1	0
S1-587008296	2	1	1	0
S1-246037235	3	2	1	0
S1-726619436	1	0	1	0
S1-725289286	4	3	1	0
S1-573310096	7	3	4	0
S1-240637747	1	1	0	1
S1-300703873	6	5	1	0
S1-764734051	6	3	3	0
S1-865083717	4	2	2	0
S1-120775250	7	4	3	1
S1-334800733	3	1	2	0
S1-774249108	5	3	2	0
S1-84062269	6	2	4	0
S1-710263396	4	2	2	0
S1-87173790	4	2	2	1
S1-184477046	4	3	1	0
S1-37293427	3	2	1	0
S1-969284894	3	1	2	0
S1-81401734	6	1	5	0
S1-591768260	3	2	1	0
S1-291654549	2	1	1	1
S1-255672641	4	1	3	0
S1-955872641	4	1	3	1
S1-634246764	6	3	3	0
S1-379068159	6	3	3	0
S1-196860345	2	1	1	0
S1-282010599	5	4	1	1
S1-584164456	8	3	5	1
S1-571330233	3	1	2	0
S1-313435685	2	0	2	1
S1-590078836	4	1	3	0
S1-399632864	3	2	1	0
S1-399532884	6	4	2	1
S1-888777895	0	0	0	0
S1-4356385	2	2	0	1
S1-865421786	4	3	1	0
S1-380440613	3	2	1	0
S1-659596559	3	2	1	0
S1-52265317	7	4	3	0
S1-144062989	3	1	2	0
S1-595827937	4	2	2	1
S1-172760152	3	3	0	0
S1-937622335	5	1	4	1
S1-951335082	2	1	1	0
S1-364609105	4	2	2	0
S1-491641613	3	2	1	0
S1-261272738	2	0	2	0
S1-449165433	6	4	2	0
S1-292060826	3	2	1	0
S1-733382831	0	0	0	0
S1-158753049	6	4	2	1
S1-410541222	2	1	1	0
S1-246263835	2	2	0	0
S1-366310100	0	0	0	0
S1-595528482	4	1	3	0
S1-418819901	3	0	3	0
S1-292479299	0	0	0	0
S1-854477765	4	3	1	1
S1-578897745	3	2	1	0
S1-578353639	2	1	1	0
S1-870157197	3	2	1	0
S1-577018897	5	2	3	1
S1-880779015	2	1	1	0
S1-251242475	1	0	1	0
S1-470276087	2	1	1	0
S1-950663059	3	3	0	0
S1-902133764	0	0	0	0
S1-83310042	2	1	1	0
S1-565496391	1	1	0	1
S1-459231015	2	1	1	0
S1-424723765	3	2	1	0
S1-266071669	5	2	3	0
S1-545459666	5	3	2	0
S1-9568196	3	2	1	0
S1-159594439	3	2	1	0
S1-848624571	1	1	0	0
S1-205058699	1	1	0	0
S1-904317785	3	1	2	0
S1-394950136	5	2	3	0
S1-560839264	5	2	3	0
S1-723995292	4	3	1	0
S1-193005037	4	2	2	0
S1-268699253	3	1	2	1
S1-963830237	3	2	1	1
S1-909516549	3	1	2	1
S1-623903070	6	3	3	0
S1-258548037	4	1	3	1
S1-800605008	5	4	1	1
S1-389127964	4	1	3	0
S1-153676081	4	2	2	0
S1-58144122	6	4	2	0
S1-876252431	3	2	1	0
S1-515086445	6	3	3	0
S1-412062028	2	1	1	0
S1-26660244	5	2	3	1
S1-434151038	4	1	3	0
S1-968988291	3	3	0	0
S1-394980630	2	1	1	0
S1-845522274	6	2	4	0
S1-580379341	8	4	4	1
S1-890815658	1	0	1	0
S1-199080590	4	1	3	0
S1-311791900	3	2	1	0
S1-640323175	6	4	2	0
S1-916255139	5	1	4	1
S1-878261192	1	1	0	0
S1-534908249	1	0	1	0
S1-550008351	4	0	4	0
S1-61218128	2	1	1	1
S1-73540711	5	3	2	0
S1-72281536	2	1	1	0
S1-145369565	2	1	1	0
S1-701672831	2	1	1	0
S1-399162471	2	1	1	1
S1-325895334	3	0	3	0
S1-107765668	4	2	2	1
S1-903032207	3	1	2	1
S1-268425147	3	1	2	0
S1-59718103	3	1	2	0
S1-905862664	2	1	1	0
S1-889481140	3	2	1	0
S1-858582307	3	1	2	0
S1-415628732	3	1	2	0
S1-76935519	2	1	1	0
S1-266838880	3	2	1	0
S1-543512477	2	1	1	0
S1-447681107	2	1	1	0
S1-252968531	3	2	1	0
S1-192825479	3	2	1	0
S1-833471791	4	3	1	1
S1-83302850	5	3	2	0
S1-662124192	5	3	2	0
S1-60823411	7	3	4	0
S1-839772416	3	2	1	1
S1-780489364	3	1	2	0
S1-795625724	3	2	1	0
S1-141941354	2	2	0	0
S1-697239711	10	5	5	1
S1-73870191	5	4	1	0
S1-721598903	4	2	2	0
S1-749700652	4	3	1	0
S1-126420518	4	2	2	1
S1-998698573	0	0	0	0
S1-955100265	6	2	4	0
S1-398775817	3	1	2	0
S1-11115577	2	1	1	1
S1-406527539	1	1	0	1
S1-507543346	4	3	1	0
S1-870908432	3	2	1	0
S1-711813257	5	2	3	0
S1-781048233	3	2	1	0
S1-903099317	3	1	2	0
S1-496985148	5	2	3	0
S1-156551048	3	2	1	1
S1-140003755	1	1	0	0
S1-391171121	5	3	2	0
S1-831381976	7	4	3	0
S1-904229556	0	0	0	1
S1-97540739	8	3	5	1
S1-867672249	3	1	2	0
S1-503452250	6	4	2	0
S1-279706723	5	1	4	1
S1-967963015	3	1	2	0
S1-961476892	3	1	2	1
S1-750467676	4	2	2	0
S1-471409765	3	1	2	0
S1-626679057	7	2	5	0
S1-479555605	5	2	3	0
S1-635481769	4	1	3	0
S1-999366092	0	0	0	0
S1-913044245	4	3	1	0
S1-597272539	3	2	1	0
S1-363978929	3	2	1	0
S1-413915130	3	1	2	0
S1-323413520	6	3	3	1
S1-280723317	4	2	2	0
S1-509454942	3	1	2	0
S1-417625918	6	2	4	0
S1-901803397	2	0	2	1
S1-677635323	8	4	4	0
S1-144296491	3	2	1	0
S1-581200693	4	2	2	0
S1-699154812	4	1	3	0
S1-594414242	3	2	1	0
S1-40240595	5	1	4	0
S1-632639415	5	4	1	0
S1-679849621	3	1	2	0
S1-37707491	4	2	2	1
S1-517683305	5	2	3	0
S1-318739926	6	2	4	0
S1-102035734	1	1	0	0
S1-223424388	6	3	3	0
S1-241313809	2	1	1	0
S1-485100609	0	0	0	0
S1-306901692	2	1	1	0
S1-532862675	2	1	1	1
S1-211325040	3	1	2	0
S1-146316622	6	2	4	0
S1-780279562	3	2	1	0
S1-74183893	4	2	2	0
S1-282301369	6	4	2	0
S1-561927605	4	1	3	0
S1-140025924	2	1	1	0
S1-676836901	4	3	1	0
S1-747773639	3	2	1	0
S1-859722659	3	1	2	1
S1-329026161	4	1	3	0
S1-130188024	5	2	3	0
S1-251458621	2	1	1	0
S1-935481995	5	3	2	0
S1-818884314	7	5	2	0
S1-461042554	3	2	1	0
S1-925372506	5	2	3	0
S1-940169277	3	2	1	1
S1-108161581	2	1	1	0
S1-892825590	3	1	2	1
S1-926345296	3	1	2	0
S1-996078020	2	1	1	1
S1-661602242	4	1	3	0
S1-208417260	3	2	1	0
S1-292425300	4	2	2	0
S1-70700827	4	3	1	0
S1-20854090	6	4	2	0
S1-555331810	6	3	3	0
S1-344076433	5	1	4	0
S1-497494073	4	3	1	0
S1-929250030	5	2	3	0
S1-190755038	4	1	3	0
S1-844665886	4	1	3	0
S1-386616083	3	2	1	0
S1-766190032	3	1	2	0
S1-637682746	3	3	0	0
S1-73042441	1	1	0	0
S1-966975112	4	3	1	0
S1-765492540	4	3	1	0
S1-394741843	4	2	2	0
S1-126749530	4	1	3	1
S1-800301400	2	2	0	0
S1-751768851	7	4	3	1
S1-135228752	5	3	2	0
S1-330704463	4	2	2	0
S1-715093471	4	3	1	0
S1-909865811	3	1	2	0
S1-516121609	2	1	1	0
S1-295956209	3	1	2	0
S1-869738580	3	2	1	1
S1-670878086	4	3	1	0
S1-294675541	6	3	3	0
S1-457373777	6	2	4	0
S1-90744994	4	1	3	0
S1-717116284	4	2	2	1
S1-251116738	5	3	2	0
S1-405520008	3	2	1	0
S1-343468098	5	2	3	0
S1-120976380	4	1	3	0
S1-638615315	0	0	0	0
S1-166440928	3	2	1	0
S1-64605833	3	1	2	0
S1-443229916	4	2	2	0
S1-33990096	4	3	1	0
S1-221908015	4	1	3	1
S1-952125355	3	2	1	0
S1-143634159	5	5	0	0
S1-476147248	5	4	1	1
S1-523368208	4	2	2	1
S1-669269256	4	2	2	0
S1-433673030	2	1	1	0
S1-259194735	2	0	2	0
S1-464387602	4	3	1	1
S1-390571955	3	2	1	0
S1-322399583	4	1	3	0
S1-951589290	2	1	1	0
S1-610091667	6	4	2	0
S1-935579518	4	2	2	0
S1-143375921	4	2	2	0
S1-201401730	2	1	1	0
S1-395101858	3	1	2	1
S1-366371944	5	1	4	0
S1-705537888	4	3	1	0
S1-470979021	3	1	2	0
S1-973635458	7	3	4	0
S1-923512701	5	3	2	0
S1-710482979	6	2	4	1
S1-119952111	4	3	1	1
S1-725572925	2	1	1	0
S1-24251581	4	2	2	0
S1-104820451	4	2	2	0
S1-128575209	3	3	0	0
S1-674626895	6	2	4	0
S1-754614876	4	1	3	1
S1-739708548	0	0	0	0
S1-176326297	3	1	2	1
S1-562883878	4	3	1	0
S1-192066115	4	2	2	0
S1-200897914	0	0	0	0
S1-728508650	3	1	2	0
S1-678017673	2	1	1	1
S1-408379615	3	2	1	0
S1-274867440	6	4	2	0
S1-363988940	3	1	2	0
S1-570080359	2	1	1	0
S1-305585344	5	3	2	0
S1-80983688	5	3	2	0
S1-775935177	4	2	2	0
S1-359568933	3	2	1	0
S1-90629234	1	1	0	0
S1-875565655	2	1	1	1
S1-824026422	5	1	4	0
S1-699765102	4	2	2	1
S1-989048253	2	1	1	0
S1-14964211	4	2	2	0
S1-523936416	3	2	1	0
S1-875966477	2	1	1	0
S1-472361911	5	1	4	0
S1-302987319	4	1	3	0
S1-948387568	3	1	2	0
S1-456953898	4	2	2	0
S1-220723393	1	0	1	0
S1-761192021	6	3	3	0
S1-480109307	4	2	2	0
S1-743833663	2	1	1	0
S1-546733860	0	0	0	0
S1-876059462	4	3	1	0
S1-32551850	1	0	1	0
S1-72970794	2	1	1	0
S1-624060071	3	2	1	0
S1-895343683	3	1	2	1
S1-340160443	4	3	1	0
S1-216969439	3	2	1	0
S1-396548246	4	2	2	0
S1-681285784	4	1	3	0
S1-952069020	2	1	1	0
S1-708650047	1	0	1	0
S1-467403342	3	2	1	0
S1-504862013	3	2	1	0
S1-717921191	5	4	1	0
S1-511252395	5	2	3	0
S1-279280299	6	2	4	1
S1-888885558	3	2	1	1
S1-281474650	2	1	1	0
S1-53054310	2	1	1	0
S1-845355596	4	2	2	0
S1-664923265	1	0	1	0
S1-754067009	3	1	2	0
S1-324136113	5	2	3	0
S1-931073229	4	1	3	0
S1-548405427	4	3	1	0
S1-674852082	1	0	1	0
S1-611300372	3	3	0	0
S1-250000863	0	0	0	0
S1-808275647	5	3	2	1
S1-825411169	4	2	2	0
S1-747845179	2	2	0	0
S1-422650147	4	1	3	0
S1-525252486	3	2	1	0
S1-978593304	6	1	5	0
S1-864734280	1	1	0	0
S1-790901880	6	2	4	0
S1-113086118	4	1	3	1
S1-402965427	5	1	4	0
S1-162635690	2	1	1	0
S1-366219412	6	3	3	1
S1-356575341	3	1	2	0
S1-340331277	4	2	2	0
S1-391814388	2	1	1	0
S1-715529697	3	2	1	0
S1-860418255	6	3	3	1
S1-212307584	5	2	3	0
S1-281154469	2	1	1	0
S1-559563624	3	1	2	0
S1-899387575	2	1	1	0
S1-148990701	4	1	3	0
S1-840853418	3	2	1	0
S1-745129388	4	3	1	0
S1-775889398	6	3	3	0
S1-355343805	0	0	0	0
S1-155365106	2	1	1	0
S1-109434108	3	1	2	0
S1-627415097	3	3	0	0
S1-155964227	3	1	2	0
S1-963433189	6	2	4	0
S1-538761824	5	3	2	0
S1-443929163	3	1	2	0
S1-806598334	4	1	3	0
S1-636697059	7	3	4	0
S1-212383601	9	5	4	1
S1-971914276	3	2	1	0
S1-126638291	6	3	3	0
S1-17139764	3	2	1	0
S1-874835917	6	4	2	0
S1-32184405	1	0	1	0
S1-839027913	3	1	2	0
S1-466668920	4	1	3	0
S1-625927274	3	2	1	0
S1-785555926	4	2	2	0
S1-2590853	2	1	1	0
S1-178906804	6	2	4	1
S1-595165347	2	0	2	0
S1-544607980	6	2	4	0
S1-11150622	5	1	4	0
S1-951050786	3	1	2	0
S1-916388791	3	2	1	1
S1-203563207	3	0	3	0
S1-687823856	7	3	4	0
S1-363797505	0	0	0	1
S1-873369409	0	0	0	0
S1-64262138	3	2	1	0
S1-923804570	2	1	1	1
S1-700768976	4	2	2	0
S1-811970522	4	2	2	0
S1-147967017	3	2	1	0
S1-77242710	3	1	2	0
S1-637610786	6	3	3	0
S1-284747519	2	1	1	0
S1-557062704	3	1	2	0
S1-737651217	3	1	2	0
S1-700703528	2	1	1	0
S1-387556268	3	2	1	0
S1-535935070	4	1	3	0
S1-669268532	2	1	1	0
S1-472872032	4	1	3	0
S1-203411397	2	2	0	1
S1-545505378	6	3	3	0
S1-90779351	4	3	1	0
S1-704422081	5	1	4	0
S1-895629426	0	0	0	0
S1-869697937	7	3	4	0
S1-377390065	3	2	1	0
S1-566594986	5	4	1	1
S1-719674008	4	3	1	0
S1-258620205	3	3	0	0
S1-586781791	5	2	3	0
S1-339268807	4	3	1	0
S1-61525199	6	3	3	0
S1-345160976	5	2	3	0
S1-107296667	9	4	5	0
S1-121953695	4	1	3	0
S1-758032930	4	0	4	0
S1-287812684	4	2	2	0
S1-823862117	2	2	0	1
S1-425530773	4	2	2	0
S1-124289880	3	1	2	0
S1-187759653	2	2	0	0
S1-688558807	1	0	1	0
S1-12302769	3	3	0	0
S1-225004755	5	3	2	0
S1-536491372	3	2	1	0
S1-905495035	3	1	2	0
S1-486247251	3	2	1	0
S1-437727301	5	2	3	0
S1-953030810	3	0	3	1
S1-968399933	2	1	1	0
S1-170142243	3	1	2	0
S1-137710145	3	1	2	0
S1-9608330	6	1	5	1
S1-533520548	5	2	3	1
S1-910936247	7	4	3	0
S1-183541639	0	0	0	0
S1-29673951	5	3	2	0
S1-894209622	2	0	2	0
S1-380180035	4	2	2	0
S1-847561990	3	2	1	1
S1-612389570	1	1	0	0
S1-551425716	5	3	2	0
S1-871862040	2	1	1	0
S1-981924649	5	2	3	0
S1-539731344	0	0	0	0
S1-143053291	2	1	1	0
S1-910256204	4	3	1	0
S1-318096834	2	2	0	1
S1-607914755	4	1	3	0
S1-210094635	3	1	2	0
S1-175441667	4	2	2	0
S1-988224648	3	2	1	0
S1-51934670	4	1	3	1
S1-343904895	5	2	3	1
S1-884275601	1	0	1	0
S1-926336911	2	1	1	0
S1-555109000	2	0	2	0
S1-392055442	6	1	5	0
S1-441023683	4	2	2	0
S1-721302221	5	3	2	0
S1-178168817	3	1	2	0
S1-13582598	2	2	0	0
S1-805606466	2	1	1	0
S1-738735280	4	2	2	0
S1-446596565	3	2	1	0
S1-957761249	9	4	5	0
S1-109240534	2	1	1	1
S1-363682780	5	3	2	0
S1-321285349	4	2	2	1
S1-177670401	6	3	3	1
S1-668797067	3	1	2	1
S1-592166274	3	1	2	1
S1-335908661	5	3	2	0
S1-963966855	4	2	2	1
S1-276892661	2	0	2	0
S1-400898759	2	1	1	0
S1-419249483	3	2	1	0
S1-573794228	2	1	1	0
S1-352472108	5	1	4	0
S1-602733172	4	3	1	0
S1-498567090	2	1	1	0
S1-496362623	1	0	1	0
S1-529401235	4	1	3	1
S1-423255369	1	0	1	0
S1-613851541	3	2	1	0
S1-123862687	4	2	2	0
S1-292826156	3	1	2	0
S1-985209628	2	1	1	0
S1-241854648	3	1	2	0
S1-731410268	3	2	1	0
S1-176334853	1	0	1	1
S1-407728675	4	1	3	0
S1-78859240	4	3	1	0
S1-558827102	2	1	1	0
S1-960257855	5	3	2	0
S1-329333831	5	3	2	1
S1-563668231	4	1	3	0
S1-678192666	2	1	1	1
S1-38651871	2	1	1	0
S1-344152319	3	1	2	1
S1-735977273	2	1	1	0
S1-655845077	3	2	1	1
S1-546629435	3	2	1	1
S1-638163872	1	1	0	0
S1-893847462	0	0	0	0
S1-401952529	1	1	0	1
S1-616936605	3	2	1	0
S1-178542661	2	0	2	1
S1-854479723	3	1	2	0
S1-382073428	4	1	3	0
S1-228888854	3	1	2	1
S1-166187937	6	2	4	0
S1-643156288	5	1	4	0
S1-14592507	4	1	3	0
S1-519491247	5	4	1	0
S1-997060460	3	3	0	0
S1-699460640	2	1	1	1
S1-265015064	2	1	1	1
S1-213333270	5	3	2	1
S1-943923378	1	1	0	0
S1-832809894	3	2	1	0
S1-907366094	3	2	1	0
S1-471700224	5	2	3	1
S1-625849070	5	3	2	0
S1-570740	1	1	0	0
S1-74148743	3	2	1	0
S1-341892772	5	2	3	0
S1-949167186	2	1	1	0
S1-955856940	2	1	1	0
S1-856314398	7	3	4	0
S1-109584569	3	1	2	0
S1-327268225	5	3	2	0
S1-547009245	5	3	2	0
S1-271048276	5	2	3	0
S1-296463233	2	1	1	0
S1-114599617	2	1	1	1
S1-491299631	7	3	4	0
S1-638191009	3	1	2	0
S1-84953270	3	1	2	0
S1-238344467	3	2	1	0
S1-885988979	4	3	1	0
S1-376112434	4	2	2	0
S1-716024722	2	1	1	0
S1-113604619	4	1	3	0
S1-553412096	4	2	2	1
S1-732008692	2	1	1	0
S1-240442490	5	3	2	0
S1-557339930	2	1	1	1
S1-598102801	2	1	1	0
S1-147396281	4	2	2	0
S1-99849346	8	4	4	0
S1-158196518	4	1	3	0
S1-588556189	1	0	1	0
S1-968717744	2	1	1	1
S1-698232418	2	1	1	0
S1-983191141	5	2	3	0
S1-316850921	3	1	2	0
S1-876437615	2	1	1	1
S1-690051769	5	2	3	0
S1-742110882	4	2	2	0
S1-435159240	4	0	4	1
S1-865704860	6	2	4	0
S1-730978196	3	2	1	1
S1-809506395	5	4	1	0
S1-92299634	6	4	2	0
S1-92471824	1	0	1	1
S1-256525738	5	3	2	0
S1-217842408	4	2	2	0
S1-845601778	5	3	2	0
S1-466865689	2	1	1	0
S1-572302194	2	1	1	0
S1-148906214	2	1	1	0
S1-121009264	4	1	3	0
S1-311670803	3	1	2	1
S1-259306643	4	1	3	0
S1-447521690	1	1	0	1
S1-549815345	2	1	1	1
S1-569592374	2	1	1	0
S1-157731220	4	1	3	1
S1-254143156	4	1	3	0
S1-387795523	1	1	0	0
S1-210120797	5	2	3	0
S1-696467789	0	0	0	0
S1-348459651	3	0	3	0
S1-981623181	3	1	2	0
S1-926177460	3	1	2	0
S1-300818091	4	2	2	0
S1-51675871	6	0	6	0
S1-70586330	4	2	2	0
S1-678707462	3	1	2	0
S1-156357874	0	0	0	0
S1-175527944	3	0	3	0
S1-606782085	3	3	0	0
S1-871787978	3	2	1	0
S1-357151525	3	2	1	0
S1-327510317	4	2	2	1
S1-233590245	3	2	1	0
S1-953976149	5	2	3	0
S1-337417350	8	2	6	0
S1-987851086	2	1	1	0
S1-713978293	3	2	1	1
S1-959226634	2	1	1	0
S1-584304716	4	2	2	0
S1-915956925	3	2	1	0
S1-304957676	3	2	1	0
S1-318362317	5	3	2	0
S1-433732434	4	2	2	0
S1-263538788	4	3	1	0
S1-612248494	5	1	4	0
S1-446933443	3	1	2	1
S1-983198006	1	1	0	0
S1-246814476	3	2	1	0
S1-305887458	3	1	2	0
S1-145110237	4	2	2	0
S1-697861406	5	4	1	0
S1-510351934	5	1	4	0
S1-213018937	6	4	2	0
S1-631794470	4	2	2	0
S1-475258888	2	1	1	0
S1-155978888	0	0	0	1
S1-835537702	4	2	2	0
S1-199402106	2	1	1	0
S1-375665760	3	1	2	0
S1-386087329	3	2	1	0
S1-368953797	2	1	1	1
S1-339798310	3	2	1	0
S1-635747867	0	0	0	0
S1-145485432	5	3	2	0
S1-389061762	4	3	1	0
S1-938848060	3	1	2	1
S1-901623024	6	4	2	0
S1-21804007	4	2	2	0
S1-585527898	6	5	1	0
S1-142550690	2	1	1	0
S1-659047500	2	1	1	1
S1-380124492	7	3	4	0
S1-93897008	6	4	2	0
S1-256023634	4	2	2	0
S1-395840505	5	1	4	0
S1-911379179	4	2	2	1
S1-714338522	2	1	1	0
S1-80142402	3	2	1	0
S1-750589028	5	3	2	0
S1-457616829	5	1	4	1
S1-752372961	3	2	1	0
S1-941261133	3	1	2	1
S1-509859051	4	2	2	0
S1-489728277	3	3	0	0
S1-393121857	3	2	1	0
S1-753710812	4	2	2	0
S1-614703192	3	2	1	0
S1-326573634	4	1	3	1
S1-245597658	5	3	2	0
S1-44702308	3	2	1	0
S1-534179228	4	2	2	0
S1-843179540	5	3	2	0
S1-694573212	4	2	2	0
S1-904029408	4	3	1	1
S1-669055356	2	1	1	0
S1-970960074	2	0	2	0
S1-444171244	3	3	0	0
S1-59710082	2	1	1	0
S1-693728125	3	2	1	0
S1-838062183	5	2	3	1
S1-56670121	5	2	3	0
S1-895602816	4	3	1	0
S1-666331152	4	2	2	0
S1-623561907	4	1	3	0
S1-84100108	5	1	4	0
S1-195523486	6	1	5	0
S1-413526081	6	5	1	0
S1-199415802	4	2	2	0
S1-315244635	3	1	2	1
S1-564025090	4	2	2	1
S1-176472761	4	0	4	0
S1-675694926	3	1	2	0
S1-630149953	6	4	2	0
S1-577714788	1	1	0	0
S1-574959068	4	1	3	0
S1-660760694	3	1	2	0
S1-482766178	3	2	1	0
S1-319998043	3	1	2	0
S1-194130245	3	2	1	0
S1-132449362	7	1	6	0
S1-322306409	2	0	2	0
S1-311725940	2	1	1	0
S1-942703331	6	1	5	0
S1-315840301	4	0	4	0
S1-827088167	7	5	2	1
S1-584318067	3	2	1	1
S1-483987538	2	1	1	0
S1-569790321	4	1	3	0
S1-202442008	4	2	2	0
S1-434312569	3	2	1	0
S1-880614920	2	1	1	0
S1-112998882	5	2	3	0
S1-973936431	3	2	1	0
S1-136059720	2	1	1	0
S1-296275047	1	0	1	0
S1-874748052	2	1	1	0
S1-590712948	0	0	0	0
S1-984787640	5	2	3	0
S1-992465780	7	3	4	1
S1-535678414	3	1	2	0
S1-274595093	4	2	2	1
S1-992298300	4	2	2	0
S1-303213003	5	3	2	0
S1-385689529	3	1	2	0
S1-997158670	3	1	2	1
S1-502781798	3	2	1	0
S1-331907483	2	2	0	0
S1-886534800	4	1	3	0
S1-459704850	4	3	1	0
S1-552644519	3	2	1	0
S1-580139448	2	1	1	0
S1-446411115	7	5	2	0
S1-604403095	5	2	3	0
S1-470696549	4	3	1	0
S1-236871158	4	2	2	0
S1-37388827	3	0	3	1
S1-438961132	2	1	1	0
S1-632560860	4	2	2	0
S1-709854502	6	4	2	0
S1-272009045	5	3	2	0
S1-928317799	4	1	3	1
S1-404137463	4	2	2	0
S1-246025488	3	1	2	0
S1-320454471	4	1	3	0
S1-329059287	4	3	1	0
S1-130020624	2	2	0	0
S1-939272137	4	2	2	0
S1-614166735	6	2	4	0
S1-95496963	0	0	0	0
S1-571751431	4	1	3	1
S1-456299450	5	2	3	0
S1-572893274	2	0	2	0
S1-483667027	3	2	1	0
S1-658118434	1	1	0	1
S1-249389797	5	3	2	0
S1-434607086	2	0	2	0
S1-612417837	3	1	2	0
S1-888966272	5	2	3	0
S1-522242210	2	1	1	0
S1-933215181	4	1	3	0
S1-812655347	3	2	1	0
S1-517834254	0	0	0	1
S1-549392717	2	1	1	1
S1-524655338	0	0	0	1
S1-370578853	2	1	1	0
S1-521622133	3	1	2	1
S1-94816449	4	2	2	0
S1-921128797	3	2	1	0
S1-923713242	1	1	0	1
S1-63606514	3	0	3	0
S1-92643082	6	3	3	0
S1-956518050	3	2	1	0
S1-770147341	4	3	1	0
S1-782527730	3	1	2	1
S1-897230623	2	1	1	0
S1-361301675	6	2	4	0
S1-356749382	4	2	2	0
S1-597819849	3	2	1	0
S1-86324425	6	3	3	1
S1-779780884	3	2	1	0
S1-783453713	6	2	4	1
S1-629180085	2	1	1	0
S1-696350389	8	4	4	0
S1-51583731	0	0	0	0
S1-744452861	3	2	1	0
S1-597096405	3	1	2	0
S1-484753372	3	1	2	0
S1-514444026	5	3	2	0
S1-101747525	2	1	1	0
S1-910659520	5	2	3	0
S1-877031369	6	4	2	0
S1-424882193	5	2	3	0
S1-52401741	4	2	2	0
S1-683788263	2	1	1	0
S1-66853754	6	2	4	0
S1-28955191	3	2	1	1
S1-951564840	2	1	1	0
S1-859668704	4	2	2	1
S1-320133494	4	1	3	0
S1-852472888	3	2	1	1
S1-737996761	2	1	1	0
S1-633338206	3	2	1	1
S1-367831647	2	1	1	0
S1-130345826	3	1	2	0
S1-761643903	2	1	1	0
S1-141958937	2	0	2	0
S1-456146873	1	0	1	0
S1-851068685	4	2	2	0
S1-356205070	6	5	1	0
S1-486070178	5	5	0	0
S1-966364502	0	0	0	0
S1-813635296	5	2	3	0
S1-735574718	8	5	3	0
S1-477388941	0	0	0	0
S1-75288487	4	2	2	1
S1-259613196	5	1	4	0
S1-155840225	6	1	5	0
S1-665426910	2	1	1	0
S1-324263302	3	0	3	1
S1-310485873	2	0	2	1
S1-406066720	4	2	2	1
S1-864623567	3	2	1	0
S1-423020495	4	0	4	0
S1-131723637	6	4	2	0
S1-329852969	2	1	1	0
S1-705048374	5	3	2	0
S1-313575092	3	1	2	0
S1-616632221	4	2	2	0
S1-39772599	5	3	2	1
S1-590074027	3	2	1	0
S1-159578751	3	1	2	0
S1-721351447	3	2	1	1
S1-612390329	2	1	1	0
S1-219386036	3	0	3	0
S1-43934202	0	0	0	0
S1-407029713	5	0	5	0
S1-803160097	4	2	2	1
S1-563504667	6	4	2	1
S1-482632930	5	2	3	0
S1-664598598	4	2	2	0
S1-472658521	3	1	2	0
S1-902463723	5	4	1	0
S1-694530971	4	2	2	1
S1-87528960	3	1	2	0
S1-815859580	6	3	3	0
S1-482809334	3	2	1	1
S1-326828860	1	1	0	0
S1-8500817	2	1	1	1
S1-274692430	4	2	2	0
S1-559507599	4	3	1	0
S1-427869269	0	0	0	0
S1-846335714	3	1	2	0
S1-207084028	0	0	0	1
S1-355407191	4	2	2	0
S1-430974202	0	0	0	0
S1-888958356	2	1	1	0
S1-237198889	4	3	1	0
S1-416760655	6	2	4	0
S1-60673987	1	1	0	0
S1-982291788	3	1	2	0
S1-775803070	3	2	1	0
S1-868818499	7	4	3	0
S1-885229730	2	1	1	0
S1-462264126	5	1	4	1
S1-376563089	5	1	4	0
S1-228863098	1	0	1	0
S1-389198170	3	2	1	1
S1-245023930	6	4	2	1
S1-273811286	2	1	1	0
S1-168027117	3	2	1	0
S1-396718409	4	3	1	0
S1-853810997	3	2	1	0
S1-770496767	3	2	1	0
S1-165874007	3	2	1	1
S1-810962623	5	2	3	0
S1-469278270	2	1	1	0
S1-36281409	3	1	2	0
S1-145562720	5	3	2	1
S1-955062430	5	2	3	1
S1-25495248	0	0	0	1
S1-334373405	3	2	1	0
S1-30227070	0	0	0	0
S1-496592466	3	2	1	1
S1-469978997	0	0	0	1
S1-80627600	0	0	0	0
S1-611745313	3	1	2	0
S1-232618668	6	2	4	1
S1-678690626	4	2	2	1
S1-881234588	4	3	1	0
S1-253063520	5	3	2	0
S1-732518810	7	3	4	0
S1-627754038	8	3	5	1
S1-822243995	3	1	2	0
S1-746589227	5	3	2	1
S1-892394614	0	0	0	0
S1-772775613	5	1	4	0
S1-839169550	6	2	4	0
S1-824593688	2	1	1	0
S1-102539463	3	3	0	1
S1-770933620	4	2	2	0
S1-345091118	3	2	1	0
S1-883726685	5	3	2	0
S1-882338126	5	2	3	0
S1-355877020	3	1	2	0
S1-582862698	1	0	1	0
S1-594942226	3	3	0	0
S1-590773946	3	1	2	0
S1-42596205	5	3	2	0
S1-535907125	1	1	0	0
S1-171143465	5	3	2	0
S1-994632458	2	2	0	0
S1-52301491	3	1	2	0
S1-865816013	2	0	2	0
S1-4949797	5	2	3	0
S1-160155681	6	3	3	0
S1-798901714	4	3	1	0
S1-549591317	3	0	3	0
S1-679197155	4	2	2	1
S1-462943111	5	4	1	0
S1-559937158	4	2	2	0
S1-783699662	7	4	3	0
S1-625469012	5	1	4	1
S1-19911730	4	1	3	0
S1-268721187	6	2	4	0
S1-610377690	7	3	4	0
S1-621241096	5	3	2	0
S1-950047281	2	2	0	0
S1-434776639	6	3	3	0
S1-311937192	0	0	0	0
S1-753419143	3	2	1	0
S1-27037683	5	2	3	0
S1-707916403	4	3	1	0
S1-330427971	2	0	2	0
S1-914355031	3	2	1	1
S1-995690344	5	2	3	0
S1-860379576	3	2	1	0
S1-37787922	3	3	0	0
S1-998663223	2	1	1	1
S1-761799298	3	3	0	0
S1-939445258	4	2	2	0
S1-784167702	7	4	3	0
S1-914431870	1	1	0	0
S1-701583396	5	3	2	1
S1-201570205	4	2	2	1
S1-658852446	2	2	0	1
S1-817203941	5	4	1	0
S1-477484556	4	3	1	1
S1-823570664	4	2	2	0
S1-336651573	3	2	1	0
S1-973332353	0	0	0	0
S1-543803117	3	3	0	0
S1-813531326	2	2	0	0
S1-893040280	4	3	1	0
S1-468272359	5	3	2	0
S1-381941696	1	1	0	0
S1-926068336	5	2	3	0
S1-323037216	3	2	1	0
S1-971215924	2	1	1	0
S1-215012656	0	0	0	0
S1-393259793	0	0	0	0
S1-83865017	0	0	0	0
S1-392623524	3	2	1	0
S1-25057424	5	2	3	1
S1-610934440	5	2	3	1
S1-827154301	6	1	5	0
S1-690879087	4	1	3	0
S1-225447926	3	1	2	0
S1-436806161	2	1	1	0
S1-195659370	5	1	4	0
S1-688184036	1	1	0	0
S1-221963103	1	0	1	0
S1-837523160	3	2	1	0
S1-327077722	3	1	2	0
S1-854027546	4	2	2	0
S1-5624645	3	1	2	0
S1-559395449	2	1	1	1
S1-731844507	4	1	3	0
S1-381729340	4	3	1	0
S1-83679816	6	3	3	0
S1-112739251	3	1	2	0
S1-713275751	8	5	3	1
S1-873926976	1	1	0	1
S1-695606943	5	1	4	1
S1-766806829	5	5	0	0
S1-9095205	1	0	1	0
S1-84691449	5	3	2	0
S1-967751721	3	2	1	0
S1-438388049	7	4	3	0
S1-378028484	3	0	3	0
S1-867209571	0	0	0	0
S1-589146327	3	1	2	0
S1-590083947	0	0	0	1
S1-287291133	4	3	1	0
S1-497743916	4	1	3	0
S1-472352040	3	2	1	0
S1-246086518	6	4	2	0
S1-851329440	0	0	0	1
S1-192652606	2	0	2	0
S1-16018747	4	1	3	0
S1-191976086	2	1	1	0
S1-823110939	3	2	1	1
S1-595475905	0	0	0	0
S1-982416165	4	2	2	0
S1-709602089	5	2	3	0
S1-182079241	3	1	2	0
S1-439548412	2	2	0	0
S1-973941507	3	1	2	0
S1-361794460	2	0	2	0
S1-218425920	2	1	1	1
S1-965746148	4	1	3	0
S1-448061431	8	5	3	0
S1-507340426	8	4	4	0
S1-43838517	0	0	0	0
S1-162947724	3	2	1	0
S1-743728565	5	3	2	0
S1-396597669	2	1	1	0
S1-549300524	5	3	2	0
S1-885432753	4	1	3	0
S1-161232983	5	3	2	0
S1-518745913	6	2	4	0
S1-37460954	2	1	1	0
S1-874297565	8	3	5	0
S1-829615235	2	0	2	0
S1-501727001	4	1	3	0
S1-463663771	4	2	2	0
S1-302958270	2	0	2	1
S1-474083509	3	2	1	0
S1-402272627	3	1	2	1
S1-463845195	3	3	0	0
S1-428564680	4	2	2	0
S1-54036499	5	2	3	0
S1-777430857	3	2	1	1
S1-571857758	4	2	2	1
S1-457882370	0	0	0	0
S1-61952605	0	0	0	0
S1-984233833	6	1	5	0
S1-879024053	7	3	4	0
S1-693851670	2	1	1	0
S1-222343997	4	2	2	0
S1-507283878	5	1	4	0
S1-626582596	4	3	1	0
S1-716043904	4	1	3	0
S1-248396628	4	1	3	0
S1-480970351	6	2	4	0
S1-515662612	3	1	2	0
S1-356843371	3	1	2	0
S1-26328906	2	1	1	0
S1-241622472	4	2	2	0
S1-94818359	4	1	3	0
S1-410015422	3	1	2	0
S1-5323375	2	1	1	0
S1-105693693	3	1	2	0
S1-914882895	0	0	0	0
S1-275862783	5	2	3	0
S1-422715679	1	1	0	0
S1-174093337	2	1	1	0
S1-300869734	4	3	1	1
S1-923175260	3	1	2	0
S1-847371811	2	0	2	1
S1-207097129	5	2	3	0
S1-726112857	3	2	1	0
S1-310366381	4	3	1	0
S1-589260205	2	1	1	0
S1-512344357	4	1	3	1
S1-860986972	2	1	1	0
S1-972717766	0	0	0	0
S1-415897988	5	2	3	0
S1-508769599	2	2	0	0
S1-729475968	6	1	5	1
S1-685387446	2	1	1	0
S1-134142152	3	2	1	0
S1-243789578	2	1	1	0
S1-959084522	4	3	1	0
S1-587729092	3	1	2	0
S1-734170310	3	1	2	0
S1-856522775	4	2	2	0
S1-827868750	4	3	1	0
S1-125645069	7	5	2	0
S1-346508885	6	3	3	0
S1-531809282	5	1	4	0
S1-736309583	2	1	1	1
S1-396422714	2	2	0	0
S1-74712169	3	1	2	0
S1-851466803	6	4	2	0
S1-872554774	0	0	0	1
S1-703533156	5	1	4	0
S1-752210128	4	3	1	1
S1-789393774	2	1	1	0
S1-417167934	2	0	2	0
S1-493337708	3	1	2	0
S1-476745132	2	1	1	0
S1-478678903	4	2	2	1
S1-436107441	0	0	0	1
S1-87307791	4	2	2	0
S1-220213979	5	2	3	0
S1-400468014	3	2	1	0
S1-699551455	3	1	2	0
S1-673235267	4	2	2	0
S1-751395750	0	0	0	1
S1-407485321	3	1	2	1
S1-392605449	6	3	3	0
S1-766268180	4	2	2	0
S1-594559549	4	2	2	0
S1-42250564	2	1	1	0
S1-452657790	3	0	3	0
S1-845771866	4	4	0	0
S1-849427539	4	2	2	0
S1-100456002	6	2	4	0
S1-226760159	2	1	1	0
S1-954820642	2	1	1	0
S1-176409968	3	1	2	0
S1-301505007	7	3	4	0
S1-559956372	0	0	0	0
S1-900528403	3	2	1	0
S1-761651366	3	1	2	0
S1-564414589	2	1	1	1
S1-308385950	5	3	2	0
S1-306017406	4	2	2	1
S1-956123960	1	0	1	0
S1-58201168	4	2	2	0
S1-34332569	4	1	3	1
S1-63871238	3	2	1	1
S1-985422355	3	2	1	0
S1-835078966	3	1	2	0
S1-570776794	7	3	4	0
S1-799366190	3	1	2	0
S1-269776167	4	1	3	0
S1-240327166	4	3	1	0
S1-4220100	5	2	3	0
S1-244127567	2	1	1	0
S1-246623260	0	0	0	0
S1-818320211	0	0	0	0
S1-624129308	4	3	1	0
S1-115957309	2	1	1	1
S1-997708003	2	0	2	0
S1-781568078	3	1	2	1
S1-762549272	4	2	2	1
S1-661755093	3	2	1	0
S1-847783698	6	3	3	0
S1-954964063	5	3	2	0
S1-394098767	1	1	0	0
S1-74708635	3	2	1	0
S1-68764297	2	1	1	1
S1-88259379	3	1	2	0
S1-266972599	3	2	1	0
S1-797337525	4	3	1	0
S1-869153477	4	2	2	0
S1-430368184	3	1	2	0
S1-879905986	2	1	1	1
S1-491769280	5	2	3	1
S1-651483834	4	1	3	0
S1-813313819	4	2	2	0
S1-901286612	2	1	1	0
S1-639647297	2	1	1	1
S1-706924992	3	1	2	0
S1-751810712	4	2	2	0
S1-171226928	6	3	3	1
S1-217917393	5	3	2	0
S1-669638688	5	3	2	0
S1-269636837	5	3	2	0
S1-643383959	0	0	0	0
S1-717223466	3	2	1	1
S1-540365786	3	2	1	0
S1-909002187	3	1	2	0
S1-644879770	3	1	2	0
S1-536922323	3	2	1	1
S1-312454031	6	4	2	0
S1-49527993	5	3	2	0
S1-284516393	6	4	2	1
S1-893452805	2	1	1	0
S1-460658692	5	3	2	1
S1-990429087	5	4	1	1
S1-561366941	6	2	4	0
S1-879780187	2	0	2	0
S1-880384829	2	0	2	1
S1-414190460	5	3	2	0
S1-240779050	3	2	1	0
S1-397983014	2	1	1	0
S1-785037662	6	2	4	0
S1-378342084	1	1	0	1
S1-520722573	2	1	1	1
S1-44511991	1	1	0	1
S1-997334686	6	2	4	0
S1-337270875	5	1	4	0
S1-185428530	5	3	2	0
S1-811833794	2	2	0	0
S1-7990969	5	3	2	1
S1-915134082	2	1	1	0
S1-362170344	5	2	3	0
S1-115827239	3	0	3	0
S1-730735512	5	2	3	0
S1-20602624	5	4	1	0
S1-998993870	4	3	1	0
S1-843121806	2	1	1	0
S1-263996006	4	1	3	0
S1-384376123	5	3	2	0
S1-389850020	1	1	0	0
S1-732351917	0	0	0	0
S1-644399679	8	4	4	1
S1-656004170	5	2	3	0
S1-342716661	4	2	2	1
S1-968139069	5	4	1	1
S1-13037728	7	3	4	0
S1-421048863	3	2	1	0
S1-639523020	0	0	0	0
S1-867448629	4	2	2	1
S1-601922964	4	1	3	0
S1-796522680	2	2	0	0
S1-82624391	4	0	4	0
S1-183145941	3	2	1	0
S1-746691693	2	2	0	0
S1-404626636	0	0	0	0
S1-619656585	5	3	2	0
S1-721240600	4	3	1	0
S1-30837939	2	1	1	0
S1-166130034	3	1	2	1
S1-813149333	2	0	2	0
S1-433677452	4	3	1	0
S1-25645575	4	2	2	0
S1-539368599	2	1	1	0
S1-61208598	3	1	2	0
S1-91560764	4	1	3	0
S1-718634856	1	1	0	0
S1-758718687	6	3	3	0
S1-253093944	3	2	1	0
S1-807365995	3	1	2	0
S1-1294557	2	1	1	0
S1-352463310	2	0	2	0
S1-760236624	0	0	0	0
S1-826101448	0	0	0	0
S1-505472437	4	2	2	0
S1-923728573	0	0	0	0
S1-970880601	3	2	1	0
S1-902212841	5	2	3	0
S1-913247642	6	2	4	0
S1-159831229	6	4	2	0
S1-395589703	3	1	2	0
S1-245225522	2	1	1	0
S1-615265325	5	2	3	0
S1-403252614	5	2	3	0
S1-576884583	1	1	0	0
S1-702513171	5	2	3	0
S1-199510976	2	1	1	0
S1-578174893	3	1	2	0
S1-709268581	3	1	2	0
S1-374373168	1	0	1	0
S1-977725483	5	2	3	0
S1-456243021	3	2	1	0
S1-11911111	8	3	5	0
S1-892371126	5	2	3	1
S1-248766744	4	1	3	1
S1-345930185	5	3	2	0
S1-604108409	4	2	2	0
S1-21687329	6	3	3	0
S1-757653755	4	1	3	0
S1-200472785	3	1	2	0
S1-523189226	4	2	2	0
S1-990135066	1	0	1	0
S1-383443778	3	1	2	0
S1-30752064	3	1	2	0
S1-831757835	3	1	2	0
S1-951072366	3	2	1	0
S1-5387491	9	5	4	1
S1-455886423	2	1	1	1
S1-288900645	4	2	2	1
S1-570867549	5	2	3	0
S1-482886262	5	3	2	0
S1-589057489	3	2	1	0
S1-19937151	6	3	3	0
S1-187193171	3	2	1	0
S1-902175732	3	2	1	0
S1-180372325	2	0	2	0
S1-856211419	6	4	2	0
S1-480312629	2	2	0	0
S1-582507139	3	2	1	1
S1-147396628	1	0	1	0
S1-357437322	4	2	2	0
S1-160393706	3	1	2	1
S1-353411751	1	0	1	1
S1-280570359	1	1	0	0
S1-452312590	2	0	2	0
S1-442624598	2	2	0	1
S1-552954627	4	2	2	0
S1-280992376	5	2	3	0
S1-192188386	3	1	2	0
S1-594769777	5	1	4	0
S1-365396425	3	2	1	1
S1-306595453	4	1	3	0
S1-924873865	2	0	2	0
S1-143629036	6	3	3	0
S1-893775312	3	2	1	0
S1-872342906	3	1	2	0
S1-114979244	0	0	0	0
S1-199600958	3	2	1	0
S1-891847887	5	2	3	0
S1-959000292	4	2	2	0
S1-715207848	4	1	3	0
S1-963616173	2	2	0	0
S1-754688325	3	2	1	0
S1-913163954	6	1	5	0
S1-43325441	2	1	1	0
S1-772817221	5	2	3	0
S1-677752185	3	2	1	0
S1-582733437	6	2	4	0
S1-66427628	1	0	1	0
S1-52929192	6	3	3	0
S1-813646057	3	2	1	0
S1-292267545	4	3	1	0
S1-934292145	4	2	2	0
S1-472137526	2	1	1	0
S1-884747044	2	1	1	0
S1-530617747	4	1	3	0
S1-918990522	1	0	1	1
S1-419167253	4	2	2	0
S1-863306996	2	1	1	0
S1-509600872	5	4	1	0
S1-561355903	3	1	2	1
S1-626949347	2	2	0	0
S1-26895703	3	0	3	0
S1-695263849	2	1	1	1
S1-964956330	5	4	1	0
S1-109666175	2	1	1	0
S1-667264941	4	1	3	1
S1-438476284	1	0	1	0
S1-562314898	1	0	1	0
S1-750507699	6	4	2	0
S1-465389603	7	3	4	0
S1-538097938	7	3	4	0
S1-433173953	2	1	1	1
S1-985610426	6	4	2	0
S1-24381904	6	1	5	0
S1-464455049	3	1	2	1
S1-705185820	4	2	2	0
S1-256926298	6	5	1	1
S1-696420965	3	3	0	0
S1-268651992	0	0	0	0
S1-661546405	4	2	2	0
S1-100656758	4	2	2	0
S1-986367392	5	2	3	0
S1-52349079	3	1	2	0
S1-816603992	5	4	1	0
S1-550886005	4	2	2	1
S1-880390836	1	0	1	0
S1-707118758	4	2	2	0
S1-124237025	1	1	0	1
S1-408768849	0	0	0	0
S1-258608264	3	1	2	0
S1-303689924	2	1	1	0
S1-295177261	0	0	0	1
S1-902720960	3	2	1	0
S1-461493290	4	3	1	0
S1-851531101	2	1	1	0
S1-770296731	3	1	2	0
S1-295434714	5	1	4	1
S1-290634355	3	2	1	0
S1-882220396	3	0	3	0
S1-143073270	4	2	2	0
S1-840021103	5	0	5	0
S1-924756988	4	3	1	0
S1-546882324	7	4	3	1
S1-514120189	4	2	2	0
S1-533366192	3	1	2	0
S1-419686091	3	1	2	1
S1-475617375	5	4	1	0
S1-368456765	3	1	2	1
S1-56543308	5	3	2	0
S1-670778904	7	3	4	0
S1-896507413	4	2	2	0
S1-68997369	4	2	2	1
S1-418038607	4	2	2	0
S1-630327725	5	4	1	0
S1-701525365	6	2	4	0
S1-129031302	3	1	2	0
S1-773942999	5	4	1	0
S1-560575702	6	2	4	0
S1-504257382	9	5	4	0
S1-520027791	4	2	2	0
S1-266878753	3	2	1	0
S1-617924552	3	1	2	0
S1-541102596	3	1	2	0
S1-328912803	5	2	3	0
S1-974299687	2	1	1	1
S1-862119148	5	1	4	0
S1-856455595	4	2	2	1
S1-456570286	5	3	2	0
S1-729439626	3	1	2	0
S1-390616880	5	2	3	0
S1-853515629	5	3	2	1
S1-657484737	0	0	0	0
S1-231386430	3	0	3	0
S1-303388340	4	2	2	0
S1-512846845	3	2	1	0
S1-919750282	5	2	3	0
S1-826880522	2	1	1	0
S1-492156076	4	2	2	0
S1-928699408	3	2	1	0
S1-691808955	5	4	1	0
S1-276726380	5	3	2	0
S1-13979681	5	1	4	0
S1-305556231	3	2	1	0
S1-10327809	7	5	2	0
S1-731354711	3	2	1	0
S1-432838170	3	1	2	0
S1-580441629	7	2	5	0
S1-19445849	4	2	2	0
S1-323778260	8	5	3	0
S1-768015158	3	1	2	0
S1-582492704	4	2	2	0
S1-832718050	6	2	4	0
S1-557274094	0	0	0	0
S1-727641961	0	0	0	1
S1-491907552	4	1	3	0
S1-573513140	0	0	0	0
S1-761539137	2	2	0	0
S1-649103748	3	2	1	0
S1-766589828	5	2	3	0
S1-792799787	5	2	3	0
S1-302777807	2	1	1	0
S1-451864703	2	1	1	0
S1-573454551	4	1	3	0
S1-821354496	6	2	4	0
S1-453824776	3	0	3	0
S1-951431082	3	1	2	0
S1-518591638	5	2	3	0
S1-4193750	6	3	3	0
S1-234073732	5	4	1	0
S1-260171466	4	1	3	1
S1-778930127	6	3	3	0
S1-973528386	4	1	3	1
S1-366675304	5	2	3	1
S1-530113118	4	1	3	1
S1-532383604	3	2	1	0
S1-624521451	5	2	3	0
S1-359892659	3	2	1	0
S1-135201473	3	1	2	0
S1-88135025	4	3	1	1
S1-981169983	5	4	1	1
S1-365227711	2	1	1	1
S1-816956009	4	4	0	1
S1-728527895	4	3	1	0
S1-394933776	2	1	1	0
S1-632599134	5	1	4	0
S1-176701309	6	3	3	0
S1-326265989	4	3	1	0
S1-765020218	4	0	4	0
S1-20722665	2	0	2	0
S1-450361229	6	2	4	0
S1-626897503	2	1	1	0
S1-909977432	4	3	1	0
S1-252349842	4	3	1	0
S1-539406463	3	0	3	1
S1-89096509	7	4	3	0
S1-476960066	1	0	1	1
S1-701169246	4	2	2	0
S1-85595248	3	1	2	0
S1-612076198	1	1	0	0
S1-510094365	0	0	0	1
S1-321306005	3	1	2	0
S1-691910991	3	1	2	0
S1-442598044	2	1	1	0
S1-771922164	4	1	3	0
S1-145276542	3	2	1	0
S1-995327837	4	2	2	0
S1-884348868	7	3	4	0
S1-394093741	4	2	2	0
S1-275344952	4	2	2	0
S1-655418787	4	0	4	0
S1-38092686	5	2	3	1
S1-167589902	5	2	3	0
S1-797443313	3	2	1	0
S1-713851122	2	1	1	0
S1-543816594	4	2	2	0
S1-613316968	4	2	2	0
S1-471899463	3	2	1	0
S1-817528443	3	2	1	0
S1-711954529	3	1	2	0
S1-796421498	4	2	2	0
S1-588668770	3	2	1	0
S1-528827404	0	0	0	0
S1-557529591	7	3	4	1
S1-488324653	5	3	2	0
S1-756023113	4	1	3	1
S1-521373615	2	1	1	0
S1-309805862	2	1	1	0
S1-311051134	2	0	2	0
S1-502766493	5	3	2	0
S1-288947837	4	2	2	1
S1-84085837	4	2	2	1
S1-727701937	4	3	1	0
S1-964456312	4	1	3	0
S1-677758987	8	4	4	0
S1-935113363	3	1	2	0
S1-153530639	4	2	2	0
S1-814215534	7	3	4	0
S1-593613411	4	3	1	0
S1-523755804	5	3	2	0
S1-692274887	5	1	4	0
S1-33660251	4	3	1	0
S1-767215544	6	2	4	0
S1-627348955	5	1	4	1
S1-910933723	6	2	4	0
S1-605520520	3	1	2	0
S1-159101619	4	2	2	0
S1-877271257	2	1	1	0
S1-836122765	3	2	1	0
S1-9673824	4	1	3	0
S1-947563235	5	1	4	0
S1-173575343	2	1	1	0
S1-581465928	0	0	0	0
S1-699058077	3	1	2	0
S1-835388437	4	3	1	0
S1-884351482	5	2	3	1
S1-144968788	3	1	2	0
S1-189817922	6	4	2	0
S1-61043471	5	2	3	0
S1-923441413	5	2	3	0
S1-320670331	5	3	2	0
S1-145614035	5	2	3	0
S1-886373239	4	2	2	0
S1-498976806	2	1	1	0
S1-955906277	2	2	0	1
S1-926298718	1	0	1	1
S1-472674635	3	1	2	0
S1-883367844	5	4	1	0
S1-970563629	6	3	3	0
S1-490316228	3	0	3	0
S1-242632995	0	0	0	0
S1-364072434	5	3	2	1
S1-11368835	4	3	1	0
S1-149898575	3	2	1	1
S1-318789296	3	2	1	0
S1-170987628	5	4	1	0
S1-659165777	3	1	2	0
S1-258865849	3	2	1	0
S1-778955978	2	1	1	0
S1-5448537	3	2	1	1
S1-438834768	3	1	2	0
S1-397106589	4	2	2	0
S1-6989902	2	1	1	1
S1-697492404	2	1	1	0
S1-502461189	5	1	4	0
S1-305189703	4	2	2	0
S1-372486820	4	2	2	0
S1-354068386	4	1	3	1
S1-871451383	3	1	2	0
S1-374387221	0	0	0	1
S1-504511492	3	1	2	0
S1-170204807	3	1	2	0
S1-156584505	5	2	3	1
S1-168599179	3	1	2	0
S1-49929103	0	0	0	0
S1-204218779	3	2	1	0
S1-731756532	3	2	1	1
S1-388253939	4	3	1	1
S1-739797656	0	0	0	0
S1-878741225	3	0	3	0
S1-296846197	5	1	4	0
S1-7795629	3	1	2	1
S1-686120950	2	1	1	0
S1-296416408	6	2	4	1
S1-664522012	2	1	1	0
S1-68884361	2	2	0	0
S1-999290373	2	0	2	1
S1-623821600	1	0	1	0
S1-577549795	4	2	2	0
S1-302247650	3	1	2	1
S1-645978486	4	1	3	0
S1-191209328	3	1	2	1
S1-422492231	0	0	0	0
S1-467934474	3	1	2	0
S1-81062747	7	4	3	1
S1-900327331	3	1	2	0
S1-975237224	3	1	2	0
S1-558506358	4	2	2	0
S1-637622185	3	1	2	0
S1-357513875	1	0	1	0
S1-986116425	3	1	2	0
S1-510526081	2	1	1	0
S1-893597756	5	2	3	0
S1-68170645	6	3	3	0
S1-606686546	4	1	3	0
S1-403573726	2	1	1	1
S1-291316802	5	2	3	0
S1-760090876	1	1	0	1
S1-464962649	0	0	0	0
S1-95942870	4	2	2	0
S1-405518824	6	3	3	1
S1-140546152	1	1	0	0
S1-995217014	5	2	3	0
S1-833953203	2	0	2	0
S1-132366626	3	1	2	0
S1-873432650	5	1	4	0
S1-324887289	4	2	2	0
S1-489834584	5	2	3	0
S1-347905952	5	3	2	0
S1-603485049	5	0	5	1
S1-441822798	2	1	1	1
S1-732421623	5	2	3	0
S1-574964522	3	1	2	1
S1-658332645	5	3	2	0
S1-726365524	5	4	1	0
S1-42473343	7	4	3	0
S1-816766783	4	1	3	0
S1-216469697	6	4	2	0
S1-586182710	5	3	2	0
S1-413260815	5	1	4	0
S1-63735802	2	0	2	0
S1-902596297	2	1	1	0
S1-730101903	3	2	1	0
S1-908287291	0	0	0	0
S1-114792469	3	2	1	0
S1-408870056	3	2	1	0
S1-749322819	1	1	0	0
S1-185859119	4	1	3	0
S1-314821721	3	1	2	1
S1-266354645	4	2	2	0
S1-944380725	5	2	3	0
S1-725868315	4	2	2	0
S1-237539441	2	0	2	0
S1-773568270	3	3	0	0
S1-196339829	3	2	1	0
S1-875534396	4	3	1	1
S1-557732888	4	0	4	0
S1-887977818	4	1	3	0
S1-291421724	2	1	1	0
S1-864589867	3	1	2	1
S1-216370224	3	2	1	0
S1-703806829	6	3	3	0
S1-938031572	6	3	3	0
S1-315051350	3	1	2	1
S1-340323269	4	0	4	0
S1-237957646	3	2	1	0
S1-336626930	2	1	1	0
S1-746914207	5	1	4	1
S1-922633311	3	2	1	1
S1-821083139	4	2	2	0
S1-414089898	2	2	0	0
S1-415890823	0	0	0	0
S1-925528246	6	3	3	0
S1-386098369	1	0	1	0
S1-296323994	1	0	1	0
S1-34527295	2	1	1	0
S1-684988153	4	1	3	0
S1-230489986	1	1	0	0
S1-912545520	0	0	0	0
S1-524886672	1	1	0	0
S1-642425954	3	2	1	1
S1-358818786	4	2	2	0
S1-731936293	2	2	0	0
S1-579303289	0	0	0	0
S1-379634437	3	3	0	0
S1-252757889	4	2	2	0
S1-398819664	3	0	3	0
S1-633306696	3	2	1	0
S1-739458370	5	1	4	1
S1-986170634	5	2	3	1
S1-398237725	2	1	1	0
S1-98270836	0	0	0	0
S1-944099049	3	1	2	0
S1-624599785	3	2	1	0
S1-387583252	1	1	0	0
S1-792481942	3	1	2	0
S1-94595653	5	1	4	0
S1-883597351	2	1	1	1
S1-264272851	3	2	1	0
S1-654067557	6	2	4	0
S1-265244664	4	1	3	0
S1-708926186	3	1	2	0
S1-918056794	3	1	2	0
S1-366211348	6	3	3	0
S1-82342890	3	2	1	0
S1-507612742	5	2	3	0
S1-419290857	3	1	2	0
S1-478484278	2	1	1	0
S1-913479291	2	0	2	0
S1-691571759	3	2	1	0
S1-573601358	4	3	1	0
S1-954786563	5	4	1	0
S1-342130859	3	0	3	0
S1-468530861	6	3	3	0
S1-465559531	3	2	1	1
S1-185836464	1	0	1	0
S1-459822684	6	3	3	0
S1-918244351	5	1	4	1
S1-197973049	2	0	2	0
S1-643216782	3	2	1	0
S1-140307222	4	2	2	0
S1-77179764	3	1	2	0
S1-295666243	5	3	2	0
S1-158009900	4	1	3	0
S1-512287160	5	3	2	0
S1-737149570	5	1	4	1
S1-775627331	8	3	5	1
S1-80147610	2	1	1	0
S1-706227638	4	2	2	0
S1-210092138	3	2	1	1
S1-572624992	2	0	2	0
S1-708368208	7	4	3	0
S1-649524968	4	2	2	1
S1-182180061	4	2	2	0
S1-114006321	2	1	1	1
S1-529937220	3	2	1	0
S1-590916075	4	3	1	0
S1-700023979	4	3	1	0
S1-664216022	4	1	3	0
S1-989233933	1	1	0	0
S1-312768787	3	3	0	0
S1-300912906	3	1	2	0
S1-117802251	6	4	2	0
S1-910601710	4	2	2	0
S1-373467517	3	1	2	0
S1-400576010	3	1	2	0
S1-715140820	3	2	1	0
S1-126134495	4	4	0	0
S1-792417386	0	0	0	0
S1-819545531	3	1	2	0
S1-193460731	2	1	1	0
S1-796445716	4	1	3	0
S1-996425196	4	3	1	1
S1-337525428	3	1	2	1
S1-447078252	2	1	1	1
S1-614758060	3	2	1	1
S1-109493279	3	2	1	0
S1-974571239	5	2	3	0
S1-706447760	5	2	3	0
S1-118602779	7	4	3	0
S1-261790180	3	2	1	1
S1-990962376	6	2	4	0
S1-49584394	2	1	1	0
S1-919927527	6	3	3	0
S1-559564470	4	2	2	0
S1-381970296	3	1	2	0
S1-248702489	4	2	2	0
S1-240680399	3	2	1	1
S1-998932505	3	2	1	0
S1-38799674	2	1	1	0
S1-130259568	4	2	2	0
S1-482274829	5	3	2	0
S1-609078828	1	1	0	0
S1-840418698	2	1	1	0
S1-418672738	6	2	4	1
S1-350875124	6	4	2	0
S1-411084407	4	1	3	0
S1-615651653	4	2	2	1
S1-141166616	4	2	2	0
S1-937935548	6	5	1	1
S1-181497142	3	1	2	0
S1-849886644	7	5	2	0
S1-139063364	2	1	1	0
S1-673715992	0	0	0	0
S1-580448986	5	3	2	1
S1-926139809	5	1	4	1
S1-86238158	3	2	1	0
S1-924186203	3	2	1	1
S1-215683534	1	1	0	0
S1-195080397	5	2	3	1
S1-529224274	1	0	1	0
S1-504627734	3	1	2	0
S1-705698214	3	1	2	0
S1-466222514	1	0	1	0
S1-10745149	3	2	1	0
S1-72180744	4	2	2	1
S1-932804647	5	3	2	0
S1-252640472	5	3	2	0
S1-616215050	6	3	3	1
S1-373446305	4	3	1	1
S1-86161307	3	1	2	0
S1-69270134	3	1	2	0
S1-232165664	5	2	3	0
S1-290009921	1	1	0	0
S1-837569907	3	2	1	0
S1-343340671	4	3	1	0
S1-760455069	2	2	0	0
S1-843698941	1	0	1	0
S1-80625219	3	2	1	0
S1-339634557	1	1	0	0
S1-670178977	7	5	2	0
S1-192318484	1	0	1	0
S1-273971652	5	3	2	0
S1-505596442	4	3	1	0
S1-616041191	1	1	0	0
S1-169471355	1	0	1	1
S1-623510232	4	3	1	0
S1-688936396	5	2	3	0
S1-744497722	3	1	2	0
S1-472358366	3	3	0	0
S1-227499084	5	3	2	0
S1-112321404	4	3	1	0
S1-446225826	6	3	3	0
S1-45782158	5	4	1	0
S1-792705717	5	2	3	0
S1-427010689	2	1	1	0
S1-558096604	3	1	2	0
S1-571298929	3	3	0	0
S1-166339082	4	1	3	0
S1-978068589	4	0	4	0
S1-661260226	3	2	1	0
S1-609146900	7	3	4	0
S1-72130895	2	1	1	0
S1-87628771	5	1	4	1
S1-238551007	3	2	1	0
S1-326937840	4	3	1	1
S1-735267320	4	1	3	0
S1-556808487	6	3	3	0
S1-430707610	3	2	1	0
S1-733104905	3	2	1	1
S1-828621597	4	2	2	0
S1-972046833	3	1	2	0
S1-681710657	4	2	2	0
S1-571829285	6	2	4	0
S1-607139509	6	1	5	0
S1-183755883	2	0	2	0
S1-885184733	7	3	4	0
S1-939405729	2	1	1	0
S1-616450559	2	1	1	0
S1-82915250	3	1	2	0
S1-6819617	5	3	2	0
S1-676953416	2	0	2	0
S1-209275816	3	1	2	0
S1-331950193	3	1	2	0
S1-49816297	3	1	2	0
S1-57720049	3	1	2	0
S1-880790440	0	0	0	0
S1-417921833	6	5	1	0
S1-5261369	3	0	3	0
S1-110622457	4	3	1	0
S1-31149111	4	1	3	0
S1-306947086	5	4	1	0
S1-296801599	5	1	4	0
S1-732559299	3	2	1	0
S1-937596371	3	2	1	0
S1-218353623	7	4	3	0
S1-379301216	1	1	0	1
S1-792136434	7	2	5	0
S1-263225178	1	1	0	0
S1-167866604	4	3	1	0
S1-400115947	4	1	3	0
S1-374797986	2	1	1	0
S1-373474207	5	2	3	1
S1-285097507	4	1	3	1
S1-650938641	4	1	3	0
S1-253387656	6	5	1	0
S1-642022451	4	2	2	1
S1-492453158	1	1	0	0
S1-803114457	6	3	3	0
S1-919926451	4	1	3	0
S1-340002312	3	2	1	1
S1-850819737	6	3	3	0
S1-249955131	2	0	2	0
S1-31505100	7	3	4	0
S1-734133368	8	4	4	0
S1-34586594	4	2	2	0
S1-305166380	4	1	3	0
S1-403598854	3	2	1	0
S1-944842362	5	2	3	0
S1-569268640	4	2	2	0
S1-24195381	2	1	1	0
S1-176895558	2	0	2	0
S1-970736589	4	2	2	0
S1-565588840	4	3	1	0
S1-936206114	3	1	2	1
S1-760816501	4	3	1	0
S1-835748999	4	2	2	0
S1-328833833	6	3	3	0
S1-562831893	2	0	2	0
S1-41628234	5	3	2	0
S1-655464801	2	0	2	0
S1-118885341	4	1	3	0
S1-918125630	6	3	3	0
S1-700604640	3	1	2	0
S1-587336001	2	1	1	0
S1-54581360	2	1	1	0
S1-812748456	0	0	0	0
S1-900817625	8	4	4	0
S1-499755043	6	4	2	0
S1-650676739	7	3	4	0
S1-542943106	3	1	2	0
S1-19702167	4	3	1	0
S1-682741065	4	2	2	0
S1-254350166	5	4	1	0
S1-521665558	3	2	1	0
S1-200125864	2	2	0	0
S1-124748961	2	1	1	0
S1-982057819	5	4	1	0
S1-572417598	6	3	3	0
S1-414576353	3	2	1	0
S1-945302141	4	2	2	0
S1-460943174	0	0	0	0
S1-459047012	3	0	3	0
S1-926459035	5	2	3	0
S1-181787180	4	2	2	0
S1-544113386	5	3	2	0
S1-6275028	4	2	2	0
S1-306272198	1	0	1	0
S1-854063113	2	1	1	0
S1-322655550	2	0	2	0
S1-663521636	6	4	2	0
S1-489543846	3	1	2	0
S1-574627029	6	4	2	1
S1-434956269	0	0	0	0
S1-496751988	0	0	0	0
S1-557022390	3	1	2	0
S1-514104421	5	2	3	0
S1-742670242	3	3	0	0
S1-878533471	3	1	2	0
S1-614013818	3	1	2	1
S1-971412818	2	1	1	0
S1-23867217	2	1	1	1
S1-145490067	4	2	2	1
S1-457818156	3	1	2	0
S1-426932673	2	1	1	0
S1-339725837	4	2	2	0
S1-611800581	4	1	3	0
S1-830961276	3	0	3	1
S1-934610975	2	1	1	0
S1-965176328	8	4	4	1
S1-590474630	1	1	0	0
S1-202025302	5	3	2	0
S1-315143846	4	1	3	0
S1-665174875	3	0	3	0
S1-568565453	4	1	3	0
S1-952181505	3	1	2	0
S1-325029175	3	2	1	0
S1-148613177	4	2	2	0
S1-740377287	3	1	2	0
S1-982252004	2	1	1	0
S1-387200680	6	2	4	0
S1-603259566	3	1	2	0
S1-457381309	2	2	0	0
S1-850746745	3	1	2	0
S1-302615591	2	1	1	0
S1-385705072	4	2	2	0
S1-531226700	4	2	2	0
S1-960591277	3	2	1	0
S1-979360086	3	3	0	0
S1-749879091	4	2	2	0
S1-182498037	5	3	2	0
S1-19243804	4	1	3	1
S1-821974326	6	2	4	0
S1-647072167	6	3	3	0
S1-990408697	3	2	1	0
S1-976398495	3	1	2	0
S1-497222906	5	2	3	0
S1-648194221	4	3	1	0
S1-705391328	4	1	3	0
S1-974553829	3	2	1	0
S1-819361387	5	2	3	0
S1-577851772	4	2	2	1
S1-333120931	0	0	0	0
S1-896888838	3	1	2	0
S1-583094024	6	2	4	1
S1-886891053	0	0	0	0
S1-520444247	3	2	1	0
S1-373971106	6	4	2	0
S1-650309082	3	1	2	1
S1-164245960	3	2	1	0
S1-321494836	4	3	1	0
S1-76465631	2	1	1	0
S1-386510634	0	0	0	0
S1-342874727	3	1	2	0
S1-315209126	0	0	0	1
S1-413962509	2	1	1	0
S1-682382012	5	2	3	0
S1-558113035	2	2	0	0
S1-443395761	3	2	1	1
S1-747562440	4	1	3	0
S1-670951954	4	1	3	0
S1-226234641	3	1	2	0
S1-781264920	3	2	1	0
S1-879543168	3	1	2	0
S1-717274800	2	1	1	0
S1-71093974	4	1	3	1
S1-57647830	7	4	3	0
S1-29901101	5	3	2	0
S1-727589600	1	1	0	0
S1-120133145	1	1	0	0
S1-740818366	5	2	3	0
S1-97942542	5	1	4	0
S1-203605841	3	1	2	0
S1-688588036	4	2	2	0
S1-637128353	6	4	2	0
S1-330193789	1	1	0	0
S1-606322752	2	1	1	1
S1-291922534	2	2	0	0
S1-948342376	0	0	0	0
S1-549405876	4	2	2	0
S1-242694347	3	1	2	0
S1-258215643	0	0	0	1
S1-377629545	1	1	0	0
S1-303915074	3	1	2	0
S1-913862885	2	1	1	0
S1-683164864	5	3	2	0
S1-128623791	5	3	2	0
S1-519696617	4	3	1	0
S1-600526776	5	3	2	0
S1-994808613	1	0	1	1
S1-715888147	2	1	1	0
S1-331216540	4	2	2	0
S1-338864090	3	0	3	0
S1-665978240	2	2	0	0
S1-626448631	6	4	2	0
S1-83643982	3	3	0	0
S1-798239355	4	2	2	1
S1-243418626	0	0	0	0
S1-928144773	3	2	1	0
S1-426371877	4	1	3	0
S1-425693286	1	0	1	0
S1-583158694	2	1	1	0
S1-724555654	2	0	2	0
S1-114141453	2	2	0	0
S1-852488065	2	1	1	0
S1-928295555	2	1	1	1
S1-766806235	2	2	0	0
S1-444321851	5	3	2	0
S1-534650704	3	2	1	0
S1-920411696	4	2	2	0
S1-25399151	6	4	2	0
S1-91376895	2	1	1	0
S1-817966357	1	1	0	0
S1-669297357	4	2	2	0
S1-26257270	4	2	2	1
S1-124273967	2	1	1	0
S1-38015313	2	1	1	0
S1-771332600	5	2	3	0
S1-238300692	7	4	3	0
S1-645413656	4	3	1	1
S1-479904316	3	2	1	0
S1-468912230	3	2	1	0
S1-445383442	5	2	3	1
S1-40778942	4	2	2	0
S1-574597330	4	1	3	0
S1-120666077	2	1	1	0
S1-481493147	4	1	3	0
S1-580184905	4	2	2	0
S1-966215927	3	1	2	1
S1-866928885	4	3	1	0
S1-677818404	7	5	2	1
S1-469090029	4	2	2	0
S1-848861105	2	1	1	0
S1-472982223	3	1	2	1
S1-813343644	8	4	4	0
S1-502055237	3	0	3	0
S1-700941357	5	0	5	0
S1-295068151	4	2	2	0
S1-845065538	3	3	0	0
S1-521782533	2	1	1	1
S1-934372546	6	5	1	0
S1-674583713	5	2	3	0
S1-119187241	4	2	2	0
S1-44209933	3	1	2	0
S1-139788091	4	2	2	0
S1-989889903	3	2	1	0
S1-46476721	3	1	2	0
S1-628111709	3	1	2	0
S1-164236538	3	1	2	0
S1-718720172	4	3	1	0
S1-796849037	4	3	1	0
S1-818895480	3	2	1	1
S1-51145721	5	3	2	0
S1-311790241	6	5	1	0
S1-373673673	2	1	1	1
S1-525696388	5	3	2	0
S1-215077056	2	1	1	1
S1-5549868	6	4	2	0
S1-282054809	4	0	4	0
S1-472380791	5	3	2	0
S1-730596480	2	1	1	0
S1-378844779	2	1	1	0
S1-876182108	1	0	1	0
S1-931325722	7	4	3	0
S1-96499677	3	1	2	0
S1-835747291	4	3	1	0
S1-359921880	2	1	1	0
S1-737768510	3	1	2	0
S1-54436353	5	2	3	0
S1-178139149	0	0	0	0
S1-941283185	4	2	2	0
S1-58845326	3	1	2	1
S1-204137387	4	1	3	0
S1-582396159	4	2	2	1
S1-999769991	6	2	4	0
S1-675447424	3	3	0	1
S1-70249854	2	1	1	0
S1-695343626	6	4	2	0
S1-260309710	3	2	1	0
S1-330042716	3	1	2	0
S1-886985971	4	2	2	0
S1-828914430	3	2	1	0
S1-620121232	5	2	3	0
S1-984392458	3	1	2	1
S1-293014403	3	2	1	0
S1-251043974	7	2	5	0
S1-582055058	5	1	4	0
S1-766278627	2	1	1	0
S1-68890383	6	2	4	0
S1-636580562	2	1	1	0
S1-112805454	3	1	2	0
S1-360386348	3	1	2	0
S1-659663175	3	1	2	0
S1-432538447	3	1	2	0
S1-111004357	2	0	2	0
S1-430980477	5	4	1	0
S1-747837855	4	2	2	0
S1-191207185	5	2	3	0
S1-556943217	3	3	0	0
S1-314506579	4	1	3	0
S1-908532147	2	2	0	0
S1-50673223	3	2	1	1
S1-728071798	3	1	2	0
S1-938092819	3	0	3	0
S1-701575440	2	2	0	0
S1-70696171	4	1	3	0
S1-190408386	3	1	2	0
S1-893706007	3	1	2	0
S1-961750321	4	3	1	0
S1-843060396	4	2	2	1
S1-301050317	2	2	0	1
S1-165492357	3	1	2	0
S1-523523918	4	2	2	0
S1-488492940	0	0	0	0
S1-775603395	2	0	2	0
S1-487827045	2	1	1	1
S1-257911549	5	2	3	0
S1-19554261	7	4	3	1
S1-16896798	2	0	2	1
S1-368836679	4	2	2	0
S1-925859038	0	0	0	0
S1-708514008	4	3	1	0
S1-836795597	4	3	1	0
S1-945037506	2	1	1	1
S1-635567886	3	2	1	0
S1-519874886	3	1	2	0
S1-283989759	7	3	4	0
S1-8863988	1	0	1	1
S1-169564442	3	2	1	1
S1-711985251	3	2	1	0
S1-845064679	7	3	4	0
S1-582660204	3	0	3	0
S1-623177460	0	0	0	0
S1-219055946	0	0	0	0
S1-415790652	2	1	1	0
S1-724011066	7	3	4	1
S1-864085837	2	1	1	0
S1-782879077	0	0	0	0
S1-869233568	4	3	1	0
S1-788113049	2	1	1	0
S1-113487796	1	0	1	0
S1-557320684	6	2	4	0
S1-532195683	2	0	2	0
S1-864232228	5	3	2	0
S1-138665556	5	4	1	1
S1-393345405	4	2	2	0
S1-372053738	3	1	2	1
S1-241389619	4	2	2	0
S1-314567026	4	3	1	0
S1-294500958	3	2	1	0
S1-890823887	2	1	1	0
S1-368767037	5	2	3	0
S1-612148311	3	2	1	0
S1-946539441	6	4	2	0
S1-33429719	4	1	3	0
S1-269770838	4	2	2	0
S1-168486873	7	2	5	0
S1-514557658	6	3	3	0
S1-888728503	3	2	1	0
S1-540915004	5	2	3	0
S1-626976426	3	2	1	0
S1-878938907	3	2	1	0
S1-257007466	1	0	1	0
S1-450880383	3	1	2	0
S1-933172058	2	1	1	0
S1-272254334	3	1	2	0
S1-134945953	2	0	2	0
S1-609662353	4	3	1	0
S1-740616048	3	1	2	0
S1-513881431	3	2	1	0
S1-251452019	3	1	2	0
S1-372776928	4	1	3	0
S1-509945105	4	2	2	0
S1-32594856	3	1	2	0
S1-413411555	0	0	0	0
S1-801528336	4	2	2	0
S1-564930729	5	2	3	0
S1-381887294	6	5	1	1
S1-694634354	5	2	3	1
S1-336106837	2	0	2	0
S1-414390428	3	1	2	1
S1-902235484	3	1	2	1
S1-972257555	6	3	3	0
S1-970240235	4	2	2	0
S1-342807694	1	0	1	1
S1-707169020	2	1	1	0
S1-49581873	2	0	2	0
S1-486318551	0	0	0	0
S1-790697235	3	1	2	0
S1-529216273	2	2	0	0
S1-665730727	3	2	1	1
S1-593824972	3	1	2	0
S1-148999036	3	2	1	0
S1-664040982	1	1	0	0
S1-605707143	3	1	2	0
S1-930901311	2	1	1	0
S1-236048105	4	2	2	0
S1-284216091	4	3	1	0
S1-78985761	3	2	1	0
S1-703451679	3	2	1	0
S1-827502630	5	3	2	1
S1-139255180	3	1	2	0
S1-859846452	5	2	3	1
S1-563768791	8	4	4	0
S1-451822591	5	4	1	0
S1-451496142	4	2	2	1
S1-946621007	3	2	1	0
S1-272384681	4	2	2	0
S1-98323209	4	2	2	0
S1-182663516	2	1	1	0
S1-850593771	2	0	2	0
S1-423903332	5	1	4	0
S1-993692344	4	2	2	0
S1-772453453	1	1	0	0
S1-76427580	4	2	2	0
S1-547361512	5	3	2	0
S1-144223421	2	0	2	0
S1-292681708	7	4	3	0
S1-414948138	0	0	0	0
S1-856054544	3	1	2	0
S1-176403739	3	1	2	0
S1-654999085	3	2	1	0
S1-769737254	4	1	3	0
S1-110195368	5	3	2	1
S1-466444175	0	0	0	0
S1-345575972	2	1	1	0
S1-826388298	5	2	3	1
S1-622660156	3	2	1	0
S1-406047699	1	1	0	0
S1-21613146	2	2	0	0
S1-142142169	3	2	1	1
S1-65925119	1	0	1	0
S1-326920362	4	2	2	1
S1-15403568	0	0	0	1
S1-306169915	2	0	2	0
S1-90878288	5	2	3	0
S1-610896472	1	0	1	0
S1-848535752	6	2	4	0
S1-810734839	3	1	2	1
S1-782654746	2	1	1	0
S1-455847848	2	1	1	0
S1-68620982	5	3	2	0
S1-75536900	4	2	2	0
S1-200453889	2	1	1	0
S1-46838294	6	4	2	0
S1-961868364	3	2	1	0
S1-75724560	4	1	3	0
S1-118784559	6	3	3	0
S1-781103531	2	0	2	0
S1-421435439	5	3	2	0
S1-616180274	7	4	3	0
S1-132197447	3	3	0	0
S1-503928815	6	3	3	0
S1-91364163	5	2	3	1
S1-72794316	6	3	3	0
S1-481460919	4	3	1	0
S1-430162043	2	1	1	0
S1-314366066	4	1	3	0
S1-353110646	0	0	0	0
S1-178874748	4	2	2	0
S1-967552013	3	1	2	0
S1-818291338	2	1	1	0
S1-133902932	4	1	3	0
S1-975412735	4	3	1	0
S1-708740394	5	1	4	0
S1-772821878	2	0	2	0
S1-336044801	2	1	1	1
S1-849850817	2	1	1	0
S1-811600560	4	1	3	0
S1-923004687	5	3	2	0
S1-720267109	3	1	2	0
S1-585186987	4	1	3	1
S1-680416224	10	5	5	0
S1-861009388	1	0	1	0
S1-986840295	4	2	2	0
S1-627703221	2	1	1	1
S1-897139028	0	0	0	0
S1-136804916	2	1	1	0
S1-541770027	0	0	0	0
S1-250008205	6	2	4	0
S1-340669973	7	3	4	0
S1-727618516	3	1	2	0
S1-377681153	1	1	0	0
S1-804549498	4	3	1	1
S1-109335764	4	2	2	0
S1-3956614	4	2	2	0
S1-946780862	4	3	1	0
S1-411264809	4	2	2	0
S1-116970037	4	2	2	0
S1-41580779	2	1	1	0
S1-405113543	4	1	3	0
S1-239489191	3	2	1	0
S1-917021063	2	1	1	1
S1-456943523	5	2	3	0
S1-14503478	3	2	1	0
S1-658410682	5	3	2	0
S1-485746878	0	0	0	1
S1-60498869	6	3	3	0
S1-303906267	0	0	0	0
S1-217617883	4	2	2	0
S1-53374274	6	1	5	0
S1-685740058	2	1	1	0
S1-231837050	4	1	3	1
S1-393314432	6	4	2	0
S1-144406637	4	2	2	0
S1-541843420	2	1	1	0
S1-601027147	5	2	3	0
S1-155305511	2	0	2	0
S1-121217068	4	2	2	0
S1-597079008	3	1	2	0
S1-66819018	5	3	2	0
S1-196931737	1	1	0	1
S1-295947966	3	1	2	0
S1-366295399	4	3	1	0
S1-835576949	7	4	3	0
S1-403891410	5	2	3	0
S1-345047829	0	0	0	0
S1-212148787	0	0	0	1
S1-563737501	4	2	2	0
S1-915043156	4	2	2	0
S1-141445117	4	2	2	0
S1-193422116	4	3	1	0
S1-301396285	1	1	0	0
S1-683331622	5	4	1	0
S1-871673952	5	1	4	1
S1-180562737	3	2	1	0
S1-568160729	6	3	3	0
S1-530068271	3	1	2	0
S1-618453241	4	2	2	0
S1-16486178	5	2	3	0
S1-858399873	3	1	2	0
S1-193471205	1	0	1	0
S1-163483533	4	2	2	1
S1-733032595	3	0	3	0
S1-987003695	6	4	2	0
S1-984672426	4	1	3	0
S1-520686987	8	4	4	1
S1-724987000	6	4	2	0
S1-860698976	3	2	1	0
S1-935726971	6	4	2	0
S1-749509166	4	3	1	0
S1-617825072	4	4	0	0
S1-829229254	6	2	4	0
S1-317262694	7	3	4	0
S1-853833872	1	0	1	0
S1-24305973	4	1	3	1
S1-430241671	5	2	3	1
S1-223065339	4	3	1	0
S1-246430250	6	2	4	1
S1-326676604	2	1	1	0
S1-669769290	5	1	4	0
S1-134297276	2	1	1	0
S1-25261903	6	3	3	0
S1-621208988	5	2	3	0
S1-663721546	3	1	2	0
S1-426396816	5	4	1	0
S1-840588115	4	2	2	0
S1-535792263	3	2	1	0
S1-697843159	2	1	1	0
S1-212923073	0	0	0	0
S1-394992360	1	0	1	0
S1-234315370	4	1	3	0
S1-493500111	5	1	4	0
S1-488471428	3	2	1	1
S1-852814239	1	1	0	0
S1-955852534	2	0	2	0
S1-536208045	4	1	3	0
S1-987300657	6	1	5	0
S1-438777523	0	0	0	0
S1-181144095	6	3	3	1
S1-508180600	4	1	3	1
S1-109565574	4	2	2	0
S1-432340801	0	0	0	1
S1-849959938	7	3	4	0
S1-111589333	5	3	2	0
S1-967115736	4	3	1	0
S1-443235225	4	1	3	0
S1-622861882	3	2	1	0
S1-713105440	4	2	2	0
S1-884353852	4	1	3	1
S1-314703917	3	2	1	1
S1-581221717	2	1	1	0
S1-250724557	3	2	1	1
S1-31613122	3	2	1	1
S1-555388048	2	2	0	0
S1-189665260	7	5	2	0
S1-107820897	0	0	0	0
S1-227656451	4	1	3	0
S1-358743745	8	4	4	1
S1-680348466	2	1	1	0
S1-650900310	2	1	1	0
S1-125238994	4	1	3	0
S1-967005198	0	0	0	1
S1-655445260	0	0	0	1
S1-335160409	5	3	2	0
S1-227764656	6	4	2	0
S1-839573616	5	2	3	0
S1-730629056	3	1	2	0
S1-684011983	1	1	0	0
S1-963274337	3	2	1	0
S1-920346809	3	2	1	0
S1-655046555	2	2	0	0
S1-354096666	0	0	0	0
S1-975720283	5	3	2	1
S1-599206877	6	0	6	0
S1-790554478	2	1	1	1
S1-926842523	5	2	3	0
S1-657617201	6	2	4	1
S1-189867735	4	3	1	0
S1-365715573	7	4	3	0
S1-599045538	5	1	4	0
S1-104594645	5	3	2	1
S1-256472774	2	1	1	1
S1-525304510	3	1	2	0
S1-261599095	2	2	0	0
S1-962322626	2	2	0	0
S1-628245995	5	2	3	0
S1-886218130	5	2	3	0
S1-305264553	6	4	2	0
S1-251910741	2	1	1	0
S1-429719122	3	1	2	0
S1-358500669	4	3	1	1
S1-379419227	1	0	1	0
S1-698576448	1	1	0	1
S1-892415663	5	2	3	0
S1-94277204	5	2	3	0
S1-775162221	6	2	4	0
S1-672150061	3	2	1	0
S1-27817521	3	1	2	0
S1-154182001	5	4	1	0
S1-359033061	3	2	1	1
S1-117905876	3	2	1	1
S1-443383960	4	1	3	1
S1-523477202	4	2	2	0
S1-37334737	5	1	4	0
S1-265065704	4	2	2	0
S1-310064063	2	0	2	1
S1-288725441	1	1	0	1
S1-145706980	4	3	1	0
S1-702491441	4	1	3	0
S1-157863931	3	2	1	0
S1-725496051	4	3	1	0
S1-704018652	2	1	1	1
S1-395511449	6	2	4	1
S1-213232831	5	3	2	0
S1-234478198	3	2	1	0
S1-705602995	1	0	1	0
S1-245215825	1	1	0	1
S1-803297813	2	1	1	0
S1-405154153	4	1	3	0
S1-693235891	6	5	1	0
S1-102743120	5	2	3	0
S1-604206	4	2	2	0
S1-166141123	0	0	0	0
S1-428779552	3	1	2	1
S1-407546990	3	2	1	0
S1-345259097	3	0	3	1
S1-219938369	5	2	3	0
S1-810621468	2	1	1	0
S1-469838144	4	2	2	0
S1-535729178	3	0	3	0
S1-99910561	4	2	2	0
S1-696038242	2	1	1	0
S1-347670299	7	4	3	0
S1-942747562	2	1	1	1
S1-317044667	1	0	1	0
S1-293762232	0	0	0	1
S1-590041452	3	2	1	0
S1-619728586	2	2	0	1
S1-139000701	4	1	3	0
S1-404079969	2	1	1	0
S1-951433056	4	3	1	0
S1-645504157	3	1	2	0
S1-301356424	4	2	2	0
S1-207579968	2	1	1	0
S1-82205110	0	0	0	1
S1-694737938	0	0	0	0
S1-430175506	2	1	1	1
S1-783812084	2	1	1	0
S1-723666298	4	3	1	0
S1-271828436	3	2	1	1
S1-251251866	3	1	2	0
S1-533831012	4	1	3	0
S1-249739553	4	2	2	1
S1-684375003	3	1	2	1
S1-876506471	0	0	0	0
S1-281248921	2	1	1	0
S1-577389825	5	3	2	0
S1-889739714	5	2	3	0
S1-902066796	5	1	4	1
S1-117321831	4	3	1	1
S1-627127202	1	0	1	0
S1-216160241	6	3	3	0
S1-688253692	3	2	1	1
S1-791219581	1	0	1	0
S1-29789193	4	2	2	1
S1-207496142	4	1	3	0
S1-213258598	1	1	0	0
S1-240670780	2	1	1	0
S1-647709140	4	1	3	0
S1-140115407	2	0	2	0
S1-356898231	4	2	2	0
S1-209176885	6	3	3	0
S1-337537721	3	2	1	0
S1-151798010	4	1	3	1
S1-575813193	3	0	3	1
S1-174146241	4	3	1	1
S1-130703265	3	1	2	0
S1-69503675	5	2	3	0
S1-742955595	5	4	1	0
S1-109597244	0	0	0	1
S1-360834742	4	2	2	0
S1-378193513	0	0	0	0
S1-986522100	3	3	0	0
S1-472606176	3	2	1	0
S1-469474125	5	3	2	0
S1-192037859	3	2	1	0
S1-985273457	5	3	2	1
S1-982486836	3	1	2	0
S1-754857741	7	4	3	0
S1-480093343	0	0	0	0
S1-382264455	3	2	1	1
S1-241377719	3	0	3	0
S1-875854139	6	1	5	0
S1-454044759	2	1	1	0
S1-546709626	4	1	3	0
S1-20304719	4	2	2	0
S1-802842698	1	1	0	0
S1-569755626	4	2	2	0
S1-345839221	3	1	2	0
S1-70941386	4	1	3	0
S1-163804964	4	3	1	1
S1-228084002	4	2	2	0
S1-75486473	3	1	2	0
S1-785045662	4	2	2	1
S1-65784613	4	2	2	0
S1-57272176	4	2	2	1
S1-848518161	3	1	2	0
S1-59510835	2	0	2	1
S1-956360960	3	1	2	0
S1-575680216	4	2	2	0
S1-64747250	3	2	1	0
S1-913227460	2	1	1	0
S1-147925883	8	2	6	0
S1-959952628	4	3	1	0
S1-736969873	6	3	3	0
S1-642828290	4	1	3	0
S1-202578176	3	1	2	0
S1-606417048	7	3	4	0
S1-61861090	2	1	1	0
S1-189558586	5	1	4	0
S1-978333761	6	3	3	0
S1-497842827	2	1	1	0
S1-118144180	5	4	1	0
S1-942429133	3	2	1	1
S1-817719990	6	1	5	1
S1-66746049	4	3	1	0
S1-340068237	3	2	1	0
S1-508866197	4	3	1	0
S1-499904798	3	1	2	1
S1-945774035	7	4	3	0
S1-628116466	2	0	2	1
S1-360541136	3	1	2	0
S1-699079879	4	1	3	0
S1-413679790	3	2	1	0
S1-576524357	4	3	1	0
S1-125999655	2	1	1	0
S1-845477145	4	3	1	0
S1-546743508	2	1	1	0
S1-165915863	5	1	4	1
S1-892324295	2	0	2	0
S1-77930833	3	2	1	1
S1-943595486	3	1	2	0
S1-498030238	0	0	0	0
S1-41843797	4	1	3	0
S1-176638896	1	1	0	0
S1-590208245	4	1	3	0
S1-387211283	4	3	1	0
S1-535875591	6	2	4	1
S1-490868047	3	2	1	0
S1-218058354	0	0	0	0
S1-22445889	2	1	1	0
S1-987749650	5	3	2	0
S1-377860031	5	2	3	1
S1-313731353	3	2	1	0
S1-743842828	3	1	2	0
S1-165937999	3	0	3	0
S1-481011	6	2	4	0
S1-593565451	4	2	2	1
S1-152731297	6	3	3	0
S1-299861722	3	2	1	1
S1-898643049	3	0	3	1
S1-262918676	3	1	2	0
S1-848269777	5	2	3	1
S1-281569207	5	3	2	0
S1-85042969	5	3	2	0
S1-631727142	4	1	3	0
S1-727292749	6	3	3	0
S1-867212465	4	1	3	0
S1-454207394	2	0	2	0
S1-265307526	3	2	1	0
S1-406932020	3	1	2	0
S1-749067273	6	3	3	0
S1-40433208	3	1	2	0
S1-763712802	5	2	3	0
S1-827038129	5	1	4	0
S1-304231672	5	2	3	0
S1-48113060	3	0	3	0
S1-228279134	4	1	3	1
S1-248343073	5	3	2	0
S1-805229335	2	1	1	0
S1-13709299	2	0	2	0
S1-24756267	3	2	1	0
S1-130957177	5	1	4	1
S1-679392570	5	2	3	0
S1-128280984	3	2	1	0
S1-220775509	4	3	1	0
S1-7314585	2	1	1	0
S1-415841864	5	3	2	0
S1-448989961	6	1	5	1
S1-830936632	5	4	1	1
S1-99245017	4	1	3	0
S1-976150307	6	2	4	0
S1-905106256	3	0	3	0
S1-696641869	4	1	3	0
S1-268476080	3	1	2	0
S1-874362372	6	4	2	0
S1-789108317	2	1	1	0
S1-915540133	6	3	3	0
S1-307675763	7	3	4	0
S1-822788356	3	1	2	0
S1-11200670	6	4	2	0
S1-429193877	4	3	1	0
S1-109450074	2	1	1	0
S1-577633788	4	3	1	0
S1-914501024	1	1	0	0
S1-213633120	3	3	0	0
S1-799859017	1	0	1	0
S1-909710664	2	1	1	0
S1-723680367	3	3	0	0
S1-138576801	3	1	2	1
S1-932328277	6	1	5	0
S1-170999178	4	3	1	0
S1-306915208	0	0	0	0
S1-571221834	3	2	1	0
S1-46310811	2	0	2	0
S1-599204195	5	2	3	1
S1-393062263	6	3	3	0
S1-922890080	2	1	1	0
S1-226211623	2	1	1	1
S1-420441904	7	3	4	0
S1-400159361	4	2	2	0
S1-512595642	4	3	1	0
S1-459337348	0	0	0	0
S1-166337668	2	0	2	0
S1-138256304	3	1	2	0
S1-731164005	6	4	2	0
S1-616475804	3	3	0	0
S1-127406091	0	0	0	0
S1-312235137	0	0	0	1
S1-839699879	6	4	2	0
S1-941624670	2	1	1	0
S1-820784044	5	3	2	0
S1-680899872	2	0	2	1
S1-71284994	3	1	2	0
S1-505611155	3	1	2	0
S1-693515163	3	1	2	0
S1-301123761	7	5	2	0
S1-351093285	3	2	1	1
S1-513311458	2	1	1	1
S1-213617388	2	1	1	0
S1-899576573	3	2	1	0
S1-177244042	4	2	2	1
S1-916867113	4	2	2	0
S1-822796303	5	3	2	0
S1-321818285	8	5	3	1
S1-187017508	5	4	1	1
S1-96156790	5	1	4	0
S1-938302603	3	1	2	0
S1-770228041	3	3	0	0
S1-154190197	3	2	1	0
S1-659740387	4	3	1	0
S1-813581750	3	1	2	0
S1-524227023	2	1	1	0
S1-928779438	2	1	1	0
S1-358188421	1	1	0	1
S1-140990037	2	1	1	1
S1-557182088	4	1	3	0
S1-509831887	3	1	2	0
S1-33765893	5	1	4	1
S1-552604766	0	0	0	0
S1-545479624	3	1	2	1
S1-321086402	0	0	0	1
S1-394836603	4	2	2	1
S1-406152256	6	2	4	1
S1-796744920	2	1	1	0
S1-246038909	3	2	1	0
S1-29749013	2	1	1	1
S1-387942393	2	1	1	1
S1-753316856	3	2	1	0
S1-757677714	3	1	2	0
S1-145443638	5	3	2	1
S1-667949337	3	1	2	1
S1-836296604	4	1	3	0
S1-124899181	4	2	2	0
S1-267823339	3	1	2	0
S1-628791405	3	1	2	0
S1-780656853	4	1	3	0
S1-380906499	4	2	2	0
S1-400537875	3	2	1	1
S1-319923917	3	2	1	0
S1-764726689	7	4	3	0
S1-998304049	2	1	1	0
S1-131190407	4	1	3	0
S1-389546786	2	0	2	0
S1-789992683	5	2	3	0
S1-857273380	2	2	0	0
S1-146902248	0	0	0	0
S1-532563960	2	1	1	1
S1-327579278	3	2	1	0
S1-398469911	2	1	1	0
S1-618704174	3	1	2	0
S1-711546038	0	0	0	1
S1-407240754	2	1	1	0
S1-819331363	5	2	3	0
S1-152106212	2	0	2	0
S1-428622363	4	3	1	0
S1-611117474	2	2	0	0
S1-480369952	5	1	4	0
S1-853616545	4	2	2	0
S1-685048543	3	2	1	0
S1-834947894	4	1	3	1
S1-668219004	1	1	0	1
S1-995633012	3	2	1	0
S1-733363215	2	0	2	0
S1-143960680	4	2	2	0
S1-883292335	2	0	2	0
S1-905638422	2	0	2	1
S1-465062093	3	0	3	0
S1-34081350	5	4	1	1
S1-586004357	4	2	2	1
S1-653053845	4	3	1	0
S1-377912796	4	2	2	0
S1-290452420	4	2	2	0
S1-825136756	2	1	1	0
S1-289698113	4	0	4	0
S1-780189346	3	1	2	0
S1-681441889	2	1	1	0
S1-559895759	2	1	1	0
S1-964134328	5	4	1	0
S1-525150018	3	1	2	0
S1-165965006	3	2	1	0
S1-625312123	2	1	1	0
S1-416197754	1	0	1	0
S1-202958611	4	1	3	1
S1-643898887	6	3	3	1
S1-822783100	1	1	0	1
S1-695827885	4	2	2	0
S1-216733182	5	2	3	0
S1-100065295	4	2	2	0
S1-663070553	5	2	3	0
S1-890791121	4	2	2	0
S1-309037526	2	1	1	0
S1-505475964	0	0	0	0
S1-338284293	6	4	2	0
S1-747707981	4	2	2	1
S1-79601388	0	0	0	0
S1-715037663	2	1	1	0
S1-500805242	7	3	4	1
S1-348776573	4	3	1	1
S1-44740188	6	3	3	0
S1-158534901	0	0	0	0
S1-294128479	5	3	2	0
S1-277321107	5	3	2	0
S1-498219902	4	2	2	0
S1-377518497	2	1	1	0
S1-265294663	3	2	1	0
S1-728762565	2	0	2	1
S1-273311268	4	2	2	0
S1-660311557	2	1	1	0
S1-650696290	0	0	0	0
S1-662862687	4	2	2	1
S1-362174	3	1	2	1
S1-69136938	5	1	4	0
S1-790709500	3	1	2	1
S1-569877977	2	1	1	0
S1-259620754	7	3	4	0
S1-193688525	4	2	2	0
S1-665417843	4	2	2	0
S1-539009314	4	3	1	0
S1-996746963	3	1	2	0
S1-464958840	3	1	2	1
S1-734475733	3	1	2	0
S1-44102077	2	1	1	1
S1-939019335	3	2	1	0
S1-770861340	3	2	1	0
S1-986752294	3	1	2	0
S1-976485117	6	1	5	1
S1-995803674	4	2	2	0
S1-968834274	2	0	2	0
S1-711368086	3	2	1	0
S1-874097698	1	0	1	0
S1-622393908	4	2	2	0
S1-607933705	3	3	0	0
S1-158464905	3	1	2	0
S1-893763030	0	0	0	1
S1-370318467	8	4	4	1
S1-482793213	4	3	1	1
S1-497221253	3	1	2	0
S1-510006375	3	1	2	0
S1-444242020	3	1	2	0
S1-589512581	5	2	3	0
S1-773037425	5	2	3	0
S1-530639460	5	2	3	0
S1-825385187	2	0	2	0
S1-425569447	2	1	1	0
S1-685535568	3	1	2	0
S1-65068776	3	0	3	1
S1-643757932	3	2	1	0
S1-949954287	3	0	3	1
S1-688842109	2	1	1	0
S1-275712314	2	0	2	0
S1-818653007	5	2	3	0
S1-60459372	4	2	2	0
S1-310885588	3	2	1	0
S1-705367794	4	1	3	0
S1-128414869	3	1	2	0
S1-155352199	7	4	3	1
S1-585930773	3	1	2	0
S1-10580196	4	2	2	0
S1-5272605	3	1	2	0
S1-949674979	6	3	3	0
S1-372476597	7	3	4	0
S1-943380830	0	0	0	0
S1-261677770	2	1	1	0
S1-885746969	4	2	2	0
S1-234285521	2	1	1	0
S1-104386090	7	4	3	0
S1-769559180	4	3	1	0
S1-113305149	4	3	1	0
S1-467258400	5	2	3	1
S1-270228939	6	4	2	0
S1-478661142	2	1	1	0
S1-799324054	3	1	2	0
S1-129469494	2	1	1	0
S1-392737211	0	0	0	0
S1-481128060	4	3	1	0
S1-610042408	5	2	3	0
S1-483260441	1	0	1	0
S1-122838063	0	0	0	0
S1-599240592	3	1	2	0
S1-760094221	3	2	1	0
S1-586802916	4	1	3	0
S1-690010564	0	0	0	0
S1-271481846	0	0	0	0
S1-805567974	1	0	1	0
S1-712128687	5	2	3	0
S1-731648200	2	1	1	0
S1-869831993	4	1	3	0
S1-238132008	4	1	3	0
S1-797816408	3	2	1	0
S1-591334282	3	0	3	0
S1-817145938	3	2	1	0
S1-955930074	2	1	1	1
S1-464755342	4	3	1	0
S1-668873721	6	4	2	1
S1-99824219	3	1	2	1
S1-44605593	6	4	2	0
S1-191502	3	0	3	0
S1-841262640	3	1	2	0
S1-349700230	3	1	2	1
S1-369166869	6	2	4	0
S1-856986445	2	1	1	0
S1-13837614	2	1	1	0
S1-400139873	3	1	2	0
S1-220062526	3	3	0	0
S1-272721298	2	2	0	1
S1-38766649	2	1	1	0
S1-84849610	6	1	5	0
S1-205166426	0	0	0	0
S1-554981898	3	0	3	0
S1-100365402	2	1	1	0
S1-201132589	3	2	1	0
S1-425087749	3	2	1	1
S1-591813000	2	0	2	0
S1-873750649	5	3	2	0
S1-405792862	2	0	2	0
S1-950851660	2	1	1	0
S1-841680530	5	2	3	0
S1-434565769	1	0	1	0
S1-719716811	5	1	4	1
S1-493403317	3	1	2	0
S1-24916373	5	3	2	1
S1-293269519	2	1	1	0
S1-541260963	0	0	0	1
S1-476769721	5	1	4	0
S1-259293046	5	4	1	0
S1-463065598	3	2	1	0
S1-547062323	0	0	0	0
S1-218649327	3	2	1	0
S1-554868625	4	1	3	1
S1-949851506	4	3	1	0
S1-523974786	2	2	0	0
S1-742019822	3	1	2	1
S1-744905074	4	1	3	0
S1-583272868	5	3	2	0
S1-48210794	2	1	1	0
S1-258380408	6	2	4	0
S1-318221358	2	1	1	0
S1-491777094	4	2	2	0
S1-594278973	4	1	3	0
S1-330316171	5	3	2	0
S1-525571842	3	2	1	1
S1-907033309	4	4	0	0
S1-360914518	4	2	2	0
S1-526776848	0	0	0	0
S1-649907240	5	2	3	0
S1-306010127	3	1	2	0
S1-777147078	6	2	4	0
S1-919165160	6	3	3	0
S1-287248352	3	1	2	0
S1-180936752	4	1	3	1
S1-456238572	5	3	2	0
S1-499216172	3	1	2	0
S1-722440473	3	2	1	0
S1-128516192	3	1	2	0
S1-107955768	5	3	2	0
S1-390620592	4	1	3	0
S1-751406999	1	0	1	0
S1-732389670	6	3	3	0
S1-310662171	3	1	2	0
S1-399761147	3	2	1	1
S1-889892920	4	3	1	0
S1-518120038	4	2	2	1
S1-231292475	2	1	1	0
S1-347334097	5	2	3	0
S1-266386719	3	2	1	0
S1-446766985	5	2	3	1
S1-450636499	1	0	1	0
S1-2409065	3	1	2	0
S1-605049357	7	4	3	0
S1-906273834	2	1	1	0
S1-535802318	3	1	2	0
S1-470232737	3	2	1	0
S1-447585907	2	0	2	0
S1-344339220	3	1	2	1
S1-960065780	6	3	3	0
S1-419797527	4	2	2	0
S1-549264353	5	3	2	0
S1-510760326	8	4	4	0
S1-977151213	6	2	4	0
S1-710975868	3	1	2	0
S1-588800377	4	2	2	0
S1-780059117	4	1	3	0
S1-882343229	4	0	4	0
S1-302822677	4	2	2	0
S1-500755346	3	2	1	1
S1-705247568	1	1	0	0
S1-532263646	3	1	2	0
S1-352050814	4	3	1	0
S1-737198187	2	0	2	0
S1-483160150	4	3	1	0
S1-936695573	0	0	0	0
S1-807375408	1	1	0	0
S1-992548042	5	3	2	0
S1-785700943	2	1	1	0
S1-811904920	5	3	2	0
S1-690774450	0	0	0	1
S1-228653601	6	1	5	0
S1-843563225	2	1	1	0
S1-45865263	4	2	2	0
S1-235593041	4	2	2	1
S1-435764640	3	1	2	1
S1-253550233	2	1	1	0
S1-353627933	2	1	1	0
S1-634340370	3	2	1	0
S1-814657574	2	1	1	0
S1-156825302	3	2	1	1
S1-353931815	5	3	2	0
S1-531837855	6	5	1	0
S1-170943288	3	2	1	0
S1-204790284	3	2	1	0
S1-476646646	4	2	2	1
S1-825683224	7	2	5	0
S1-487734577	2	1	1	0
S1-900606615	6	1	5	1
S1-367679059	0	0	0	0
S1-34181833	1	0	1	1
S1-72045433	1	0	1	0
S1-713928587	4	1	3	0
S1-260641574	5	2	3	0
S1-503939857	2	1	1	1
S1-291109440	1	1	0	0
S1-589393668	5	2	3	0
S1-154790709	1	1	0	0
S1-984429646	5	2	3	0
S1-416449503	3	0	3	0
S1-7169872	5	3	2	0
S1-502781524	4	2	2	0
S1-747899452	6	0	6	0
S1-495297369	3	1	2	0
S1-394064735	7	2	5	1
S1-468825447	3	1	2	0
S1-212279400	4	2	2	1
S1-922513621	2	2	0	0
S1-122402532	2	0	2	0
S1-534229336	3	0	3	0
S1-930761610	3	3	0	0
S1-348948344	6	2	4	0
S1-690345259	4	1	3	0
S1-241771203	5	4	1	0
S1-797541565	3	1	2	0
S1-396024629	7	3	4	1
S1-58812574	6	3	3	0
S1-831727591	4	2	2	0
S1-787009435	4	1	3	1
S1-67539245	4	2	2	0
S1-806032435	6	2	4	0
S1-16771900	3	2	1	1
S1-728878045	0	0	0	1
S1-13467906	3	1	2	0
S1-590984670	3	2	1	0
S1-33102953	4	1	3	0
S1-934003476	3	2	1	1
S1-117048649	3	2	1	0
S1-394475192	3	1	2	0
S1-228398068	2	1	1	0
S1-117584702	5	2	3	1
S1-107957810	3	1	2	0
S1-686424097	6	4	2	0
S1-733775896	5	4	1	0
S1-364589143	6	3	3	1
S1-961080544	2	2	0	0
S1-41478874	3	2	1	0
S1-794129388	5	2	3	0
S1-371417095	3	1	2	0
S1-844870867	2	1	1	0
S1-521336346	2	1	1	1
S1-276678997	5	2	3	0
S1-401685816	4	1	3	0
S1-418185631	3	2	1	0
S1-7220224	5	2	3	0
S1-666101978	2	1	1	0
S1-513005324	5	2	3	0
S1-572277104	1	1	0	0
S1-557910378	0	0	0	1
S1-296554401	1	0	1	0
S1-738879762	5	1	4	1
S1-87390816	2	2	0	1
S1-812539888	2	2	0	0
S1-291357856	6	3	3	0
S1-462499569	9	4	5	0
S1-776960737	4	2	2	0
S1-766721296	3	0	3	0
S1-237836072	6	1	5	0
S1-419665788	6	2	4	0
S1-115496141	5	3	2	0
S1-677935743	6	4	2	0
S1-722771976	3	1	2	0
S1-734485132	7	3	4	0
S1-374434926	4	2	2	1
S1-669236944	4	3	1	0
S1-366798296	6	3	3	0
S1-451492072	3	2	1	1
S1-765638069	7	5	2	0
S1-465865578	6	2	4	0
S1-555034146	5	1	4	1
S1-115415854	2	2	0	1
S1-787043095	0	0	0	1
S1-813651438	4	3	1	0
S1-971981559	6	2	4	0
S1-545407827	4	1	3	0
S1-570072717	3	2	1	0
S1-520630575	3	1	2	0
S1-557875472	4	1	3	0
S1-559388448	2	2	0	0
S1-66207309	2	0	2	0
S1-884724402	3	2	1	0
S1-712021702	5	1	4	1
S1-664413780	3	2	1	0
S1-499430434	5	2	3	1
S1-760096151	3	2	1	0
S1-200617008	3	2	1	0
S1-623452738	2	1	1	0
S1-474954481	5	2	3	0
S1-729521945	0	0	0	0
S1-769639906	0	0	0	1
S1-208682389	4	3	1	0
S1-412537380	5	2	3	0
S1-64517585	2	1	1	0
S1-812274502	4	3	1	0
S1-460613684	2	2	0	0
S1-407219953	0	0	0	0
S1-929729599	8	3	5	0
S1-877233109	4	1	3	0
S1-224466829	4	2	2	0
S1-754983222	0	0	0	0
S1-668105264	0	0	0	1
S1-335231034	3	2	1	0
S1-503524399	3	3	0	0
S1-442634470	2	0	2	0
S1-611182218	5	2	3	0
S1-677693056	3	2	1	0
S1-391223436	3	3	0	0
S1-725334592	3	1	2	0
S1-59630692	3	2	1	1
S1-784006004	2	1	1	0
S1-907019093	6	4	2	1
S1-610257895	4	2	2	1
S1-687742312	2	0	2	0
S1-142506003	1	1	0	0
S1-233112957	2	1	1	0
S1-619986950	4	1	3	0
S1-520640086	4	3	1	1
S1-983768451	4	3	1	0
S1-226418854	3	1	2	0
S1-371591724	4	4	0	0
S1-986793668	4	2	2	0
S1-829657486	3	2	1	0
S1-672056791	5	1	4	0
S1-356272103	3	2	1	0
S1-972375131	5	3	2	0
S1-600304818	3	2	1	0
S1-718504953	5	1	4	0
S1-584725611	7	2	5	0
S1-775105256	2	0	2	0
S1-880279777	3	0	3	0
S1-369568495	7	3	4	0
S1-155555909	4	2	2	0
S1-762343690	6	3	3	0
S1-496625035	3	2	1	0
S1-705952997	2	2	0	1
S1-288855596	4	2	2	1
S1-693190919	6	1	5	1
S1-509288861	2	1	1	0
S1-499953033	5	4	1	0
S1-441643727	0	0	0	0
S1-384124643	3	1	2	0
S1-24659968	4	2	2	0
S1-266692839	2	1	1	1
S1-151932324	0	0	0	0
S1-847994492	4	1	3	0
S1-130147321	1	1	0	0
S1-795575495	4	2	2	0
S1-295284011	5	1	4	1
S1-703284403	5	3	2	0
S1-448367080	2	1	1	1
S1-175111461	4	3	1	0
S1-690640850	8	3	5	0
S1-146745089	6	3	3	0
S1-541430758	2	2	0	0
S1-132404195	3	1	2	0
S1-877371536	4	3	1	0
S1-966204287	2	2	0	0
S1-710565396	5	1	4	0
S1-300996426	2	1	1	0
S1-501727682	2	1	1	0
S1-593879269	4	2	2	0
S1-845429639	6	2	4	1
S1-120630528	4	1	3	1
S1-500523589	0	0	0	0
S1-882434567	2	1	1	0
S1-164097112	7	4	3	0
S1-877174297	3	2	1	0
S1-883050955	3	1	2	0
S1-256343247	5	3	2	1
S1-802009285	6	3	3	0
S1-193155503	5	4	1	0
S1-76089171	2	1	1	0
S1-612342775	5	2	3	1
S1-296054008	5	3	2	0
S1-342562820	2	1	1	1
S1-682350775	3	1	2	0
S1-317812831	2	1	1	0
S1-828114451	3	2	1	0
S1-191612861	1	0	1	0
S1-197212532	3	2	1	0
S1-72218349	5	4	1	1
S1-731152906	6	3	3	0
S1-594754999	7	3	4	0
S1-447639119	3	1	2	0
S1-975179669	4	2	2	1
S1-705833446	1	0	1	0
S1-224424402	1	0	1	0
S1-58919833	3	2	1	0
S1-634775342	2	1	1	0
S1-113211021	3	1	2	0
S1-858892561	4	2	2	0
S1-328875820	5	4	1	0
S1-568180949	6	4	2	0
S1-505441549	3	2	1	0
S1-664506656	5	2	3	0
S1-549463542	4	1	3	1
S1-708213658	3	2	1	1
S1-854087923	8	4	4	0
S1-923459419	4	2	2	0
S1-225015652	3	2	1	1
S1-198520398	4	2	2	0
S1-461301899	3	1	2	0
S1-988929257	5	2	3	0
S1-681098662	5	1	4	0
S1-604789417	4	2	2	0
S1-629504837	0	0	0	0
S1-414912302	5	2	3	0
S1-234127499	3	2	1	0
S1-43039950	3	1	2	0
S1-489380963	3	1	2	0
S1-511991576	2	1	1	0
S1-619568421	0	0	0	0
S1-211233819	6	2	4	0
S1-164828315	3	1	2	0
S1-679639942	4	3	1	1
S1-119658369	4	2	2	0
S1-97620237	3	1	2	1
S1-23933197	3	2	1	1
S1-951000927	2	0	2	1
S1-945887435	1	1	0	0
S1-95824696	3	2	1	0
S1-709075265	2	0	2	0
S1-987626724	8	4	4	1
S1-396928826	4	1	3	0
S1-553295585	5	3	2	0
S1-452378977	7	3	4	1
S1-834864420	8	4	4	0
S1-169094268	2	1	1	0
S1-969403285	4	3	1	0
S1-347222065	2	1	1	0
S1-847982043	6	3	3	0
S1-28328044	4	2	2	0
S1-594501267	3	1	2	0
S1-264819262	2	0	2	0
S1-982701407	4	2	2	0
S1-232116162	5	3	2	1
S1-334093330	3	2	1	1
S1-564189900	5	2	3	1
S1-486597883	5	3	2	0
S1-956774210	5	4	1	0
S1-487953195	2	1	1	1
S1-211926498	4	2	2	1
S1-135537368	5	1	4	0
S1-725786214	7	3	4	0
S1-112431908	2	2	0	0
S1-462975082	2	1	1	0
S1-295935074	3	2	1	0
S1-536432164	3	1	2	0
S1-246355278	5	1	4	0
S1-685437516	2	0	2	0
S1-784454958	5	3	2	0
S1-700508188	6	4	2	0
S1-116182582	5	2	3	0
S1-938048089	3	2	1	0
S1-343891447	5	2	3	0
S1-777971914	3	1	2	0
S1-79888590	4	2	2	1
S1-572069678	3	1	2	1
S1-272925563	4	3	1	1
S1-978639418	6	2	4	0
S1-628842880	9	5	4	1
S1-197370420	2	1	1	0
S1-524347427	4	2	2	0
S1-323766674	3	2	1	1
S1-670136472	1	1	0	0
S1-668668343	2	1	1	1
S1-97225167	4	3	1	0
S1-726865305	3	2	1	0
S1-180923763	4	1	3	1
S1-222662630	5	3	2	0
S1-150089224	3	1	2	0
S1-984788506	3	3	0	0
S1-596709756	3	1	2	0
S1-229028347	3	2	1	0
S1-82626151	8	3	5	0
S1-974907683	4	2	2	0
S1-482974012	2	2	0	0
S1-698439726	5	4	1	0
S1-409442294	5	2	3	0
S1-948771427	3	0	3	0
S1-842144575	5	2	3	0
S1-389624737	4	1	3	0
S1-383752479	5	2	3	0
S1-423887583	3	2	1	0
S1-646329290	4	1	3	0
S1-6272862	5	2	3	1
S1-930148210	1	0	1	0
S1-38317907	6	3	3	0
S1-557073117	6	2	4	1
S1-420763337	4	1	3	0
S1-189596117	6	1	5	0
S1-489003121	5	3	2	0
S1-739775071	5	1	4	0
S1-927001058	4	1	3	0
S1-256473352	4	2	2	1
S1-172014595	2	1	1	0
S1-230045269	3	2	1	0
S1-622138408	2	1	1	0
S1-827294981	5	3	2	0
S1-561918767	3	2	1	0
S1-260162043	7	2	5	0
S1-426953208	4	1	3	0
S1-53962107	4	2	2	0
S1-391683240	0	0	0	0
S1-702623830	3	1	2	0
S1-257306706	4	1	3	0
S1-992694367	2	1	1	1
S1-373687217	2	1	1	0
S1-55120945	4	1	3	0
S1-492820667	0	0	0	0
S1-505643600	4	2	2	0
S1-692293651	2	1	1	1
S1-798347278	2	1	1	0
S1-624656570	3	2	1	0
S1-144525073	2	1	1	0
S1-967610004	5	5	0	0
S1-697199027	4	2	2	0
S1-846160250	2	1	1	0
S1-267433852	3	2	1	0
S1-226674356	3	1	2	0
S1-290488129	2	1	1	0
S1-404224066	3	1	2	0
S1-823691936	2	1	1	0
S1-768286124	5	2	3	0
S1-431990060	5	3	2	0
S1-657512652	1	1	0	0
S1-65087032	3	2	1	0
S1-941108817	5	3	2	1
S1-801134582	2	1	1	0
S1-133050338	5	2	3	1
S1-589592248	4	2	2	1
S1-476979751	3	2	1	0
S1-124236812	4	1	3	0
S1-95539352	4	1	3	0
S1-612371131	4	0	4	0
S1-174193925	4	2	2	0
S1-221756656	4	3	1	0
S1-345875957	4	1	3	0
S1-679035414	4	3	1	1
S1-605064250	3	1	2	1
S1-816295650	2	1	1	0
S1-340260993	5	5	0	0
S1-383115155	4	2	2	0
S1-373228149	2	0	2	0
S1-868646077	3	1	2	1
S1-745354170	1	0	1	0
S1-211224416	3	1	2	0
S1-228655663	7	3	4	0
S1-343753883	3	1	2	0
S1-123555068	3	0	3	0
S1-865456029	4	1	3	0
S1-141571654	3	1	2	1
S1-631621013	6	2	4	0
S1-669036970	1	1	0	0
S1-334835286	0	0	0	0
S1-809547502	3	1	2	1
S1-996549219	4	2	2	1
S1-86441125	7	3	4	0
S1-625050775	7	5	2	0
S1-494608917	0	0	0	0
S1-267516505	3	2	1	0
S1-505076726	4	3	1	0
S1-843915557	3	1	2	0
S1-46732045	1	1	0	1
S1-809616925	4	2	2	0
S1-784629531	3	2	1	0
S1-10789540	2	1	1	0
S1-579269521	4	2	2	1
S1-795991165	5	2	3	1
S1-881297493	3	1	2	1
S1-557017789	4	2	2	0
S1-393510880	4	2	2	0
S1-161559404	4	3	1	0
S1-105764730	3	2	1	0
S1-642004710	1	0	1	1
S1-869319064	1	0	1	0
S1-73786438	5	2	3	0
S1-787776209	5	3	2	0
S1-260261988	4	1	3	0
S1-577222608	6	4	2	0
S1-979238596	4	1	3	1
S1-685592997	3	1	2	0
S1-421304085	2	1	1	1
S1-889124773	3	1	2	0
S1-149492585	2	1	1	0
S1-11166089	7	3	4	0
S1-409889461	7	5	2	0
S1-233708496	2	1	1	0
S1-374621273	4	2	2	0
S1-637574873	2	1	1	0
S1-245994308	0	0	0	0
S1-309104455	5	3	2	0
S1-351318881	5	1	4	1
S1-842724524	6	2	4	0
S1-168656298	6	2	4	1
S1-202503754	9	5	4	0
S1-826200967	8	4	4	1
S1-928493106	4	1	3	0
S1-155432754	2	1	1	0
S1-430639396	3	0	3	1
S1-455872239	4	2	2	0
S1-498143089	6	1	5	0
S1-14516084	4	3	1	0
S1-162309853	6	3	3	0
S1-331217957	1	0	1	1
S1-628241119	2	0	2	0
S1-551897263	5	3	2	0
S1-897867237	2	1	1	0
S1-632257784	1	0	1	1
S1-867942611	2	1	1	1
S1-74078079	3	1	2	0
S1-470354857	6	2	4	0
S1-286816578	5	3	2	1
S1-62675744	3	2	1	0
S1-212882544	6	4	2	0
S1-381540720	1	0	1	1
S1-951314958	4	1	3	0
S1-635867471	4	1	3	0
S1-871425084	2	1	1	0
S1-379892001	2	1	1	0
S1-920135371	2	1	1	1
S1-300918792	0	0	0	0
S1-666365068	5	1	4	0
S1-340553629	3	1	2	0
S1-247532095	6	3	3	0
S1-866562337	4	2	2	0
S1-422727297	3	1	2	0
S1-333384059	3	1	2	0
S1-390994309	2	1	1	0
S1-282721293	4	3	1	0
S1-723793843	2	2	0	0
S1-408014177	4	1	3	0
S1-925462414	5	3	2	1
S1-978591840	3	1	2	0
S1-644128087	3	2	1	1
S1-623762053	3	1	2	1
S1-564347387	3	3	0	0
S1-360541610	4	2	2	1
S1-227988433	4	1	3	0
S1-565602305	5	3	2	1
S1-497011445	7	3	4	0
S1-214642590	3	1	2	0
S1-448291320	4	3	1	0
S1-221020563	4	3	1	0
S1-158439658	3	1	2	0
S1-668316911	3	1	2	0
S1-49451452	3	1	2	0
S1-764301150	5	2	3	0
S1-320583870	3	2	1	0
S1-128032366	5	2	3	0
S1-8527176	5	2	3	1
S1-749297916	6	2	4	0
S1-697738986	6	2	4	0
S1-237847398	4	0	4	0
S1-413134351	5	4	1	0
S1-873714455	5	1	4	0
S1-395764489	4	1	3	0
S1-544019441	5	2	3	0
S1-930158144	4	2	2	0
S1-728652222	1	1	0	0
S1-864647663	5	2	3	1
S1-383737004	2	1	1	0
S1-363013864	6	2	4	0
S1-147910417	4	1	3	0
S1-594654116	2	0	2	1
S1-725550926	4	3	1	0
S1-164243851	5	2	3	0
S1-565611253	2	1	1	0
S1-56536350	8	4	4	0
S1-897250848	2	1	1	0
S1-808983894	3	1	2	0
S1-578697938	3	2	1	0
S1-995427148	4	3	1	0
S1-396117178	3	1	2	0
S1-60309256	2	1	1	0
S1-702481675	3	2	1	0
S1-407605236	3	2	1	0
S1-104464037	5	3	2	0
S1-682304089	4	1	3	0
S1-858427791	0	0	0	0
S1-176336021	4	1	3	0
S1-226421266	4	3	1	1
S1-978238368	2	1	1	0
S1-436172015	2	1	1	0
S1-902926281	4	1	3	1
S1-149098341	4	3	1	0
S1-717485679	8	4	4	0
S1-887259999	5	1	4	0
S1-123760215	2	1	1	0
S1-712115897	3	1	2	0
S1-714744262	3	2	1	0
S1-925425921	4	1	3	1
S1-357273084	5	2	3	0
S1-184137996	5	2	3	1
S1-214884127	2	1	1	0
S1-129654072	0	0	0	1
S1-838675447	2	0	2	0
S1-938168520	4	1	3	0
S1-812149828	2	1	1	1
S1-266318854	4	2	2	1
S1-957969492	2	1	1	0
S1-128241878	4	2	2	0
S1-753723194	4	1	3	0
S1-57692338	6	1	5	0
S1-693364394	5	2	3	0
S1-128474467	3	2	1	0
S1-186734343	3	3	0	0
S1-471742552	2	0	2	0
S1-684188515	4	1	3	0
S1-458545501	3	1	2	0
S1-621194234	3	1	2	0
S1-818247121	3	1	2	0
S1-444946073	3	1	2	1
S1-622059719	6	3	3	0
S1-444355008	2	0	2	0
S1-484009094	3	2	1	0
S1-895859577	6	2	4	0
S1-400281816	3	2	1	1
S1-378502980	3	1	2	0
S1-883750216	3	1	2	0
S1-537783231	4	2	2	0
S1-901543580	0	0	0	1
S1-590737676	6	3	3	1
S1-931092787	6	3	3	1
S1-957090117	3	3	0	1
S1-955072119	3	2	1	0
S1-678426756	4	3	1	1
S1-577852502	6	4	2	1
S1-534427177	4	3	1	1
S1-981747000	5	3	2	0
S1-290911326	3	0	3	0
S1-91088738	6	2	4	1
S1-628407801	3	2	1	0
S1-890237042	2	1	1	0
S1-195880082	4	2	2	0
S1-904113010	2	1	1	0
S1-856743199	4	0	4	0
S1-420009195	3	2	1	0
S1-956068321	2	1	1	1
S1-655433571	6	5	1	0
S1-331642197	3	1	2	0
S1-602615224	5	2	3	0
S1-898713831	5	1	4	0
S1-968779768	4	2	2	0
S1-321770285	2	0	2	0
S1-866288937	5	3	2	0
S1-968648060	3	2	1	1
S1-344976528	4	2	2	0
S1-329934172	3	1	2	0
S1-218210120	6	2	4	0
S1-555548772	6	4	2	0
S1-75992939	3	1	2	0
S1-121818990	3	1	2	0
S1-635563744	3	2	1	0
S1-551381994	5	1	4	0
S1-676308759	3	1	2	0
S1-996499712	2	1	1	0
S1-646356171	3	0	3	0
S1-571493138	4	2	2	0
S1-568299358	3	1	2	0
S1-62619598	2	0	2	0
S1-930178838	3	1	2	0
S1-926653842	4	3	1	0
S1-628616342	1	0	1	0
S1-582421540	4	2	2	0
S1-54166355	5	2	3	0
S1-853519891	5	2	3	1
S1-523774672	5	3	2	0
S1-991460255	7	5	2	0
S1-397557408	6	3	3	0
S1-304692609	3	1	2	0
S1-64806261	3	2	1	0
S1-717810231	4	2	2	0
S1-380417123	0	0	0	0
S1-980571025	0	0	0	0
S1-424351805	3	1	2	0
S1-195229572	2	1	1	0
S1-367956340	3	2	1	0
S1-454710075	4	3	1	0
S1-848403619	6	4	2	0
S1-733058783	4	3	1	1
S1-185964550	4	4	0	1
S1-862712171	7	4	3	0
S1-458919664	0	0	0	0
S1-231583547	5	3	2	0
S1-30892433	2	1	1	0
S1-159104980	2	1	1	0
S1-381341639	5	2	3	0
S1-629924610	3	1	2	0
S1-166822891	4	3	1	0
S1-278132753	4	2	2	0
S1-571861038	1	1	0	0
S1-405655274	2	2	0	0
S1-517716969	2	0	2	0
S1-756227385	7	5	2	1
S1-684250889	4	1	3	0
S1-346207371	5	2	3	1
S1-67564259	3	1	2	0
S1-945691117	3	1	2	0
S1-551048041	4	3	1	0
S1-561118340	3	2	1	0
S1-266991737	3	2	1	1
S1-784973933	5	2	3	0
S1-341545488	6	4	2	0
S1-312677351	4	3	1	1
S1-784474965	5	2	3	0
S1-513026447	0	0	0	0
S1-373175641	5	4	1	1
S1-766735369	3	0	3	0
S1-204431055	6	3	3	0
S1-306666043	6	2	4	0
S1-998694075	4	3	1	0
S1-824231316	2	1	1	0
S1-654230920	3	2	1	0
S1-638089542	3	1	2	0
S1-7661273	3	1	2	0
S1-683127950	3	1	2	0
S1-531429114	0	0	0	1
S1-983771160	3	1	2	0
S1-600758856	0	0	0	0
S1-482245935	0	0	0	1
S1-114146064	1	1	0	1
S1-641485484	0	0	0	0
S1-551015860	3	1	2	0
S1-450979122	2	1	1	0
S1-95744127	4	2	2	1
S1-377186602	3	2	1	1
S1-831038827	3	2	1	0
S1-336961636	5	1	4	0
S1-402312207	6	4	2	0
S1-780277437	5	1	4	0
S1-894876716	0	0	0	1
S1-633209834	2	1	1	0
S1-439117512	4	3	1	1
S1-791329960	6	2	4	0
S1-34603018	2	0	2	0
S1-196143639	4	3	1	0
S1-286101444	4	3	1	0
S1-494535287	4	2	2	1
S1-797737290	2	1	1	0
S1-590267630	4	2	2	0
S1-963017772	3	2	1	0
S1-211680696	4	1	3	0
S1-808981190	7	3	4	0
S1-744106637	0	0	0	1
S1-773584905	7	4	3	1
S1-552265565	4	1	3	0
S1-276213081	3	2	1	1
S1-222238684	3	1	2	1
S1-369638968	1	0	1	1
S1-130691263	1	1	0	0
S1-161473715	2	1	1	0
S1-473254908	2	1	1	0
S1-984025934	7	3	4	0
S1-667379220	7	2	5	0
S1-176099187	7	3	4	0
S1-80857089	5	4	1	1
S1-586203061	5	3	2	0
S1-340788309	3	1	2	0
S1-407149841	2	1	1	0
S1-303312622	2	2	0	0
S1-244018492	6	2	4	1
S1-494301531	4	2	2	0
S1-472988303	1	1	0	0
S1-652185060	3	2	1	0
S1-894762106	5	2	3	0
S1-858859994	0	0	0	1
S1-94437047	3	2	1	0
S1-255705355	6	4	2	1
S1-177548932	0	0	0	0
S1-372675685	1	1	0	0
S1-284357691	4	2	2	1
S1-387977632	6	2	4	0
S1-250730827	4	2	2	0
S1-716520707	2	1	1	1
S1-842058143	4	3	1	0
S1-416334583	7	4	3	0
S1-811925133	0	0	0	0
S1-402329313	3	1	2	0
S1-582673649	4	2	2	0
S1-821305941	7	3	4	1
S1-46506909	3	1	2	0
S1-680801160	2	2	0	1
S1-864276958	2	1	1	0
S1-837622579	3	2	1	1
S1-251815069	5	0	5	1
S1-52728091	3	1	2	0
S1-624733566	4	2	2	0
S1-341475409	6	1	5	0
S1-831407036	4	1	3	0
S1-782662275	2	1	1	0
S1-386430611	2	2	0	0
S1-797453242	6	2	4	1
S1-548488783	4	2	2	0
S1-393640506	3	0	3	1
S1-262750949	1	0	1	1
S1-169164639	3	0	3	0
S1-511050981	4	2	2	1
S1-187570412	3	0	3	1
S1-521751148	4	2	2	0
S1-394705639	2	1	1	0
S1-652912606	5	1	4	1
S1-362025643	3	1	2	0
S1-662605445	4	2	2	1
S1-195657416	4	3	1	0
S1-979907198	3	0	3	0
S1-397198421	4	2	2	1
S1-107149586	7	4	3	0
S1-979896860	6	2	4	0
S1-856852889	4	1	3	0
S1-210766183	3	2	1	1
S1-73567746	3	1	2	0
S1-605100650	4	2	2	0
S1-408078837	3	1	2	0
S1-233463932	6	3	3	0
S1-879075019	3	1	2	0
S1-129606177	4	2	2	1
S1-549204380	4	3	1	0
S1-733208618	2	0	2	0
S1-195630746	1	0	1	0
S1-807356958	8	5	3	0
S1-31529851	3	1	2	0
S1-900654743	4	2	2	0
S1-426438818	4	2	2	0
S1-880561678	4	1	3	0
S1-277216309	3	1	2	1
S1-961351838	3	1	2	0
S1-934221379	5	3	2	1
S1-93526338	3	1	2	0
S1-836166029	3	0	3	0
S1-948359045	4	1	3	0
S1-591082820	8	4	4	1
S1-152751171	5	3	2	0
S1-236380353	3	1	2	0
S1-262916058	0	0	0	0
S1-270438641	1	1	0	0
S1-159913926	3	1	2	0
S1-314275	2	0	2	0
S1-329335033	5	4	1	1
S1-568352323	5	2	3	0
S1-780092080	4	2	2	0
S1-200431183	2	2	0	0
S1-595047010	6	3	3	0
S1-105774209	3	3	0	1
S1-733025081	5	2	3	0
S1-404993188	2	0	2	0
S1-703772337	1	1	0	0
S1-425165797	2	1	1	0
S1-533212689	1	1	0	0
S1-867117724	3	3	0	1
S1-919147243	4	3	1	0
S1-967377707	4	0	4	0
S1-724608342	2	1	1	0
S1-68724676	4	2	2	0
S1-919504229	4	3	1	0
S1-180219707	3	0	3	0
S1-991169977	4	2	2	1
S1-721383877	3	1	2	0
S1-826390143	2	1	1	0
S1-604323328	5	1	4	0
S1-139998995	6	2	4	0
S1-854079694	3	2	1	0
S1-735314345	6	5	1	0
S1-249116846	0	0	0	1
S1-484532072	5	2	3	0
S1-629090802	5	3	2	0
S1-403060697	6	5	1	0
S1-914360928	6	1	5	0
S1-41722491	4	3	1	0
S1-132912629	3	2	1	0
S1-55827188	3	1	2	0
S1-348589678	2	0	2	1
S1-672884172	3	2	1	0
S1-29692428	4	1	3	0
S1-26511140	3	1	2	0
S1-181375411	2	1	1	0
S1-402264080	3	1	2	0
S1-1838589	3	2	1	0
S1-534762459	2	1	1	0
S1-182232003	2	1	1	0
S1-147762492	2	1	1	0
S1-598673917	1	0	1	0
S1-717415482	6	2	4	1
S1-176788501	2	1	1	0
S1-231998783	6	4	2	0
S1-649144531	3	2	1	0
S1-368023329	4	4	0	0
S1-102335151	5	2	3	0
S1-52106154	4	3	1	0
S1-717384750	4	2	2	0
S1-135636981	0	0	0	0
S1-383990802	2	1	1	0
S1-399081716	3	1	2	0
S1-902557394	5	3	2	0
S1-598565690	3	2	1	0
S1-972452680	6	3	3	0
S1-224074166	6	4	2	0
S1-26969687	3	1	2	0
S1-814575407	3	2	1	1
S1-567697725	4	2	2	0
S1-147363677	4	1	3	0
S1-883825532	1	1	0	1
S1-657765374	3	2	1	0
S1-687053526	3	1	2	1
S1-367493325	3	2	1	0
S1-593472987	3	0	3	0
S1-947522350	1	1	0	0
S1-272640668	5	3	2	1
S1-437585950	3	0	3	0
S1-174657	2	0	2	0
S1-721981130	2	1	1	0
S1-962287332	2	1	1	0
S1-758965265	3	2	1	0
S1-673209802	4	1	3	0
S1-984135203	6	4	2	0
S1-616151333	4	3	1	1
S1-17590799	0	0	0	0
S1-508956820	0	0	0	0
S1-709597729	0	0	0	0
S1-259694049	6	1	5	0
S1-585575118	3	1	2	0
S1-510397945	6	2	4	1
S1-559727470	3	1	2	0
S1-638251627	3	1	2	0
S1-934289364	4	1	3	1
S1-452470657	2	0	2	0
S1-393821550	2	0	2	1
S1-503773668	2	1	1	0
S1-847301825	3	0	3	0
S1-833106988	2	1	1	0
S1-909649883	4	2	2	0
S1-815066650	5	3	2	1
S1-442262521	1	0	1	1
S1-467953035	3	1	2	0
S1-384572882	3	1	2	0
S1-655914292	1	1	0	0
S1-908096288	4	3	1	0
S1-895531389	5	2	3	0
S1-559635263	0	0	0	0
S1-501083461	4	1	3	0
S1-603785626	4	1	3	0
S1-890111495	4	3	1	0
S1-762410295	3	2	1	0
S1-350850589	2	0	2	1
S1-409230830	4	2	2	0
S1-383252307	6	4	2	0
S1-718753973	4	1	3	0
S1-169200108	6	2	4	0
S1-96157898	3	2	1	0
S1-477016494	5	3	2	0
S1-437410260	4	2	2	0
S1-388065298	0	0	0	0
S1-820275060	4	2	2	0
S1-587864821	1	1	0	0
S1-981833148	8	3	5	0
S1-57328953	4	0	4	0
S1-574099002	3	2	1	0
S1-246456418	4	2	2	1
S1-658530673	0	0	0	0
S1-141577111	4	2	2	0
S1-488612925	4	2	2	1
S1-350911260	2	1	1	0
S1-45905541	4	2	2	0
S1-958173561	2	1	1	0
S1-128595370	4	3	1	0
S1-480450270	4	2	2	0
S1-514596900	5	2	3	0
S1-541241346	2	0	2	0
S1-831495650	4	2	2	1
S1-702086876	0	0	0	0
S1-7646325	4	4	0	0
S1-186816137	4	1	3	1
S1-732937760	2	1	1	1
S1-69069569	2	2	0	0
S1-301579241	4	2	2	0
S1-982724183	3	1	2	0
S1-845192796	3	1	2	1
S1-832561379	3	2	1	1
S1-114844392	2	1	1	0
S1-918713810	3	3	0	1
S1-209902848	0	0	0	0
S1-895541580	4	2	2	0
S1-850072297	3	2	1	1
S1-12477932	2	1	1	0
S1-504730603	7	3	4	0
S1-525096876	4	2	2	0
S1-532893052	5	2	3	0
S1-573982555	1	0	1	1
S1-814750638	3	1	2	0
S1-998833841	4	1	3	0
S1-847203756	6	3	3	0
S1-585374001	3	2	1	0
S1-824514388	5	2	3	0
S1-762714635	5	2	3	0
S1-83223242	7	4	3	0
S1-207422081	4	0	4	1
S1-95717030	6	2	4	1
S1-651364259	3	2	1	0
S1-636842170	3	3	0	0
S1-850001537	2	1	1	1
S1-801381444	4	2	2	0
S1-180557072	5	1	4	0
S1-507992765	4	1	3	0
S1-831220977	3	1	2	0
S1-908864957	2	1	1	0
S1-921724209	0	0	0	0
S1-475938980	6	3	3	0
S1-264626712	5	2	3	0
S1-333905685	4	1	3	0
S1-139619805	6	3	3	1
S1-142770314	3	2	1	0
S1-111617836	3	1	2	0
S1-89625367	1	0	1	0
S1-879398626	1	0	1	1
S1-556181892	4	2	2	1
S1-249405842	4	1	3	0
S1-501861318	5	1	4	0
S1-90117352	4	3	1	0
S1-554600530	4	3	1	0
S1-76838361	0	0	0	0
S1-828079965	4	1	3	1
S1-289966825	2	1	1	0
S1-195441062	7	2	5	0
S1-110513808	7	3	4	0
S1-293041606	5	2	3	0
S1-765889978	2	1	1	0
S1-15576435	4	0	4	0
S1-338702094	4	2	2	0
S1-831395242	4	1	3	1
S1-831814346	5	3	2	0
S1-809183328	2	1	1	0
S1-405201	4	1	3	1
S1-184112563	4	2	2	1
S1-911666848	5	3	2	0
S1-399198607	3	3	0	0
S1-513745625	3	3	0	0
S1-319412314	4	2	2	1
S1-24743553	4	1	3	0
S1-553636348	0	0	0	0
S1-919839639	1	0	1	1
S1-699632857	5	2	3	0
S1-343506973	2	1	1	0
S1-59097545	4	3	1	0
S1-498745665	5	2	3	0
S1-70559167	0	0	0	0
S1-791383181	3	1	2	0
S1-271499689	2	1	1	0
S1-555750321	3	1	2	1
S1-489921584	3	1	2	0
S1-526324176	5	1	4	0
S1-324087294	1	0	1	0
S1-417251299	5	4	1	0
S1-764114843	2	2	0	0
S1-920678899	4	1	3	0
S1-781243951	5	3	2	1
S1-164550526	5	1	4	0
S1-905110777	2	1	1	0
S1-788303618	5	1	4	0
S1-478021884	4	2	2	0
S1-257380455	4	3	1	0
S1-286200959	3	2	1	0
S1-702195897	1	1	0	0
S1-951588247	3	1	2	0
S1-679960612	5	3	2	0
S1-5817535	3	2	1	0
S1-222821539	0	0	0	0
S1-530068562	7	4	3	0
S1-396923246	3	1	2	0
S1-581088143	5	4	1	0
S1-402457122	2	1	1	0
S1-313710750	1	0	1	0
S1-285258229	1	1	0	1
S1-203772241	6	4	2	0
S1-946372996	2	2	0	0
S1-988878986	2	1	1	0
S1-524509976	3	1	2	0
S1-78398166	7	4	3	0
S1-997120663	5	2	3	0
S1-630407400	2	2	0	0
S1-707412941	3	2	1	0
S1-232206635	6	4	2	0
S1-617849910	6	1	5	0
S1-142161944	0	0	0	0
S1-151550608	6	4	2	0
S1-56223359	4	0	4	0
S1-705490389	4	3	1	0
S1-254749878	2	2	0	0
S1-437022784	2	1	1	0
S1-185502834	3	2	1	1
S1-237349399	3	0	3	0
S1-192659530	3	2	1	0
S1-418168747	5	1	4	1
S1-800821370	2	1	1	1
S1-668208923	5	3	2	0
S1-652865236	2	1	1	0
S1-247273599	3	0	3	1
S1-212713755	5	1	4	0
S1-93398062	3	1	2	0
S1-541962817	4	2	2	0
S1-849268824	4	2	2	1
S1-613071411	1	1	0	0
S1-217231023	1	0	1	0
S1-150634857	4	1	3	1
S1-129391126	4	2	2	0
S1-313640079	3	1	2	1
S1-597460622	2	1	1	0
S1-295295975	6	4	2	1
S1-986470370	4	2	2	0
S1-554945712	7	2	5	0
S1-628271603	3	1	2	0
S1-229910784	3	1	2	0
S1-438513017	4	2	2	0
S1-536281694	1	1	0	0
S1-711608327	3	0	3	0
S1-279745632	5	3	2	0
S1-679395886	4	4	0	0
S1-725085060	4	2	2	0
S1-91047279	5	2	3	1
S1-452374912	4	2	2	0
S1-466909974	5	2	3	0
S1-342344172	2	1	1	0
S1-270293020	5	4	1	0
S1-227517182	4	3	1	1
S1-214627380	3	1	2	0
S1-816561056	3	1	2	1
S1-187580275	0	0	0	0
S1-20802712	4	1	3	0
S1-343758195	2	1	1	0
S1-233822786	5	2	3	0
S1-846002529	3	1	2	0
S1-547451015	7	2	5	1
S1-61358461	3	1	2	0
S1-498818710	4	2	2	0
S1-843365595	3	1	2	0
S1-366558468	4	1	3	0
S1-495582731	2	2	0	0
S1-986764198	4	2	2	0
S1-285522808	6	2	4	0
S1-152602217	3	1	2	0
S1-13194029	3	2	1	1
S1-809884762	4	2	2	0
S1-342022479	4	2	2	1
S1-182633909	4	2	2	1
S1-402795729	4	3	1	0
S1-175958699	5	3	2	0
S1-459123424	3	2	1	1
S1-756367210	2	1	1	1
S1-761609525	4	2	2	0
S1-932992817	4	2	2	0
S1-784070329	3	1	2	0
S1-53763816	3	1	2	0
S1-239666870	3	2	1	0
S1-810900336	2	1	1	0
S1-668895250	0	0	0	0
S1-663067533	3	2	1	1
S1-416123909	4	2	2	1
S1-359266823	3	1	2	0
S1-438818944	5	2	3	0
S1-773446559	5	3	2	0
S1-154871542	0	0	0	0
S1-914905342	3	1	2	0
S1-169634580	4	1	3	0
S1-143529128	4	2	2	0
S1-352920630	5	3	2	0
S1-769557971	8	4	4	0
S1-258423083	4	2	2	0
S1-692821877	4	2	2	0
S1-331165628	2	1	1	0
S1-992393037	2	2	0	1
S1-918640381	7	3	4	0
S1-927050231	3	1	2	0
S1-843288007	4	2	2	0
S1-658901609	4	1	3	1
S1-738426048	3	2	1	0
S1-177622378	4	3	1	0
S1-560593621	6	2	4	0
S1-267640901	4	0	4	0
S1-392565485	5	3	2	0
S1-426628985	4	1	3	0
S1-902835502	5	1	4	0
S1-811482735	5	1	4	0
S1-722975627	4	2	2	0
S1-186996406	3	1	2	0
S1-472300957	4	1	3	0
S1-748801724	6	3	3	1
S1-717864860	2	1	1	0
S1-535875486	4	3	1	0
S1-37465102	4	2	2	1
S1-693175301	4	2	2	0
S1-5823909	4	2	2	1
S1-342040603	3	1	2	0
S1-140018104	3	1	2	1
S1-917913695	2	0	2	0
S1-597849077	4	2	2	1
S1-342750841	3	2	1	1
S1-942387320	2	1	1	1
S1-322870263	0	0	0	1
S1-667279841	0	0	0	0
S1-825527650	3	0	3	0
S1-567729937	1	1	0	0
S1-296312033	3	2	1	0
S1-950900479	4	3	1	0
S1-502187379	6	4	2	0
S1-24892513	1	0	1	1
S1-39634614	3	2	1	0
S1-956085711	5	3	2	0
S1-570211968	2	1	1	1
S1-954782176	2	0	2	0
S1-36213141	5	3	2	0
S1-993942647	1	0	1	1
S1-874105056	6	3	3	0
S1-31164580	2	1	1	0
S1-412717563	3	1	2	0
S1-486611515	3	1	2	1
S1-467934267	4	1	3	0
S1-196332453	5	4	1	0
S1-671640109	4	2	2	0
S1-612194017	2	0	2	0
S1-518385859	4	1	3	1
S1-94463182	1	0	1	0
S1-406318464	2	1	1	1
S1-961721414	5	2	3	0
S1-405130209	0	0	0	1
S1-132614041	3	2	1	0
S1-950328068	2	1	1	0
S1-24933566	5	2	3	0
S1-194969104	5	2	3	0
S1-581352449	3	2	1	0
S1-678548599	2	1	1	0
S1-515643918	1	0	1	0
S1-652634785	4	3	1	1
S1-719455393	3	1	2	0
S1-279142402	3	1	2	1
S1-735303258	3	1	2	0
S1-644192996	5	2	3	0
S1-883293945	5	2	3	1
S1-4088101	0	0	0	0
S1-810776573	5	2	3	0
S1-196712891	4	1	3	0
S1-69111210	5	3	2	0
S1-241919293	6	4	2	0
S1-922852786	4	2	2	0
S1-743842536	3	2	1	0
S1-617189835	5	3	2	0
S1-28261429	1	0	1	1
S1-869360801	3	0	3	0
S1-173679167	2	0	2	0
S1-214131574	6	3	3	0
S1-961420917	0	0	0	0
S1-874844211	2	1	1	0
S1-602397206	2	1	1	0
S1-828396699	0	0	0	0
S1-617334573	3	1	2	0
S1-839441458	5	1	4	0
S1-563566710	3	1	2	1
S1-174434806	0	0	0	0
S1-519741874	3	1	2	0
S1-189881542	3	2	1	0
S1-197531064	6	3	3	0
S1-711216931	6	3	3	0
S1-88339037	3	2	1	0
S1-315187579	6	4	2	0
S1-228884127	0	0	0	1
S1-635403083	5	1	4	1
S1-829855508	3	2	1	0
S1-112040820	3	1	2	0
S1-746273674	3	2	1	0
S1-178126683	7	5	2	0
S1-31277835	3	2	1	1
S1-421513240	0	0	0	0
S1-355351576	6	3	3	0
S1-834780226	4	2	2	1
S1-846905115	4	3	1	0
S1-546450835	6	2	4	0
S1-619956812	4	3	1	0
S1-704654315	4	1	3	0
S1-887644675	4	2	2	1
S1-723769919	1	0	1	0
S1-522438712	3	2	1	0
S1-353490590	2	0	2	0
S1-954049407	7	4	3	0
S1-202506756	2	2	0	0
S1-802535179	5	1	4	0
S1-253987111	3	2	1	1
S1-606568823	6	1	5	0
S1-297066241	3	2	1	0
S1-396664815	4	3	1	0
S1-209008446	5	3	2	0
S1-459430878	5	3	2	0
S1-623475769	4	2	2	1
S1-280622542	2	0	2	0
S1-922124776	3	1	2	0
S1-454847258	0	0	0	0
S1-291204732	3	1	2	0
S1-97176033	5	2	3	0
S1-475183963	1	1	0	1
S1-875955595	3	3	0	0
S1-515041075	2	1	1	0
S1-586195999	5	2	3	1
S1-389033602	3	2	1	0
S1-451523317	3	1	2	0
S1-338434700	3	0	3	0
S1-90885949	6	2	4	1
S1-511161919	4	3	1	0
S1-346250714	6	3	3	0
S1-587821113	1	0	1	1
S1-817373865	4	1	3	0
S1-129211733	5	3	2	0
S1-157494231	5	4	1	0
S1-504558676	6	3	3	0
S1-609144004	7	4	3	0
S1-30900278	2	1	1	0
S1-542587340	5	2	3	0
S1-937552955	2	1	1	0
S1-323520196	2	1	1	0
S1-858227616	5	3	2	0
S1-796733444	3	2	1	0
S1-757997721	4	2	2	1
S1-578422855	5	2	3	1
S1-997453209	4	3	1	0
S1-161855676	4	1	3	0
S1-516734255	2	0	2	1
S1-175886807	3	1	2	0
S1-967754583	2	1	1	0
S1-594186534	2	1	1	1
S1-807344474	4	2	2	1
S1-530787440	2	1	1	1
S1-45977800	3	2	1	0
S1-220960646	3	0	3	0
S1-236521895	4	2	2	0
S1-31060829	3	1	2	1
S1-362255327	4	2	2	0
S1-58939469	5	1	4	0
S1-386550076	2	1	1	0
S1-526135254	4	2	2	1
S1-460075618	2	1	1	0
S1-937603567	3	2	1	0
S1-50664386	3	2	1	0
S1-199273099	3	0	3	0
S1-877729855	4	2	2	0
S1-452089311	2	0	2	0
S1-599163448	3	2	1	0
S1-554532968	2	1	1	0
S1-103306793	4	2	2	0
S1-924015119	0	0	0	0
S1-516772918	3	2	1	0
S1-942166407	4	2	2	0
S1-825686078	5	2	3	0
S1-487319583	3	2	1	1
S1-768558896	5	2	3	0
S1-536332139	4	3	1	0
S1-505577989	5	2	3	0
S1-222606235	2	1	1	0
S1-54863707	4	0	4	1
S1-272031218	4	1	3	0
S1-353683929	4	3	1	0
S1-847734465	3	2	1	0
S1-856217231	0	0	0	0
S1-127885960	3	2	1	0
S1-803234630	5	2	3	1
S1-763450941	2	1	1	0
S1-238524174	6	4	2	1
S1-416542129	6	2	4	0
S1-254481790	4	1	3	1
S1-239366299	3	1	2	0
S1-748671581	3	1	2	1
S1-455565134	5	1	4	0
S1-733062715	3	0	3	0
S1-4695272	5	0	5	1
S1-751662881	3	0	3	0
S1-741216428	3	1	2	0
S1-828207505	5	3	2	0
S1-557108589	2	2	0	1
S1-379895859	2	1	1	0
S1-540247864	2	1	1	0
S1-580050547	4	2	2	1
S1-730782295	4	1	3	0
S1-545789017	2	2	0	0
S1-626101414	4	2	2	0
S1-74849781	3	1	2	0
S1-61829385	2	1	1	0
S1-90000376	2	0	2	0
S1-434667598	2	0	2	0
S1-223888517	2	1	1	0
S1-78361034	4	1	3	0
S1-997580527	4	3	1	0
S1-169218853	0	0	0	0
S1-879071077	3	1	2	0
S1-181105164	4	2	2	0
S1-509884003	2	1	1	0
S1-681516850	2	1	1	0
S1-131001202	5	1	4	0
S1-534154706	2	2	0	1
S1-830337735	2	2	0	0
S1-627999780	2	1	1	0
S1-551703403	4	1	3	1
S1-503306856	1	0	1	0
S1-626589593	5	2	3	0
S1-826623152	2	1	1	0
S1-468587690	0	0	0	0
S1-526828096	2	1	1	1
S1-83794087	0	0	0	1
S1-23697347	6	3	3	0
S1-448467370	2	1	1	1
S1-520326187	7	2	5	1
S1-662057491	5	3	2	0
S1-50961247	5	4	1	1
S1-854124606	4	1	3	0
S1-137261545	1	0	1	1
S1-982023557	0	0	0	0
S1-297811391	3	2	1	0
S1-909130738	2	0	2	1
S1-690175609	1	0	1	0
S1-125541725	7	3	4	0
S1-828656483	4	4	0	0
S1-259687087	5	3	2	0
S1-173286870	4	3	1	1
S1-426160288	4	0	4	0
S1-558876005	4	3	1	0
S1-998104207	4	3	1	0
S1-833152167	3	1	2	0
S1-787976221	4	2	2	0
S1-479333266	5	0	5	1
S1-993377455	2	1	1	0
S1-795410914	3	2	1	0
S1-867564996	7	5	2	0
S1-670576094	3	1	2	0
S1-414640799	5	3	2	0
S1-708178192	4	2	2	0
S1-195839862	2	2	0	0
S1-395373997	5	3	2	0
S1-202309756	2	1	1	0
S1-539955901	4	1	3	0
S1-294884962	5	2	3	0
S1-421140629	4	1	3	0
S1-337298309	3	1	2	0
S1-331497465	3	2	1	0
S1-352549332	4	3	1	0
S1-772411165	3	1	2	0
S1-625991986	0	0	0	0
S1-155714047	3	1	2	1
S1-918368145	4	2	2	0
S1-113946951	5	3	2	0
S1-589476519	3	2	1	0
S1-310945402	5	3	2	0
S1-676389237	4	2	2	0
S1-51413507	5	2	3	0
S1-85373261	2	1	1	1
S1-880799200	4	1	3	1
S1-809138928	4	1	3	0
S1-39113532	3	0	3	0
S1-11741317	3	2	1	0
S1-268177461	1	0	1	0
S1-171050433	3	2	1	0
S1-157938668	5	4	1	0
S1-147366289	3	1	2	1
S1-413252093	2	1	1	0
S1-211866533	3	2	1	0
S1-113302974	3	1	2	1
S1-9730963	2	2	0	0
S1-770250742	4	1	3	1
S1-16731525	1	0	1	0
S1-793904845	6	2	4	0
S1-611224425	2	1	1	1
S1-465650585	2	1	1	0
S1-606201145	5	1	4	0
S1-438115387	6	3	3	0
S1-810086292	5	4	1	0
S1-16352946	5	1	4	1
S1-605603664	3	1	2	0
S1-857232066	0	0	0	0
S1-30076236	4	2	2	0
S1-425713334	0	0	0	1
S1-883760053	1	1	0	0
S1-287054505	5	2	3	0
S1-60889636	3	3	0	0
S1-994289509	1	0	1	0
S1-37010047	0	0	0	0
S1-530155270	4	3	1	0
S1-151151625	1	0	1	1
S1-954250720	3	0	3	1
S1-37324680	6	3	3	1
S1-263094153	3	2	1	0
S1-541654180	4	2	2	0
S1-667145931	2	1	1	0
S1-321332435	5	1	4	1
S1-927854073	5	2	3	1
S1-107269958	5	1	4	0
S1-566860986	4	1	3	0
S1-300337440	3	2	1	0
S1-532990420	3	2	1	0
S1-577816545	2	2	0	0
S1-322920900	4	3	1	0
S1-569807954	6	3	3	0
S1-373541788	5	3	2	0
S1-171679630	5	3	2	1
S1-116338782	0	0	0	0
S1-636483245	5	3	2	0
S1-843338624	0	0	0	0
S1-306067385	4	1	3	0
S1-198976905	2	1	1	0
S1-990732792	4	2	2	0
S1-206382010	5	2	3	0
S1-33095118	2	1	1	0
S1-876163303	4	3	1	0
S1-691965140	0	0	0	0
S1-284614222	4	1	3	1
S1-300333587	3	2	1	0
S1-914085585	3	2	1	1
S1-261526434	3	1	2	0
S1-35357200	3	1	2	0
S1-545716889	2	1	1	1
S1-10802286	7	4	3	0
S1-602458726	7	4	3	1
S1-711902003	5	4	1	0
S1-465273419	3	2	1	0
S1-686082552	3	1	2	1
S1-149615573	6	3	3	1
S1-258219656	2	1	1	1
S1-959341593	1	0	1	0
S1-52007524	0	0	0	0
S1-609078379	4	2	2	0
S1-812367382	2	2	0	0
S1-399792181	3	2	1	0
S1-393194393	4	3	1	0
S1-148070989	4	3	1	0
S1-261315820	6	3	3	0
S1-930476840	3	2	1	0
S1-294060518	3	1	2	0
S1-283001233	4	1	3	1
S1-39077261	6	4	2	0
S1-592932666	3	2	1	1
S1-168430499	5	4	1	0
S1-487415454	3	2	1	0
S1-262802765	3	3	0	1
S1-950123559	3	1	2	1
S1-955917454	0	0	0	0
S1-150030021	2	2	0	1
S1-505704449	5	4	1	0
S1-444044311	0	0	0	0
S1-568219757	8	4	4	0
S1-740692047	6	4	2	0
S1-170780445	6	4	2	1
S1-288282737	3	1	2	0
S1-578335626	8	5	3	0
S1-198579479	1	0	1	1
S1-128777239	3	1	2	0
S1-83082021	0	0	0	1
S1-822087158	3	2	1	0
S1-285325876	3	1	2	0
S1-643363070	5	1	4	0
S1-683519842	4	2	2	0
S1-25566591	0	0	0	1
S1-574290592	0	0	0	0
S1-673320160	6	1	5	0
S1-104847486	0	0	0	0
S1-86109236	3	0	3	0
S1-271817074	4	1	3	0
S1-241715554	3	1	2	0
S1-121717159	3	1	2	0
S1-968410007	4	1	3	0
S1-952825621	3	2	1	0
S1-56293059	5	3	2	0
S1-970720582	2	1	1	0
S1-138351920	6	3	3	0
S1-234344738	2	1	1	0
S1-632397783	5	2	3	0
S1-997417869	4	1	3	0
S1-661944690	3	1	2	0
S1-746775133	2	0	2	0
S1-819543364	4	2	2	0
S1-703424788	4	2	2	1
S1-371733566	3	1	2	1
S1-40155311	2	0	2	1
S1-92120184	4	1	3	0
S1-784144577	4	2	2	0
S1-587161179	0	0	0	0
S1-398663439	2	1	1	0
S1-21780781	4	2	2	0
S1-586838523	5	2	3	0
S1-129039131	4	1	3	0
S1-242866750	4	3	1	1
S1-872308392	2	0	2	0
S1-255499373	3	3	0	0
S1-848842697	5	4	1	1
S1-511919719	3	2	1	1
S1-328457172	5	4	1	0
S1-439286885	5	3	2	0
S1-173485321	2	1	1	0
S1-717996570	3	1	2	0
S1-971347092	4	1	3	0
S1-249017096	4	1	3	0
S1-360795448	0	0	0	0
S1-465550887	2	1	1	0
S1-103632546	3	0	3	0
S1-511261394	1	1	0	0
S1-90870679	3	1	2	0
S1-844547263	2	0	2	0
S1-888060452	3	1	2	0
S1-285470607	5	5	0	1
S1-800871050	3	1	2	0
S1-130161681	5	2	3	1
S1-424550021	1	1	0	0
S1-766065023	3	1	2	0
S1-579198414	9	4	5	0
S1-206149330	2	1	1	1
S1-316021079	2	1	1	0
S1-92032536	4	2	2	1
S1-729903138	4	3	1	0
S1-893975055	3	1	2	1
S1-544555328	0	0	0	1
S1-876053412	2	1	1	0
S1-998662054	4	4	0	0
S1-76459107	2	1	1	0
S1-846164663	0	0	0	0
S1-603053370	0	0	0	0
S1-230468573	2	1	1	0
S1-54814308	3	1	2	0
S1-226517513	5	4	1	1
S1-487231713	3	2	1	0
S1-840985760	4	2	2	1
S1-841516809	3	1	2	1
S1-13511214	5	4	1	0
S1-941002124	5	3	2	0
S1-821848042	4	2	2	0
S1-785731389	4	3	1	0
S1-579314410	4	1	3	1
S1-719785427	5	2	3	0
S1-531618210	0	0	0	1
S1-373418207	6	3	3	1
S1-557451437	5	3	2	0
S1-643245576	4	3	1	1
S1-586172272	6	3	3	1
S1-720812004	2	1	1	0
S1-646178935	2	2	0	0
S1-56591462	5	2	3	0
S1-569126046	4	1	3	0
S1-970668602	5	2	3	0
S1-69121571	0	0	0	0
S1-559865131	3	2	1	0
S1-311996951	0	0	0	0
S1-690874475	9	4	5	0
S1-833268125	3	3	0	0
S1-806485693	2	1	1	0
S1-341638714	4	1	3	0
S1-456449146	5	1	4	0
S1-98259133	2	1	1	0
S1-587212010	1	0	1	0
S1-645401382	5	2	3	0
S1-612427179	0	0	0	0
S1-231866590	5	2	3	0
S1-461222117	3	3	0	1
S1-189282375	5	2	3	0
S1-222242253	4	2	2	0
S1-662059001	5	1	4	0
S1-926272031	3	1	2	1
S1-873774367	4	1	3	0
S1-435991798	6	3	3	0
S1-960187011	3	2	1	0
S1-917531428	3	1	2	0
S1-347452328	1	1	0	1
S1-511076246	3	2	1	1
S1-206465700	3	2	1	0
S1-435798334	3	2	1	0
S1-737457595	6	1	5	1
S1-361048423	3	2	1	0
S1-808271679	7	5	2	0
S1-813170327	2	1	1	0
S1-163249957	4	1	3	1
S1-190065180	3	1	2	0
S1-138006264	3	1	2	0
S1-838440848	2	1	1	0
S1-838049418	0	0	0	0
S1-717258734	3	2	1	1
S1-427888155	7	4	3	0
S1-487014673	2	1	1	1
S1-678418904	3	2	1	1
S1-827302010	2	1	1	0
S1-933033274	4	1	3	0
S1-639548592	4	2	2	0
S1-839436243	2	1	1	0
S1-390872819	4	3	1	1
S1-668135507	4	1	3	1
S1-590717959	6	4	2	1
S1-355135047	3	1	2	0
S1-351829562	5	3	2	0
S1-514059871	3	1	2	1
S1-986937222	3	1	2	0
S1-501110291	3	1	2	0
S1-312966576	5	3	2	0
S1-474258642	4	3	1	0
S1-162056896	2	1	1	0
S1-358132912	2	1	1	1
S1-292161838	0	0	0	0
S1-20760503	3	2	1	0
S1-352604543	1	0	1	1
S1-672629814	2	1	1	0
S1-159761101	6	2	4	0
S1-520727657	2	1	1	0
S1-86180449	4	1	3	0
S1-816316892	3	1	2	1
S1-971717223	4	2	2	0
S1-623115224	6	3	3	0
S1-119807163	3	1	2	1
S1-164960342	5	3	2	0
S1-151118980	6	1	5	0
S1-708400226	8	3	5	0
S1-392009011	6	2	4	0
S1-502826134	5	2	3	0
S1-834741452	3	0	3	1
S1-895634910	6	2	4	1
S1-987633901	4	1	3	1
S1-997788988	4	1	3	0
S1-404777375	3	1	2	1
S1-643530770	4	1	3	0
S1-628261734	3	2	1	0
S1-173822768	5	3	2	0
S1-167106917	1	1	0	0
S1-892536103	4	3	1	1
S1-937889575	4	2	2	1
S1-997442013	6	4	2	0
S1-563867936	3	2	1	0
S1-410119701	3	1	2	0
S1-661596838	4	1	3	0
S1-504003514	2	1	1	1
S1-228768945	4	1	3	0
S1-618997236	4	3	1	1
S1-492461595	2	1	1	0
S1-937144200	5	1	4	1
S1-500460624	3	1	2	1
S1-724970812	7	3	4	0
S1-118520966	5	3	2	0
S1-600198554	2	1	1	0
S1-499922133	2	1	1	1
S1-77100531	5	2	3	0
S1-83402127	6	4	2	0
S1-98207015	3	0	3	0
S1-230754511	4	3	1	0
S1-745478909	3	2	1	1
S1-522668889	5	3	2	0
S1-548791759	4	1	3	0
S1-493974496	4	2	2	1
S1-147717541	1	1	0	0
S1-841824519	4	2	2	0
S1-995085654	3	1	2	0
S1-862207745	4	2	2	1
S1-973583761	0	0	0	0
S1-830650781	2	1	1	0
S1-501627799	6	4	2	1
S1-659421883	5	4	1	0
S1-603195721	2	1	1	0
S1-166567943	4	1	3	0
S1-853921589	6	4	2	0
S1-651994278	0	0	0	0
S1-336562173	5	3	2	0
S1-52005849	0	0	0	0
S1-327995679	3	0	3	0
S1-818308106	3	1	2	0
S1-388208370	3	1	2	0
S1-699134017	5	1	4	0
S1-351106191	2	1	1	0
S1-590909233	3	2	1	0
S1-3856372	6	4	2	0
S1-410278615	0	0	0	1
S1-321461866	1	1	0	0
S1-857258432	2	1	1	0
S1-433422708	2	1	1	1
S1-597908585	3	2	1	0
S1-769842088	5	2	3	0
S1-552973048	3	2	1	1
S1-575638136	1	1	0	1
S1-664625154	5	3	2	0
S1-910696326	4	2	2	0
S1-260060664	2	1	1	1
S1-793040431	1	1	0	0
S1-130800698	2	2	0	0
S1-245589650	5	3	2	1
S1-344778538	2	1	1	0
S1-382935067	3	1	2	0
S1-460185341	3	0	3	0
S1-754479588	4	2	2	0
S1-703236873	5	3	2	0
S1-779014555	3	1	2	0
S1-313924608	2	0	2	0
S1-732464197	7	2	5	0
S1-219044670	3	2	1	1
S1-587901806	5	0	5	0
S1-527257740	3	1	2	0
S1-331452070	2	1	1	0
S1-353515837	0	0	0	1
S1-571449472	0	0	0	0
S1-20093965	3	0	3	1
S1-160812869	3	1	2	0
S1-875918918	9	5	4	0
S1-396071605	2	2	0	0
S1-626837857	0	0	0	0
S1-418414550	2	1	1	1
S1-235922656	3	2	1	0
S1-454451525	0	0	0	0
S1-54680434	4	2	2	0
S1-763772523	4	3	1	1
S1-175813412	2	1	1	0
S1-963806091	6	2	4	1
S1-798671562	1	1	0	0
S1-338877097	2	1	1	0
S1-986652030	4	1	3	1
S1-892903013	2	1	1	0
S1-274659648	7	2	5	0
S1-599939691	2	1	1	0
S1-107564568	3	2	1	1
S1-741105843	3	2	1	0
S1-523025321	5	2	3	0
S1-256521512	4	2	2	1
S1-285678907	2	1	1	0
S1-500141710	4	2	2	1
S1-509346614	3	1	2	1
S1-872737062	2	1	1	0
S1-996333630	4	3	1	1
S1-402796225	4	0	4	0
S1-438029307	5	3	2	0
S1-798240468	2	1	1	0
S1-196621113	3	3	0	0
S1-836136577	4	2	2	0
S1-37998687	0	0	0	0
S1-966445008	4	2	2	1
S1-228117957	4	3	1	0
S1-46520051	3	2	1	0
S1-308367556	1	1	0	0
S1-176533999	2	1	1	0
S1-629647780	1	0	1	0
S1-876382213	0	0	0	0
S1-767376121	5	3	2	0
S1-53594766	2	0	2	0
S1-725763022	0	0	0	0
S1-728836336	5	3	2	0
S1-64422759	2	0	2	0
S1-655855201	3	3	0	0
S1-157030035	4	3	1	0
S1-287838503	2	1	1	0
S1-597655654	4	1	3	1
S1-597769288	0	0	0	0
S1-302558001	3	2	1	0
S1-881880395	7	3	4	0
S1-965981183	5	4	1	0
S1-938083028	7	3	4	0
S1-335569976	5	2	3	0
S1-732058657	5	3	2	1
S1-577318470	0	0	0	0
S1-235326724	2	2	0	0
S1-813516526	5	2	3	0
S1-47072970	5	2	3	0
S1-539106482	5	3	2	0
S1-258060279	2	0	2	0
S1-660351749	5	2	3	0
S1-162127995	3	2	1	0
S1-821224291	3	1	2	0
S1-741207444	7	1	6	0
S1-413366406	5	2	3	1
S1-542100901	3	2	1	1
S1-369451691	4	1	3	0
S1-785552943	0	0	0	0
S1-909908101	5	2	3	0
S1-602430416	1	0	1	0
S1-632107114	7	1	6	0
S1-721723082	4	1	3	0
S1-9306136	4	1	3	0
S1-986996515	5	1	4	0
S1-657519036	4	3	1	0
S1-659737610	3	2	1	0
S1-851231537	3	1	2	0
S1-794060112	4	2	2	0
S1-724389070	4	1	3	0
S1-561297570	3	2	1	0
S1-484053658	1	1	0	0
S1-940151781	0	0	0	0
S1-513202089	4	2	2	0
S1-152672519	5	1	4	0
S1-3962839	4	2	2	1
S1-243964430	1	1	0	0
S1-590314492	1	0	1	0
S1-844668482	2	1	1	0
S1-651674233	7	1	6	0
S1-328828277	4	2	2	1
S1-743717387	3	1	2	0
S1-769453592	3	1	2	0
S1-915796316	2	1	1	0
S1-135759367	5	3	2	0
S1-832582716	6	3	3	0
S1-673817161	3	2	1	1
S1-707465252	4	2	2	0
S1-902047649	4	2	2	0
S1-650879900	4	0	4	0
S1-805465027	3	1	2	0
S1-270886539	0	0	0	0
S1-901558484	6	3	3	0
S1-507883773	4	2	2	0
S1-39098320	5	1	4	0
S1-689725225	2	1	1	0
S1-354074844	6	3	3	0
S1-867694132	3	1	2	0
S1-100754671	0	0	0	0
S1-817125150	6	4	2	0
S1-959596193	0	0	0	0
S1-966657116	2	1	1	0
S1-876283017	3	2	1	0
S1-690785976	4	2	2	0
S1-815465344	5	2	3	0
S1-806917641	5	4	1	1
S1-196987342	1	1	0	1
S1-882101556	2	1	1	1
S1-868622550	3	2	1	0
S1-703220480	4	1	3	0
S1-300603111	5	3	2	0
S1-827098784	6	3	3	1
S1-340082670	3	2	1	0
S1-878693458	3	1	2	0
S1-261169281	4	3	1	1
S1-938220224	7	3	4	0
S1-566022450	5	1	4	0
S1-826651539	3	2	1	1
S1-734282017	2	1	1	0
S1-786380734	3	2	1	0
S1-452543865	3	2	1	0
S1-619167081	5	3	2	1
S1-543725881	4	2	2	0
S1-497106856	2	1	1	0
S1-856769283	2	2	0	0
S1-532538304	3	1	2	0
S1-531107896	5	1	4	0
S1-314253341	3	1	2	0
S1-939490688	3	1	2	0
S1-482133531	5	3	2	0
S1-1621510	4	2	2	0
S1-35091896	3	2	1	0
S1-762617781	4	1	3	0
S1-679713048	3	1	2	0
S1-696371801	3	2	1	1
S1-175888227	5	1	4	0
S1-743485548	4	2	2	0
S1-10996333	0	0	0	0
S1-34781644	6	2	4	0
S1-595270520	4	1	3	0
S1-986795411	2	1	1	0
S1-732449457	3	2	1	0
S1-774810433	5	3	2	0
S1-115178263	3	2	1	0
S1-582710895	1	1	0	0
S1-157394856	4	1	3	1
S1-972343047	4	1	3	0
S1-961623290	4	2	2	0
S1-496844761	3	3	0	0
S1-598692562	4	2	2	0
S1-180402578	3	1	2	0
S1-44525906	4	1	3	0
S1-462720339	3	2	1	1
S1-716080061	4	3	1	0
S1-329732767	4	2	2	0
S1-326130407	5	3	2	0
S1-603030134	0	0	0	0
S1-744278251	3	1	2	1
S1-766424890	2	1	1	0
S1-939457926	4	4	0	0
S1-436850678	6	3	3	0
S1-393421739	3	3	0	1
S1-616557249	6	2	4	0
S1-67490113	3	2	1	0
S1-327066467	3	1	2	0
S1-478302883	4	2	2	0
S1-952992274	4	3	1	0
S1-924352760	1	1	0	0
S1-385287267	3	1	2	0
S1-300224097	2	2	0	0
S1-18359173	2	1	1	0
S1-453821184	5	3	2	0
S1-726039329	3	1	2	0
S1-356842693	2	1	1	0
S1-98836255	4	2	2	0
S1-722458007	3	1	2	0
S1-875318042	5	3	2	0
S1-987007652	5	0	5	0
S1-377982562	2	2	0	1
S1-934221465	4	1	3	0
S1-11508869	4	1	3	0
S1-655060020	0	0	0	0
S1-375856039	4	2	2	0
S1-51796044	3	2	1	0
S1-965772107	5	2	3	0
S1-804560926	4	3	1	0
S1-59226665	3	2	1	0
S1-284396012	5	2	3	0
S1-741187563	2	1	1	0
S1-655565459	4	3	1	0
S1-354565193	5	2	3	0
S1-147896787	2	1	1	0
S1-337974949	4	2	2	0
S1-422294117	2	1	1	0
S1-775698178	6	1	5	1
S1-104517174	6	1	5	0
S1-208831154	5	3	2	1
S1-442154860	3	1	2	0
S1-336333088	3	1	2	0
S1-599629987	4	2	2	0
S1-230226298	5	3	2	0
S1-936629185	3	1	2	0
S1-413235444	3	1	2	0
S1-17154658	3	1	2	0
S1-785596927	5	2	3	1
S1-773482140	4	1	3	0
S1-128350097	7	4	3	0
S1-507742173	2	1	1	0
S1-655922669	0	0	0	0
S1-863545348	4	0	4	1
S1-783739729	3	1	2	1
S1-761828931	3	1	2	0
S1-162026563	3	1	2	0
S1-901550022	7	3	4	0
S1-202305484	3	1	2	0
S1-736015626	4	2	2	0
S1-601970882	4	2	2	0
S1-362700446	4	1	3	0
S1-648552227	4	1	3	0
S1-946516283	0	0	0	0
S1-930230223	3	2	1	0
S1-40508795	5	3	2	0
S1-136019582	3	1	2	0
S1-815520377	3	1	2	0
S1-253605701	2	1	1	0
S1-569265391	3	2	1	1
S1-639145974	3	1	2	0
S1-925242946	2	1	1	0
S1-919983443	3	1	2	1
S1-526565606	3	2	1	0
S1-247688529	1	1	0	0
S1-725652039	4	1	3	0
S1-910894563	3	2	1	0
S1-569363022	3	2	1	0
S1-354411447	2	1	1	0
S1-589302928	3	1	2	1
S1-792872528	2	1	1	0
S1-422646941	4	2	2	0
S1-214392437	0	0	0	1
S1-17325853	6	2	4	0
S1-183048645	6	3	3	0
S1-571621888	3	1	2	0
S1-503034943	0	0	0	0
S1-652290257	6	3	3	0
S1-107506698	5	3	2	0
S1-121815421	3	1	2	0
S1-555285528	0	0	0	0
S1-379182282	3	1	2	0
S1-325082334	0	0	0	0
S1-122230985	2	1	1	0
S1-508609591	4	2	2	0
S1-1632924	3	1	2	0
S1-462441977	3	2	1	0
S1-613574412	5	2	3	0
S1-498594123	2	1	1	0
S1-281350050	4	1	3	0
S1-26498913	4	2	2	1
S1-64355160	4	2	2	0
S1-851791659	3	1	2	0
S1-888168806	4	2	2	0
S1-329642680	4	2	2	1
S1-622026573	3	2	1	0
S1-915149493	4	2	2	0
S1-836720513	5	3	2	0
S1-960734439	3	2	1	1
S1-254263412	3	1	2	0
S1-792435938	4	2	2	0
S1-347107208	5	1	4	0
S1-157788009	0	0	0	0
S1-184941360	2	2	0	0
S1-919200401	5	2	3	0
S1-213935895	3	2	1	0
S1-93570523	2	1	1	0
S1-621696589	5	4	1	0
S1-135642519	5	1	4	0
S1-882537512	3	2	1	0
S1-703289878	3	2	1	0
S1-498453299	2	1	1	0
S1-536475371	3	1	2	0
S1-487205113	4	0	4	0
S1-19180316	5	2	3	0
S1-528045266	5	2	3	0
S1-480898832	0	0	0	0
S1-915107118	3	1	2	0
S1-904474730	5	2	3	0
S1-13756671	1	1	0	0
S1-558077075	0	0	0	0
S1-786054543	5	0	5	0
S1-938437234	4	2	2	0
S1-363712269	4	3	1	0
S1-810207834	4	2	2	0
S1-598141425	4	2	2	1
S1-308958530	2	0	2	0
S1-921012687	3	1	2	1
S1-577817081	4	3	1	0
S1-73705135	3	2	1	0
S1-638976623	3	2	1	0
S1-476736519	3	2	1	0
S1-892708995	6	3	3	0
S1-405659542	0	0	0	1
S1-173781994	4	1	3	0
S1-600678953	4	3	1	1
S1-687950073	5	2	3	0
S1-758061369	3	1	2	0
S1-393721506	3	2	1	0
S1-423565136	4	2	2	1
S1-163908522	4	2	2	0
S1-154021009	2	0	2	0
S1-993694226	3	2	1	0
S1-728087785	7	3	4	0
S1-49466556	1	0	1	0
S1-371564705	4	3	1	0
S1-725150587	6	3	3	0
S1-564036616	2	0	2	0
S1-317690865	1	1	0	0
S1-616841770	0	0	0	0
S1-284185233	2	1	1	0
S1-621118285	5	3	2	0
S1-217016822	4	4	0	0
S1-611374288	6	4	2	0
S1-780524694	2	1	1	0
S1-128928910	3	2	1	0
S1-690362163	5	1	4	0
S1-711244339	7	4	3	0
S1-348059703	2	1	1	0
S1-814244773	3	1	2	0
S1-639424526	4	1	3	0
S1-917467694	3	2	1	0
S1-958605404	4	1	3	0
S1-7790352	6	4	2	0
S1-710777044	4	1	3	1
S1-212190647	2	1	1	0
S1-194621944	2	2	0	0
S1-717725748	1	1	0	0
S1-458530988	4	1	3	1
S1-136645993	6	2	4	0
S1-923414026	4	1	3	0
S1-529224205	8	4	4	0
S1-909787205	3	1	2	0
S1-939775030	5	1	4	0
S1-971872731	1	1	0	0
S1-214520990	0	0	0	0
S1-51717185	0	0	0	1
S1-91254029	4	3	1	0
S1-366446177	7	3	4	1
S1-191695640	9	4	5	0
S1-357173307	1	0	1	0
S1-124664286	0	0	0	0
S1-52054281	4	2	2	1
S1-431867032	5	3	2	1
S1-183086200	6	3	3	0
S1-680548724	3	1	2	0
S1-300961048	2	1	1	0
S1-959140734	0	0	0	0
S1-795935340	2	1	1	1
S1-561586777	3	1	2	0
S1-232749314	5	3	2	0
S1-970453713	3	2	1	1
S1-651711301	6	3	3	0
S1-123279797	0	0	0	1
S1-327325151	5	3	2	1
S1-191406032	3	2	1	1
S1-538751082	1	1	0	1
S1-61408376	2	1	1	1
S1-243072911	4	2	2	0
S1-682076324	2	1	1	0
S1-83064494	5	2	3	1
S1-954668731	4	1	3	1
S1-412879852	0	0	0	0
S1-204303811	5	4	1	0
S1-881767188	3	1	2	0
S1-838913747	6	2	4	0
S1-77423700	3	1	2	1
S1-35370852	7	3	4	0
S1-106156428	5	4	1	0
S1-178982122	3	1	2	0
S1-55364048	4	2	2	0
S1-373432676	4	3	1	0
S1-108573058	1	0	1	0
S1-865801460	2	2	0	0
S1-425841322	2	1	1	0
S1-850861740	3	2	1	1
S1-335301031	4	2	2	1
S1-653846616	3	1	2	0
S1-169338169	5	3	2	0
S1-468950898	1	0	1	0
S1-424158750	3	1	2	1
S1-549572357	4	3	1	0
S1-970570026	3	1	2	0
S1-345521170	6	1	5	0
S1-597643775	2	1	1	1
S1-441247462	2	1	1	0
S1-277252427	0	0	0	1
S1-491584669	4	3	1	0
S1-292037060	3	0	3	0
S1-621881637	2	1	1	0
S1-225765248	3	1	2	0
S1-100930840	4	2	2	1
S1-827404843	2	1	1	0
S1-43179162	4	2	2	0
S1-363374351	0	0	0	0
S1-126681683	3	1	2	1
S1-799766613	3	2	1	0
S1-135539670	2	0	2	0
S1-746683686	4	2	2	0
S1-71059788	0	0	0	0
S1-79836286	0	0	0	0
S1-144070569	5	4	1	1
S1-455385190	3	2	1	1
S1-515405708	4	3	1	0
S1-899355168	1	1	0	0
S1-891081851	2	1	1	0
S1-733831514	5	1	4	0
S1-557253466	4	2	2	0
S1-743654289	5	2	3	0
S1-545392608	3	2	1	1
S1-907037029	6	2	4	1
S1-49915991	7	4	3	0
S1-461625528	6	4	2	0
S1-657485263	2	2	0	1
S1-844650108	5	4	1	0
S1-159431942	2	2	0	0
S1-568546215	4	2	2	0
S1-61826424	4	1	3	0
S1-966430807	2	1	1	0
S1-996433364	3	2	1	0
S1-878130687	3	1	2	1
S1-81939319	5	2	3	1
S1-463759505	5	1	4	0
S1-63667775	3	0	3	0
S1-55102023	5	3	2	0
S1-809883172	2	0	2	0
S1-928880829	5	2	3	0
S1-670927004	3	3	0	0
S1-401153469	3	3	0	0
S1-247794943	2	0	2	0
S1-702065685	7	4	3	1
S1-365231028	4	3	1	0
S1-350132104	5	3	2	0
S1-287698956	2	1	1	0
S1-354973856	2	2	0	0
S1-724460143	5	0	5	0
S1-92120993	5	3	2	0
S1-920210928	2	1	1	0
S1-436436807	0	0	0	0
S1-71482987	5	1	4	0
S1-18393760	4	2	2	0
S1-977331326	7	5	2	0
S1-959672123	4	1	3	0
S1-272849486	4	2	2	1
S1-530496673	4	3	1	0
S1-862544798	4	3	1	1
S1-960659992	3	2	1	0
S1-903065271	7	4	3	0
S1-694315802	2	1	1	0
S1-695691073	3	2	1	1
S1-487534078	4	3	1	0
S1-936115324	5	3	2	0
S1-393211938	4	2	2	0
S1-333168114	4	3	1	0
S1-404129787	3	2	1	1
S1-645943279	3	2	1	0
S1-584674725	3	2	1	0
S1-13499422	2	1	1	0
S1-847347269	7	4	3	1
S1-878398299	4	2	2	0
S1-487755040	3	1	2	0
S1-560609838	3	1	2	0
S1-795082525	6	3	3	0
S1-212876759	3	1	2	0
S1-147784198	3	1	2	0
S1-288036039	4	2	2	0
S1-427446240	4	3	1	0
S1-202173657	3	2	1	0
S1-983772416	4	2	2	1
S1-166820303	5	2	3	0
S1-620874858	4	3	1	1
S1-767109221	4	2	2	1
S1-460253380	4	2	2	0
S1-814825607	2	1	1	0
S1-659475289	3	3	0	0
S1-291763333	2	1	1	0
S1-688083761	7	4	3	0
S1-504933019	1	1	0	0
S1-995235655	4	2	2	1
S1-385307649	3	1	2	0
S1-20116005	3	2	1	0
S1-932906903	2	1	1	1
S1-623993543	2	1	1	1
S1-61699228	2	1	1	0
S1-294888631	3	3	0	0
S1-114356496	6	3	3	0
S1-865910693	3	0	3	0
S1-680364136	3	1	2	0
S1-131633754	0	0	0	0
S1-994634360	5	2	3	0
S1-866535168	8	4	4	1
S1-898454707	5	3	2	0
S1-648649650	3	1	2	0
S1-908451123	6	3	3	0
S1-62899637	3	2	1	0
S1-553533042	4	2	2	1
S1-173123445	3	1	2	0
S1-313448121	4	0	4	0
S1-952865119	5	3	2	0
S1-916987221	3	2	1	0
S1-147180288	4	2	2	1
S1-299141700	5	3	2	0
S1-738237888	5	4	1	0
S1-206530017	0	0	0	0
S1-427344860	4	1	3	0
S1-278907918	7	5	2	0
S1-155335385	2	1	1	0
S1-752578023	3	2	1	0
S1-422360244	9	5	4	0
S1-15907098	5	2	3	0
S1-794424036	7	5	2	0
S1-736840695	3	1	2	0
S1-926408382	5	2	3	0
S1-773670983	4	1	3	0
S1-586070670	4	1	3	0
S1-423513289	2	1	1	0
S1-459501795	7	3	4	0
S1-919856265	4	1	3	1
S1-995723024	2	2	0	0
S1-213733425	1	1	0	0
S1-222335156	5	4	1	0
S1-373516555	1	1	0	0
S1-974697730	4	1	3	0
S1-307581912	3	1	2	0
S1-868100106	4	1	3	1
S1-810848610	2	1	1	0
S1-341564472	3	1	2	0
S1-788224716	2	1	1	0
S1-728279659	8	3	5	1
S1-736070413	4	0	4	0
S1-367291716	1	0	1	1
S1-212984060	4	2	2	0
S1-402439052	6	3	3	1
S1-721469485	3	2	1	0
S1-757025063	3	1	2	0
S1-678417684	1	0	1	1
S1-215236345	4	2	2	0
S1-719693602	2	1	1	0
S1-157075971	3	2	1	0
S1-298926490	2	1	1	0
S1-55338353	4	1	3	0
S1-727807753	4	4	0	0
S1-472129133	4	2	2	0
S1-330827982	3	1	2	0
S1-813025320	5	2	3	1
S1-799097253	1	1	0	0
S1-715979163	4	2	2	0
S1-392507986	2	2	0	0
S1-32040673	6	3	3	0
S1-771832824	3	1	2	0
S1-995710811	2	1	1	0
S1-419877116	3	1	2	0
S1-853863544	3	3	0	0
S1-570624954	6	5	1	0
S1-137454868	5	3	2	0
S1-723496429	0	0	0	0
S1-681145529	4	2	2	1
S1-240916563	3	2	1	1
S1-609730619	2	1	1	0
S1-876907974	3	2	1	0
S1-938180424	3	3	0	0
S1-141266793	1	1	0	0
S1-558526383	3	2	1	0
S1-36216088	3	3	0	0
S1-305647610	3	1	2	0
S1-940529505	3	1	2	0
S1-192556732	1	1	0	0
S1-661891187	5	2	3	0
S1-393240482	5	3	2	0
S1-637409276	3	2	1	0
S1-35908111	4	1	3	1
S1-767778690	2	1	1	1
S1-10102573	3	2	1	0
S1-840632970	5	3	2	0
S1-569851683	0	0	0	0
S1-683148514	4	3	1	0
S1-888822084	5	2	3	1
S1-856866453	4	2	2	0
S1-144659903	5	4	1	0
S1-563007972	4	3	1	0
S1-91646506	6	2	4	0
S1-356111943	6	4	2	0
S1-751253099	4	4	0	0
S1-710550587	6	3	3	0
S1-531734907	2	1	1	0
S1-313764026	3	2	1	0
S1-229036658	5	3	2	0
S1-332101711	5	2	3	0
S1-717055044	6	3	3	1
S1-149583117	4	3	1	0
S1-934952873	5	1	4	0
S1-596665846	2	1	1	0
S1-687967252	6	3	3	1
S1-762218444	5	4	1	0
S1-786819975	2	1	1	0
S1-386005269	4	2	2	0
S1-226090714	4	1	3	0
S1-177016509	1	0	1	0
S1-228806910	0	0	0	0
S1-820932784	2	0	2	1
S1-230308182	3	1	2	1
S1-977062079	5	0	5	0
S1-137434441	3	1	2	0
S1-996635275	2	1	1	0
S1-519878511	4	2	2	0
S1-694830809	5	4	1	0
S1-217793004	4	1	3	0
S1-197541434	3	1	2	1
S1-364479937	2	1	1	1
S1-516245246	5	3	2	0
S1-328457260	2	1	1	0
S1-581606301	5	1	4	0
S1-526590712	4	3	1	0
S1-602222388	4	1	3	1
S1-574028897	3	2	1	0
S1-118999534	4	2	2	0
S1-500140736	8	5	3	0
S1-650487601	6	3	3	0
S1-640494271	5	4	1	0
S1-754204824	5	3	2	0
S1-600663022	4	3	1	0
S1-878217034	4	2	2	0
S1-374766299	2	1	1	0
S1-199702910	2	1	1	0
S1-274854864	3	1	2	0
S1-894414661	6	3	3	0
S1-336713437	5	2	3	0
S1-677745439	2	1	1	0
S1-319675725	3	2	1	0
S1-15105893	3	1	2	0
S1-95328301	2	1	1	0
S1-462157371	3	2	1	0
S1-205635108	4	2	2	1
S1-248527077	6	4	2	1
S1-882546163	8	5	3	0
S1-912114336	4	1	3	0
S1-36817212	3	1	2	0
S1-145817527	4	2	2	1
S1-969793169	6	3	3	0
S1-984826563	7	4	3	1
S1-736381003	4	2	2	0
S1-518192073	1	0	1	0
S1-476520565	5	3	2	0
S1-86825383	5	3	2	0
S1-5015677	2	1	1	0
S1-343226247	5	3	2	0
S1-468256744	3	1	2	1
S1-685106343	4	2	2	1
S1-429266588	6	4	2	0
S1-847541903	2	1	1	0
S1-96425143	1	0	1	0
S1-417264153	0	0	0	0
S1-51846404	4	2	2	1
S1-65033837	3	2	1	0
S1-715549935	2	1	1	1
S1-223810919	1	0	1	0
S1-27485328	1	1	0	0
S1-9540168	4	2	2	0
S1-617063301	2	1	1	1
S1-126022071	5	3	2	0
S1-191510054	2	1	1	0
S1-211899846	3	3	0	1
S1-53407617	3	2	1	1
S1-768411321	0	0	0	1
S1-116176160	2	1	1	1
S1-179360994	4	4	0	1
S1-908230405	2	1	1	0
S1-660980751	6	3	3	1
S1-241179264	0	0	0	0
S1-516208132	2	1	1	0
S1-901076896	5	2	3	0
S1-987449355	3	1	2	1
S1-618552816	2	0	2	0
S1-478922381	6	3	3	0
S1-231333182	5	1	4	1
S1-298582507	2	1	1	0
S1-14592397	5	2	3	0
S1-214392480	5	2	3	0
S1-218751276	2	1	1	0
S1-641063039	5	3	2	0
S1-11248736	5	2	3	0
S1-549126346	2	0	2	0
S1-252548173	4	2	2	1
S1-786921563	0	0	0	0
S1-888854475	3	2	1	1
S1-95746959	4	3	1	0
S1-719182631	5	2	3	0
S1-793333566	4	1	3	0
S1-306300800	5	4	1	0
S1-805848052	6	2	4	0
S1-772067006	3	1	2	0
S1-815558518	3	0	3	0
S1-328964126	6	3	3	0
S1-614753089	2	1	1	0
S1-343805152	4	1	3	0
S1-330298408	2	0	2	0
S1-76326381	1	1	0	0
S1-982236416	3	1	2	0
S1-659685573	2	1	1	0
S1-303931070	6	2	4	1
S1-189418774	4	3	1	1
S1-493083663	2	1	1	0
S1-796168118	5	2	3	0
S1-103134527	8	5	3	0
S1-397344342	3	1	2	0
S1-733371127	4	2	2	0
S1-917282654	4	3	1	1
S1-728212777	1	1	0	0
S1-174064733	5	2	3	0
S1-388909305	6	3	3	1
S1-952774802	4	3	1	0
S1-183078285	4	2	2	0
S1-866696943	4	1	3	0
S1-772957157	3	1	2	0
S1-460772936	4	1	3	0
S1-873753008	4	4	0	0
S1-516699055	2	1	1	0
S1-648834232	4	1	3	0
S1-313908928	5	2	3	0
S1-623502162	4	1	3	1
S1-296015030	2	1	1	0
S1-449644448	3	2	1	1
S1-269898915	4	1	3	1
S1-107342195	5	4	1	1
S1-123044933	3	2	1	1
S1-742300610	3	2	1	0
S1-758796994	4	1	3	0
S1-917938106	4	1	3	0
S1-918127060	2	2	0	0
S1-649388587	5	2	3	0
S1-18366060	2	0	2	0
S1-48489481	3	1	2	0
S1-95459299	3	1	2	0
S1-939011131	4	3	1	0
S1-34207263	4	3	1	0
S1-262607037	3	1	2	0
S1-442809021	4	2	2	0
S1-957571974	3	1	2	0
S1-843039135	2	0	2	0
S1-353714242	3	2	1	0
S1-255575484	3	1	2	0
S1-684607059	3	2	1	1
S1-418379307	4	1	3	0
S1-465834904	4	1	3	0
S1-49623138	3	1	2	0
S1-857616955	2	1	1	0
S1-778694907	3	2	1	0
S1-584121250	4	2	2	0
S1-961600367	2	1	1	0
S1-330645946	4	2	2	0
S1-728807709	0	0	0	0
S1-231386917	5	1	4	0
S1-99996841	4	2	2	0
S1-704592953	3	1	2	1
S1-671872962	5	2	3	0
S1-632165053	3	1	2	0
S1-385515723	3	1	2	1
S1-963573260	3	1	2	0
S1-292950238	2	1	1	0
S1-736269271	1	0	1	0
S1-597819757	7	2	5	0
S1-924354290	1	1	0	0
S1-490657573	5	3	2	0
S1-44994797	2	1	1	0
S1-478264034	6	1	5	1
S1-447199310	0	0	0	0
S1-527328101	0	0	0	1
S1-116838967	1	1	0	1
S1-113996465	7	2	5	1
S1-340781155	4	2	2	0
S1-175389879	5	3	2	0
S1-691462100	3	1	2	0
S1-44682741	4	3	1	0
S1-531360021	4	1	3	0
S1-517913363	3	2	1	0
S1-10785361	5	3	2	1
S1-215407139	1	1	0	0
S1-984007173	2	1	1	1
S1-876109868	6	1	5	1
S1-289827270	5	3	2	0
S1-197231225	2	0	2	0
S1-805270858	4	3	1	0
S1-58884296	4	2	2	0
S1-714522366	4	2	2	0
S1-148985546	3	1	2	0
S1-330267378	6	2	4	0
S1-259231209	3	1	2	0
S1-361411648	2	1	1	0
S1-749816943	3	1	2	0
S1-565041778	4	2	2	0
S1-55732863	3	2	1	0
S1-389390610	1	1	0	0
S1-934437685	3	2	1	0
S1-645983622	8	5	3	1
S1-215401687	1	1	0	0
S1-26315072	4	3	1	0
S1-204781782	5	1	4	0
S1-907491220	5	4	1	0
S1-846409834	2	0	2	0
S1-148546092	0	0	0	0
S1-501918626	3	2	1	0
S1-677481056	5	2	3	0
S1-585559117	2	1	1	0
S1-153594731	5	2	3	0
S1-242559263	3	2	1	0
S1-419296719	3	1	2	0
S1-516646740	2	0	2	0
S1-855843830	5	2	3	0
S1-386951554	5	3	2	1
S1-386973910	1	0	1	0
S1-521562487	3	2	1	0
S1-559939248	7	4	3	0
S1-288405802	3	2	1	1
S1-246724659	3	1	2	0
S1-434902583	2	1	1	0
S1-682105398	3	1	2	0
S1-59915191	4	0	4	0
S1-701755240	1	1	0	0
S1-945163293	6	2	4	0
S1-499777510	2	1	1	1
S1-171806896	0	0	0	1
S1-560420238	3	3	0	0
S1-551253529	3	2	1	0
S1-405283092	4	3	1	0
S1-480575773	4	2	2	0
S1-33748534	3	2	1	0
S1-621535340	0	0	0	0
S1-422100345	2	1	1	1
S1-803580797	3	1	2	0
S1-531691551	4	1	3	0
S1-978280958	2	0	2	0
S1-94102570	2	0	2	1
S1-381081367	0	0	0	1
S1-975591226	2	1	1	1
S1-970809777	4	2	2	0
S1-747608944	3	0	3	0
S1-546811529	3	1	2	0
S1-756211099	4	2	2	0
S1-34775374	3	2	1	0
S1-146648619	4	1	3	0
S1-880798252	0	0	0	0
S1-199752364	4	3	1	0
S1-644232250	5	2	3	0
S1-101455819	2	2	0	1
S1-947167341	2	1	1	0
S1-662088078	8	3	5	0
S1-119907076	5	2	3	0
S1-70727123	2	2	0	0
S1-425919631	5	2	3	0
S1-67011397	3	1	2	1
S1-977293578	0	0	0	0
S1-403235789	4	2	2	0
S1-813688550	2	1	1	0
S1-106433739	5	2	3	0
S1-137573948	1	0	1	1
S1-456624929	4	1	3	1
S1-551591104	5	3	2	0
S1-291633217	4	1	3	0
S1-483656360	3	2	1	0
S1-514695089	4	2	2	0
S1-765690318	6	2	4	0
S1-210267405	3	1	2	0
S1-950459000	2	1	1	0
S1-14800692	4	3	1	1
S1-348079453	0	0	0	0
S1-107141821	4	3	1	0
S1-864524700	3	2	1	0
S1-179526359	5	4	1	0
S1-325182538	3	3	0	1
S1-715573425	4	4	0	1
S1-543914144	0	0	0	0
S1-466548212	7	3	4	1
S1-869880798	5	3	2	0
S1-170088788	7	5	2	0
S1-410332444	4	1	3	0
S1-738259063	5	2	3	1
S1-834350425	3	2	1	0
S1-874737188	4	1	3	0
S1-813704733	4	1	3	0
S1-892125228	1	1	0	1
S1-190269237	0	0	0	0
S1-139707378	3	2	1	0
S1-356545179	7	3	4	0
S1-777219728	0	0	0	0
S1-412124814	4	1	3	1
S1-261411265	3	1	2	0
S1-7665638	5	2	3	0
S1-944788444	5	1	4	0
S1-662913168	0	0	0	1
S1-604240541	0	0	0	0
S1-339424423	3	2	1	1
S1-248161353	5	2	3	1
S1-86197475	5	2	3	0
S1-426253938	8	4	4	0
S1-39136321	1	0	1	1
S1-633499368	3	2	1	0
S1-544838769	4	2	2	1
S1-518358553	2	0	2	0
S1-251057654	2	0	2	1
S1-913450824	2	1	1	0
S1-557717007	3	1	2	0
S1-568113086	1	0	1	1
S1-412022174	3	1	2	1
S1-964693711	5	3	2	0
S1-940484043	6	2	4	0
S1-606541764	7	2	5	1
S1-164586919	4	3	1	1
S1-115578314	4	3	1	0
S1-949002960	0	0	0	0
S1-666512325	4	2	2	0
S1-706970785	5	4	1	0
S1-896392732	4	2	2	0
S1-106109264	4	1	3	0
S1-374870966	0	0	0	0
S1-800309662	0	0	0	1
S1-29880047	2	1	1	0
S1-33315303	2	1	1	1
S1-523910636	5	2	3	1
S1-727129197	5	2	3	1
S1-983821055	5	2	3	0
S1-497053330	3	2	1	0
S1-913304074	2	1	1	1
S1-208148903	2	1	1	0
S1-149549229	3	1	2	0
S1-536101922	5	3	2	1
S1-156992521	3	2	1	0
S1-359440945	5	2	3	0
S1-82116945	4	3	1	1
S1-875452933	4	1	3	0
S1-356968386	4	3	1	0
S1-740565737	5	2	3	0
S1-191799974	2	0	2	0
S1-970887052	2	2	0	0
S1-662514886	6	2	4	0
S1-375092160	3	1	2	1
S1-956911126	0	0	0	0
S1-950178430	5	2	3	0
S1-382419422	6	3	3	1
S1-296222697	2	1	1	0
S1-562065927	0	0	0	0
S1-577676560	3	2	1	0
S1-644746522	2	1	1	0
S1-450263373	4	2	2	0
S1-587254698	4	1	3	0
S1-491036425	4	1	3	0
S1-612894094	4	2	2	1
S1-435820103	6	1	5	1
S1-183878283	5	2	3	1
S1-861282833	1	0	1	1
S1-905741141	6	2	4	0
S1-534222917	4	2	2	0
S1-357792520	4	0	4	0
S1-648965400	5	3	2	0
S1-923082612	4	4	0	0
S1-891495594	3	1	2	0
S1-771021108	4	3	1	1
S1-119033930	3	1	2	0
S1-529601941	5	4	1	0
S1-937940953	0	0	0	0
S1-177357455	2	0	2	0
S1-385749908	3	1	2	0
S1-50227799	2	1	1	0
S1-815507756	5	2	3	0
S1-365825276	1	0	1	0
S1-132586451	2	1	1	0
S1-445742098	5	1	4	0
S1-23015614	3	1	2	1
S1-757243419	6	3	3	0
S1-610913484	3	0	3	0
S1-635875507	6	2	4	0
S1-503075350	0	0	0	0
S1-70196606	4	2	2	0
S1-799964596	4	3	1	0
S1-832639493	5	1	4	1
S1-200103720	4	2	2	0
S1-816688728	4	2	2	1
S1-460500435	5	1	4	1
S1-701957104	2	1	1	0
S1-758883837	3	2	1	0
S1-555507211	2	0	2	1
S1-951832034	6	2	4	0
S1-388848116	3	2	1	0
S1-910862153	2	1	1	0
S1-833899481	4	1	3	0
S1-298207223	2	1	1	1
S1-208975358	3	2	1	0
S1-799437955	1	1	0	0
S1-872743834	2	1	1	0
S1-491611009	3	1	2	0
S1-896609752	3	1	2	0
S1-582627592	4	2	2	0
S1-68553889	6	1	5	0
S1-530115401	7	4	3	0
S1-522995114	2	1	1	0
S1-983913629	3	1	2	0
S1-294321565	3	1	2	0
S1-377302225	2	1	1	0
S1-905970881	7	4	3	0
S1-436247087	5	2	3	1
S1-832013713	3	1	2	1
S1-895636331	3	0	3	0
S1-551794426	0	0	0	0
S1-378057666	2	1	1	0
S1-26091573	6	3	3	0
S1-636400330	4	1	3	0
S1-262613671	2	1	1	0
S1-993002499	1	1	0	0
S1-621525044	1	1	0	0
S1-720025982	2	1	1	0
S1-244290455	3	2	1	0
S1-855232443	3	2	1	0
S1-784435931	3	1	2	0
S1-449790619	3	1	2	0
S1-965136941	2	1	1	0
S1-364062615	1	1	0	0
S1-859646385	5	3	2	0
S1-588225957	5	1	4	1
S1-353305356	4	2	2	0
S1-221722421	2	2	0	0
S1-591618197	2	0	2	0
S1-730053046	3	0	3	1
S1-481941838	3	1	2	0
S1-652289915	2	1	1	0
S1-579262017	3	1	2	0
S1-813164674	4	1	3	0
S1-543946508	4	2	2	0
S1-808070558	0	0	0	0
S1-44785280	2	2	0	1
S1-215073370	7	3	4	0
S1-411457620	5	3	2	0
S1-108400852	3	1	2	0
S1-56182119	2	1	1	0
S1-680659137	6	2	4	0
S1-944986698	4	1	3	0
S1-562404724	3	1	2	0
S1-511265076	8	4	4	0
S1-223673697	4	1	3	0
S1-360176724	3	2	1	0
S1-211517658	5	3	2	0
S1-797555344	6	2	4	0
S1-805319803	4	3	1	1
S1-898367677	1	1	0	0
S1-548313307	4	3	1	0
S1-106051118	2	1	1	0
S1-7393162	6	2	4	1
S1-735141965	1	0	1	0
S1-271049848	1	0	1	0
S1-934706080	3	2	1	0
S1-718875161	2	1	1	0
S1-439486590	3	1	2	0
S1-248915792	4	1	3	0
S1-29108056	0	0	0	0
S1-238357840	3	1	2	0
S1-875191914	6	3	3	0
S1-531678758	2	2	0	0
S1-181342679	5	2	3	1
S1-805836305	0	0	0	1
S1-309089131	4	1	3	0
S1-288894462	3	0	3	0
S1-500410647	6	2	4	0
S1-758817732	5	3	2	1
S1-250629664	4	0	4	0
S1-611567543	4	2	2	0
S1-837542024	4	3	1	0
S1-789844585	3	1	2	0
S1-36836324	2	1	1	0
S1-356997839	5	3	2	0
S1-566557608	2	1	1	1
S1-516914537	4	2	2	0
S1-587871007	3	3	0	1
S1-386601124	4	2	2	0
S1-911146384	4	2	2	1
S1-888954397	6	1	5	1
S1-145586901	0	0	0	0
S1-356528508	4	1	3	1
S1-947976443	5	3	2	0
S1-622802949	3	2	1	1
S1-538210669	3	1	2	0
S1-145624782	3	1	2	0
S1-521322892	4	1	3	1
S1-659818013	0	0	0	0
S1-988630610	4	3	1	0
S1-300337615	5	2	3	0
S1-775895264	6	3	3	0
S1-934827282	3	1	2	0
S1-444217826	4	3	1	0
S1-268709477	5	2	3	0
S1-407942647	3	2	1	0
S1-227153024	4	1	3	0
S1-375777792	2	1	1	0
S1-967303502	4	1	3	0
S1-175828265	4	2	2	0
S1-29137178	4	2	2	0
S1-676498042	1	0	1	0
S1-54589569	4	2	2	0
S1-64345142	6	3	3	0
S1-171143525	4	1	3	0
S1-608108924	4	3	1	0
S1-231813210	6	2	4	1
S1-935288892	3	2	1	0
S1-291831548	2	1	1	0
S1-483967842	3	2	1	0
S1-50047731	2	1	1	1
S1-250070625	4	1	3	0
S1-45275723	2	2	0	1
S1-327962609	0	0	0	0
S1-166475923	0	0	0	0
S1-26469428	5	1	4	0
S1-210689989	4	3	1	0
S1-567019924	3	1	2	0
S1-215959948	4	0	4	0
S1-723720736	4	2	2	0
S1-376857040	3	2	1	0
S1-122945454	4	2	2	0
S1-423892847	7	2	5	0
S1-975869163	6	4	2	0
S1-889906081	5	1	4	1
S1-75954230	1	1	0	0
S1-115854912	6	2	4	0
S1-347233221	5	2	3	0
S1-686372655	5	2	3	0
S1-883262818	5	3	2	0
S1-181798488	3	1	2	0
S1-539022076	3	1	2	0
S1-605399193	5	4	1	0
S1-346681735	2	2	0	0
S1-988004072	4	2	2	0
S1-821657459	5	3	2	0
S1-498723661	1	0	1	0
S1-718773890	2	1	1	0
S1-673693814	3	1	2	0
S1-358601891	4	1	3	1
S1-104233032	3	1	2	1
S1-958911526	7	3	4	0
S1-909124724	2	1	1	0
S1-740649186	6	4	2	0
S1-350567233	3	2	1	0
S1-916370214	4	2	2	0
S1-327383978	4	2	2	0
S1-177507714	3	1	2	0
S1-869309933	8	4	4	0
S1-105392988	5	2	3	0
S1-818151113	4	2	2	0
S1-605512774	3	0	3	1
S1-984412280	6	2	4	0
S1-663563711	2	1	1	0
S1-510003219	5	3	2	0
S1-791036924	3	2	1	0
S1-36330638	4	2	2	0
S1-176301807	2	1	1	0
S1-371170412	5	3	2	0
S1-524269445	3	1	2	0
S1-745738595	6	4	2	0
S1-270462238	3	2	1	0
S1-755834473	5	3	2	0
S1-595374997	5	2	3	0
S1-933385161	4	1	3	1
S1-49881738	2	1	1	0
S1-147273928	3	2	1	0
S1-691444971	4	1	3	0
S1-729015887	0	0	0	0
S1-191490925	6	4	2	0
S1-719228181	7	4	3	0
S1-531821671	7	2	5	0
S1-784308095	0	0	0	0
S1-642488269	3	2	1	0
S1-965347336	5	2	3	1
S1-749811795	3	0	3	0
S1-264497979	6	3	3	0
S1-43171728	5	3	2	0
S1-80116545	4	3	1	0
S1-922172765	8	3	5	0
S1-946841090	3	2	1	0
S1-988906261	1	0	1	0
S1-692582280	4	2	2	0
S1-296275997	7	2	5	0
S1-157455888	4	1	3	0
S1-56427257	6	1	5	0
S1-748276705	6	2	4	0
S1-52388284	6	3	3	0
S1-710558824	2	2	0	0
S1-437197292	0	0	0	0
S1-843565077	1	0	1	0
S1-454062783	4	1	3	0
S1-403391338	5	4	1	0
S1-416243756	3	3	0	0
S1-905555975	4	1	3	1
S1-928316074	4	2	2	0
S1-86431758	3	1	2	0
S1-839726829	6	3	3	0
S1-335518167	4	2	2	0
S1-344925630	3	3	0	0
S1-416106884	4	2	2	1
S1-389551746	1	1	0	0
S1-877521245	6	3	3	0
S1-155033161	5	2	3	0
S1-252639135	4	1	3	0
S1-960182443	3	2	1	0
S1-234149410	4	2	2	0
S1-4826541	2	1	1	0
S1-970422184	2	1	1	1
S1-49766290	4	3	1	0
S1-301157349	4	2	2	0
S1-563365732	2	1	1	1
S1-76793926	3	1	2	0
S1-896279535	3	2	1	0
S1-216872097	2	2	0	0
S1-324694091	6	3	3	0
S1-247267200	4	2	2	1
S1-506629756	4	0	4	0
S1-268476503	3	1	2	0
S1-182445053	3	1	2	1
S1-388433680	2	1	1	1
S1-996780714	4	3	1	0
S1-561902846	0	0	0	0
S1-11487119	3	2	1	0
S1-650132415	2	1	1	0
S1-787719241	2	1	1	0
S1-730715729	3	1	2	0
S1-696206654	4	2	2	0
S1-131153996	2	1	1	0
S1-159745385	3	1	2	0
S1-489206468	3	1	2	1
S1-399118184	0	0	0	0
S1-417272257	4	2	2	0
S1-100953104	3	1	2	0
S1-252585319	4	2	2	0
S1-800132386	2	0	2	0
S1-47287979	4	1	3	1
S1-863873241	5	1	4	0
S1-599326170	3	2	1	0
S1-854261304	5	2	3	0
S1-567924433	3	2	1	0
S1-149175191	2	1	1	1
S1-513835196	4	2	2	0
S1-549608826	3	2	1	1
S1-902589656	4	2	2	0
S1-694373890	6	4	2	0
S1-203442335	2	1	1	0
S1-985126345	6	3	3	0
S1-613608030	3	2	1	1
S1-377309209	2	2	0	1
S1-209655918	6	1	5	1
S1-677488646	4	1	3	0
S1-289021297	2	0	2	1
S1-659802521	5	2	3	0
S1-462669642	3	3	0	0
S1-690151152	4	1	3	0
S1-228744735	5	3	2	0
S1-179030333	3	1	2	1
S1-212575248	5	2	3	0
S1-577275733	4	3	1	0
S1-146870252	1	0	1	0
S1-955344039	2	1	1	0
S1-934676676	2	1	1	1
S1-144726395	2	2	0	0
S1-182804857	5	5	0	0
S1-350802863	3	2	1	1
S1-7687064	1	1	0	1
S1-696325711	2	1	1	0
S1-978737847	4	1	3	0
S1-989290207	0	0	0	0
S1-465007516	5	3	2	0
S1-413296646	4	3	1	0
S1-616977860	4	2	2	0
S1-45575585	5	2	3	1
S1-558794180	0	0	0	0
S1-936432552	2	1	1	0
S1-903155101	2	1	1	0
S1-375045838	6	2	4	0
S1-951550016	5	2	3	0
S1-552663412	4	2	2	0
S1-714614693	4	1	3	1
S1-749006106	4	2	2	0
S1-373334447	2	1	1	0
S1-514143233	3	2	1	0
S1-721084684	4	2	2	0
S1-291025703	1	0	1	0
S1-985062460	3	2	1	1
S1-321691832	7	4	3	1
S1-916570710	1	1	0	1
S1-387996303	3	2	1	0
S1-399009366	4	1	3	0
S1-225398001	2	1	1	1
S1-815898151	7	3	4	1
S1-442514231	4	2	2	0
S1-570622431	0	0	0	0
S1-263545313	5	3	2	0
S1-835052872	4	1	3	1
S1-354990997	4	2	2	0
S1-461675877	3	1	2	0
S1-589756256	3	1	2	0
S1-602636473	4	2	2	0
S1-461930804	4	2	2	1
S1-849821477	3	2	1	0
S1-600228953	2	1	1	0
S1-261931295	3	1	2	1
S1-12384302	2	1	1	0
S1-408183471	2	2	0	1
S1-863956904	5	2	3	0
S1-993033030	5	2	3	0
S1-508675986	4	2	2	0
S1-896642956	3	1	2	1
S1-784327453	3	2	1	0
S1-902829449	6	2	4	0
S1-388288035	2	2	0	1
S1-378549139	2	2	0	0
S1-100588770	3	2	1	1
S1-397539020	6	3	3	0
S1-587069127	3	0	3	0
S1-387803285	2	1	1	0
S1-263753520	3	1	2	0
S1-646597465	1	1	0	1
S1-174290728	2	0	2	0
S1-65978194	4	2	2	0
S1-852416933	4	2	2	0
S1-231639962	1	0	1	0
S1-837748005	4	1	3	0
S1-631430352	2	1	1	0
S1-392417866	6	4	2	0
S1-310518708	4	3	1	0
S1-965220880	4	1	3	0
S1-600434466	6	2	4	0
S1-876651613	1	0	1	0
S1-109609629	4	2	2	0
S1-831317803	5	2	3	1
S1-337153408	2	1	1	0
S1-655781030	6	3	3	0
S1-544342798	2	1	1	1
S1-686222356	1	1	0	0
S1-628769200	2	0	2	0
S1-466369301	4	2	2	0
S1-406265194	6	1	5	0
S1-161128378	2	2	0	0
S1-873094276	7	4	3	1
S1-739597424	0	0	0	0
S1-177146943	0	0	0	0
S1-153417587	3	0	3	0
S1-257203049	5	2	3	0
S1-537258022	2	1	1	1
S1-667852528	4	2	2	0
S1-105750285	3	1	2	1
S1-889372471	2	2	0	1
S1-411067780	2	1	1	0
S1-370419392	7	3	4	1
S1-523682412	4	2	2	0
S1-909654804	4	2	2	0
S1-30214338	4	1	3	0
S1-151025970	2	1	1	0
S1-393903055	4	2	2	1
S1-348343236	5	2	3	0
S1-582749579	5	1	4	0
S1-130858124	5	4	1	0
S1-639063566	4	2	2	0
S1-394418075	5	3	2	0
S1-856337741	3	1	2	0
S1-153703217	4	1	3	0
S1-778726773	2	1	1	0
S1-627530250	2	1	1	0
S1-693613253	3	2	1	1
S1-382237627	4	1	3	1
S1-227158359	3	3	0	0
S1-960463382	7	4	3	0
S1-573064990	3	2	1	1
S1-83694663	2	1	1	0
S1-45257038	2	0	2	1
S1-164615504	1	0	1	1
S1-174234108	3	1	2	0
S1-885344288	3	2	1	0
S1-78340602	1	0	1	0
S1-434002281	2	1	1	1
S1-56377747	4	3	1	0
S1-617704623	5	2	3	1
S1-762693050	4	1	3	0
S1-755580403	2	1	1	0
S1-510688610	2	2	0	0
S1-159641046	3	1	2	0
S1-480769944	4	3	1	0
S1-784555375	0	0	0	0
S1-709917118	3	2	1	0
S1-755825682	3	0	3	1
S1-170566434	5	3	2	0
S1-319767383	3	2	1	0
S1-233732268	3	1	2	1
S1-188070281	4	2	2	1
S1-753817648	4	1	3	0
S1-839680533	8	4	4	1
S1-403457719	2	1	1	1
S1-886551786	2	2	0	0
S1-798363025	2	1	1	0
S1-405437770	4	3	1	0
S1-988034975	4	1	3	0
S1-618571743	3	1	2	0
S1-219765772	4	2	2	0
S1-491138472	6	2	4	0
S1-243732195	2	1	1	0
S1-133908979	6	1	5	1
S1-504261681	7	3	4	1
S1-583163899	5	2	3	0
S1-178696524	3	1	2	1
S1-723887905	3	1	2	0
S1-260535926	5	3	2	0
S1-809692747	2	1	1	1
S1-374921406	4	1	3	0
S1-291334839	3	2	1	0
S1-530552317	3	1	2	1
S1-756532295	6	4	2	1
S1-639448087	4	1	3	0
S1-804353271	5	5	0	0
S1-672212822	5	1	4	0
S1-776954181	4	2	2	0
S1-933589924	0	0	0	0
S1-751333861	2	1	1	1
S1-59058003	3	2	1	1
S1-31271939	3	1	2	0
S1-410668413	5	2	3	0
S1-130086589	5	2	3	0
S1-798317327	5	2	3	0
S1-651926344	4	3	1	0
S1-697773688	3	1	2	1
S1-576393711	4	1	3	0
S1-622183692	3	1	2	1
S1-998209878	4	4	0	0
S1-748403331	5	1	4	0
S1-578422540	5	2	3	0
S1-240741347	3	1	2	0
S1-927370970	4	1	3	0
S1-4285107	4	2	2	0
S1-259841007	4	2	2	0
S1-113550187	5	1	4	0
S1-359817814	4	2	2	0
S1-126425263	7	3	4	0
S1-636753598	6	5	1	0
S1-640044387	3	2	1	1
S1-734068246	6	5	1	0
S1-179271772	3	2	1	0
S1-673947617	3	2	1	0
S1-705915203	3	2	1	1
S1-671019242	3	2	1	0
S1-585107938	4	3	1	0
S1-574964449	2	1	1	1
S1-786394724	5	3	2	1
S1-10914674	3	2	1	0
S1-680011811	3	1	2	0
S1-268924724	4	2	2	0
S1-357956834	4	3	1	0
S1-682881822	2	1	1	0
S1-754621128	1	1	0	1
S1-667906650	0	0	0	0
S1-58448814	4	0	4	0
S1-334613119	3	2	1	0
S1-373542813	4	1	3	0
S1-203587926	7	3	4	0
S1-226163817	4	2	2	0
S1-162793443	2	1	1	0
S1-174360531	3	2	1	0
S1-319803773	2	1	1	1
S1-552454085	4	2	2	0
S1-671160538	3	1	2	1
S1-969205212	3	1	2	1
S1-694238108	4	1	3	0
S1-283881582	5	1	4	1
S1-198739579	0	0	0	1
S1-39635653	7	4	3	0
S1-111187001	3	1	2	0
S1-932103139	5	2	3	0
S1-607212498	2	2	0	0
S1-684403978	3	1	2	0
S1-597550527	7	2	5	1
S1-248050840	3	2	1	1
S1-786940733	4	4	0	0
S1-329132834	4	2	2	0
S1-916271211	4	1	3	0
S1-385834244	4	2	2	0
S1-582057159	3	0	3	0
S1-334733674	2	1	1	0
S1-997731506	7	4	3	0
S1-95592336	3	2	1	0
S1-433225698	3	1	2	0
S1-781608659	6	3	3	0
S1-413884258	5	0	5	1
S1-221571016	2	0	2	0
S1-962909612	3	2	1	0
S1-652343462	4	1	3	0
S1-924728856	1	0	1	0
S1-897858581	3	2	1	0
S1-248566799	3	2	1	0
S1-742022801	0	0	0	0
S1-882286956	5	2	3	0
S1-210958355	5	1	4	0
S1-910304460	2	1	1	0
S1-511876979	0	0	0	0
S1-81565963	4	1	3	0
S1-859177707	2	1	1	0
S1-325604362	2	1	1	0
S1-366004857	3	2	1	0
S1-131679635	5	2	3	0
S1-348424826	9	4	5	0
S1-448408444	7	4	3	0
S1-701289038	6	3	3	0
S1-63359662	5	3	2	0
S1-564556684	2	1	1	0
S1-616523129	6	3	3	0
S1-242119386	3	2	1	0
S1-954375751	3	1	2	0
S1-570678038	3	2	1	0
S1-904890918	2	2	0	0
S1-764671465	3	2	1	0
S1-178656456	4	1	3	0
S1-700910866	3	2	1	0
S1-289465966	6	4	2	0
S1-4873480	2	1	1	0
S1-822832467	3	2	1	0
S1-103669468	2	2	0	1
S1-12888605	4	3	1	0
S1-641678128	3	1	2	1
S1-586108049	3	2	1	0
S1-153511237	3	2	1	1
S1-103988337	2	1	1	0
S1-405794353	2	1	1	0
S1-951422442	0	0	0	0
S1-171461624	3	3	0	0
S1-324704727	6	4	2	0
S1-496780343	2	1	1	1
S1-374402411	4	1	3	0
S1-474458221	3	1	2	0
S1-36715811	4	1	3	0
S1-284111531	5	1	4	0
S1-503109914	6	3	3	0
S1-9959665	3	0	3	1
S1-426555197	3	2	1	0
S1-659972029	3	1	2	0
S1-750574139	6	3	3	0
S1-983263685	4	2	2	0
S1-634705990	3	2	1	1
S1-586452023	1	0	1	0
S1-45027980	3	2	1	0
S1-793642420	5	3	2	0
S1-832857751	2	2	0	0
S1-668929193	3	0	3	0
S1-138698286	5	2	3	0
S1-913840699	3	2	1	0
S1-21699966	4	3	1	0
S1-618906384	4	2	2	0
S1-844770393	3	1	2	0
S1-253771687	2	1	1	0
S1-509151823	0	0	0	0
S1-917985531	7	5	2	1
S1-653565609	2	2	0	0
S1-308953938	4	2	2	1
S1-264869509	4	1	3	0
S1-130231941	4	3	1	1
S1-489194922	3	1	2	0
S1-332544672	6	3	3	1
S1-233025802	4	3	1	0
S1-560301510	2	1	1	1
S1-983540069	6	2	4	1
S1-321710048	5	2	3	1
S1-777081734	4	2	2	0
S1-841626263	5	1	4	0
S1-613510252	4	3	1	0
S1-478020202	3	2	1	0
S1-461677396	0	0	0	0
S1-926385228	5	3	2	0
S1-143155407	5	1	4	1
S1-728064565	2	1	1	0
S1-319933467	3	2	1	0
S1-937056972	3	1	2	1
S1-699478256	3	2	1	0
S1-92130743	3	2	1	1
S1-851051313	6	2	4	0
S1-387346976	2	1	1	0
S1-840622359	5	2	3	1
S1-907148765	3	1	2	0
S1-541676951	2	1	1	0
S1-927513065	7	5	2	0
S1-12324980	3	1	2	0
S1-860973264	5	1	4	0
S1-186445962	2	1	1	0
S1-845934238	3	1	2	0
S1-88043632	3	1	2	0
S1-893145159	0	0	0	1
S1-328610312	0	0	0	0
S1-508156081	6	2	4	1
S1-481266972	7	4	3	0
S1-735859388	0	0	0	0
S1-807990988	3	1	2	0
S1-157371209	4	3	1	0
S1-667404497	3	2	1	1
S1-811909560	0	0	0	0
S1-753165522	0	0	0	0
S1-107798913	1	1	0	0
S1-711666436	4	2	2	1
S1-188626013	3	1	2	0
S1-537191216	4	2	2	0
S1-119134798	5	1	4	0
S1-787686324	4	2	2	0
S1-544854581	6	3	3	0
S1-408941682	4	3	1	0
S1-904877068	6	2	4	0
S1-659761244	4	2	2	0
S1-42246345	3	2	1	0
S1-916679619	6	2	4	0
S1-290500747	3	2	1	0
S1-822548240	3	1	2	0
S1-61762792	6	4	2	0
S1-353369344	2	1	1	0
S1-871494022	1	0	1	1
S1-518545725	4	1	3	0
S1-762459909	4	2	2	0
S1-748747790	5	2	3	0
S1-240898806	6	4	2	0
S1-40707936	2	1	1	1
S1-870648820	4	2	2	0
S1-891635814	2	1	1	0
S1-973078151	6	3	3	0
S1-637681727	5	2	3	0
S1-435865138	3	1	2	0
S1-269450022	0	0	0	0
S1-807049666	3	1	2	0
S1-14398230	5	3	2	1
S1-905407945	4	0	4	1
S1-902419943	2	1	1	1
S1-803852285	3	2	1	0
S1-46115494	5	3	2	0
S1-129048785	3	1	2	0
S1-810272105	5	3	2	0
S1-123330682	5	2	3	0
S1-612950538	2	1	1	1
S1-177449948	4	1	3	0
S1-661856840	3	1	2	0
S1-269979273	0	0	0	0
S1-837003798	5	1	4	1
S1-247536241	3	2	1	0
S1-377660526	4	1	3	0
S1-385338827	5	2	3	0
S1-185896323	4	0	4	0
S1-239085040	4	2	2	0
S1-537939350	5	3	2	1
S1-327916128	2	1	1	1
S1-292735893	4	2	2	1
S1-129189468	6	3	3	1
S1-218248619	5	2	3	0
S1-8306734	7	4	3	1
S1-461070808	4	1	3	1
S1-961783111	2	1	1	0
S1-807740152	4	2	2	0
S1-435164062	3	1	2	0
S1-177669122	3	1	2	0
S1-372690345	2	1	1	0
S1-81236112	4	3	1	0
S1-814379016	5	4	1	0
S1-75132614	6	4	2	1
S1-892952625	5	3	2	1
S1-125002985	3	1	2	0
S1-189661882	2	1	1	0
S1-523188737	4	2	2	0
S1-207329319	5	3	2	0
S1-940067831	4	2	2	0
S1-673178853	5	3	2	1
S1-274491766	4	2	2	0
S1-444001472	5	2	3	0
S1-416864706	6	2	4	0
S1-873511659	3	1	2	1
S1-894306869	4	1	3	0
S1-332621131	4	1	3	0
S1-179888434	2	1	1	0
S1-744819212	4	1	3	0
S1-630257849	7	2	5	0
S1-174575092	8	3	5	0
S1-630005235	2	1	1	0
S1-875866022	3	2	1	0
S1-503271306	1	1	0	0
S1-359573250	3	1	2	1
S1-326313319	2	1	1	1
S1-187680473	4	2	2	0
S1-411732177	3	1	2	0
S1-769289819	5	2	3	0
S1-338566110	3	1	2	0
S1-75923599	4	2	2	0
S1-619552943	3	1	2	0
S1-945924704	4	2	2	0
S1-379530924	6	3	3	1
S1-125905322	7	3	4	1
S1-549963411	7	2	5	0
S1-594031723	4	0	4	1
S1-795093736	5	3	2	1
S1-912716593	1	1	0	1
S1-146140598	1	1	0	0
S1-233316635	4	2	2	0
S1-64285241	4	2	2	0
S1-110461692	5	1	4	0
S1-131047407	4	3	1	0
S1-860159292	5	2	3	0
S1-213892203	4	1	3	0
S1-592778493	4	3	1	0
S1-910874860	3	2	1	1
S1-218923933	4	1	3	0
S1-261794552	5	3	2	0
S1-503497463	2	1	1	0
S1-930881887	3	1	2	0
S1-309650476	3	1	2	1
S1-734411892	5	3	2	0
S1-145480834	3	2	1	0
S1-822242154	1	0	1	0
S1-859087027	0	0	0	0
S1-532819632	6	2	4	0
S1-650886240	3	2	1	0
S1-387548686	3	1	2	0
S1-405689668	5	2	3	0
S1-83476125	0	0	0	1
S1-147391148	0	0	0	1
S1-835815819	4	2	2	0
S1-925008495	3	2	1	0
S1-778194046	3	2	1	0
S1-432588891	3	1	2	0
S1-631569262	1	0	1	0
S1-703490938	4	1	3	0
S1-537410650	8	5	3	0
S1-946082930	0	0	0	1
S1-935904290	5	1	4	0
S1-408967078	4	2	2	0
S1-248120243	6	1	5	0
S1-948872858	4	1	3	0
S1-361278004	3	2	1	0
S1-414073650	3	2	1	0
S1-580487024	6	4	2	0
S1-540672860	2	1	1	0
S1-68575982	3	2	1	0
S1-8238245	5	2	3	1
S1-100399179	2	2	0	0
S1-151743794	6	4	2	0
S1-650438733	5	3	2	0
S1-115775057	3	1	2	0
S1-947492669	1	1	0	0
S1-550428647	4	1	3	0
S1-653239512	5	2	3	1
S1-157086365	4	2	2	0
S1-176616076	3	1	2	1
S1-429618745	4	2	2	0
S1-106230486	0	0	0	0
S1-671071076	5	3	2	0
S1-891977834	0	0	0	0
S1-998639129	4	2	2	0
S1-853829630	4	3	1	1
S1-303431879	2	1	1	0
S1-278351518	7	4	3	0
S1-365928200	6	3	3	0
S1-673217894	4	2	2	0
S1-209375765	0	0	0	0
S1-292684571	2	2	0	1
S1-811124756	2	1	1	0
S1-105559761	1	0	1	0
S1-444858095	2	2	0	0
S1-242056130	2	1	1	0
S1-738203185	7	4	3	0
S1-294298653	6	3	3	0
S1-93187385	2	1	1	0
S1-500976493	4	3	1	0
S1-763114307	0	0	0	0
S1-464679420	5	2	3	0
S1-13513698	4	4	0	0
S1-443736082	4	1	3	0
S1-800338621	1	0	1	0
S1-673686433	3	1	2	0
S1-260192298	7	4	3	1
S1-260752734	5	4	1	0
S1-313884374	6	1	5	0
S1-264410615	2	2	0	0
S1-419922883	3	1	2	1
S1-933415827	4	2	2	0
S1-440158475	1	0	1	1
S1-38587247	3	2	1	0
S1-565970198	0	0	0	0
S1-565275461	4	1	3	0
S1-141784862	2	1	1	0
S1-831456529	5	1	4	0
S1-388024681	3	2	1	0
S1-116362888	5	3	2	0
S1-56622125	4	3	1	1
S1-729933964	6	2	4	0
S1-859166527	0	0	0	1
S1-353699074	0	0	0	0
S1-211127378	0	0	0	0
S1-383498521	2	1	1	0
S1-230905078	1	1	0	0
S1-876548711	3	1	2	0
S1-413435687	3	1	2	0
S1-814453621	3	2	1	0
S1-966988778	3	1	2	0
S1-51563144	5	2	3	0
S1-976470456	0	0	0	1
S1-912071743	5	2	3	0
S1-568435122	4	3	1	1
S1-633408378	6	3	3	0
S1-388157794	3	2	1	0
S1-749299627	4	2	2	0
S1-189837896	6	3	3	0
S1-738477402	4	3	1	0
S1-307958436	4	3	1	0
S1-592698460	4	0	4	0
S1-78695800	10	5	5	1
S1-360209732	4	3	1	0
S1-436752315	0	0	0	0
S1-350026827	1	0	1	0
S1-768355919	4	1	3	0
S1-263688238	5	3	2	0
S1-808977306	2	1	1	0
S1-135086644	6	4	2	0
S1-338339821	3	1	2	0
S1-144748187	1	1	0	0
S1-672843337	2	1	1	0
S1-288950673	3	2	1	0
S1-671589138	4	2	2	0
S1-530292054	4	2	2	0
S1-450618700	4	1	3	0
S1-733657388	5	2	3	0
S1-830189992	5	3	2	0
S1-301149309	3	2	1	0
S1-345682993	3	2	1	1
S1-567718971	4	1	3	0
S1-456378342	3	2	1	0
S1-872398160	5	2	3	0
S1-208607807	1	1	0	0
S1-836309415	5	2	3	0
S1-403779915	2	1	1	0
S1-964869994	5	3	2	0
S1-353949483	2	1	1	0
S1-639617247	3	2	1	0
S1-680997139	6	2	4	0
S1-512202937	3	1	2	0
S1-834163511	0	0	0	0
S1-638437872	4	1	3	0
S1-985791571	3	1	2	0
S1-783042314	2	0	2	0
S1-248285580	4	1	3	1
S1-938310421	5	3	2	1
S1-904101604	3	3	0	0
S1-214443273	4	1	3	0
S1-154854825	3	1	2	0
S1-336006298	4	3	1	0
S1-228780043	4	2	2	0
S1-798391879	3	2	1	0
S1-48846152	1	0	1	0
S1-181706536	3	1	2	0
S1-5974875	5	1	4	0
S1-982974585	3	1	2	1
S1-891783054	5	3	2	0
S1-618837936	2	1	1	0
S1-108995390	4	2	2	0
S1-424421824	3	2	1	0
S1-996306669	5	3	2	0
S1-989962731	3	1	2	0
S1-798240567	3	1	2	0
S1-284559871	4	2	2	0
S1-320151505	3	2	1	0
S1-182472925	3	1	2	0
S1-829629377	3	2	1	0
S1-529307976	2	0	2	0
S1-746755946	4	1	3	0
S1-615241687	3	0	3	1
S1-351397229	5	1	4	0
S1-317402424	2	1	1	0
S1-56757384	3	1	2	0
S1-38697523	4	1	3	1
S1-334844439	6	4	2	0
S1-996332227	3	2	1	0
S1-121332262	3	0	3	0
S1-133625770	4	3	1	0
S1-751781295	1	0	1	0
S1-597211514	5	1	4	0
S1-477379702	5	3	2	1
S1-144329304	0	0	0	0
S1-412024822	0	0	0	0
S1-924073454	4	1	3	0
S1-360636519	3	2	1	0
S1-919479193	7	3	4	0
S1-215328816	3	2	1	0
S1-241942705	6	3	3	0
S1-129633380	2	1	1	0
S1-462925245	3	2	1	1
S1-851830957	1	1	0	1
S1-474532322	2	1	1	0
S1-533936623	3	1	2	0
S1-466876326	6	5	1	0
S1-786913296	6	3	3	0
S1-137629649	3	1	2	0
S1-536131982	4	3	1	1
S1-26351956	3	1	2	0
S1-377614419	5	2	3	1
S1-555762655	5	1	4	0
S1-221444218	3	2	1	0
S1-230676939	3	2	1	0
S1-681914239	5	1	4	0
S1-578839202	4	3	1	1
S1-452503769	4	2	2	0
S1-669312620	6	3	3	0
S1-328277028	6	3	3	0
S1-432062191	4	1	3	1
S1-45173668	4	1	3	0
S1-499594744	7	2	5	0
S1-467209505	1	1	0	0
S1-744034007	2	1	1	0
S1-623858923	4	3	1	0
S1-951336540	3	1	2	0
S1-415351881	6	2	4	0
S1-375002992	4	2	2	0
S1-959673805	5	2	3	1
S1-874014999	4	2	2	0
S1-88292349	2	1	1	1
S1-633802730	6	5	1	0
S1-446229083	1	0	1	1
S1-353953535	3	1	2	0
S1-427101995	4	1	3	1
S1-963869421	3	1	2	0
S1-389876587	6	4	2	0
S1-75663953	3	1	2	0
S1-91767815	3	3	0	0
S1-233578344	3	1	2	0
S1-460386929	1	1	0	0
S1-637711276	4	1	3	0
S1-779535296	7	4	3	0
S1-553119276	6	3	3	0
S1-575413227	3	1	2	0
S1-953393419	2	1	1	0
S1-61939087	4	2	2	0
S1-532364048	4	1	3	0
S1-287897567	3	2	1	1
S1-681487491	5	2	3	0
S1-849023530	0	0	0	0
S1-580893806	3	1	2	1
S1-64827154	4	1	3	0
S1-389200580	3	2	1	0
S1-994417851	2	1	1	1
S1-704230379	4	1	3	0
S1-852593328	7	2	5	0
S1-760475205	3	2	1	1
S1-955818883	1	0	1	1
S1-62503006	3	1	2	1
S1-413717459	5	1	4	0
S1-636984727	6	3	3	1
S1-381497594	2	1	1	0
S1-4329987	3	3	0	1
S1-56432005	5	1	4	0
S1-40903482	3	2	1	0
S1-306650033	6	3	3	0
S1-506017157	0	0	0	0
S1-264122260	0	0	0	0
S1-366726145	1	1	0	0
S1-233405706	7	4	3	0
S1-384906201	5	3	2	1
S1-453142650	5	3	2	0
S1-56758691	3	2	1	1
S1-200453197	6	5	1	0
S1-246283519	3	2	1	1
S1-312454806	4	1	3	0
S1-868534636	4	1	3	0
S1-16991530	4	3	1	0
S1-521084426	5	2	3	0
S1-864252051	4	2	2	0
S1-231527440	3	2	1	0
S1-157190066	3	2	1	0
S1-808229884	6	3	3	1
S1-201633051	2	1	1	1
S1-117047297	4	1	3	0
S1-881331524	2	1	1	0
S1-437164986	5	1	4	0
S1-989006482	6	3	3	0
S1-606938203	3	2	1	1
S1-511646965	2	0	2	0
S1-469216219	5	3	2	0
S1-929052214	1	1	0	1
S1-196221494	4	3	1	1
S1-286254050	5	3	2	0
S1-149851114	5	2	3	0
S1-802233392	4	2	2	0
S1-495912189	5	2	3	0
S1-522537129	1	0	1	0
S1-179021919	4	3	1	1
S1-729284168	4	2	2	0
S1-372271548	3	1	2	0
S1-487532085	4	1	3	0
S1-739429454	8	2	6	0
S1-11370138	4	2	2	1
S1-959240622	4	1	3	0
S1-250810347	4	2	2	0
S1-742380631	3	1	2	1
S1-588809172	2	1	1	1
S1-443154384	5	2	3	0
S1-100847576	2	1	1	0
S1-463250913	5	1	4	0
S1-647515527	4	3	1	0
S1-473746992	1	1	0	0
S1-936559376	5	1	4	0
S1-305137613	4	3	1	0
S1-819690360	5	2	3	0
S1-85545078	6	4	2	0
S1-959796549	4	1	3	0
S1-190231199	1	0	1	0
S1-465922028	4	1	3	0
S1-320857877	3	2	1	1
S1-499693638	4	3	1	1
S1-830328209	3	2	1	0
S1-457926738	5	2	3	0
S1-667283698	0	0	0	0
S1-68161416	0	0	0	1
S1-511932167	2	1	1	0
S1-941134602	6	3	3	0
S1-595558619	4	1	3	0
S1-400153728	7	3	4	0
S1-681559416	2	1	1	0
S1-850557740	7	2	5	0
S1-761029861	2	0	2	0
S1-566444155	5	1	4	0
S1-786474799	5	2	3	0
S1-609167497	2	1	1	1
S1-327349996	4	1	3	0
S1-787307071	3	1	2	0
S1-550708238	4	3	1	0
S1-522039256	6	3	3	0
S1-958016851	6	4	2	0
S1-438307294	4	0	4	1
S1-727513545	5	3	2	0
S1-927939529	2	1	1	0
S1-954373687	6	4	2	1
S1-252042265	4	2	2	0
S1-414754520	3	2	1	0
S1-312379994	8	5	3	0
S1-267766289	3	1	2	0
S1-76407771	2	2	0	1
S1-573095143	4	3	1	1
S1-955981217	4	1	3	0
S1-669153241	2	1	1	1
S1-279297066	3	2	1	0
S1-886834328	6	5	1	0
S1-881299166	6	2	4	0
S1-718773450	4	2	2	1
S1-787660300	3	2	1	1
S1-764078634	6	4	2	1
S1-650890523	5	3	2	0
S1-372729487	3	2	1	1
S1-753550034	3	1	2	0
S1-585005198	5	1	4	0
S1-253227957	3	1	2	0
S1-86491325	2	1	1	0
S1-998456067	4	2	2	0
S1-636183202	5	3	2	0
S1-135796250	3	1	2	0
S1-546713125	3	1	2	0
S1-938469204	3	1	2	0
S1-468461684	5	2	3	0
S1-528382196	5	4	1	0
S1-811364114	5	2	3	0
S1-909000833	4	1	3	0
S1-79401451	0	0	0	1
S1-788997298	2	2	0	0
S1-630594079	6	3	3	0
S1-10833330	2	1	1	0
S1-338748376	4	2	2	0
S1-137743466	3	1	2	0
S1-694445589	0	0	0	0
S1-682811460	2	1	1	0
S1-224611858	4	1	3	1
S1-98957447	3	1	2	0
S1-910471360	2	1	1	1
S1-506681420	3	1	2	0
S1-383592058	4	1	3	0
S1-86843521	3	2	1	0
S1-321758740	2	2	0	0
S1-621235728	2	1	1	0
S1-261857747	3	1	2	1
S1-496625773	3	1	2	0
S1-217900181	3	0	3	0
S1-652214697	0	0	0	0
S1-3214632	0	0	0	0
S1-144059726	3	1	2	0
S1-5186327	2	1	1	0
S1-648537214	1	0	1	0
S1-497513759	2	1	1	0
S1-271123338	3	2	1	0
S1-840268391	0	0	0	0
S1-165879099	4	2	2	0
S1-917603532	5	2	3	0
S1-934052094	3	2	1	0
S1-198841366	6	2	4	0
S1-181114660	3	0	3	0
S1-22904457	2	1	1	0
S1-668978367	2	1	1	1
S1-886896267	5	3	2	0
S1-386164811	2	0	2	1
S1-121299216	3	1	2	0
S1-221941373	5	4	1	0
S1-267048116	6	2	4	0
S1-620014634	3	1	2	0
S1-243237899	5	2	3	0
S1-809829200	3	2	1	0
S1-838286308	4	1	3	0
S1-871116016	5	2	3	0
S1-194480335	5	3	2	0
S1-479043523	4	2	2	0
S1-835588132	4	3	1	0
S1-487372485	3	2	1	0
S1-390822631	3	2	1	1
S1-436036202	2	1	1	1
S1-256545500	8	3	5	1
S1-952605107	2	1	1	0
S1-4699770	6	4	2	0
S1-256503049	7	3	4	0
S1-964942400	3	1	2	0
S1-733246058	7	3	4	0
S1-620787839	4	2	2	0
S1-294267989	3	1	2	0
S1-342037402	3	1	2	0
S1-311145793	2	2	0	0
S1-367119790	3	1	2	0
S1-258969920	6	2	4	0
S1-945253422	6	3	3	0
S1-91587219	5	2	3	0
S1-589897012	5	2	3	0
S1-828917178	7	3	4	0
S1-208535298	4	2	2	0
S1-751646047	4	2	2	0
S1-982141131	7	4	3	0
S1-608444798	5	4	1	0
S1-316038577	4	3	1	0
S1-406277010	3	3	0	0
S1-522324247	3	2	1	0
S1-922341463	4	1	3	0
S1-296741919	4	2	2	0
S1-902317111	6	4	2	0
S1-713852135	7	3	4	0
S1-374420396	7	4	3	0
S1-711505767	3	1	2	0
S1-513247810	0	0	0	0
S1-83534470	2	1	1	0
S1-60974803	3	1	2	0
S1-658264296	2	1	1	0
S1-17985643	3	1	2	1
S1-626552488	2	1	1	0
S1-704316045	4	1	3	0
S1-544294706	2	0	2	0
S1-843414379	3	1	2	0
S1-681509439	2	1	1	0
S1-735250807	1	1	0	0
S1-179225900	2	1	1	0
S1-84540973	4	1	3	1
S1-205192213	0	0	0	0
S1-901866202	5	4	1	0
S1-180783408	4	1	3	0
S1-534504837	3	1	2	0
S1-952082038	5	3	2	0
S1-534202970	3	1	2	0
S1-909639546	3	2	1	1
S1-670137434	1	1	0	0
S1-980006391	2	0	2	0
S1-839132383	4	4	0	0
S1-400998924	4	1	3	0
S1-685366683	2	1	1	1
S1-496613226	5	1	4	1
S1-423880917	5	1	4	1
S1-311275743	3	1	2	1
S1-404252243	3	2	1	0
S1-629270773	4	1	3	0
S1-537580574	5	2	3	1
S1-922364403	2	1	1	1
S1-60760702	3	2	1	0
S1-575971829	3	2	1	0
S1-467678199	1	0	1	0
S1-177765930	2	0	2	0
S1-402239184	3	2	1	0
S1-352234396	6	4	2	0
S1-153616103	1	0	1	0
S1-881336384	2	0	2	0
S1-988772787	3	2	1	0
S1-339585535	2	1	1	1
S1-446546409	3	2	1	0
S1-175910159	0	0	0	0
S1-596125058	5	3	2	0
S1-185918861	2	1	1	1
S1-904427575	3	0	3	0
S1-562207950	3	2	1	0
S1-770934721	6	3	3	1
S1-414371382	5	2	3	0
S1-67301708	1	1	0	0
S1-368148714	4	0	4	0
S1-563844373	2	1	1	0
S1-232252987	1	0	1	0
S1-159188299	3	2	1	0
S1-461231695	2	1	1	0
S1-581169009	5	3	2	0
S1-41600126	6	3	3	0
S1-387476804	1	1	0	0
S1-15665057	3	2	1	1
S1-662467047	3	1	2	1
S1-41154520	6	4	2	0
S1-423839525	4	2	2	0
S1-148138991	3	1	2	1
S1-120146317	1	1	0	0
S1-824238534	2	1	1	0
S1-595823865	2	1	1	0
S1-943549671	2	1	1	0
S1-39038749	5	2	3	0
S1-322857677	6	2	4	0
S1-123994352	5	3	2	0
S1-44414728	1	1	0	1
S1-861551698	0	0	0	0
S1-832802006	2	2	0	0
S1-765632148	5	2	3	0
S1-789288478	4	4	0	0
S1-466205589	5	3	2	0
S1-750009570	2	1	1	0
S1-789189833	4	2	2	0
S1-772024117	0	0	0	0
S1-877992101	2	1	1	0
S1-142228333	3	2	1	0
S1-830900508	2	1	1	0
S1-805968820	4	3	1	0
S1-326368501	5	3	2	0
S1-51753713	4	2	2	0
S1-44332770	4	1	3	0
S1-656191693	4	2	2	0
S1-808492044	4	2	2	0
S1-667757390	3	2	1	1
S1-446256122	4	2	2	0
S1-233046336	2	1	1	0
S1-408600819	3	3	0	0
S1-58121906	3	2	1	0
S1-677554582	4	2	2	0
S1-674948872	2	1	1	1
S1-882183315	2	2	0	0
S1-298808791	3	1	2	0
S1-492211286	3	3	0	0
S1-521840545	4	2	2	0
S1-915122603	2	1	1	1
S1-86189834	4	2	2	0
S1-985652160	3	1	2	0
S1-538550460	1	1	0	0
S1-69298767	3	1	2	1
S1-8618003	3	3	0	0
S1-58348243	7	5	2	0
S1-487871381	3	2	1	0
S1-51067386	5	3	2	1
S1-153609913	5	2	3	0
S1-980735457	4	2	2	1
S1-188390667	3	3	0	0
S1-476665612	4	3	1	0
S1-568104900	2	1	1	1
S1-443264302	4	2	2	0
S1-915983478	4	3	1	0
S1-830542856	4	2	2	0
S1-606021734	7	5	2	0
S1-367030244	3	1	2	0
S1-153101610	3	2	1	0
S1-56880127	4	1	3	0
S1-349014820	5	2	3	1
S1-129025776	0	0	0	1
S1-639211535	6	2	4	0
S1-839132496	4	2	2	0
S1-314978659	0	0	0	0
S1-493409214	5	1	4	1
S1-506616855	6	2	4	0
S1-502943536	5	3	2	0
S1-14575777	1	1	0	0
S1-230404822	2	1	1	0
S1-170302764	5	3	2	0
S1-394686475	3	2	1	0
S1-310295363	6	3	3	0
S1-624617756	6	1	5	0
S1-20876055	3	3	0	0
S1-243866399	5	3	2	0
S1-794892609	2	1	1	1
S1-884443509	5	2	3	0
S1-290730613	4	3	1	1
S1-709960468	5	3	2	1
S1-352376079	3	1	2	0
S1-113800133	6	3	3	1
S1-967259125	5	4	1	0
S1-851369900	6	4	2	0
S1-650136486	4	1	3	1
S1-745232404	3	2	1	0
S1-8947641	3	1	2	0
S1-975797180	1	1	0	0
S1-311387663	4	1	3	0
S1-714642946	0	0	0	1
S1-406133802	5	3	2	0
S1-123740735	0	0	0	0
S1-136210566	6	5	1	0
S1-823661520	4	1	3	1
S1-585139370	4	2	2	1
S1-156349246	6	3	3	1
S1-199636824	3	2	1	0
S1-947220212	4	3	1	0
S1-545066663	3	2	1	0
S1-229922488	3	2	1	1
S1-430513984	5	3	2	0
S1-855776590	3	2	1	0
S1-443452580	0	0	0	0
S1-34063993	5	3	2	0
S1-700695381	1	0	1	0
S1-755994757	3	2	1	0
S1-148844478	3	1	2	0
S1-402976145	4	1	3	0
S1-407432406	7	4	3	0
S1-417582474	4	2	2	0
S1-453356288	2	1	1	0
S1-182827917	4	2	2	0
S1-739282	2	0	2	1
S1-950888195	4	1	3	0
S1-600017652	3	2	1	0
S1-714973782	6	4	2	0
S1-816276493	4	1	3	0
S1-807181928	5	3	2	0
S1-906375395	4	3	1	1
S1-568596510	3	1	2	0
S1-637455725	4	2	2	0
S1-247784385	3	1	2	1
S1-301746790	3	2	1	0
S1-641243686	4	2	2	0
S1-644848357	3	1	2	0
S1-996060303	5	3	2	1
S1-218191558	7	5	2	0
S1-243287963	2	2	0	0
S1-348716499	2	1	1	0
S1-48470732	2	2	0	0
S1-45643116	1	0	1	1
S1-89968991	4	2	2	0
S1-823969594	0	0	0	0
S1-842996937	3	1	2	1
S1-572037718	7	5	2	0
S1-418484480	2	2	0	0
S1-462682821	2	0	2	0
S1-293371385	6	2	4	1
S1-10036490	4	2	2	0
S1-148320332	1	1	0	0
S1-8030498	4	3	1	0
S1-112719985	3	2	1	1
S1-338016977	5	1	4	0
S1-939161426	4	3	1	1
S1-922818424	2	0	2	1
S1-986199922	4	2	2	0
S1-58938533	5	2	3	0
S1-384915150	3	2	1	0
S1-949050538	6	4	2	0
S1-552389683	3	2	1	0
S1-910810466	3	1	2	0
S1-782223818	4	3	1	1
S1-930535454	2	1	1	0
S1-248052160	2	1	1	0
S1-3302186	2	2	0	0
S1-244641858	5	4	1	0
S1-971090829	5	4	1	0
S1-963590838	6	3	3	0
S1-579996157	5	1	4	1
S1-606287116	2	2	0	0
S1-985197852	3	2	1	0
S1-565415924	4	2	2	0
S1-15744376	2	1	1	1
S1-891601870	0	0	0	0
S1-330878120	2	2	0	0
S1-256795949	2	1	1	0
S1-765437047	5	2	3	1
S1-839434293	4	3	1	0
S1-830092236	2	1	1	1
S1-877123595	4	2	2	0
S1-329072288	3	2	1	0
S1-754952001	5	3	2	1
S1-325243184	3	2	1	0
S1-149498539	4	3	1	0
S1-654110534	5	3	2	0
S1-704129543	2	0	2	0
S1-738173410	5	2	3	0
S1-801289176	4	1	3	0
S1-747792005	2	1	1	0
S1-733134486	4	1	3	1
S1-91531727	4	2	2	0
S1-293497322	3	2	1	0
S1-63562011	3	2	1	0
S1-747242390	2	2	0	0
S1-141645361	5	2	3	0
S1-617330341	5	2	3	0
S1-355236049	6	4	2	0
S1-538689048	0	0	0	0
S1-490762047	0	0	0	0
S1-337620970	4	1	3	1
S1-827023077	2	1	1	0
S1-524463775	2	1	1	0
S1-180390190	4	2	2	0
S1-491477148	4	2	2	0
S1-495839809	5	4	1	0
S1-480168095	2	1	1	1
S1-145961056	4	3	1	0
S1-752005531	3	1	2	0
S1-606291083	1	0	1	0
S1-508143165	3	2	1	1
S1-740274285	3	1	2	0
S1-380391189	3	1	2	0
S1-366191116	5	3	2	0
S1-497294767	4	4	0	0
S1-878318610	2	1	1	0
S1-458045233	4	1	3	0
S1-538332147	4	2	2	0
S1-80794643	5	3	2	0
S1-670433250	5	1	4	1
S1-837967059	4	2	2	1
S1-815311884	4	2	2	0
S1-284879945	1	0	1	0
S1-420228083	3	1	2	0
S1-91543807	3	2	1	0
S1-211316637	2	1	1	0
S1-929565562	4	1	3	0
S1-432406297	4	1	3	0
S1-865781907	4	3	1	0
S1-710927111	1	1	0	1
S1-667761578	6	4	2	0
S1-533041521	5	2	3	0
S1-906294321	6	3	3	0
S1-928345802	5	3	2	1
S1-124938580	0	0	0	0
S1-233991403	4	2	2	0
S1-518271295	2	1	1	0
S1-199808444	4	1	3	0
S1-722314708	4	1	3	0
S1-216397388	2	1	1	0
S1-269768745	4	3	1	0
S1-314838165	4	3	1	1
S1-985983252	0	0	0	0
S1-198607412	1	0	1	0
S1-652898300	4	3	1	0
S1-361662895	2	1	1	0
S1-580334504	1	0	1	1
S1-329196442	2	1	1	0
S1-680655630	2	1	1	0
S1-687896053	2	1	1	1
S1-152016818	3	1	2	0
S1-489516168	4	1	3	0
S1-39583239	3	1	2	0
S1-758137767	0	0	0	1
S1-914199557	5	4	1	1
S1-869237183	0	0	0	1
S1-918636900	2	2	0	0
S1-420203704	2	1	1	0
S1-787371501	2	1	1	0
S1-679647261	3	2	1	1
S1-875720980	6	3	3	1
S1-91260020	4	2	2	0
S1-342596894	2	1	1	0
S1-406113499	5	1	4	0
S1-689193450	3	1	2	0
S1-100511071	7	4	3	0
S1-39399252	4	1	3	0
S1-449176880	3	1	2	1
S1-508575943	4	1	3	0
S1-994525821	3	3	0	1
S1-757741582	4	1	3	0
S1-907000928	3	1	2	0
S1-24424354	4	2	2	0
S1-719822029	1	0	1	0
S1-539652618	5	4	1	0
S1-717729227	4	2	2	0
S1-799131253	2	2	0	0
S1-67151840	3	2	1	1
S1-486337381	4	1	3	1
S1-702566983	3	2	1	0
S1-599310463	3	2	1	0
S1-856682525	5	3	2	0
S1-565013155	3	2	1	1
S1-166941639	3	1	2	1
S1-45355107	4	2	2	0
S1-819980199	3	1	2	0
S1-209260214	4	1	3	1
S1-352483202	3	1	2	0
S1-915904600	5	2	3	0
S1-288786162	4	2	2	0
S1-597393493	5	1	4	0
S1-489844228	4	2	2	1
S1-106944356	0	0	0	0
S1-371857651	3	2	1	0
S1-58659558	2	1	1	0
S1-656898988	4	2	2	1
S1-439528402	4	1	3	0
S1-424513994	0	0	0	1
S1-948692579	5	3	2	0
S1-941911424	3	2	1	0
S1-650414540	5	3	2	0
S1-501155781	3	1	2	0
S1-478018521	5	4	1	1
S1-146103990	4	3	1	1
S1-939101313	4	1	3	0
S1-963920547	3	1	2	0
S1-287894833	2	1	1	0
S1-859149139	3	2	1	0
S1-211535546	2	1	1	0
S1-803638803	3	1	2	0
S1-983248998	6	2	4	0
S1-383055520	3	2	1	0
S1-285819412	4	1	3	1
S1-158409228	8	4	4	0
S1-304788133	2	0	2	0
S1-536435138	3	1	2	0
S1-421319885	3	1	2	1
S1-335985576	3	1	2	0
S1-670301520	3	2	1	1
S1-258577137	2	1	1	0
S1-190567859	3	2	1	1
S1-589737095	5	3	2	0
S1-343172630	2	0	2	0
S1-193618187	4	2	2	0
S1-437332190	3	1	2	0
S1-374271459	4	2	2	0
S1-598049534	5	3	2	0
S1-907002252	6	5	1	0
S1-689997154	4	2	2	0
S1-784848716	2	1	1	0
S1-74312432	3	2	1	0
S1-419625791	0	0	0	1
S1-341726181	3	1	2	0
S1-754938907	2	1	1	1
S1-585707033	6	5	1	0
S1-929568209	4	1	3	1
S1-362136623	3	1	2	0
S1-857103283	5	3	2	0
S1-370598322	3	0	3	0
S1-241707515	4	3	1	0
S1-129241502	5	1	4	0
S1-680097133	7	3	4	1
S1-296201831	4	1	3	0
S1-917264425	2	1	1	0
S1-116900265	5	2	3	1
S1-328670408	5	2	3	0
S1-870621533	4	4	0	0
S1-247508267	7	5	2	0
S1-219286811	1	0	1	0
S1-301231500	4	3	1	0
S1-381343195	5	4	1	0
S1-977345487	5	1	4	0
S1-56556913	3	1	2	0
S1-955927137	4	1	3	0
S1-195306212	0	0	0	0
S1-419810929	0	0	0	0
S1-678898601	3	3	0	0
S1-695507211	6	2	4	0
S1-670428341	4	2	2	0
S1-771170808	5	3	2	0
S1-255555674	5	2	3	0
S1-621501330	0	0	0	0
S1-325830951	1	0	1	0
S1-662283595	2	1	1	1
S1-226577000	7	2	5	0
S1-473011333	3	1	2	0
S1-795728135	1	0	1	0
S1-888401673	7	4	3	0
S1-104944987	1	1	0	0
S1-945338541	2	0	2	0
S1-583483345	6	2	4	0
S1-283341612	2	1	1	0
S1-772529270	1	0	1	0
S1-604613471	2	1	1	0
S1-360503863	4	0	4	0
S1-669904710	3	2	1	0
S1-264140479	5	2	3	0
S1-854667237	2	1	1	0
S1-106898123	3	1	2	0
S1-141683936	7	3	4	0
S1-458455597	4	1	3	0
S1-213755230	3	0	3	0
S1-431842088	0	0	0	0
S1-197040995	4	2	2	0
S1-129998423	2	1	1	0
S1-777699252	2	1	1	0
S1-710139409	0	0	0	0
S1-6196517	5	2	3	0
S1-682810691	6	4	2	0
S1-433756312	4	2	2	0
S1-545194664	2	1	1	0
S1-683239030	3	2	1	1
S1-414831318	1	0	1	0
S1-758070915	2	0	2	1
S1-265707414	0	0	0	0
S1-483254223	4	2	2	0
S1-86193757	4	2	2	0
S1-420260214	5	3	2	0
S1-946539058	3	1	2	1
S1-802267646	8	4	4	0
S1-511336221	3	2	1	0
S1-389821786	0	0	0	1
S1-317992973	0	0	0	0
S1-75762876	4	2	2	0
S1-30578063	1	1	0	0
S1-916778156	2	1	1	0
S1-407542251	2	2	0	0
S1-747368170	2	0	2	0
S1-73325320	5	3	2	0
S1-667017397	0	0	0	0
S1-557716936	3	1	2	1
S1-344009810	3	2	1	0
S1-377860265	3	2	1	0
S1-226466026	7	3	4	0
S1-379477038	4	2	2	1
S1-133081790	4	1	3	1
S1-481968946	3	2	1	0
S1-425098743	5	1	4	0
S1-214762579	0	0	0	1
S1-511528362	6	2	4	0
S1-734234363	6	4	2	0
S1-423700237	2	1	1	1
S1-539495572	6	4	2	1
S1-989674677	4	1	3	1
S1-358190508	5	1	4	0
S1-171686053	4	1	3	0
S1-881838698	2	1	1	0
S1-524840144	1	0	1	0
S1-975827026	2	1	1	0
S1-826539792	2	1	1	0
S1-921946760	2	1	1	0
S1-751794372	6	2	4	1
S1-551543112	2	1	1	0
S1-716989332	3	3	0	0
S1-348642	5	3	2	0
S1-281867900	3	2	1	1
S1-964043943	2	1	1	0
S1-455437107	3	2	1	0
S1-530544910	4	2	2	0
S1-915429474	4	3	1	0
S1-139715788	7	3	4	0
S1-890602827	2	1	1	0
S1-791552758	3	1	2	1
S1-796542236	2	1	1	0
S1-961872077	3	2	1	1
S1-466955044	4	2	2	0
S1-522583300	3	2	1	1
S1-924302858	3	1	2	0
S1-241167841	3	1	2	0
S1-612610333	5	1	4	0
S1-738286594	4	2	2	0
S1-23347444	3	2	1	0
S1-665748332	3	2	1	1
S1-889969130	2	1	1	0
S1-301664578	5	3	2	0
S1-383739271	3	1	2	0
S1-193577408	4	1	3	0
S1-709190968	2	2	0	0
S1-204351485	3	2	1	1
S1-809240291	5	2	3	0
S1-790932655	3	1	2	0
S1-835344598	4	1	3	0
S1-915479738	4	1	3	0
S1-153877707	2	1	1	0
S1-422237198	4	1	3	1
S1-517853150	4	2	2	0
S1-543526498	2	1	1	0
S1-627481649	4	2	2	0
S1-699461990	3	1	2	0
S1-88733691	6	4	2	1
S1-9332431	3	1	2	0
S1-68324887	3	2	1	0
S1-496552026	4	1	3	0
S1-40559978	3	2	1	0
S1-647138791	3	2	1	0
S1-902821377	3	2	1	0
S1-512944500	2	0	2	1
S1-990328014	4	1	3	0
S1-873153228	5	1	4	0
S1-978632804	2	2	0	0
S1-253758430	5	3	2	0
S1-659677987	5	1	4	0
S1-750682294	7	3	4	0
S1-311831862	6	3	3	0
S1-45129289	3	2	1	0
S1-123130491	2	1	1	0
S1-297349458	6	2	4	0
S1-81883135	3	1	2	1
S1-150792804	0	0	0	0
S1-612376657	3	1	2	1
S1-108709725	3	1	2	0
S1-674938623	2	1	1	0
S1-245740029	5	3	2	0
S1-501425080	3	2	1	1
S1-824750735	1	1	0	0
S1-134426802	3	2	1	0
S1-172627624	1	0	1	1
S1-331714707	4	4	0	0
S1-111799381	4	3	1	0
S1-524084751	3	2	1	0
S1-50749491	2	1	1	1
S1-828454978	3	1	2	0
S1-871962689	3	2	1	0
S1-383557821	2	0	2	1
S1-433881576	2	0	2	0
S1-721231669	3	2	1	0
S1-250891080	0	0	0	0
S1-866741616	2	1	1	1
S1-391753721	3	0	3	0
S1-199322081	3	1	2	0
S1-8581177	0	0	0	0
S1-513407139	6	2	4	1
S1-12240557	2	1	1	0
S1-463806111	7	4	3	0
S1-510506543	6	3	3	0
S1-364406697	4	2	2	0
S1-491964710	3	2	1	0
S1-262639510	2	1	1	0
S1-2162476	6	2	4	0
S1-423285954	5	4	1	0
S1-843207570	5	3	2	0
S1-928789019	2	1	1	0
S1-871807855	3	2	1	1
S1-604514530	6	2	4	0
S1-799757293	2	1	1	0
S1-315686019	2	1	1	0
S1-913148796	6	3	3	1
S1-985215050	5	2	3	1
S1-553977197	1	1	0	0
S1-277618818	3	2	1	0
S1-944093951	4	2	2	0
S1-843257318	6	2	4	0
S1-898931841	4	3	1	0
S1-163772981	5	4	1	0
S1-670923454	4	2	2	0
S1-480446092	4	1	3	0
S1-366767657	5	4	1	0
S1-25823897	4	2	2	0
S1-68308307	2	1	1	0
S1-858824786	2	1	1	1
S1-180420423	2	1	1	0
S1-432690816	2	1	1	0
S1-765781568	3	2	1	1
S1-514025093	7	2	5	0
S1-925715075	3	1	2	0
S1-91439684	2	0	2	0
S1-651717089	3	2	1	0
S1-235974925	2	1	1	0
S1-497824410	2	1	1	0
S1-154167572	2	1	1	1
S1-991893704	4	1	3	1
S1-804962166	7	2	5	0
S1-738302954	2	2	0	0
S1-362950174	5	3	2	0
S1-675937594	2	0	2	0
S1-275002421	2	0	2	0
S1-346809542	5	2	3	0
S1-707224029	6	3	3	0
S1-305474163	3	1	2	0
S1-227140303	2	1	1	1
S1-951607587	5	3	2	0
S1-555172667	2	1	1	0
S1-300005414	3	0	3	0
S1-853939700	1	0	1	0
S1-869485358	4	3	1	0
S1-281408668	4	2	2	0
S1-414324783	1	1	0	0
S1-90639448	4	2	2	0
S1-725735551	4	1	3	1
S1-212310311	3	2	1	0
S1-658441988	2	1	1	1
S1-409521119	5	0	5	0
S1-430082601	3	1	2	0
S1-83777871	1	0	1	1
S1-646496700	6	4	2	0
S1-797636397	2	1	1	0
S1-682844169	4	2	2	0
S1-964060286	2	0	2	0
S1-958103977	4	1	3	0
S1-116177	2	2	0	0
S1-498835536	3	2	1	1
S1-102472576	5	3	2	0
S1-502298132	3	2	1	0
S1-413260555	2	1	1	0
S1-50548095	3	0	3	0
S1-156752937	5	2	3	1
S1-157760058	2	2	0	0
S1-376985246	3	2	1	0
S1-300292914	5	3	2	0
S1-33984562	5	1	4	0
S1-333386921	6	3	3	0
S1-16059640	5	3	2	0
S1-818562010	5	1	4	0
S1-411166759	4	2	2	1
S1-871380077	6	2	4	0
S1-226980027	3	1	2	0
S1-392425453	3	1	2	0
S1-667714346	2	1	1	0
S1-146497768	2	1	1	0
S1-118773253	4	1	3	0
S1-886701315	3	0	3	0
S1-731539397	4	1	3	0
S1-19747519	0	0	0	0
S1-885978262	3	1	2	0
S1-394059493	4	3	1	1
S1-876916368	2	1	1	1
S1-421026437	2	1	1	0
S1-245259144	2	0	2	0
S1-927745296	8	4	4	0
S1-627975754	5	1	4	0
S1-52583286	6	3	3	0
S1-31884911	3	2	1	0
S1-563260368	4	1	3	0
S1-69346744	1	1	0	0
S1-557643925	4	2	2	0
S1-373940784	2	2	0	0
S1-595782046	1	0	1	0
S1-372567687	3	1	2	0
S1-926692452	4	1	3	0
S1-751724860	4	3	1	0
S1-268198649	4	1	3	0
S1-979199729	3	2	1	0
S1-773439366	1	0	1	0
S1-579280069	2	1	1	0
S1-834902868	5	1	4	0
S1-95543409	7	3	4	1
S1-198221152	5	2	3	1
S1-664771580	2	1	1	0
S1-289197401	6	1	5	0
S1-421774211	2	0	2	0
S1-541564331	4	2	2	0
S1-767717598	1	0	1	1
S1-344830219	3	2	1	0
S1-645494673	1	0	1	0
S1-122733534	5	2	3	1
S1-315679803	3	2	1	1
S1-449838181	1	0	1	1
S1-25728312	3	1	2	0
S1-675018190	4	2	2	0
S1-34267226	3	0	3	1
S1-532282131	5	3	2	1
S1-426972643	3	1	2	1
S1-790341823	2	1	1	0
S1-823918386	2	1	1	0
S1-442867230	5	2	3	0
S1-403374332	4	2	2	0
S1-138419700	4	3	1	1
S1-441240815	4	3	1	0
S1-908525765	5	2	3	0
S1-435319099	4	2	2	0
S1-697138545	3	2	1	1
S1-292757412	6	3	3	0
S1-784904431	4	1	3	0
S1-148573736	5	3	2	0
S1-942997038	5	3	2	0
S1-575587101	2	1	1	0
S1-637840267	3	2	1	0
S1-506485029	7	3	4	0
S1-641234088	5	2	3	0
S1-155799136	5	3	2	1
S1-182026676	2	1	1	1
S1-608378046	2	0	2	0
S1-80386057	3	1	2	0
S1-777537816	3	2	1	1
S1-350516802	3	1	2	0
S1-148292593	4	1	3	0
S1-476781548	0	0	0	0
S1-906611551	6	2	4	0
S1-769320242	3	3	0	0
S1-49093177	2	1	1	0
S1-818145887	4	0	4	1
S1-548630622	2	1	1	1
S1-185554892	3	0	3	0
S1-999927080	2	1	1	0
S1-468203524	6	2	4	0
S1-516027588	4	2	2	0
S1-781930629	5	1	4	0
S1-80846284	3	2	1	0
S1-297093622	5	2	3	0
S1-367554044	2	1	1	0
S1-173472517	0	0	0	0
S1-447253761	4	3	1	0
S1-677906740	2	1	1	0
S1-988708229	2	2	0	0
S1-816500572	2	2	0	0
S1-62763469	0	0	0	0
S1-823739733	5	4	1	0
S1-958915747	5	3	2	0
S1-674254419	3	0	3	0
S1-843613381	2	1	1	0
S1-166254571	4	1	3	0
S1-625296476	4	2	2	1
S1-916665580	3	2	1	0
S1-214192623	3	1	2	0
S1-558254120	3	1	2	0
S1-819905581	4	1	3	0
S1-470776843	6	2	4	0
S1-277743177	4	1	3	0
S1-737072551	2	1	1	0
S1-443605421	3	1	2	0
S1-217949476	3	2	1	0
S1-130050705	7	4	3	0
S1-582824483	2	1	1	0
S1-312264862	7	4	3	0
S1-12970790	0	0	0	0
S1-755504412	4	3	1	0
S1-888480952	2	0	2	0
S1-471753863	5	2	3	0
S1-366958936	4	2	2	0
S1-674882976	3	2	1	0
S1-394912287	5	3	2	0
S1-349550100	3	2	1	1
S1-892275036	3	2	1	0
S1-311950164	6	3	3	0
S1-6882632	5	4	1	0
S1-146307722	6	3	3	0
S1-790068274	4	2	2	0
S1-111609632	6	4	2	0
S1-495718955	3	0	3	0
S1-330232473	2	1	1	1
S1-94703561	5	2	3	0
S1-695252025	5	4	1	0
S1-252079777	3	2	1	0
S1-868506443	2	0	2	1
S1-691358581	3	2	1	0
S1-786987838	1	1	0	0
S1-732131980	5	1	4	0
S1-472469007	2	1	1	0
S1-726599835	3	3	0	0
S1-9606988	2	1	1	1
S1-489281546	4	2	2	0
S1-354580627	2	1	1	0
S1-248975398	3	2	1	0
S1-175183268	3	1	2	0
S1-502381766	3	1	2	0
S1-124131301	1	1	0	0
S1-239772982	4	3	1	0
S1-426702569	2	2	0	1
S1-879250372	4	2	2	1
S1-812027823	3	1	2	0
S1-329515526	2	1	1	0
S1-403361289	1	1	0	0
S1-591231394	6	3	3	0
S1-512305382	3	3	0	0
S1-421216186	5	3	2	0
S1-469673526	5	3	2	0
S1-717748099	4	3	1	0
S1-630822944	1	1	0	0
S1-877469341	0	0	0	0
S1-133615764	2	1	1	0
S1-589298046	5	3	2	0
S1-651100599	2	1	1	0
S1-492146489	0	0	0	0
S1-788767201	7	3	4	0
S1-89493880	3	1	2	0
S1-279900868	3	2	1	0
S1-369198632	4	2	2	0
S1-961234533	6	4	2	0
S1-297117861	4	1	3	0
S1-294048548	7	4	3	0
S1-431442616	2	1	1	1
S1-529587698	7	3	4	1
S1-644155092	8	4	4	0
S1-58393019	5	1	4	0
S1-602295496	1	0	1	1
S1-35815025	4	2	2	1
S1-497254803	1	1	0	0
S1-29947562	3	1	2	0
S1-79552085	3	2	1	0
S1-403272136	2	1	1	0
S1-739760170	2	1	1	0
S1-268959255	3	0	3	1
S1-600290549	4	2	2	0
S1-534734730	2	1	1	0
S1-974637492	5	2	3	0
S1-247187514	5	3	2	0
S1-123636921	3	2	1	0
S1-661814492	1	0	1	0
S1-260473404	3	2	1	0
S1-532325191	0	0	0	1
S1-93050817	2	1	1	0
S1-528579785	4	3	1	0
S1-176042931	5	4	1	0
S1-832939285	2	0	2	0
S1-857746152	4	2	2	0
S1-438665300	3	1	2	1
S1-866931507	5	3	2	1
S1-449096275	2	1	1	0
S1-154630659	3	1	2	1
S1-700383051	4	2	2	0
S1-326794764	2	1	1	1
S1-772206302	6	2	4	0
S1-590068449	2	2	0	0
S1-857521517	3	1	2	0
S1-915107725	4	2	2	0
S1-632088756	8	3	5	0
S1-692770838	4	2	2	0
S1-784865606	0	0	0	0
S1-724078683	2	2	0	0
S1-115454597	6	4	2	0
S1-382736435	4	3	1	0
S1-225738018	1	0	1	0
S1-951747887	6	3	3	1
S1-310826441	6	1	5	0
S1-708263196	5	2	3	0
S1-512011683	6	3	3	0
S1-63055253	3	2	1	1
S1-648457388	5	1	4	1
S1-874808541	6	3	3	0
S1-711484228	5	3	2	0
S1-15555512	4	1	3	0
S1-834942894	5	2	3	1
S1-725309828	5	4	1	0
S1-199048795	2	1	1	0
S1-937504459	5	2	3	0
S1-472323567	3	2	1	0
S1-75528756	5	1	4	0
S1-328430261	3	0	3	0
S1-86515448	0	0	0	0
S1-169367630	3	1	2	0
S1-180886306	4	1	3	1
S1-64579168	4	3	1	0
S1-935290655	4	2	2	0
S1-994219175	5	1	4	0
S1-923260582	4	1	3	0
S1-410815190	2	1	1	0
S1-397473423	4	4	0	0
S1-901377755	5	2	3	0
S1-509905357	0	0	0	1
S1-556500584	3	3	0	0
S1-928650413	5	4	1	0
S1-295803289	9	5	4	0
S1-856630745	3	2	1	1
S1-738118317	4	2	2	0
S1-198675986	5	3	2	0
S1-2961809	3	1	2	0
S1-93843316	6	4	2	0
S1-184260372	4	3	1	0
S1-59384158	3	2	1	0
S1-598731881	0	0	0	0
S1-532173896	3	0	3	0
S1-321904255	5	3	2	1
S1-735260909	3	2	1	0
S1-594594513	1	0	1	0
S1-506278527	1	1	0	1
S1-968250858	3	2	1	1
S1-484860781	3	1	2	0
S1-800766628	3	1	2	0
S1-837730321	4	4	0	0
S1-463630507	6	4	2	0
S1-531075656	7	2	5	0
S1-305861684	6	4	2	0
S1-890064969	4	3	1	0
S1-421634986	3	1	2	0
S1-593425429	4	3	1	1
S1-988338021	4	2	2	0
S1-642903895	1	0	1	0
S1-410500500	0	0	0	0
S1-17068382	1	0	1	1
S1-982591817	3	1	2	0
S1-44004091	4	2	2	0
S1-107757375	4	2	2	0
S1-520380067	3	2	1	0
S1-213721585	7	4	3	0
S1-147916424	2	1	1	0
S1-897525219	3	1	2	1
S1-359931067	4	3	1	1
S1-225260952	4	1	3	1
S1-286272499	3	1	2	0
S1-671301358	5	3	2	0
S1-814329361	4	3	1	0
S1-833195011	4	1	3	0
S1-819441905	1	1	0	0
S1-430428350	3	1	2	0
S1-797670302	2	1	1	1
S1-286655887	4	3	1	0
S1-807131356	4	2	2	0
S1-859396485	4	1	3	0
S1-222821633	3	2	1	0
S1-344381735	1	1	0	0
S1-223404776	5	1	4	0
S1-672531425	5	2	3	0
S1-29590512	3	1	2	0
S1-8924690	3	1	2	0
S1-849751400	4	1	3	0
S1-177255330	2	0	2	0
S1-669816129	4	2	2	1
S1-530087827	2	1	1	1
S1-202618983	3	1	2	0
S1-644653141	4	2	2	0
S1-829032033	2	1	1	0
S1-683322309	5	2	3	0
S1-702039324	4	3	1	0
S1-361485981	3	2	1	0
S1-932265297	2	1	1	0
S1-877250577	4	2	2	0
S1-223949230	2	1	1	0
S1-142553519	4	2	2	0
S1-789247864	2	1	1	0
S1-627752349	2	1	1	0
S1-917367328	3	2	1	0
S1-642164679	5	4	1	0
S1-444978633	3	2	1	1
S1-555049549	3	2	1	0
S1-527497541	5	3	2	0
S1-755679808	4	3	1	0
S1-738284267	6	3	3	1
S1-699909662	3	1	2	0
S1-895774328	1	1	0	0
S1-243598353	2	1	1	0
S1-397338754	3	1	2	0
S1-834925961	3	1	2	1
S1-297266553	0	0	0	0
S1-109396190	6	2	4	1
S1-382861164	5	2	3	0
S1-644815221	4	2	2	0
S1-832029098	3	1	2	0
S1-343915842	2	0	2	0
S1-200332639	5	1	4	1
S1-884873183	6	4	2	0
S1-899883051	4	1	3	1
S1-615954597	5	2	3	0
S1-996507806	4	2	2	0
S1-247878862	3	1	2	0
S1-308386690	4	3	1	0
S1-377416583	3	1	2	0
S1-637557417	0	0	0	0
S1-778752849	3	2	1	0
S1-410783352	4	2	2	0
S1-231098202	1	0	1	0
S1-712235440	1	0	1	0
S1-347760092	5	3	2	1
S1-715993194	2	1	1	0
S1-956955306	4	3	1	0
S1-52701010	3	2	1	0
S1-394531291	3	2	1	1
S1-899666662	4	1	3	0
S1-142832040	5	3	2	0
S1-685713145	5	1	4	0
S1-678161138	2	1	1	0
S1-809972116	4	1	3	0
S1-576399398	4	2	2	1
S1-247284513	3	2	1	1
S1-410346353	3	1	2	0
S1-305752173	2	1	1	0
S1-436269183	4	1	3	0
S1-91728060	4	2	2	0
S1-920346567	5	2	3	0
S1-366858211	6	3	3	1
S1-947820786	1	1	0	0
S1-73409791	3	2	1	1
S1-800010697	3	1	2	0
S1-455907902	2	2	0	0
S1-71184815	5	2	3	0
S1-138946762	5	2	3	1
S1-819219648	0	0	0	0
S1-176944060	4	0	4	0
S1-142680816	5	2	3	0
S1-129528072	6	2	4	0
S1-300779801	4	3	1	0
S1-403614753	5	1	4	0
S1-867965442	2	1	1	0
S1-790108889	2	1	1	0
S1-252965036	4	1	3	0
S1-522608106	5	2	3	0
S1-356197316	3	1	2	0
S1-702367921	4	2	2	0
S1-400071544	2	0	2	0
S1-203434532	4	3	1	0
S1-851393642	6	2	4	0
S1-862886626	5	2	3	0
S1-827726130	4	2	2	0
S1-233974940	2	1	1	0
S1-906731367	4	3	1	1
S1-36841639	3	1	2	0
S1-620678354	4	2	2	1
S1-490390736	3	0	3	0
S1-335967956	3	1	2	1
S1-240318554	4	3	1	1
S1-61673133	0	0	0	0
S1-17329038	3	1	2	0
S1-551214816	3	1	2	0
S1-224232599	5	1	4	0
S1-105146534	3	1	2	0
S1-465348930	6	3	3	0
S1-69952960	2	2	0	0
S1-672585168	2	0	2	0
S1-919316239	6	4	2	0
S1-416525796	4	2	2	1
S1-301364052	1	1	0	1
S1-983121686	3	1	2	0
S1-224375807	4	1	3	0
S1-578391162	3	2	1	0
S1-502792973	2	0	2	0
S1-892236833	4	2	2	0
S1-517026460	3	1	2	0
S1-817242922	5	3	2	1
S1-933499964	4	2	2	0
S1-256291318	3	3	0	0
S1-487099073	3	2	1	1
S1-636088472	5	3	2	0
S1-952690804	3	1	2	0
S1-214346352	0	0	0	0
S1-186416662	2	2	0	0
S1-58178856	5	2	3	1
S1-490204333	3	2	1	0
S1-653698258	4	0	4	1
S1-739616829	0	0	0	1
S1-112940627	4	1	3	1
S1-397274285	4	2	2	0
S1-630441583	6	4	2	0
S1-342980988	1	1	0	0
S1-37057910	3	2	1	0
S1-956777310	3	0	3	0
S1-705906271	2	2	0	0
S1-389979959	5	3	2	1
S1-337287147	2	1	1	0
S1-404657330	2	1	1	0
S1-70100630	2	1	1	0
S1-847597500	5	2	3	0
S1-889570753	4	3	1	0
S1-489437170	2	0	2	0
S1-649236485	4	2	2	0
S1-367051581	7	4	3	0
S1-227419931	0	0	0	0
S1-28196969	3	1	2	0
S1-841907061	3	1	2	0
S1-339973317	4	1	3	0
S1-98050619	5	2	3	0
S1-245537574	0	0	0	0
S1-941531660	2	2	0	0
S1-219732879	3	2	1	0
S1-322441068	4	1	3	0
S1-328469340	6	3	3	0
S1-638508407	0	0	0	1
S1-3988382	5	2	3	0
S1-774540597	4	1	3	0
S1-756237839	3	1	2	1
S1-691701111	2	0	2	0
S1-156475593	3	1	2	0
S1-778666551	2	1	1	0
S1-583353739	6	3	3	0
S1-255766183	4	1	3	0
S1-435586996	1	0	1	0
S1-772575833	4	1	3	0
S1-32186761	5	1	4	0
S1-241895133	5	1	4	1
S1-375190672	4	2	2	0
S1-326825112	4	3	1	1
S1-713283744	2	1	1	1
S1-787384390	3	1	2	0
S1-929842045	2	1	1	0
S1-688696572	3	0	3	0
S1-517718958	0	0	0	0
S1-752529804	4	3	1	0
S1-282841311	3	1	2	0
S1-445178607	0	0	0	0
S1-867874202	3	1	2	0
S1-210700579	8	5	3	0
S1-76518713	5	3	2	0
S1-502039482	6	3	3	0
S1-476097182	2	1	1	0
S1-509830263	5	1	4	0
S1-40986903	3	1	2	0
S1-620262701	5	2	3	0
S1-714612389	3	2	1	0
S1-270587511	4	2	2	0
S1-448653123	3	2	1	0
S1-310630315	4	1	3	0
S1-464294102	6	1	5	0
S1-188134909	3	0	3	0
S1-64826979	2	2	0	0
S1-161567427	2	2	0	1
S1-680247081	2	1	1	0
S1-331704017	9	5	4	0
S1-684925145	2	1	1	1
S1-13336043	2	1	1	0
S1-777799536	5	3	2	0
S1-656231757	5	3	2	1
S1-195716874	6	3	3	0
S1-116087381	3	2	1	0
S1-520679444	3	1	2	0
S1-29862602	4	3	1	0
S1-357295155	1	0	1	1
S1-520633869	7	4	3	1
S1-731154664	2	2	0	0
S1-174502099	0	0	0	0
S1-791648117	1	1	0	0
S1-719889314	2	1	1	1
S1-891098254	2	1	1	0
S1-945222342	3	1	2	1
S1-772660315	4	2	2	0
S1-997310712	5	4	1	0
S1-137673408	1	1	0	0
S1-831032977	6	2	4	0
S1-447230320	7	3	4	0
S1-644483533	4	2	2	0
S1-919189135	2	1	1	1
S1-168276702	7	2	5	0
S1-851561727	5	3	2	0
S1-54400010	0	0	0	0
S1-773466497	3	2	1	0
S1-380161414	5	1	4	0
S1-790598760	4	2	2	1
S1-540897787	1	1	0	0
S1-435426646	5	2	3	1
S1-818888308	5	1	4	1
S1-658603891	5	4	1	0
S1-446330730	4	3	1	0
S1-437087871	3	1	2	0
S1-167603985	3	1	2	0
S1-423931692	4	2	2	0
S1-253870083	6	2	4	0
S1-721424214	1	1	0	1
S1-875287787	2	2	0	0
S1-953057476	0	0	0	1
S1-908743255	4	3	1	0
S1-690064886	6	3	3	0
S1-347383673	6	3	3	0
S1-129985911	0	0	0	0
S1-226441569	0	0	0	0
S1-384490229	0	0	0	0
S1-653322506	2	1	1	0
S1-361917992	5	4	1	1
S1-661407716	3	2	1	0
S1-270229536	5	2	3	1
S1-852600847	5	2	3	0
S1-102108947	1	1	0	0
S1-9714409	3	2	1	1
S1-916052572	3	2	1	0
S1-444779444	6	2	4	0
S1-303510423	4	1	3	0
S1-252570434	3	1	2	0
S1-90273338	2	1	1	0
S1-941401579	2	1	1	0
S1-803568627	4	1	3	0
S1-205197806	2	1	1	0
S1-624983672	7	4	3	0
S1-64245376	2	1	1	0
S1-831117469	3	2	1	0
S1-703135970	3	1	2	1
S1-788649810	3	0	3	1
S1-904306643	1	1	0	0
S1-547888113	6	2	4	0
S1-855978833	4	2	2	1
S1-377020560	2	0	2	0
S1-989999098	3	2	1	0
S1-24738053	6	3	3	1
S1-322066165	5	1	4	0
S1-959776909	4	3	1	0
S1-137010154	5	2	3	0
S1-159945993	6	3	3	0
S1-327811328	6	3	3	1
S1-828081772	3	1	2	0
S1-68318948	2	1	1	0
S1-84017783	7	2	5	0
S1-114198011	0	0	0	0
S1-253908489	3	2	1	0
S1-47157678	4	3	1	0
S1-377966619	2	1	1	1
S1-436611196	3	1	2	1
S1-566103091	5	2	3	0
S1-434659562	5	1	4	0
S1-955596854	4	2	2	0
S1-931701726	4	1	3	0
S1-848264756	4	2	2	0
S1-428417873	5	2	3	0
S1-746474057	5	1	4	1
S1-132214038	7	5	2	0
S1-994206236	4	3	1	1
S1-297941603	4	3	1	1
S1-305604888	7	3	4	0
S1-667265043	2	1	1	0
S1-397609385	5	1	4	0
S1-565767524	2	1	1	1
S1-78332309	3	1	2	1
S1-430089260	3	2	1	0
S1-408063271	5	2	3	0
S1-319105003	5	2	3	0
S1-497576578	4	1	3	0
S1-187387873	3	2	1	0
S1-916342165	3	2	1	0
S1-505753870	3	1	2	0
S1-552538729	2	1	1	0
S1-236231890	5	3	2	0
S1-490011540	5	2	3	0
S1-548983330	2	1	1	0
S1-356947762	4	3	1	0
S1-313243435	2	1	1	0
S1-525094023	4	3	1	1
S1-469020714	7	4	3	1
S1-342223702	3	3	0	1
S1-322670554	4	3	1	1
S1-789105900	4	2	2	0
S1-982913110	3	1	2	0
S1-686474484	2	1	1	1
S1-948171821	7	3	4	0
S1-555030108	4	1	3	0
S1-277534557	3	2	1	0
S1-148055400	3	2	1	0
S1-955841937	2	0	2	0
S1-717166457	4	3	1	1
S1-494180603	4	2	2	0
S1-990775370	0	0	0	0
S1-14722979	2	1	1	0
S1-465026541	3	2	1	0
S1-75791999	4	2	2	0
S1-780804859	2	1	1	0
S1-145437375	0	0	0	0
S1-713620049	4	2	2	0
S1-469762410	0	0	0	0
S1-918333130	6	4	2	0
S1-447747292	3	3	0	1
S1-458712646	2	1	1	0
S1-628010329	6	4	2	1
S1-50588991	4	3	1	1
S1-768873530	3	1	2	0
S1-961422408	1	1	0	0
S1-862538360	3	1	2	0
S1-368507381	4	3	1	0
S1-459361794	3	1	2	0
S1-948823606	3	2	1	1
S1-439452721	4	1	3	0
S1-910375831	3	1	2	0
S1-649420737	6	3	3	0
S1-17206388	6	3	3	1
S1-938036749	6	3	3	1
S1-303434445	3	1	2	0
S1-530628821	4	2	2	0
S1-208825334	7	2	5	1
S1-849886484	3	2	1	0
S1-304226795	3	2	1	0
S1-363830668	3	2	1	1
S1-880693230	2	0	2	0
S1-374516083	7	4	3	0
S1-465160792	3	0	3	0
S1-398452	2	1	1	0
S1-552611163	1	1	0	1
S1-149756625	0	0	0	0
S1-529848674	7	5	2	0
S1-210360591	3	1	2	0
S1-364380512	6	4	2	0
S1-581388698	2	1	1	1
S1-972285523	5	0	5	0
S1-387636300	7	4	3	0
S1-913520662	6	3	3	0
S1-545882103	4	2	2	0
S1-311646538	2	1	1	0
S1-87468421	5	2	3	0
S1-533013989	2	1	1	0
S1-544143764	5	3	2	0
S1-479161107	3	2	1	0
S1-146690984	4	2	2	0
S1-550832158	1	1	0	0
S1-310478083	5	2	3	0
S1-655420763	3	2	1	1
S1-890192535	2	0	2	0
S1-355223868	6	3	3	0
S1-577903375	1	1	0	0
S1-55330790	5	3	2	0
S1-267597251	1	0	1	0
S1-752880228	3	2	1	0
S1-678895390	4	2	2	0
S1-41436060	4	2	2	0
S1-709254162	3	2	1	1
S1-838870863	6	2	4	0
S1-950742151	5	1	4	0
S1-859649679	2	0	2	1
S1-111328067	3	2	1	0
S1-209144279	2	1	1	0
S1-614350784	3	1	2	1
S1-379528977	2	0	2	1
S1-882931334	8	5	3	0
S1-470487334	8	5	3	0
S1-621207870	8	4	4	0
S1-805364335	2	0	2	1
S1-360609167	4	2	2	0
S1-846263345	2	1	1	0
S1-87673236	6	3	3	0
S1-837256740	4	2	2	0
S1-934419199	6	3	3	1
S1-994780882	5	2	3	0
S1-637589685	5	3	2	0
S1-853191634	1	1	0	0
S1-771573745	5	0	5	0
S1-189960996	4	2	2	0
S1-192770152	3	2	1	0
S1-320209096	4	2	2	0
S1-585883008	4	1	3	0
S1-676612504	0	0	0	0
S1-510615559	4	3	1	0
S1-632000502	4	1	3	0
S1-838284294	3	2	1	1
S1-581393067	5	3	2	0
S1-631845594	5	3	2	1
S1-974295500	7	4	3	0
S1-369436315	6	2	4	1
S1-670967718	4	3	1	0
S1-837652863	4	1	3	0
S1-82591591	7	3	4	0
S1-96995290	0	0	0	1
S1-352763430	5	2	3	0
S1-253096260	3	2	1	0
S1-118502154	6	4	2	0
S1-633223855	3	1	2	1
S1-581837101	0	0	0	1
S1-772169189	2	1	1	1
S1-208234467	0	0	0	0
S1-781052836	2	1	1	1
S1-482684355	2	1	1	0
S1-747450380	7	4	3	1
S1-728011176	5	2	3	0
S1-659536927	3	1	2	0
S1-135251474	5	2	3	0
S1-940575228	3	2	1	0
S1-481404429	2	1	1	0
S1-600766962	2	1	1	0
S1-118462061	3	0	3	0
S1-461462917	7	3	4	0
S1-910889323	4	3	1	0
S1-833959100	5	1	4	0
S1-101764651	2	0	2	0
S1-396121751	3	0	3	1
S1-717004929	3	1	2	0
S1-600657586	2	1	1	0
S1-332715948	4	2	2	1
S1-558098186	3	2	1	0
S1-772670078	1	0	1	1
S1-345172520	0	0	0	0
S1-737146237	3	1	2	0
S1-418876288	4	2	2	0
S1-101762377	0	0	0	0
S1-503570207	5	3	2	0
S1-158282953	4	2	2	0
S1-946746404	2	1	1	0
S1-472783943	0	0	0	0
S1-595285265	4	2	2	0
S1-307661923	4	3	1	1
S1-275326917	6	3	3	0
S1-884571086	1	0	1	1
S1-983807910	1	1	0	0
S1-855081775	4	2	2	1
S1-45252741	7	2	5	0
S1-118587100	2	1	1	0
S1-37982716	3	3	0	0
S1-201078193	6	4	2	0
S1-47313775	2	1	1	0
S1-365075128	5	3	2	0
S1-171888013	4	2	2	0
S1-376876834	0	0	0	0
S1-692421008	4	2	2	0
S1-684473435	2	1	1	0
S1-46543345	1	1	0	0
S1-762440329	5	2	3	1
S1-723532322	2	2	0	0
S1-51810842	5	3	2	1
S1-919289384	2	1	1	0
S1-567194861	4	2	2	1
S1-146760494	6	3	3	1
S1-98402215	5	3	2	0
S1-927121205	3	1	2	0
S1-57693310	3	2	1	0
S1-449479964	3	1	2	0
S1-157492058	3	2	1	0
S1-967691965	4	2	2	1
S1-733655859	5	2	3	0
S1-625095840	3	1	2	1
S1-417777542	4	1	3	0
S1-746964806	2	1	1	0
S1-463388682	3	1	2	0
S1-923107281	4	2	2	0
S1-760000194	4	2	2	0
S1-166230505	4	2	2	0
S1-179003866	3	1	2	0
S1-460173235	5	3	2	0
S1-57534102	5	1	4	0
S1-650657463	4	3	1	0
S1-519719760	4	1	3	1
S1-979621542	8	3	5	0
S1-873711994	2	1	1	0
S1-195874276	4	2	2	0
S1-283583790	5	3	2	0
S1-860273048	2	1	1	0
S1-631690612	4	2	2	0
S1-336033902	4	2	2	0
S1-355671854	8	4	4	0
S1-927881293	4	3	1	0
S1-255489365	2	0	2	0
S1-595173802	3	1	2	0
S1-260453708	5	2	3	0
S1-115688029	2	1	1	0
S1-725284847	0	0	0	1
S1-704913594	5	2	3	0
S1-345613773	2	1	1	1
S1-214436767	5	2	3	0
S1-855777661	5	3	2	0
S1-369297963	2	1	1	0
S1-564308638	3	2	1	1
S1-276399184	5	3	2	0
S1-904156216	2	1	1	0
S1-77333364	2	1	1	0
S1-162545534	0	0	0	1
S1-420185205	2	1	1	0
S1-217911777	2	0	2	0
S1-489165032	2	1	1	0
S1-496551318	3	2	1	0
S1-938180046	6	2	4	0
S1-70832854	2	2	0	0
S1-115727402	1	0	1	0
S1-895733576	3	0	3	0
S1-886381285	4	3	1	0
S1-578716931	2	1	1	1
S1-417783280	5	3	2	0
S1-556413196	3	2	1	0
S1-862894808	4	3	1	0
S1-581854650	6	4	2	0
S1-245358131	0	0	0	1
S1-918619016	2	0	2	0
S1-134316565	6	3	3	1
S1-843199788	5	4	1	0
S1-326464164	2	1	1	1
S1-536151046	4	4	0	0
S1-517433608	5	3	2	1
S1-48209922	5	2	3	0
S1-637685044	3	1	2	0
S1-694624517	1	1	0	1
S1-83214840	4	2	2	0
S1-590512802	4	1	3	0
S1-502457589	3	2	1	1
S1-597059294	3	1	2	0
S1-792774009	5	3	2	0
S1-273190979	6	3	3	1
S1-665492279	1	1	0	0
S1-604602503	0	0	0	0
S1-297328651	4	2	2	1
S1-140655586	4	3	1	0
S1-407760885	6	1	5	0
S1-725478704	5	0	5	0
S1-830776667	5	2	3	0
S1-800296221	1	1	0	1
S1-654511280	3	2	1	0
S1-413930305	3	2	1	0
S1-770342997	4	1	3	0
S1-925965461	4	2	2	1
S1-958857888	0	0	0	0
S1-75477466	3	1	2	0
S1-838057918	5	1	4	0
S1-938947364	3	1	2	0
S1-983267862	4	1	3	0
S1-952666101	3	1	2	0
S1-624148809	3	1	2	1
S1-322138875	5	3	2	0
S1-878786813	0	0	0	0
S1-776964652	5	3	2	0
S1-854385843	5	3	2	0
S1-503885567	3	0	3	1
S1-37324492	4	3	1	1
S1-114413864	7	4	3	0
S1-68598516	4	1	3	0
S1-84668021	1	1	0	1
S1-198981444	5	2	3	0
S1-112413278	2	1	1	1
S1-68000837	3	1	2	1
S1-345739413	2	1	1	0
S1-171751015	5	3	2	0
S1-900353540	3	2	1	0
S1-809075875	6	4	2	0
S1-507455917	4	2	2	0
S1-350938452	3	2	1	1
S1-918058571	5	3	2	0
S1-762668536	3	1	2	0
S1-784647301	3	1	2	1
S1-8063942	5	3	2	0
S1-202359521	3	1	2	0
S1-663653040	6	4	2	0
S1-446442890	3	3	0	0
S1-17937860	5	3	2	0
S1-914539765	3	2	1	0
S1-414482807	2	1	1	0
S1-674248939	2	1	1	0
S1-945381654	3	1	2	0
S1-691240358	2	1	1	0
S1-859755952	3	1	2	0
S1-748351170	1	0	1	0
S1-277445007	6	1	5	0
S1-733141867	6	2	4	0
S1-625299314	6	3	3	1
S1-470019230	3	2	1	0
S1-486339829	0	0	0	0
S1-183038220	1	1	0	0
S1-977157917	3	1	2	1
S1-434687841	5	2	3	0
S1-934366401	3	2	1	0
S1-837458454	2	1	1	0
S1-267772550	3	1	2	0
S1-748700246	2	1	1	0
S1-232852152	0	0	0	1
S1-196996467	7	4	3	1
S1-373989211	4	2	2	0
S1-619777457	0	0	0	0
S1-764245831	6	4	2	0
S1-472112627	2	1	1	0
S1-354481507	5	3	2	0
S1-231121070	5	2	3	0
S1-717269768	3	1	2	1
S1-938924631	5	2	3	0
S1-331272843	5	3	2	0
S1-747651136	2	1	1	0
S1-489438631	3	2	1	0
S1-76746472	4	1	3	0
S1-383375496	4	1	3	0
S1-68193181	1	0	1	1
S1-54087883	6	3	3	0
S1-671648084	4	2	2	0
S1-967422662	4	2	2	1
S1-645209951	6	2	4	0
S1-138353866	3	2	1	0
S1-183143792	4	2	2	0
S1-589459072	3	1	2	0
S1-630094192	5	3	2	0
S1-528326703	5	1	4	0
S1-12093078	4	1	3	0
S1-896761193	5	2	3	1
S1-497062822	2	1	1	0
S1-41261675	5	3	2	0
S1-920367934	4	1	3	0
S1-586741187	5	4	1	0
S1-796234929	0	0	0	0
S1-241715462	1	1	0	0
S1-467896167	5	3	2	0
S1-932063003	4	3	1	0
S1-402478112	6	2	4	0
S1-644446737	0	0	0	0
S1-837372781	4	2	2	0
S1-817202168	2	1	1	0
S1-731272023	3	3	0	0
S1-769749655	6	3	3	0
S1-60095699	2	1	1	1
S1-760467417	6	2	4	0
S1-461741774	2	2	0	1
S1-743680151	4	3	1	0
S1-315373838	2	0	2	0
S1-525507099	6	1	5	0
S1-654156194	6	4	2	0
S1-817092005	3	1	2	0
S1-148037793	6	2	4	0
S1-391779777	4	3	1	0
S1-252411527	2	1	1	0
S1-96663462	3	2	1	0
S1-417773687	1	0	1	0
S1-790219678	2	1	1	0
S1-345957718	2	1	1	0
S1-246129597	1	1	0	0
S1-596048643	5	3	2	0
S1-106194876	5	2	3	1
S1-976738132	2	1	1	0
S1-534618241	5	2	3	0
S1-54213473	1	0	1	0
S1-325124278	3	0	3	0
S1-269374880	2	1	1	0
S1-144016644	4	3	1	0
S1-642282198	5	1	4	0
S1-172453620	4	1	3	0
S1-778208730	1	0	1	1
S1-223582127	4	4	0	0
S1-136933096	5	3	2	0
S1-661675873	1	1	0	1
S1-898345403	2	0	2	0
S1-819483366	5	3	2	0
S1-425640961	3	1	2	0
S1-673974853	0	0	0	0
S1-837883259	3	2	1	0
S1-421418713	3	2	1	0
S1-418849995	6	2	4	1
S1-369985982	2	1	1	0
S1-136481301	0	0	0	1
S1-711039192	2	1	1	0
S1-509510761	4	1	3	1
S1-669154009	4	3	1	0
S1-276595601	2	1	1	0
S1-31039157	6	1	5	0
S1-576626541	5	2	3	0
S1-219672719	5	2	3	0
S1-958234688	4	3	1	0
S1-27176332	6	3	3	0
S1-447531347	2	1	1	0
S1-737765929	3	2	1	1
S1-76146608	2	0	2	1
S1-416083364	2	0	2	0
S1-661357533	3	3	0	1
S1-380356603	3	1	2	1
S1-222212786	6	4	2	0
S1-998045431	1	1	0	0
S1-896721414	0	0	0	0
S1-480312891	1	0	1	0
S1-118378550	4	2	2	0
S1-380871367	5	2	3	0
S1-369757256	6	3	3	0
S1-427602960	2	0	2	0
S1-477867902	3	2	1	0
S1-33303071	6	1	5	0
S1-358751126	2	1	1	0
S1-23204173	6	2	4	0
S1-533202372	3	1	2	0
S1-769619488	2	1	1	0
S1-591862549	6	4	2	0
S1-277796692	4	1	3	0
S1-296223975	4	1	3	0
S1-457044625	4	3	1	0
S1-153485613	2	2	0	0
S1-721702167	4	2	2	1
S1-784456857	8	4	4	1
S1-144171085	3	3	0	0
S1-754261590	2	1	1	0
S1-971977835	2	1	1	0
S1-655505077	4	2	2	0
S1-725763017	2	0	2	0
S1-514278589	0	0	0	1
S1-131321886	3	3	0	0
S1-440783542	3	2	1	0
S1-859271188	7	4	3	0
S1-277319567	2	1	1	0
S1-126290320	2	1	1	0
S1-588648301	4	2	2	1
S1-49129368	5	2	3	0
S1-369403284	4	1	3	0
S1-888990090	4	3	1	0
S1-119666499	0	0	0	0
S1-746889807	2	1	1	1
S1-758994505	2	0	2	0
S1-555698705	4	3	1	1
S1-55594665	4	3	1	1
S1-666210809	5	4	1	0
S1-545028787	5	1	4	0
S1-251778155	3	2	1	0
S1-699371665	2	1	1	0
S1-946467479	4	3	1	0
S1-521713985	0	0	0	0
S1-889035041	4	2	2	0
S1-700207404	3	1	2	0
S1-809282469	4	3	1	0
S1-877792801	2	1	1	0
S1-564079692	0	0	0	0
S1-869065324	3	1	2	1
S1-823741381	4	2	2	1
S1-5511243	0	0	0	0
S1-874257599	2	0	2	0
S1-603470730	6	4	2	0
S1-550017805	5	3	2	0
S1-856718197	2	1	1	1
S1-384554921	0	0	0	0
S1-34703985	6	3	3	1
S1-336181930	5	1	4	1
S1-6995546	6	5	1	0
S1-246647034	6	3	3	0
S1-897587678	2	2	0	0
S1-911701525	5	3	2	0
S1-151234482	4	3	1	0
S1-251644083	3	1	2	0
S1-461894353	1	0	1	0
S1-617980209	3	2	1	1
S1-285451793	4	2	2	1
S1-877871395	5	3	2	0
S1-159871837	0	0	0	0
S1-404181363	5	2	3	0
S1-298366598	1	0	1	0
S1-757327548	3	2	1	1
S1-524433736	4	2	2	0
S1-316781167	5	0	5	1
S1-521683395	4	1	3	0
S1-319200321	1	0	1	0
S1-943284966	4	3	1	0
S1-40748805	6	4	2	0
S1-302460878	5	2	3	0
S1-5643650	6	1	5	1
S1-992567987	6	3	3	0
S1-618472684	5	1	4	1
S1-120199276	4	2	2	0
S1-678601499	2	1	1	0
S1-860787094	2	1	1	0
S1-60231304	2	1	1	0
S1-163922727	5	2	3	0
S1-377093431	5	4	1	0
S1-830462478	6	2	4	0
S1-814226008	2	1	1	1
S1-571638310	3	2	1	1
S1-67703602	2	1	1	0
S1-941897917	2	2	0	0
S1-938557928	6	4	2	0
S1-134684888	5	2	3	0
S1-788453778	4	2	2	0
S1-400095998	4	1	3	0
S1-893273750	3	2	1	0
S1-924565256	2	0	2	1
S1-676349283	0	0	0	0
S1-267049102	2	2	0	0
S1-894269774	5	1	4	0
S1-424709576	2	0	2	0
S1-865420355	4	3	1	0
S1-884526854	3	2	1	0
S1-492241211	3	1	2	0
S1-594685520	1	1	0	0
S1-844005338	3	2	1	0
S1-860403048	3	1	2	0
S1-886604310	3	2	1	0
S1-992735302	1	0	1	0
S1-805372569	4	2	2	0
S1-714440011	3	1	2	0
S1-734422985	3	1	2	0
S1-586450663	4	1	3	0
S1-847741024	3	2	1	0
S1-983154592	3	2	1	0
S1-847044757	6	2	4	0
S1-720777938	2	1	1	0
S1-340781146	0	0	0	1
S1-74632256	0	0	0	0
S1-706174262	5	1	4	0
S1-407922054	3	2	1	0
S1-556618088	5	3	2	0
S1-222790248	1	0	1	0
S1-739078905	3	2	1	0
S1-364028913	6	3	3	0
S1-518942171	3	1	2	0
S1-442054540	4	2	2	0
S1-106138150	2	2	0	0
S1-162510200	4	1	3	1
S1-395392795	0	0	0	1
S1-360877297	4	2	2	0
S1-649238538	5	3	2	1
S1-191589302	4	3	1	0
S1-431301283	3	2	1	0
S1-575158044	6	2	4	0
S1-161921922	4	2	2	0
S1-15749315	3	2	1	0
S1-423276114	7	3	4	0
S1-189583682	4	2	2	0
S1-843400203	7	4	3	1
S1-472695874	3	1	2	0
S1-176164882	6	1	5	0
S1-422911882	2	1	1	0
S1-290151219	2	0	2	0
S1-447320565	3	1	2	0
S1-457241467	2	1	1	0
S1-504668450	4	1	3	1
S1-584717342	5	2	3	0
S1-7040620	4	2	2	1
S1-788744989	2	0	2	0
S1-685093344	3	2	1	0
S1-140915305	2	0	2	1
S1-402860122	4	1	3	0
S1-677368911	2	1	1	0
S1-491326329	1	0	1	0
S1-379182528	1	1	0	0
S1-216234962	3	2	1	0
S1-635098938	3	1	2	0
S1-854054479	0	0	0	0
S1-56989020	5	4	1	1
S1-180397004	3	1	2	0
S1-23379815	5	2	3	1
S1-36482646	5	3	2	0
S1-892718533	4	3	1	0
S1-793438971	3	1	2	0
S1-766271252	4	3	1	1
S1-59417945	5	2	3	0
S1-980390394	1	0	1	1
S1-774886240	2	1	1	0
S1-754985634	0	0	0	0
S1-433727669	3	2	1	0
S1-344061713	3	2	1	0
S1-460626113	3	1	2	0
S1-915653405	5	2	3	0
S1-366961206	3	2	1	0
S1-371109556	6	3	3	0
S1-423325965	7	4	3	0
S1-464054746	4	2	2	1
S1-562483211	4	2	2	0
S1-41581715	2	1	1	0
S1-337466930	3	1	2	0
S1-982572058	1	1	0	1
S1-544234524	7	5	2	0
S1-358679933	3	2	1	0
S1-813206674	2	0	2	0
S1-258356187	2	2	0	0
S1-345422778	5	3	2	0
S1-881597990	4	1	3	0
S1-961185762	2	0	2	1
S1-360605570	5	4	1	0
S1-998643184	2	1	1	0
S1-294122620	5	1	4	0
S1-682740229	4	2	2	0
S1-268581045	6	1	5	0
S1-541785695	3	1	2	1
S1-779954871	2	2	0	0
S1-281755114	3	1	2	1
S1-704010386	2	1	1	0
S1-514604162	4	2	2	0
S1-937822241	5	4	1	0
S1-905263981	0	0	0	0
S1-694242701	3	2	1	0
S1-825828879	1	0	1	0
S1-615641643	4	3	1	0
S1-900266870	2	2	0	0
S1-519403451	4	2	2	0
S1-365450541	5	2	3	0
S1-385503077	1	0	1	1
S1-233007363	3	2	1	0
S1-433766724	5	3	2	0
S1-470837671	2	1	1	0
S1-773684229	3	2	1	0
S1-979332003	5	2	3	0
S1-205140592	0	0	0	1
S1-895480179	0	0	0	0
S1-226182978	2	1	1	0
S1-806813364	3	2	1	0
S1-410428114	2	1	1	1
S1-636606349	3	2	1	0
S1-392743694	3	1	2	1
S1-947200453	5	1	4	0
S1-605113595	0	0	0	0
S1-507066405	5	1	4	0
S1-435261305	6	3	3	1
S1-677168024	2	0	2	0
S1-818654914	7	2	5	1
S1-641789731	2	1	1	0
S1-721576895	5	2	3	0
S1-921736544	3	1	2	1
S1-415578787	7	4	3	0
S1-273025898	5	3	2	1
S1-840074157	2	1	1	0
S1-896109336	4	2	2	0
S1-662939289	2	1	1	0
S1-12075135	1	1	0	0
S1-277276936	3	1	2	1
S1-557926513	5	3	2	0
S1-67212931	3	2	1	0
S1-471833939	2	0	2	0
S1-255644168	6	4	2	0
S1-340767126	2	1	1	1
S1-505371001	4	3	1	1
S1-819320296	4	1	3	0
S1-196124805	4	3	1	1
S1-840338912	5	2	3	0
S1-487357820	5	2	3	0
S1-607280488	2	1	1	0
S1-192377556	7	4	3	0
S1-697216285	3	2	1	1
S1-573427830	2	1	1	0
S1-331873768	2	0	2	0
S1-465483754	4	1	3	1
S1-448913923	4	3	1	0
S1-404678575	1	1	0	0
S1-391367014	2	1	1	0
S1-182806901	3	2	1	0
S1-446374322	4	2	2	0
S1-540577628	4	2	2	0
S1-724260642	3	1	2	0
S1-370712658	3	2	1	1
S1-412551600	5	1	4	0
S1-498207109	3	1	2	0
S1-260746973	4	2	2	0
S1-298601510	5	1	4	1
S1-365827531	0	0	0	0
S1-867998778	4	2	2	0
S1-232277944	4	1	3	0
S1-706532794	4	3	1	0
S1-205348400	2	0	2	1
S1-908044271	0	0	0	0
S1-293970681	2	1	1	0
S1-154363926	1	0	1	0
S1-573207724	4	2	2	1
S1-538575704	2	2	0	0
S1-901686334	4	2	2	0
S1-256667363	4	2	2	0
S1-383136037	7	4	3	0
S1-367000671	4	2	2	0
S1-901201783	2	0	2	0
S1-967146650	2	1	1	0
S1-743565180	5	2	3	0
S1-557122457	3	1	2	0
S1-927827174	5	4	1	1
S1-152896439	3	2	1	0
S1-104621595	1	1	0	0
S1-137403022	2	1	1	1
S1-503227865	2	1	1	0
S1-732732128	3	2	1	0
S1-426137654	2	0	2	1
S1-727157453	2	1	1	1
S1-329138290	2	1	1	0
S1-348002786	3	2	1	0
S1-309827824	0	0	0	1
S1-722865866	4	3	1	1
S1-668839956	5	2	3	0
S1-44397798	3	2	1	1
S1-941726024	4	1	3	0
S1-60863667	4	3	1	0
S1-50216702	4	1	3	0
S1-24104369	3	2	1	1
S1-147177521	1	1	0	0
S1-259497416	1	0	1	0
S1-861576161	2	1	1	1
S1-279985885	5	3	2	0
S1-707882345	5	2	3	0
S1-277790334	2	1	1	0
S1-413303566	3	1	2	0
S1-479857170	2	1	1	0
S1-323853106	1	0	1	0
S1-316948610	2	1	1	0
S1-123298375	4	2	2	0
S1-856168670	3	1	2	0
S1-921400989	5	2	3	0
S1-434161485	3	2	1	1
S1-988045232	4	3	1	0
S1-630046260	3	2	1	0
S1-91334694	0	0	0	0
S1-162012861	4	1	3	0
S1-244347459	3	1	2	1
S1-147212186	1	1	0	0
S1-303638435	3	2	1	1
S1-516315374	4	2	2	0
S1-922695915	2	2	0	0
S1-288143358	8	3	5	0
S1-106966123	5	4	1	1
S1-343264189	6	2	4	1
S1-361638212	5	3	2	0
S1-442302837	1	0	1	0
S1-288872994	3	2	1	0
S1-753138640	8	5	3	0
S1-887529676	3	0	3	0
S1-682679846	4	2	2	0
S1-375001336	1	0	1	0
S1-687707424	0	0	0	0
S1-797774363	4	1	3	1
S1-236671710	4	1	3	0
S1-621085351	4	3	1	0
S1-447690712	3	1	2	1
S1-519547125	0	0	0	0
S1-479344773	5	2	3	0
S1-118477314	3	1	2	0
S1-83774131	6	2	4	1
S1-191076207	2	1	1	0
S1-253979123	4	1	3	0
S1-685565924	2	0	2	1
S1-736573245	0	0	0	0
S1-566494341	5	4	1	0
S1-944463422	6	3	3	0
S1-812739621	4	1	3	1
S1-726810064	3	2	1	0
S1-196512847	5	2	3	0
S1-868695969	3	1	2	0
S1-554635539	3	2	1	1
S1-710891317	3	2	1	0
S1-769832601	4	2	2	0
S1-445086453	4	4	0	0
S1-820751934	3	1	2	0
S1-349763244	5	0	5	0
S1-405946085	2	1	1	0
S1-867737711	5	2	3	0
S1-106307602	3	2	1	0
S1-545773475	6	3	3	0
S1-201923446	3	2	1	0
S1-79770187	1	0	1	0
S1-120886996	1	1	0	0
S1-133571899	4	1	3	0
S1-401647431	5	1	4	0
S1-217071216	3	1	2	0
S1-976918844	3	2	1	0
S1-18590549	4	3	1	0
S1-974705552	3	2	1	0
S1-856029821	2	1	1	0
S1-196063663	5	4	1	0
S1-629232146	5	1	4	0
S1-301772283	1	1	0	0
S1-829039542	3	2	1	1
S1-686578911	6	3	3	0
S1-203955016	6	4	2	0
S1-146700055	4	2	2	0
S1-220776561	1	1	0	0
S1-773381534	4	1	3	1
S1-25922331	7	5	2	1
S1-996305336	2	2	0	0
S1-770161946	4	2	2	1
S1-429412342	3	1	2	0
S1-11510172	4	3	1	1
S1-396887487	4	2	2	1
S1-980995247	3	1	2	1
S1-932808595	2	1	1	0
S1-629905388	5	3	2	1
S1-688100	3	2	1	0
S1-933816466	0	0	0	0
S1-190207937	3	1	2	0
S1-792896996	4	1	3	0
S1-196235024	4	2	2	0
S1-486380508	5	1	4	0
S1-343970781	5	2	3	0
S1-398401170	0	0	0	0
S1-710381109	3	2	1	0
S1-119572870	4	2	2	1
S1-732141297	5	2	3	0
S1-564219622	2	1	1	0
S1-492605779	4	1	3	0
S1-294256612	2	1	1	0
S1-806795842	2	0	2	0
S1-371596243	6	3	3	0
S1-400362829	3	1	2	0
S1-439203736	2	1	1	1
S1-648412102	1	1	0	0
S1-419917984	6	4	2	0
S1-495551624	3	1	2	1
S1-495733265	8	4	4	1
S1-845032589	5	2	3	1
S1-395791453	4	2	2	0
S1-167098629	4	2	2	0
S1-507483944	3	1	2	0
S1-866086237	5	3	2	0
S1-995708936	3	2	1	1
S1-93137170	3	1	2	0
S1-72788395	4	3	1	0
S1-575251642	0	0	0	0
S1-306329056	3	1	2	1
S1-114144410	3	1	2	1
S1-746828150	2	1	1	0
S1-360994973	3	1	2	1
S1-772717102	4	1	3	0
S1-213262863	3	0	3	1
S1-630130257	0	0	0	0
S1-557022307	3	1	2	0
S1-286301911	3	2	1	0
S1-114032603	1	0	1	0
S1-797296428	2	0	2	0
S1-79664859	0	0	0	1
S1-97914736	4	2	2	0
S1-852422115	2	1	1	0
S1-318516276	5	3	2	0
S1-554633440	4	1	3	0
S1-970602858	7	3	4	0
S1-838131493	7	3	4	0
S1-530966759	3	2	1	0
S1-48068006	1	0	1	0
S1-369517243	3	1	2	0
S1-908122143	4	3	1	0
S1-15133345	6	3	3	0
S1-639009686	3	1	2	0
S1-392459428	3	1	2	0
S1-182547847	5	3	2	0
S1-693989152	2	1	1	1
S1-449392022	0	0	0	0
S1-105054349	4	3	1	0
S1-996335269	2	1	1	1
S1-144969543	5	1	4	1
S1-413177570	4	1	3	0
S1-738768899	3	2	1	0
S1-652391362	2	1	1	0
S1-361859792	5	2	3	1
S1-319682830	2	0	2	0
S1-487449484	6	3	3	0
S1-24539049	2	0	2	0
S1-66521471	5	2	3	1
S1-367714906	6	2	4	0
S1-17337184	2	2	0	0
S1-177674826	8	5	3	0
S1-395678747	3	1	2	0
S1-98446575	3	1	2	1
S1-58310747	3	2	1	0
S1-995309929	6	3	3	0
S1-878167273	3	1	2	1
S1-800159218	6	4	2	1
S1-790097566	4	3	1	0
S1-540461705	2	1	1	0
S1-147849974	2	0	2	0
S1-658542063	3	1	2	1
S1-841860277	6	4	2	0
S1-424744009	3	2	1	0
S1-352673420	1	1	0	0
S1-183210851	2	1	1	1
S1-460718306	5	2	3	1
S1-949261063	2	1	1	0
S1-29349535	1	0	1	1
S1-18986281	2	1	1	0
S1-948440272	5	3	2	0
S1-342733323	2	1	1	0
S1-987581440	5	2	3	0
S1-539360652	3	3	0	0
S1-146798100	3	1	2	0
S1-990032352	0	0	0	0
S1-842019434	3	1	2	1
S1-170609238	3	2	1	0
S1-848967441	4	0	4	0
S1-288757258	6	4	2	0
S1-262857243	0	0	0	0
S1-248678672	4	1	3	0
S1-663565958	4	2	2	0
S1-502241174	7	4	3	1
S1-680479441	8	3	5	0
S1-888160240	4	2	2	0
S1-223166567	5	2	3	1
S1-476884085	5	1	4	0
S1-946816334	4	2	2	0
S1-23440268	4	2	2	0
S1-247537258	0	0	0	0
S1-972543004	3	2	1	0
S1-98225343	2	1	1	0
S1-57719028	4	2	2	0
S1-472045820	6	5	1	1
S1-79082817	3	2	1	0
S1-587132550	4	2	2	0
S1-105055218	3	0	3	0
S1-668164759	4	1	3	0
S1-142147592	5	3	2	0
S1-740003431	3	2	1	1
S1-580099825	5	2	3	0
S1-814346164	0	0	0	0
S1-752379599	0	0	0	0
S1-927470261	3	2	1	0
S1-139235239	5	3	2	0
S1-229992726	2	1	1	0
S1-959586791	2	1	1	0
S1-529739058	3	2	1	1
S1-725540710	3	2	1	1
S1-634177276	2	1	1	0
S1-927613699	3	1	2	0
S1-879288348	0	0	0	0
S1-886402840	3	2	1	1
S1-31552553	2	1	1	0
S1-368004430	2	2	0	1
S1-659101311	4	1	3	0
S1-398467928	5	1	4	0
S1-156989608	1	0	1	1
S1-653766547	5	2	3	1
S1-841498114	5	4	1	0
S1-431624584	2	1	1	0
S1-31133267	6	3	3	0
S1-558890767	0	0	0	0
S1-181252930	7	4	3	1
S1-219437524	3	1	2	0
S1-612389322	2	1	1	0
S1-526482392	3	1	2	0
S1-629715254	1	0	1	0
S1-880571659	5	2	3	0
S1-942257507	5	2	3	0
S1-227222958	3	1	2	0
S1-861885870	0	0	0	0
S1-486012920	4	1	3	0
S1-886014754	2	0	2	0
S1-666934040	5	2	3	0
S1-252841897	2	0	2	0
S1-754263423	3	2	1	0
S1-757025839	3	2	1	0
S1-61311397	4	3	1	0
S1-393893683	4	3	1	1
S1-881479733	5	2	3	0
S1-941779924	4	4	0	0
S1-712475717	4	2	2	0
S1-463989307	4	2	2	1
S1-376782290	5	3	2	0
S1-294532133	4	1	3	0
S1-360347153	3	1	2	0
S1-251790751	2	0	2	0
S1-552328800	0	0	0	0
S1-544331909	2	1	1	0
S1-70598180	3	2	1	0
S1-601698453	7	4	3	0
S1-107376841	4	2	2	0
S1-926365439	2	1	1	0
S1-461879574	5	2	3	0
S1-131065821	0	0	0	0
S1-496674014	2	1	1	0
S1-427366110	3	2	1	0
S1-118839703	8	4	4	0
S1-602592142	3	2	1	0
S1-8214021	4	1	3	0
S1-434719296	3	2	1	0
S1-683575423	4	2	2	1
S1-925278180	2	1	1	1
S1-135222686	4	2	2	1
S1-977886745	5	2	3	0
S1-228832990	2	1	1	1
S1-957178365	1	0	1	1
S1-736343911	4	1	3	0
S1-112265255	4	2	2	0
S1-691850663	2	1	1	0
S1-125627390	3	1	2	1
S1-726677423	5	3	2	0
S1-11510001	2	0	2	0
S1-430126073	5	2	3	1
S1-662347770	1	1	0	0
S1-197297436	5	2	3	1
S1-434819424	2	0	2	0
S1-504196409	4	2	2	0
S1-846265901	1	0	1	0
S1-363229329	5	3	2	0
S1-793735285	5	4	1	0
S1-123417802	5	3	2	0
S1-226876322	2	2	0	0
S1-204294673	0	0	0	0
S1-169094796	3	1	2	0
S1-970220821	4	2	2	0
S1-331488652	3	2	1	0
S1-331511342	3	1	2	0
S1-600422499	3	1	2	0
S1-657556498	3	2	1	1
S1-114307063	2	1	1	0
S1-880777674	4	2	2	0
S1-431661595	6	3	3	0
S1-116667426	3	1	2	0
S1-366927546	4	0	4	0
S1-537098664	5	2	3	0
S1-21822651	6	2	4	0
S1-412206685	7	4	3	0
S1-130689915	2	1	1	0
S1-209669739	7	3	4	1
S1-980481856	2	1	1	1
S1-895290364	4	3	1	0
S1-886440634	2	1	1	0
S1-958532028	4	3	1	0
S1-96400782	3	1	2	0
S1-402086837	5	1	4	1
S1-133479118	5	1	4	1
S1-719669995	6	3	3	0
S1-123375455	7	4	3	0
S1-146795545	2	1	1	0
S1-458973096	6	3	3	0
S1-694493047	2	1	1	1
S1-318862606	3	1	2	0
S1-211341395	2	1	1	0
S1-628678938	2	1	1	0
S1-138331782	5	3	2	0
S1-435453510	8	5	3	0
S1-984646074	5	2	3	0
S1-535340304	5	2	3	0
S1-314720045	4	2	2	0
S1-710434228	4	1	3	0
S1-375621255	3	1	2	0
S1-690116594	4	1	3	0
S1-847484268	5	2	3	0
S1-851841181	1	0	1	0
S1-53407622	4	2	2	0
S1-798705024	2	1	1	0
S1-292741345	3	2	1	0
S1-892739871	3	1	2	1
S1-844224835	5	4	1	0
S1-695940996	2	1	1	1
S1-931835040	5	3	2	0
S1-202923280	7	4	3	0
S1-328974863	3	2	1	0
S1-165232957	2	0	2	0
S1-665731002	3	1	2	0
S1-750184720	4	1	3	0
S1-726475033	3	3	0	1
S1-51279149	5	2	3	0
S1-709401	0	0	0	1
S1-1142329	6	3	3	0
S1-627254130	5	2	3	0
S1-248568460	2	1	1	0
S1-734432433	4	3	1	0
S1-548936776	4	2	2	0
S1-214121848	6	3	3	1
S1-535840870	2	1	1	0
S1-503260283	4	3	1	0
S1-379288100	6	3	3	0
S1-908507613	4	1	3	1
S1-348229916	5	2	3	1
S1-600405553	2	2	0	0
S1-975990843	8	5	3	0
S1-882544780	4	1	3	0
S1-129302015	4	1	3	0
S1-987061675	3	1	2	0
S1-818103531	4	3	1	0
S1-347000383	4	1	3	0
S1-1286274	4	4	0	1
S1-619790008	2	2	0	0
S1-6671057	3	2	1	1
S1-764233701	6	2	4	0
S1-293710756	1	1	0	0
S1-58658105	5	0	5	0
S1-496802315	3	2	1	0
S1-919017414	3	1	2	0
S1-248878924	5	2	3	0
S1-73335105	6	1	5	1
S1-786807367	3	1	2	0
S1-29295896	7	3	4	0
S1-754419607	2	1	1	0
S1-395446063	1	1	0	0
S1-227771883	5	3	2	0
S1-713416149	7	3	4	0
S1-18161371	2	2	0	0
S1-638179248	6	4	2	0
S1-291834653	4	3	1	0
S1-881023547	6	3	3	0
S1-26031483	5	3	2	0
S1-351653652	2	1	1	0
S1-832807052	4	3	1	0
S1-296237987	5	3	2	0
S1-33572761	4	1	3	1
S1-738869815	5	4	1	0
S1-175168450	3	2	1	0
S1-259203753	3	2	1	0
S1-996966863	5	2	3	0
S1-263886043	5	1	4	0
S1-821642372	0	0	0	1
S1-517627796	1	1	0	0
S1-585406002	4	2	2	0
S1-171605290	3	1	2	0
S1-576639331	3	2	1	0
S1-455477077	6	3	3	0
S1-307348423	5	2	3	0
S1-174024048	4	2	2	1
S1-682805835	5	2	3	0
S1-663634463	5	3	2	1
S1-454769370	4	3	1	0
S1-716117717	7	2	5	1
S1-701899809	4	2	2	0
S1-532237525	1	1	0	0
S1-493064466	6	2	4	1
S1-268746083	7	3	4	0
S1-300557958	7	2	5	0
S1-377014380	3	2	1	0
S1-299748202	6	2	4	0
S1-138884734	3	2	1	1
S1-541574166	4	2	2	0
S1-196896192	1	0	1	0
S1-569800766	4	1	3	0
S1-767934955	2	1	1	1
S1-838579280	7	2	5	0
S1-559387514	5	3	2	0
S1-835727132	2	1	1	0
S1-999848705	1	1	0	0
S1-957906203	2	1	1	0
S1-41500719	3	2	1	0
S1-905068683	2	1	1	0
S1-922338872	5	3	2	1
S1-247120059	0	0	0	0
S1-970068818	4	3	1	1
S1-70461488	3	2	1	0
S1-47874709	3	1	2	1
S1-605340665	4	1	3	0
S1-199923119	5	3	2	0
S1-326440780	6	4	2	0
S1-169612171	0	0	0	0
S1-718946143	5	3	2	0
S1-364640465	5	4	1	1
S1-177177315	2	1	1	0
S1-303487792	6	4	2	0
S1-375360311	5	3	2	0
S1-706039440	1	0	1	0
S1-235070570	5	3	2	0
S1-33110448	4	1	3	0
S1-176822459	6	3	3	0
S1-812176145	4	4	0	0
S1-722437756	5	5	0	0
S1-302441430	1	1	0	0
S1-654449567	2	1	1	0
S1-316507703	2	1	1	0
S1-841580989	5	2	3	0
S1-393899874	3	1	2	0
S1-515901528	3	1	2	1
S1-658071802	6	3	3	0
S1-23056032	7	3	4	1
S1-240834570	4	2	2	0
S1-108874063	4	2	2	0
S1-679273393	2	1	1	0
S1-581057206	4	1	3	0
S1-551562062	3	2	1	0
S1-855625429	9	4	5	0
S1-965524997	0	0	0	0
S1-471121926	0	0	0	1
S1-385440076	0	0	0	0
S1-727774076	2	1	1	0
S1-489003698	0	0	0	0
S1-577851203	3	2	1	0
S1-565173617	4	2	2	1
S1-21164424	4	3	1	0
S1-357528732	2	1	1	0
S1-388001906	3	1	2	1
S1-788760360	3	1	2	0
S1-848642764	2	0	2	0
S1-398823050	0	0	0	0
S1-548790292	3	0	3	0
S1-236648665	4	0	4	1
S1-88307124	4	3	1	0
S1-789693371	3	2	1	0
S1-382106800	2	1	1	0
S1-793484224	2	0	2	0
S1-87042843	0	0	0	0
S1-519383481	4	1	3	0
S1-643906011	2	1	1	0
S1-511690650	2	1	1	0
S1-246944288	4	2	2	0
S1-14181542	3	1	2	0
S1-7205383	3	1	2	0
S1-654914146	2	2	0	0
S1-880597982	6	3	3	0
S1-437160768	7	3	4	0
S1-851691629	1	1	0	1
S1-122110258	4	2	2	0
S1-691616670	2	1	1	1
S1-508556830	3	1	2	0
S1-136330836	4	2	2	0
S1-242173296	4	2	2	0
S1-831832982	2	1	1	0
S1-97039363	2	1	1	0
S1-22110427	5	1	4	0
S1-637427281	6	3	3	1
S1-856896940	4	2	2	0
S1-890205422	4	3	1	0
S1-764615961	4	3	1	1
S1-49951170	6	1	5	1
S1-988460827	7	4	3	0
S1-499068091	3	2	1	0
S1-586425894	1	1	0	0
S1-597603223	3	2	1	0
S1-792174639	5	3	2	1
S1-533419421	4	1	3	0
S1-266594653	6	1	5	1
S1-149000123	6	3	3	0
S1-608054330	3	1	2	0
S1-740298214	5	2	3	0
S1-568403784	2	1	1	1
S1-54912178	3	2	1	0
S1-384396621	5	2	3	0
S1-199763730	1	1	0	0
S1-945362170	4	4	0	0
S1-871030426	3	2	1	0
S1-709817059	3	2	1	0
S1-337314000	3	1	2	0
S1-124292422	3	0	3	0
S1-649163301	5	2	3	0
S1-210848910	3	0	3	0
S1-776552204	5	2	3	0
S1-467153862	4	2	2	0
S1-885218109	2	1	1	1
S1-408738636	1	1	0	0
S1-446194636	1	1	0	0
S1-432696468	0	0	0	0
S1-470840183	4	1	3	1
S1-761077575	4	2	2	1
S1-307206986	3	0	3	0
S1-729846052	2	1	1	0
S1-859777038	3	2	1	0
S1-167615008	3	0	3	0
S1-226485644	4	2	2	0
S1-792595283	4	3	1	1
S1-42124655	3	1	2	0
S1-580584358	5	3	2	0
S1-111639826	3	1	2	0
S1-82389662	6	3	3	1
S1-538598117	3	2	1	0
S1-526806586	1	1	0	0
S1-688078024	4	0	4	0
S1-20459911	2	1	1	1
S1-977387084	2	1	1	1
S1-667860262	3	0	3	1
S1-255217115	6	3	3	0
S1-283806184	2	0	2	0
S1-57697830	3	2	1	0
S1-526536568	4	2	2	0
S1-910998658	2	0	2	0
S1-484621864	1	1	0	1
S1-839348084	3	1	2	0
S1-750331541	4	2	2	0
S1-881444176	3	2	1	0
S1-707350749	5	2	3	1
S1-861026905	4	1	3	0
S1-551381407	5	2	3	0
S1-131016124	2	1	1	0
S1-92659057	2	1	1	0
S1-719875326	2	0	2	0
S1-312055203	3	2	1	0
S1-340357885	4	1	3	0
S1-464095516	5	2	3	1
S1-558219253	3	1	2	0
S1-36747334	1	0	1	0
S1-336696596	4	2	2	0
S1-20960301	3	2	1	0
S1-562351912	3	2	1	1
S1-741472825	5	1	4	0
S1-719960584	0	0	0	0
S1-299787574	4	2	2	1
S1-687676720	3	1	2	0
S1-841818002	3	2	1	0
S1-321682775	3	2	1	0
S1-449387618	2	2	0	1
S1-378992164	2	2	0	0
S1-415115242	5	2	3	0
S1-802897856	2	0	2	1
S1-33537044	3	2	1	1
S1-634088131	3	3	0	0
S1-594750160	4	3	1	0
S1-620858303	4	2	2	1
S1-142810565	4	1	3	0
S1-821457302	1	1	0	0
S1-720074550	4	2	2	0
S1-470502238	3	2	1	0
S1-249273796	3	1	2	1
S1-392088879	3	1	2	0
S1-665516269	3	2	1	0
S1-369781892	4	3	1	0
S1-831134491	4	1	3	0
S1-621577396	4	1	3	1
S1-619812064	4	1	3	0
S1-201324198	4	2	2	0
S1-259605577	0	0	0	0
S1-91809450	4	2	2	0
S1-459297936	2	2	0	0
S1-810919651	4	3	1	0
S1-568403049	3	1	2	0
S1-869154272	2	0	2	0
S1-111353300	3	1	2	0
S1-824464094	2	0	2	0
S1-147846978	1	1	0	0
S1-456085328	4	2	2	0
S1-290339269	4	1	3	0
S1-34485676	0	0	0	1
S1-924128394	3	2	1	0
S1-45563729	1	0	1	0
S1-689456352	1	1	0	0
S1-257831084	4	2	2	0
S1-886639423	0	0	0	0
S1-681760245	3	1	2	0
S1-57780742	3	2	1	0
S1-101419407	2	1	1	0
S1-784602622	3	1	2	0
S1-877818050	2	1	1	0
S1-932395166	3	2	1	1
S1-542516465	5	4	1	0
S1-630494536	4	2	2	0
S1-458207036	5	2	3	0
S1-362827315	2	1	1	1
S1-265867563	2	1	1	0
S1-797073110	2	1	1	0
S1-399469329	3	1	2	0
S1-259679625	4	2	2	0
S1-717843167	5	3	2	0
S1-170746828	2	1	1	1
S1-29208003	6	2	4	0
S1-985194203	3	2	1	0
S1-432543874	4	1	3	0
S1-292333888	4	1	3	0
S1-543921061	2	1	1	0
S1-471448906	5	1	4	0
S1-136157050	7	2	5	0
S1-155344653	2	1	1	0
S1-664887837	4	2	2	0
S1-425675024	1	0	1	0
S1-658537131	3	1	2	0
S1-768417155	2	1	1	0
S1-660445268	3	2	1	1
S1-893146390	7	4	3	0
S1-521496870	0	0	0	0
S1-800901675	6	1	5	0
S1-218140839	4	2	2	0
S1-205454649	3	2	1	0
S1-524928786	6	2	4	0
S1-125709478	4	2	2	0
S1-876696484	3	2	1	1
S1-214745579	5	3	2	0
S1-889222959	6	3	3	0
S1-51568920	2	0	2	0
S1-682035216	2	1	1	0
S1-225655893	5	1	4	0
S1-977171705	7	4	3	0
S1-244492992	3	1	2	0
S1-146312018	5	4	1	0
S1-443897230	3	0	3	0
S1-939603838	4	2	2	0
S1-806847262	4	2	2	0
S1-974835997	3	1	2	1
S1-14160905	6	4	2	1
S1-285936990	0	0	0	0
S1-773848875	2	1	1	1
S1-634073418	2	2	0	0
S1-518839389	5	2	3	0
S1-905121246	7	2	5	0
S1-680242782	3	1	2	1
S1-608258412	3	2	1	0
S1-608369126	2	1	1	1
S1-673988369	4	3	1	0
S1-85015717	5	4	1	0
S1-224096874	4	3	1	0
S1-448738978	2	1	1	0
S1-913267518	4	2	2	0
S1-211383900	6	3	3	0
S1-807895976	5	3	2	0
S1-534799627	4	2	2	0
S1-526259119	0	0	0	0
S1-974156317	2	0	2	0
S1-743772432	3	0	3	0
S1-876574046	5	1	4	1
S1-807018535	5	2	3	0
S1-912991887	3	2	1	0
S1-807921690	4	1	3	0
S1-49955718	1	1	0	0
S1-155929039	5	3	2	0
S1-783643393	4	2	2	0
S1-443405762	4	2	2	1
S1-774725635	6	3	3	0
S1-35098157	4	1	3	0
S1-100598770	6	3	3	0
S1-989412620	6	2	4	0
S1-523582511	2	1	1	0
S1-46775767	0	0	0	1
S1-30558497	2	1	1	0
S1-28578244	2	1	1	1
S1-515702630	6	2	4	0
S1-803967425	5	1	4	0
S1-693612958	3	1	2	0
S1-774375459	6	1	5	0
S1-583963539	3	2	1	0
S1-231148208	3	2	1	0
S1-327003988	4	1	3	0
S1-78362278	4	1	3	0
S1-17463957	4	2	2	0
S1-205668568	0	0	0	0
S1-445075595	4	2	2	0
S1-561036116	5	3	2	0
S1-226336211	6	3	3	0
S1-482402023	8	4	4	0
S1-697752122	0	0	0	0
S1-373635517	1	0	1	1
S1-748240635	2	1	1	0
S1-456427404	5	1	4	0
S1-206973671	3	1	2	0
S1-607735851	6	2	4	0
S1-25666003	2	0	2	0
S1-901635270	2	1	1	0
S1-840333326	5	0	5	0
S1-729791813	4	2	2	0
S1-42402348	6	3	3	0
S1-542993404	4	2	2	0
S1-476007411	0	0	0	0
S1-209364779	3	2	1	1
S1-133393847	7	5	2	1
S1-65318779	2	1	1	1
S1-634319666	5	4	1	0
S1-362542076	4	3	1	0
S1-79721927	0	0	0	0
S1-317605239	3	1	2	1
S1-175157350	5	4	1	1
S1-862514107	1	0	1	0
S1-658564859	4	2	2	0
S1-224507173	2	1	1	1
S1-984031394	3	2	1	0
S1-584425961	1	1	0	0
S1-909700452	3	0	3	0
S1-496704470	4	2	2	1
S1-411111192	3	2	1	0
S1-379512302	5	1	4	0
S1-142615091	2	1	1	0
S1-563401051	2	1	1	0
S1-77730325	4	2	2	0
S1-839336653	3	1	2	0
S1-670638081	4	4	0	1
S1-861892127	2	1	1	0
S1-268527833	5	2	3	1
S1-572881070	1	1	0	0
S1-587262704	4	1	3	0
S1-112604796	4	2	2	0
S1-17444148	3	1	2	0
S1-158143435	2	1	1	0
S1-237981543	5	3	2	0
S1-524887516	4	3	1	1
S1-977062468	4	2	2	0
S1-810150027	2	0	2	0
S1-375710189	2	1	1	0
S1-646822863	3	2	1	1
S1-624714972	4	0	4	1
S1-639495144	4	4	0	0
S1-577011427	5	1	4	0
S1-298579733	1	0	1	0
S1-534094165	4	2	2	0
S1-193291613	4	2	2	0
S1-139401572	5	2	3	1
S1-850694233	4	3	1	0
S1-865224448	6	3	3	1
S1-2210683	5	3	2	0
S1-260728497	4	2	2	1
S1-131750090	5	3	2	0
S1-13846464	5	2	3	1
S1-7755378	2	1	1	1
S1-560641182	6	3	3	0
S1-76507658	3	3	0	0
S1-809628644	7	3	4	0
S1-617316289	3	1	2	0
S1-119008218	2	1	1	1
S1-540502114	4	2	2	0
S1-129379529	5	3	2	0
S1-461821835	5	3	2	0
S1-955291471	3	1	2	0
S1-146264598	3	1	2	0
S1-958162118	4	3	1	0
S1-674175258	3	1	2	1
S1-641024957	4	1	3	0
S1-698759400	0	0	0	0
S1-245491632	5	2	3	0
S1-932956776	2	1	1	0
S1-657331392	5	3	2	0
S1-18716924	2	1	1	1
S1-621465853	3	1	2	0
S1-898385707	4	1	3	0
S1-317776099	4	1	3	0
S1-752839022	0	0	0	0
S1-582595647	3	1	2	0
S1-995564059	3	0	3	0
S1-702568540	2	1	1	0
S1-591295296	7	4	3	1
S1-521417253	5	3	2	0
S1-484804641	8	4	4	1
S1-431578310	1	0	1	0
S1-65573978	5	2	3	0
S1-92317531	3	1	2	1
S1-119189253	0	0	0	0
S1-70415339	2	1	1	0
S1-465695760	5	4	1	0
S1-845226846	3	2	1	0
S1-542667082	0	0	0	1
S1-225828753	5	2	3	0
S1-707400711	4	1	3	0
S1-298578196	4	2	2	1
S1-184958491	3	2	1	0
S1-159717797	2	1	1	0
S1-725975422	4	2	2	0
S1-612349185	0	0	0	1
S1-86827498	5	1	4	0
S1-573782324	7	4	3	0
S1-739377112	3	1	2	0
S1-863997012	4	3	1	0
S1-281364752	3	2	1	0
S1-678172879	7	4	3	0
S1-884466142	3	1	2	0
S1-261506576	3	1	2	0
S1-608071405	4	2	2	0
S1-619204821	4	2	2	0
S1-621314733	2	1	1	0
S1-267372211	3	1	2	0
S1-764699604	4	1	3	0
S1-881307893	0	0	0	0
S1-337644278	2	1	1	0
S1-392500640	2	1	1	0
S1-318944374	4	2	2	0
S1-81039617	1	0	1	0
S1-395702775	4	3	1	1
S1-314716341	3	2	1	0
S1-445886042	3	2	1	0
S1-573278381	6	3	3	1
S1-855083113	3	1	2	1
S1-644338760	2	1	1	0
S1-511142402	1	1	0	0
S1-976818457	3	0	3	0
S1-616995300	2	1	1	0
S1-540348322	2	1	1	0
S1-122690605	5	2	3	1
S1-318683929	0	0	0	0
S1-68923248	4	1	3	0
S1-105879052	5	3	2	0
S1-38821044	5	1	4	0
S1-691174622	6	2	4	0
S1-304774625	3	1	2	0
S1-114346855	3	2	1	0
S1-683623629	4	2	2	0
S1-616045768	3	1	2	0
S1-196016267	1	0	1	0
S1-20780897	4	1	3	0
S1-559418261	6	3	3	0
S1-958374413	5	3	2	0
S1-715618095	4	2	2	0
S1-314303471	7	4	3	0
S1-806327199	1	1	0	0
S1-979181912	6	3	3	0
S1-940231242	5	3	2	0
S1-305879453	3	2	1	0
S1-939302359	0	0	0	0
S1-370599271	4	2	2	0
S1-147272060	4	2	2	0
S1-232215533	2	1	1	0
S1-407086915	4	2	2	0
S1-394697437	4	2	2	0
S1-124461485	5	4	1	0
S1-86943475	3	0	3	0
S1-549461626	3	1	2	0
S1-265528835	4	1	3	0
S1-875055228	5	2	3	0
S1-826478405	4	3	1	1
S1-973321119	3	3	0	1
S1-121639643	2	0	2	1
S1-333262606	3	2	1	0
S1-749612556	5	2	3	0
S1-724175855	3	2	1	0
S1-208693554	4	1	3	1
S1-778412557	5	2	3	0
S1-75532328	6	2	4	0
S1-920434806	2	1	1	0
S1-624706819	4	1	3	0
S1-310278174	2	1	1	0
S1-985447746	4	1	3	0
S1-677188373	3	1	2	0
S1-89632800	0	0	0	0
S1-265800311	5	4	1	0
S1-786985867	0	0	0	0
S1-655668963	2	1	1	0
S1-330843762	5	2	3	0
S1-177360972	0	0	0	0
S1-929283013	6	3	3	1
S1-250353198	3	2	1	0
S1-546103277	2	1	1	1
S1-593728075	2	2	0	0
S1-892165235	5	2	3	1
S1-911041034	5	1	4	0
S1-567749868	1	1	0	1
S1-473657464	2	1	1	0
S1-919183146	3	2	1	0
S1-386430480	4	2	2	0
S1-628162511	4	1	3	1
S1-437619125	4	2	2	0
S1-964127540	2	1	1	0
S1-957158811	4	2	2	1
S1-196615859	1	0	1	0
S1-273838021	1	1	0	0
S1-220110845	6	4	2	0
S1-140176981	1	1	0	0
S1-504881467	1	0	1	0
S1-667902946	0	0	0	0
S1-719898453	1	0	1	1
S1-54883032	2	2	0	0
S1-222835616	2	0	2	0
S1-379656806	5	1	4	0
S1-944599249	5	3	2	0
S1-500495406	4	3	1	0
S1-981994556	3	1	2	0
S1-955676516	5	3	2	0
S1-449397951	5	2	3	0
S1-907299756	7	3	4	0
S1-345272579	5	2	3	0
S1-215958440	2	1	1	0
S1-6387036	5	2	3	0
S1-497278770	4	1	3	0
S1-763308531	5	3	2	1
S1-11042755	3	2	1	0
S1-384104711	3	2	1	0
S1-943250672	2	1	1	0
S1-740904979	4	2	2	0
S1-946261562	7	4	3	0
S1-416487819	1	1	0	0
S1-808614399	2	1	1	0
S1-679340480	6	3	3	0
S1-67104817	4	2	2	1
S1-442867091	1	1	0	0
S1-76488514	3	1	2	1
S1-970482908	5	2	3	0
S1-167520482	5	1	4	0
S1-794408745	4	1	3	1
S1-692400070	3	2	1	0
S1-641192906	1	1	0	0
S1-174096518	3	2	1	0
S1-275081256	5	2	3	0
S1-458474820	4	2	2	0
S1-175691750	6	3	3	0
S1-53348667	4	2	2	0
S1-524382474	3	2	1	0
S1-981830962	2	1	1	1
S1-94403235	4	2	2	0
S1-740059678	3	1	2	0
S1-830446820	2	1	1	0
S1-230557301	5	3	2	0
S1-939115713	7	3	4	0
S1-976426209	5	3	2	0
S1-68316042	6	4	2	0
S1-152766449	6	2	4	1
S1-599743648	3	1	2	0
S1-749093054	4	1	3	0
S1-294888046	4	3	1	0
S1-43856225	4	2	2	0
S1-439101193	4	1	3	0
S1-829050368	4	1	3	0
S1-113466076	2	1	1	0
S1-523753175	4	4	0	0
S1-919481540	4	2	2	0
S1-156341291	3	2	1	1
S1-278259433	4	1	3	0
S1-320620476	5	3	2	0
S1-641634328	5	3	2	0
S1-395392840	2	1	1	0
S1-691002685	2	1	1	1
S1-722689815	4	1	3	0
S1-962258503	3	1	2	0
S1-834819802	6	2	4	0
S1-629621362	3	1	2	0
S1-265078621	4	1	3	0
S1-778790720	7	2	5	0
S1-516134508	2	1	1	0
S1-326392818	5	3	2	0
S1-53356671	5	3	2	0
S1-810099361	1	0	1	0
S1-13119483	6	3	3	1
S1-590235596	1	1	0	0
S1-943521566	3	1	2	0
S1-753828617	4	1	3	0
S1-224562748	6	4	2	0
S1-112970319	5	4	1	0
S1-910995242	4	3	1	0
S1-214177738	3	2	1	0
S1-892410227	2	0	2	0
S1-832065280	2	1	1	1
S1-41058451	2	2	0	1
S1-113906569	1	1	0	1
S1-280867221	0	0	0	0
S1-42725053	4	2	2	0
S1-28306142	1	1	0	1
S1-283749539	4	1	3	0
S1-542362386	3	0	3	0
S1-296188011	2	1	1	0
S1-675334975	0	0	0	0
S1-702257342	6	4	2	0
S1-458392278	5	2	3	0
S1-757926743	4	2	2	0
S1-757078074	3	2	1	0
S1-800987448	4	3	1	0
S1-680738926	3	1	2	1
S1-151138234	2	1	1	0
S1-746406853	3	2	1	0
S1-858598167	3	1	2	0
S1-168194291	6	2	4	0
S1-722972812	1	0	1	1
S1-363881648	2	1	1	1
S1-149095964	3	2	1	1
S1-942384126	3	2	1	0
S1-665648756	6	1	5	0
S1-554807600	3	1	2	1
S1-731960711	5	3	2	0
S1-769201218	4	0	4	0
S1-944353411	7	3	4	0
S1-116594919	5	4	1	0
S1-196692460	4	1	3	0
S1-489872710	3	2	1	0
S1-341177685	3	1	2	0
