source1_entity_id	matched_entity_ids
S1-100588770	S2-729896632,S2-933424030,S3-288460706
S1-100930840	S2-312735616,S2-550076633,S3-118007657,S3-547310046
S1-101455819	S2-243617047,S2-307786731
S1-102539463	S2-699297849,S2-785887849
S1-103669468	S2-342909868,S2-556210403
S1-104233032	S2-225089849,S2-690353446,S3-273933111
S1-104419363	S2-445721532,S2-473891873,S3-329513249,S3-949678702
S1-104594645	S2-167074341,S2-877144844,S3-369438690
S1-105750285	S2-834304222,S3-346467789,S3-889821947
S1-105774209	S2-203130615,S2-32738611,S2-671250722
S1-106194876	S2-664757892,S2-957879436,S3-326684453,S3-502194033,S3-709262749
S1-106966123	S2-224711873,S2-236522713,S2-278888692,S2-619602212,S3-560100668
S1-107342195	S2-163841151,S2-315437040,S2-748821967,S2-904030866,S3-949913989
S1-107564568	S2-391001910,S2-820057935,S3-616318169
S1-107765668	S2-732184439,S2-880166400,S3-130231745,S3-593860254
S1-10785361	S2-519208958,S2-859369363,S2-906491891,S3-266002437
S1-109240534	S2-657134215,S3-22550090
S1-109396190	S2-498322747,S2-842970431,S3-486283136,S3-791205322,S3-990886801,S3-998513627
S1-109597244	S2-402290391
S1-110195368	S2-268050249,S2-343795923,S3-112039580
S1-11115577	S2-453895271,S3-430166796
S1-112413278	S2-631123755,S3-222914437
S1-112719985	S2-258163730,S2-602504860,S3-481218926
S1-112940627	S2-138586112,S3-155268573,S3-474800583,S3-918854438,S3-952672848
S1-113086118	S2-840459168,S3-390307969,S3-87183037,S3-977610804
S1-113302974	S2-175498200,S3-500326181,S3-789076186
S1-11370138	S2-565089529,S2-75621904,S3-246408711,S3-41731113
S1-113800133	S2-133718192,S2-358248714,S2-938775996,S3-221466509,S3-420816204,S3-517692803
S1-113906569	S2-219333879
S1-113996465	S2-796873169,S2-818234084,S3-139853687,S3-21398589,S3-689176292,S3-716774343,S3-764940875
S1-114006321	S2-533145684,S3-885645098
S1-114144410	S2-46323170,S3-281576467,S3-980141555
S1-114146064	S2-760092154
S1-114599617	S2-221028584,S3-236411061
S1-11510172	S2-132213455,S2-363839494,S2-431043468,S3-235781089
S1-115415854	S2-945963626
S1-115957309	S2-310514898,S3-623134313
S1-116176160	S2-761464090,S3-61168343
S1-116838967	S2-730916708,S3-277139590
S1-116900265	S2-12457390,S2-598829388,S3-252944210,S3-289546062,S3-41270146
S1-117321831	S2-229268750,S2-352623382,S2-822044097,S3-715615431
S1-117584702	S2-442111165,S2-516163035,S2-806717103,S3-751379420,S3-762948763,S3-912101830
S1-117905876	S2-67069001,S2-698421132,S3-134727586
S1-119008218	S2-574746488,S3-169664067
S1-119572870	S2-469232347,S2-516297904,S3-582209437,S3-885500504
S1-119807163	S2-70947750
S1-119952111	S2-10214792,S2-122683590,S2-526574118,S3-422225405
S1-120630528	S2-12902340,S3-25309517,S3-428648192,S3-444592654
S1-120775250	S2-105058030,S2-352607441,S2-459038369,S2-891203438,S3-61217742,S3-658260238,S3-738328936
S1-121639643	S3-174826992,S3-257924488
S1-122690605	S2-477100914,S2-625291830,S3-353565259,S3-81331514,S3-955724956
S1-122733534	S2-461938823,S2-757270950,S3-288454002,S3-793814765,S3-904076477
S1-123044933	
S1-123279797	
S1-124237025	S2-177380889
S1-125627390	S2-209176813,S3-634832082,S3-641376499
S1-125905322	S2-500847490,S2-511784550,S2-766959067,S3-889904422,S3-994766010,S3-998610575
S1-126420518	S2-671628444,S2-826350333,S3-138370308,S3-625699594
S1-126681683	S3-263801747,S3-707500867
S1-126749530	S2-67867362,S3-565128437,S3-808108278
S1-1286274	S2-242853065,S2-26845260,S2-36783629,S2-671845637
S1-129025776	
S1-129189468	S2-516307760,S2-876408160,S3-174220027,S3-415711544
S1-129606177	S2-445169033,S2-624823925,S3-144106703,S3-245221781
S1-129654072	
S1-130161681	S2-212243256,S3-305322679,S3-345452963,S3-456440986
S1-130231941	S2-230122813,S2-41262938,S2-73349537,S3-966264677
S1-130957177	S2-408866262,S3-506259467,S3-537445841,S3-585852181,S3-923212746
S1-13119483	S3-139290522,S3-792184878
S1-13194029	S2-224561182,S2-876893786,S3-777046737
S1-133050338	S2-210899844,S2-978171371,S3-283192436,S3-491438751
S1-133081790	S2-335919160,S3-116187489,S3-625614637
S1-133393847	S2-246996991,S3-79161126
S1-133479118	S2-922712876,S3-403644134,S3-493415409,S3-602673612,S3-709185163
S1-133908979	S2-689997891,S3-22321313,S3-468508289,S3-604350729,S3-815188606
S1-134316565	S2-432217514,S2-508663879,S2-970066129,S3-195558906,S3-25969919,S3-959370295
S1-135222686	S2-678124351,S2-796039826,S3-581491729,S3-627844153
S1-136481301	
S1-137261545	S3-637493473
S1-137403022	S2-654197807,S3-700752504
S1-137573948	S3-676771052
S1-138419700	S2-514031004,S2-526773465,S2-560002132
S1-13846464	S2-581084492,S2-634385021,S3-18832823,S3-563813193,S3-671770533
S1-138576801	S2-582423009,S3-225171858,S3-516999937
S1-138665556	S2-206845835,S2-24484227,S2-374165486,S2-875684365,S3-816860189
S1-138884734	S2-94284202,S2-970894931,S3-557503912
S1-138946762	S2-52041321,S2-866206588,S3-260883017,S3-509807213,S3-535488097
S1-139401572	S2-4195066,S2-546649066,S3-298983021,S3-741971330,S3-950867925
S1-139619805	S2-61253037,S2-800233585,S3-103564473,S3-320100714,S3-924358017
S1-140018104	S2-929451855,S3-182249565,S3-732621261
S1-140915305	S3-131579096,S3-922634740
S1-140990037	S2-44780066,S3-206154206
S1-141571654	S3-334009576,S3-505228358
S1-14160905	S2-319041244,S2-381248468,S3-4299029,S3-934306929
S1-142142169	S2-187410096,S2-229631194,S3-341306333
S1-143155407	S2-22369935,S3-299386778,S3-662478950,S3-784386525,S3-786734092
S1-14398230	S2-501594032,S2-718436370,S2-841982341,S3-914747719
S1-144070569	S2-375652039,S2-883397053,S3-834924358
S1-144969543	S2-197921688,S3-107624957,S3-297948353,S3-752591650,S3-809460754
S1-145443638	S2-64269070,S2-88809037,S2-954795653
S1-145490067	S2-386430024,S2-542369725,S3-230421305
S1-145562720	S2-206802660,S2-428458146,S2-649199587,S3-172008014,S3-753207574
S1-145817527	S2-468755585,S2-848533568,S3-108438252,S3-8266474
S1-146103990	S2-23425023,S2-874290829,S2-955544656,S3-705723042
S1-146760494	S2-434600535,S2-623232017,S2-863101379,S2-970080157,S3-233764758,S3-459190494,S3-573623364
S1-147180288	S2-725209107,S2-807586629,S3-363636444,S3-56538253
S1-147366289	S2-142141403,S3-545912885,S3-891208668
S1-147391148	
S1-14800692	S2-125024541,S2-790688004,S3-189381183
S1-148138991	S3-799333369,S3-832365459
S1-149095964	S2-118849206,S2-472106044,S3-914617905
S1-149175191	S2-655306966,S3-4580463
S1-149615573	S2-755076324,S2-853942812,S3-490096245,S3-67895914,S3-999522480
S1-149898575	S2-219498817,S3-933183664
S1-150030021	S2-964121223,S2-989039797,S3-852195260
S1-150634857	S2-617145887,S3-414149358,S3-525893957,S3-719441998
S1-151151625	S2-890387271,S3-939366224
S1-151798010	S2-548106148,S3-226465878,S3-341328731,S3-702172369
S1-152766449	S2-182502551,S2-339279780,S3-645689698,S3-787076181,S3-983183160
S1-153511237	S2-134772205,S2-715003565,S3-734243539
S1-15403568	
S1-154167572	S2-729527194,S3-922448418
S1-154630659	S2-614877811,S3-327532048,S3-420273690
S1-155352199	S2-360377979,S2-474580049,S3-568718116,S3-810893433
S1-155714047	S2-944837170,S3-569030469,S3-870561286
S1-155799136	S2-456416966,S2-639934596,S2-810027578,S3-344150764,S3-952412839
S1-155978888	
S1-156341291	S2-526900093,S2-574747249,S3-723440682
S1-156349246	S2-203968081,S2-271147135,S3-179922343
S1-156551048	S2-515675650,S2-820399963,S3-581792481
S1-156584505	S2-259014545,S2-783182788,S3-622838678,S3-751794571,S3-961021338
S1-15665057	S2-316305325,S2-684981557,S3-451986965
S1-156752937	S2-241367956,S2-787291562,S3-582052283
S1-156825302	S2-35915168,S2-557788330,S3-82960874
S1-156989608	S3-394533945
S1-157394856	S2-842594066,S3-145056900,S3-343815500,S3-605720347
S1-15744376	S2-713847920,S3-968939015
S1-157731220	S2-755819310,S3-235867354,S3-34073840,S3-55984273,S3-93174951
S1-158753049	S2-350396364,S2-604264016,S2-787565878,S2-988324866,S3-460996033,S3-620804920
S1-160393706	S2-869711874,S3-528894740,S3-534513182
S1-161567427	S2-537034950
S1-162510200	S2-122024988,S2-224165014,S3-27927131,S3-377042153,S3-846986651
S1-162545534	
S1-163249957	S2-31859358,S3-317047386,S3-404613688,S3-869674570
S1-163483533	S2-347360135,S2-748741168,S3-259824855,S3-293485843
S1-16352946	S2-342667365,S3-141677647,S3-188388327,S3-218099410
S1-163804964	S2-158995371,S2-892098947,S3-940841348
S1-164586919	S2-792014671,S2-863806703
S1-164615504	S3-852534575
S1-165874007	S2-614851244,S3-300181725
S1-165915863	S3-525856076,S3-690302474,S3-7033905,S3-872643255
S1-166130034	S2-167138963,S3-604306173
S1-166941639	S3-464977129,S3-523907378
S1-16771900	S2-478802552,S2-997868608,S3-451244469
S1-168656298	S3-218995476,S3-219662576,S3-97124203
S1-16896798	S3-656745455,S3-790778143,S3-984411749
S1-169471355	
S1-169564442	S3-809168811
S1-17068382	S3-864177636
S1-170746828	S2-729479118,S3-731086064
S1-170780445	S2-398840133,S2-678247241,S2-863636690,S2-941491251,S3-305505707,S3-473158793
S1-171226928	S2-518443780,S2-632375397,S2-92946079,S3-30327252,S3-564493388,S3-983818106
S1-171679630	S2-572337224,S2-851254223,S3-882840048,S3-97473035
S1-171806896	
S1-17206388	S2-551622594,S2-670117178,S2-778280401,S3-58317680,S3-838729208,S3-881501144
S1-172627624	
S1-173286870	S2-170845245,S2-846131529,S2-913024640,S3-371859587
S1-174024048	S2-172145108,S2-217652702,S3-487522124,S3-831523955
S1-174146241	S2-311455014,S2-906926745,S2-937892947,S3-531792619
S1-175157350	S2-35990836,S2-770737964,S2-873479366
S1-176326297	S3-693940993
S1-176334853	S3-870073228
S1-176616076	S2-679266499,S3-717822860,S3-841073006
S1-177244042	S3-718631310
S1-177670401	S2-662381927,S3-190753981,S3-538841442,S3-63273430
S1-178471187	S3-735508708,S3-936779821
S1-178542661	S3-838168337,S3-916848386
S1-178696524	S2-249331054,S3-685815879,S3-770706591
S1-178906804	S2-76477874,S2-774582056,S3-348313324,S3-620299914,S3-868906288
S1-179021919	S2-254095941,S2-654158679,S2-938000041,S3-557033555
S1-179030333	S2-500537857,S3-725568733,S3-914056373
S1-179360994	S2-226093538,S2-287079089,S2-289998359,S2-456923731
S1-17985643	S2-833810284,S3-159768479,S3-346268968
S1-180886306	S2-329214749,S3-151378458,S3-314666636,S3-903884125
S1-180923763	S2-765215458,S3-140566609,S3-317616865
S1-180936752	S2-244905091,S3-599966432,S3-60886413,S3-733775351
S1-181144095	S2-231643409,S2-958954350,S3-183256863,S3-356356348,S3-924013200
S1-181252930	S2-277335667,S2-540735970,S2-954749787,S3-445653459
S1-181342679	S2-808256195,S2-948383856,S3-445263155,S3-794475039,S3-952227304
S1-182026676	S2-692541918,S3-528892951,S3-994031823
S1-182445053	S2-200187818,S3-450602988,S3-76883363
S1-182633909	S2-686133106,S2-916697174,S3-178191486,S3-439965054
S1-183210851	S2-394661186,S3-41481326
S1-183878283	S2-789226248,S2-8382760,S3-363206432,S3-479556783,S3-606973969
S1-184112563	S2-654343662,S2-889585335,S3-331899040,S3-996874380
S1-184137996	S2-261336053,S2-604887916,S3-398386668,S3-532229114,S3-673093972
S1-185502834	S2-337275476,S2-446557062,S3-545244572
S1-185918861	S2-520918725,S3-863361504
S1-185964550	S2-373482826,S2-720486025
S1-186816137	S3-260452302,S3-518850793,S3-614167630
S1-187017508	S2-163114575,S2-181441088,S2-300624932,S2-921785201,S3-323586682
S1-18716924	S2-831413341,S3-654848451
S1-187570412	S3-199474833,S3-883958554,S3-897857258
S1-188070281	S2-283192300,S2-446803499,S3-600457523
S1-189418774	S2-441772945,S2-442623561,S2-509807425,S3-793499610
S1-190567859	S2-537701395,S2-674348773,S3-432857555
S1-191209328	S3-584137725
S1-191406032	S2-808920042,S2-997975063,S3-488955310
S1-19243804	S2-340730899,S3-17162077,S3-410975469,S3-481021967
S1-195080397	S2-261132122,S2-697800349,S3-221786955,S3-427100407,S3-885176570
S1-19554261	S2-239113363,S2-292785854,S2-856647291,S2-923395051,S3-217950334,S3-476955579
S1-196124805	S2-485936525,S3-528767013
S1-196221494	S2-625345251,S2-83273445,S2-91037361,S3-187892926,S3-850973238
S1-196931737	S2-663917701
S1-196987342	S2-571357378
S1-196996467	S2-175321530,S2-560475880,S3-44147483,S3-793988381
S1-197297436	S2-170560259,S2-469007465,S3-251850493,S3-270437545
S1-197541434	S3-784544002
S1-198221152	S2-132780645,S2-996482897,S3-200388459,S3-285349729
S1-198579479	S3-120529466
S1-198739579	
S1-200332639	S2-723735383,S3-203804323,S3-578457144,S3-630332799,S3-863717766,S3-988699529
S1-20093965	S3-462488507,S3-605984840,S3-644604876
S1-201570205	S2-113643742,S2-344117765,S3-320429670,S3-371659860
S1-201633051	S2-128542726,S3-842105901
S1-202958611	S2-627137037,S3-106210506,S3-801101256,S3-919777617
S1-203411397	S2-646039287,S2-87168393
S1-204351485	S2-564601054,S2-757741831,S3-899534815
S1-20459911	S2-203111692
S1-205140592	
S1-205348400	
S1-205635108	S2-166878697,S2-623575409,S3-460082517,S3-663402529
S1-206149330	S2-444995315
S1-207084028	
S1-207422081	S3-699053089,S3-756781021
S1-208693554	S2-981321382,S3-337385832,S3-956102295
S1-208825334	S2-628200834,S3-118617406,S3-274497334,S3-621370934,S3-654555013,S3-718888168
S1-208831154	S2-289436444,S2-600974031,S2-956241979,S3-687684601,S3-894165708
S1-209260214	S3-123081077,S3-547732956
S1-209364779	S2-688278357,S2-851609662,S3-705426035
S1-209655918	S2-547206995,S3-108884203,S3-464812285,S3-866245357
S1-209669739	S2-10419116,S2-510071279,S2-517008954,S3-462315460,S3-63461182,S3-893883761
S1-210092138	S2-53895382,S2-549702146,S3-225552258
S1-210766183	S2-36601118,S2-974468550,S3-144906450
S1-211899846	S2-25484976,S2-416036008,S2-634603153
S1-211926498	S2-170672136,S2-724837194,S3-21081128,S3-747364271
S1-212148787	
S1-212279400	S2-21101708,S2-632664525,S3-94904945
S1-212383601	S2-129191819,S2-39966266,S2-535620510,S2-76888722,S3-176540688,S3-732306393,S3-742754395,S3-810990001
S1-213262863	S3-28811932,S3-375187766,S3-783685362
S1-213333270	S2-559660638,S2-703885364,S2-878098302,S3-495971596,S3-735407159
S1-214121848	S2-355410206,S2-926847333,S3-153453727,S3-277384933,S3-386998082
S1-214392437	
S1-214762579	
S1-215077056	S3-881865064
S1-218425920	S2-787540067,S3-5450355
S1-219044670	S2-202030284,S2-41413440,S2-667297247,S3-436129181
S1-221908015	S2-792125371,S3-186057699,S3-780079982
S1-222238684	S2-44323907,S3-808697220,S3-844839420
S1-223166567	S2-386943518,S2-918915091,S3-277122276,S3-461024874,S3-470980091
S1-224507173	S2-239001905,S3-81239856
S1-224611858	S2-873162095,S3-315754646,S3-325728948,S3-571341807
S1-225015652	S2-10113220,S2-151952707,S2-315432336,S3-378808623,S3-779281085
S1-225260952	S2-374353048,S3-319459815,S3-448775953,S3-813701382
S1-225398001	S2-408510086,S3-965876538
S1-226211623	S2-438426216,S3-238960960
S1-226421266	S2-429250006,S2-739294539,S2-79278339,S3-371167507
S1-226517513	S2-373841164,S2-67174003,S2-721579428,S3-308726033
S1-227140303	S2-309638799,S3-868939622
S1-227176635	S2-459853652
S1-227517182	S2-288562393,S2-789052051,S2-98487827
S1-228279134	S2-133368157,S3-42225359,S3-446735375,S3-880679673
S1-228832990	S2-810853622,S3-536877223
S1-228884127	
S1-228888854	S2-601988739,S3-330191078,S3-44708806
S1-229922488	S2-167662418,S2-917888188,S3-908395907
S1-23015614	S2-745528959,S3-464035970,S3-588842108
S1-230308182	S2-432506550,S3-33708227
S1-23056032	S2-46475090,S2-857019498,S2-924125774,S3-124684006,S3-206392641,S3-422641890,S3-695933746,S3-767060428
S1-231333182	S2-97504382,S3-178837615,S3-9382461
S1-231813210	S2-471441304,S2-885349534,S3-550518742,S3-85248992,S3-865633790,S3-927160824
S1-231837050	S3-267557823,S3-687904810,S3-975124450
S1-232116162	S2-540537593,S3-802989539,S3-92821435
S1-232618668	S2-695108324,S2-838392881,S3-241254536,S3-326732669,S3-789965503
S1-232852152	
S1-233732268	S2-81683064,S3-159983557,S3-616356969
S1-23379815	S2-535897578,S2-65738138,S3-512269991,S3-607852237,S3-7735556
S1-235593041	S2-786024259,S2-888923722,S3-147795149,S3-651416022
S1-236648665	S3-184458504,S3-211012600,S3-633238425,S3-843948895
S1-238524174	S2-487194852,S2-516611250,S2-626622533,S2-838431323,S3-824138879
S1-23867217	S2-317774672,S3-481495541
S1-23933197	S2-113520380,S2-731720408,S3-397925085
S1-240318554	S2-130651480,S2-580059829,S3-35059203
S1-240637747	S2-153943935
S1-240680399	S2-515300196,S2-673688122,S3-628630368
S1-240916563	
S1-24104369	S2-253311233,S2-376530199,S3-199622391
S1-241895133	S2-7353962,S3-320756421,S3-6899024,S3-800076330
S1-242866750	S2-657658564,S2-782391804,S2-824492123
S1-24305973	S2-785078102,S3-309509394,S3-828127572,S3-940270155
S1-244018492	S2-4537989,S2-674790749,S3-252164109,S3-276576507,S3-279315455,S3-485027817
S1-244347459	S3-367642892,S3-521285769
S1-245023930	S2-129457197,S2-637111758,S2-83099065,S2-889619707,S3-345912159,S3-919954258
S1-245215825	S2-587350985
S1-245358131	
S1-245589650	S2-425399255,S2-559788627,S2-717705997,S2-948605571,S3-603266233,S3-938393232
S1-246283519	S3-332004269
S1-246430250	S2-166606349,S2-459763709,S3-377712315,S3-772969034,S3-990721765
S1-246456418	S2-578815271,S2-922027628,S3-459726169,S3-980439372
S1-247267200	S2-399323341,S2-515628895,S3-117967737,S3-28688511
S1-247273599	S3-385403853,S3-840445600,S3-90396954
S1-247284513	S2-213354246,S3-748392598
S1-24738053	S2-140307681,S2-411163658,S2-510922428,S3-215855492,S3-669138930,S3-784049370
S1-247784385	S2-651569708,S3-648436600,S3-691129561
S1-248050840	S2-114270776,S2-849630112
S1-248161353	S2-109825473,S2-599700381,S3-632105150,S3-886273758
S1-248285580	S2-456397028,S3-504116421,S3-544562149,S3-696092420
S1-248527077	S2-573444811,S2-71064316,S2-89439610,S3-58212136
S1-248766744	S3-343005656,S3-845969493
S1-24892513	S3-470811997
S1-249116846	
S1-24916373	S2-365822084,S2-399343533,S2-875337230,S3-536550820,S3-657690658
S1-249273796	S2-413776834,S3-479488494,S3-739651815
S1-249739553	S2-116530278,S2-273891353,S3-588933685,S3-715579161
S1-25057424	S2-569570321,S2-884703700,S3-183619643,S3-314388713,S3-460095443
S1-250724557	S2-519863269,S2-940147342,S3-465334759
S1-251057654	S3-518071932,S3-902123532
S1-251815069	S3-124981948,S3-345226477,S3-703095638,S3-716716240,S3-951571738
S1-252548173	S2-518274809,S3-27140576,S3-891542284
S1-253987111	S2-510030022,S2-848609433,S3-631621665
S1-254481790	S2-502338107,S3-486003608,S3-751183111,S3-880892278
S1-25495248	S2-662018117,S3-208025747,S3-856951999
S1-25566591	
S1-255705355	S2-536942691,S2-821385893,S2-90599364,S3-653229121,S3-776772734
S1-256343247	S2-765752831,S2-801231070,S2-954029008,S3-373306439,S3-83083398
S1-256472774	S2-884160339,S3-997996419
S1-256473352	S2-299767486,S2-945977726,S3-696343967,S3-756872425
S1-256521512	S2-130735238,S3-151693785,S3-403401412
S1-256545500	S2-306586521,S2-319103047,S2-439540504,S3-293578346,S3-602849417,S3-769869734
S1-256926298	S2-230166221,S2-259777365,S2-324349550,S2-599641271,S2-7320354,S3-904080473
S1-258215643	
S1-258219656	S3-422318235
S1-258548037	S2-840170197,S3-388373449,S3-664366607,S3-865503478
S1-25922331	S2-239236632,S2-261106760,S2-678260387,S2-950995604,S2-971942525,S3-590496459,S3-858280535
S1-260060664	S3-973891806
S1-260171466	S2-410785330,S2-886754701,S3-35529413,S3-445602796,S3-563409449
S1-260192298	S2-23154551,S2-562581607
S1-260728497	S2-182687095,S2-500423951,S3-129607187,S3-763811096
S1-261169281	S2-170426853,S3-773417879
S1-261790180	S2-766256986,S2-858260269,S3-435843784
S1-261857747	S2-826669148,S3-410379588,S3-711349864
S1-261931295	S2-684180120,S3-314594798,S3-565129770,S3-826309010
S1-26257270	S2-607322546,S2-902564552,S3-211210772,S3-360227409
S1-262750949	
S1-262802765	S2-22776376,S2-738682904,S2-761585822
S1-26498913	S2-295149096,S3-366731941,S3-513661152
S1-265015064	S2-932091724,S3-375330055
S1-266318854	S2-471707352,S2-496138664,S3-62929865,S3-667987402
S1-266594653	S2-336401327,S3-343710379,S3-564197511,S3-675815950
S1-26660244	S2-869575836,S3-555631053,S3-571367461,S3-831179666
S1-266692839	S2-54035524,S3-868504226
S1-266991737	S2-274985410,S2-718192649,S3-441850424
S1-268527833	S2-872227681,S3-471590006,S3-767305343
S1-268699253	S2-968059846,S3-875896478
S1-268959255	S3-171630642,S3-214991017,S3-377949029
S1-269898915	S2-149235366,S3-192723724,S3-645089329,S3-955761869
S1-270229536	S2-405278395,S3-374048728,S3-387330034,S3-911273057
S1-271828436	S2-155685116
S1-272640668	S2-471259239,S2-513453333,S2-939587496,S3-336054494,S3-497528741
S1-272721298	
S1-272849486	S2-338840014,S2-727447690,S3-134545232,S3-733171403
S1-272925563	S2-116477358,S2-655585564,S2-726205817,S3-688491363
S1-273025898	S2-195013333,S2-523125435,S2-686597654,S3-257864598,S3-568182553
S1-273190979	S2-172229317,S2-558500421,S2-985188361,S3-247807725,S3-480573333,S3-989287558
S1-27453021	S2-145496910,S2-499201356,S3-252828722,S3-5289323,S3-975815783
S1-274595093	S2-666456463,S2-950398587,S3-275458970,S3-513708876
S1-276213081	S2-395026024,S2-8448525
S1-277216309	S2-760775455,S3-581910762,S3-876425775
S1-277252427	
S1-277276936	S2-520415697,S3-184448752,S3-267861359
S1-279142402	S2-127168212,S3-132367997,S3-554751031
S1-279280299	S2-356677474,S2-978702895,S3-172331474,S3-25311329,S3-350061301,S3-771750943
S1-279706723	S2-831299862,S3-13361809,S3-355482236,S3-87823393,S3-909030119
S1-281755114	S2-932934730,S3-464853374,S3-599039537
S1-281867900	S2-687548257,S2-777886220,S3-468768379
S1-282010599	S2-221095485,S2-278476324,S2-365239630,S2-825196006,S3-965019726
S1-282295416	S2-141734634,S2-320376243,S2-858783444,S3-38666642,S3-543582133
S1-28261429	S3-100208737
S1-283001233	S2-469593125,S3-557863207,S3-769302520,S3-873169030
S1-28306142	S2-921343384
S1-283881582	S2-243591112,S3-464367148,S3-54130545,S3-621589324,S3-705559436
S1-284357691	S2-224914982,S2-957678779,S3-908962293
S1-284516393	S2-101145583,S2-17380666,S2-249455107,S2-266197882,S3-213234540,S3-710903268
S1-284614222	S2-951361305,S3-231089470,S3-456841785,S3-46539689
S1-285097507	S2-619607109,S3-522727954,S3-770199340,S3-891366228
S1-285258229	S2-722885840
S1-285451793	S2-152166487,S2-441216250,S3-799729676
S1-285470607	S2-438063940,S2-559775498,S2-794868903,S2-830263693,S2-914478345
S1-28578244	S2-77583624,S3-687143551
S1-285819412	S2-309785010,S3-195083885,S3-66869081
S1-286816578	S2-487783767,S2-809838587,S2-913086103,S3-315108034,S3-502397060
S1-287897567	S2-545661866,S2-676046748,S3-312008684
S1-288405802	S2-342955635,S2-943151928,S3-265351890
S1-288725441	S2-671473036
S1-288855596	S2-583090877,S3-281793800,S3-393295732
S1-288900645	S2-114636417,S2-474858007,S3-234036171,S3-986960950
S1-288947837	S2-667231440,S3-339506326,S3-956474226
S1-289021297	S2-746951369,S3-370885298,S3-798458615
S1-28955191	S2-540956128,S2-60599118,S3-480643896
S1-290730613	S2-552266469,S2-674414977
S1-291654549	S2-454835742,S3-90360043
S1-292684571	S2-627958031,S2-76303055
S1-292735893	S2-570532827,S2-636289803,S3-365848083
S1-293371385	S2-461862023,S2-479489940,S3-574396052,S3-815106480
S1-29349535	S3-592390368
S1-293762232	
S1-295177261	
S1-295284011	S2-571637551,S3-254931015,S3-304107048,S3-387471466
S1-295295975	S2-529370845,S2-774939201,S3-285246752,S3-924544429
S1-295434714	S3-324635697,S3-692037198,S3-890194276
S1-296416408	S3-188551640,S3-481168873,S3-562025620,S3-588175833
S1-297328651	S2-418828958,S2-574880663,S3-218596687
S1-29749013	S3-373344595
S1-29789193	S2-566876450,S3-519063439,S3-732871522
S1-297941603	S2-686100511,S2-944309335,S2-970123299,S3-187254154
S1-298207223	S2-313979221,S3-96195499
S1-298578196	S2-11544163,S2-895593447,S3-76514670,S3-970265969
S1-298601510	S3-493311960,S3-514987867,S3-562602094,S3-831622530
S1-299787574	S2-508740289,S2-537177765,S3-452006509
S1-299861722	S2-394138814,S3-511117428
S1-300869734	S2-439844706,S2-692950296,S2-971544031,S3-351681685
S1-301050317	S2-106497958,S2-858319913
S1-301364052	S2-13633064
S1-302247650	S2-640267097,S3-289282855,S3-739689314
S1-302958270	S3-182499330
S1-303638435	S2-665865187,S2-94415499,S3-727431276
S1-303931070	S2-560139104,S2-962088935,S3-290090188,S3-726313678,S3-91601333
S1-306017406	S2-305620494,S2-559843505
S1-306329056	S2-894374627,S3-444681758,S3-649160173
S1-307661923	S2-817612910,S3-283153207
S1-308953938	S2-372513088,S2-517072156,S3-410330697,S3-6788416
S1-309650476	S2-67382386,S3-30423847,S3-697655500
S1-309827824	
S1-310064063	S3-475029984
S1-310485873	S3-730402867,S3-989028814
S1-31060829	S2-319656152,S3-37796894,S3-692488476
S1-311275743	S3-297570571,S3-495470622
S1-311670803	S2-501312734,S3-190905289
S1-312235137	S3-92216014
S1-312677351	S2-211807217,S2-408994894,S2-463523896,S3-420917708
S1-31277835	S2-437821221,S2-457543941,S3-959518823
S1-313435685	S3-187765089
S1-313640079	S2-825242388,S3-890058968,S3-96073505
S1-314703917	S2-371021528,S3-548438684
S1-314821721	S2-450018755
S1-314838165	S2-164632002,S2-251771461,S2-827474087,S3-412864178
S1-315051350	S2-403202669,S3-576912861,S3-650521687
S1-315209126	
S1-315244635	S2-508510723,S3-41786908,S3-644184619
S1-315679803	S2-69086837,S3-874374352
S1-31613122	S2-159614889,S2-718235895,S3-546420374
S1-316781167	S3-418448227,S3-499449271,S3-520421006,S3-592755744,S3-720674110
S1-317605239	S2-588293043,S3-764085500,S3-764614790
S1-317851611	
S1-318096834	S2-285337739
S1-319412314	S2-327588732,S2-465615305,S3-575920137,S3-589716650
S1-319803773	S2-673526407,S3-69841852
S1-320857877	S2-740557261,S3-685882432
S1-321086402	
S1-321285349	S2-350464129,S2-603216500,S3-480765401,S3-688376926
S1-321332435	
S1-321691832	S2-61067579,S2-662465096,S2-787174381,S2-962129995,S3-18656005,S3-208495790,S3-866935857
S1-321710048	S2-301474787,S2-929761982,S3-376773116,S3-883891598
S1-321818285	S2-125937692,S2-155464190,S2-221477896,S2-825953048,S2-971391405,S3-276543174,S3-363043711
S1-321904255	S2-746141520,S2-783624944,S2-905439397,S3-671969590,S3-836761725
S1-322670554	S2-308602208,S2-64693025,S2-915707084,S3-266787162
S1-322870263	S3-682161839
S1-323413520	S2-35619615,S2-827533200,S2-970197231,S3-534219839,S3-668713277,S3-91452067
S1-323766674	S2-393380220,S2-530402060,S3-214377562
S1-324263302	S3-343897325,S3-557993817,S3-916859486
S1-325182538	S2-709516102,S2-795592465,S2-978692266
S1-326313319	S2-961198992
S1-326464164	S2-244938626,S3-441282771
S1-326573634	S2-791260102,S3-120108608,S3-818027210,S3-865988269
S1-326794764	S2-659220721,S3-155268729
S1-326825112	S2-364935638,S2-481957429,S2-74463804,S3-497076676
S1-326920362	S2-207969498,S2-735515954,S3-919524930,S3-930293756
S1-326937840	S2-366468837,S2-64365150,S2-937371555,S3-808498128
S1-327325151	S2-371180519,S2-602885257
S1-327510317	S2-365864753,S3-262469207,S3-601905154
S1-327811328	S2-3925997,S2-40209713,S2-709496730,S2-973957800,S3-138838193,S3-538169593,S3-547894385
S1-327916128	S2-289503087,S3-341299471
S1-328828277	S2-350086796,S2-571164874,S3-304478476,S3-761215046
S1-329333831	S2-55773359,S2-561948336,S2-659850968,S3-17011401,S3-179691043
S1-329335033	S2-726879503,S2-84683836,S2-8659442,S2-902937630,S3-699958779
S1-329642680	S2-521423276,S3-304116903,S3-478424500
S1-330232473	S2-510665270,S3-49030901
S1-331217957	S3-523102593
S1-332544672	S2-319715846,S2-521170317,S2-872635492,S3-426418825,S3-480651291
S1-332715948	S2-183154674,S3-311108019,S3-37234338
S1-33315303	S2-730066871,S3-344169205
S1-334093330	S2-75210924,S2-843526511,S3-634767274
S1-335301031	S2-211145788,S2-448236984,S3-693616346,S3-794706278
S1-33537044	S2-439782541,S3-96795992
S1-33572761	S2-1834540,S3-357100199,S3-554471551,S3-844825937
S1-335967956	S2-721067079,S3-211445042
S1-336044801	S2-152074753,S3-237226075
S1-336181930	S2-946250300,S3-176531708,S3-244780549,S3-545593604
S1-337525428	S2-599849450,S3-65648512,S3-989691698
S1-337620970	S2-12371494,S2-263109239,S3-111900465,S3-758338739,S3-998962817
S1-33765893	S2-791595459,S3-142530480,S3-309241569,S3-615279873,S3-753219655
S1-339424423	S2-11393049,S2-376134515,S3-834300193
S1-339585535	S2-106046520,S3-479311596
S1-340002312	S2-695967713,S2-698038588,S3-406191037
S1-340767126	S2-195261985,S3-841212060
S1-340781146	
S1-34081350	S2-19031834,S2-901532309,S2-939750325,S3-800508294
S1-34181833	S3-244796689
S1-342022479	S2-205760059,S2-218703225,S3-476585534
S1-342223702	S2-601304093,S2-674769801,S2-912995593
S1-342562820	S2-873437879,S3-722447169
S1-34267226	
S1-342716661	S2-255138205,S2-539530584,S3-177736308,S3-303530013
S1-342750841	S2-498105879,S2-778643640,S3-561972533
S1-342807694	S3-808732887
S1-343264189	S2-152587827,S2-357379424,S3-169945644,S3-758202649
S1-34332569	S3-48819832,S3-99558505
S1-343904895	S2-586466595,S2-821223193,S3-68879554,S3-749101696,S3-960427675
S1-344152319	S2-25350937,S3-613342865,S3-952342593
S1-344339220	S2-20632645,S3-493382415,S3-786843573
S1-34485676	
S1-345259097	S3-195094009,S3-716007185
S1-345613773	S3-913728685
S1-345682993	S2-589633796,S2-909309567,S3-261213433,S3-933772639
S1-346207371	S2-121472098,S2-205733706,S3-583217863,S3-79990438,S3-816647190
S1-34703985	S2-259476734,S2-406825588,S2-668519172,S3-415577310,S3-781312709
S1-347452328	
S1-347760092	S2-51472024,S3-854908885
S1-348229916	S2-354857928,S3-739710909,S3-864704645,S3-962616403
S1-348589678	
S1-348776573	S2-10978575,S2-335833448,S2-39942603,S3-456880116
S1-349014820	S2-807736507,S2-85641765,S3-38652558,S3-544749460,S3-927427388
S1-349550100	S2-521365226,S2-695711560,S3-696360594
S1-349700230	S2-140999943,S3-364824959,S3-416953644
S1-350802863	S2-642656414,S3-462071168
S1-350850589	S3-529821241,S3-674789301
S1-350938452	S2-270383037,S3-149025096
S1-351093285	S2-653026364,S2-670587577,S3-34847135
S1-351318881	S2-518121566,S3-133407571,S3-190930138,S3-460712893,S3-952017491
S1-352604543	S3-324274188
S1-353411751	S3-823764893
S1-353515837	
S1-354068386	S2-42086154,S3-66651703,S3-674439401
S1-356528508	S2-920753297,S3-249231530,S3-510025950,S3-835961262
S1-357295155	S3-287910045
S1-358132912	S2-699036590,S3-138668722
S1-35815025	S2-214174838,S2-936258167,S3-196463087,S3-837388464
S1-358188421	S2-344136768
S1-358500669	S2-37824669,S2-715804224,S3-214125577
S1-358601891	S3-73088457
S1-358743745	S2-320301899,S2-711412437,S2-91064684,S2-93507203,S3-204946879,S3-356623615,S3-668440196,S3-907655973
S1-359033061	S2-592255150,S2-615426019,S3-756975640
S1-35908111	S2-392006261,S3-272846089,S3-76647500,S3-809113811
S1-359573250	S2-314701061,S3-835757968,S3-985097632
S1-359931067	S2-539185150,S2-768618180,S3-197923160
S1-360541610	S2-994370150,S3-880429192,S3-900815384
S1-360994973	S2-674500345,S3-264877609,S3-904601379
S1-361163422	S2-457473547,S3-196862585,S3-402230621,S3-940970250
S1-361859792	S2-573726039,S2-810585553,S3-45324372,S3-938952505
S1-361917992	S2-402728614,S2-429337251,S2-654828494,S2-721441831,S3-166923898
S1-362174	S2-513179890,S3-297875365
S1-362827315	S2-32233749,S3-667426491
S1-363797505	
S1-363830668	S2-338239104,S3-731781184
S1-363881648	S2-22664626,S3-835748978
S1-364072434	S2-200044737,S2-809019440,S3-526600715
S1-364282301	S2-172283761,S2-487283955,S3-315339696,S3-319087531
S1-364479937	S2-22460399,S3-188490337
S1-364589143	S2-950244623,S2-973647242,S3-15902678,S3-241865027,S3-942868
S1-364640465	S2-521436338,S2-578940944,S2-628283,S2-89787158,S3-34683564
S1-365227711	S3-431057189
S1-365396425	S2-235104006,S2-797146183,S3-130267472
S1-366219412	S2-200425371,S2-639069323,S2-695142293,S2-873324139,S3-152203193,S3-7534519,S3-778640565
S1-366446177	S2-236292422,S3-240865984,S3-505448541,S3-53708900,S3-989173135
S1-366675304	S2-281033600,S2-976130581,S3-330976637,S3-745554953,S3-797537628
S1-366858211	S2-864939451,S2-904058698,S2-923847176,S3-47077800,S3-694763557,S3-781283407
S1-367291716	S3-135476577
S1-368004430	S2-15775722,S2-918698434
S1-368456765	S2-252516600,S3-54211794,S3-547908271
S1-368953797	S2-771197888,S3-233818305
S1-369436315	S2-285217173,S2-618756465,S3-101700699,S3-242128691,S3-50519418,S3-540488249
S1-369638968	S3-635211709
S1-370318467	S2-101321580,S2-112041948,S2-357703624,S3-189508780,S3-835406027,S3-903789984,S3-968492634
S1-370419392	S2-280234582,S2-692660861,S3-543379345,S3-548580459,S3-631859282,S3-807229780
S1-370712658	S2-406613999,S2-510938652
S1-371733566	S2-372118633,S3-153541941
S1-372053738	S2-913087203,S3-793046109,S3-910149721
S1-372729487	S2-58292698,S3-165914852
S1-373175641	S2-255375077,S2-861990087,S2-876923828,S2-971675389,S3-411123432
S1-37324492	S2-782854650,S2-822695626,S2-985107817,S3-996043145
S1-37324680	S2-449024730,S3-523598884,S3-762869982,S3-929706117
S1-373418207	S2-169181735,S2-299119012,S2-396375008,S3-129861439,S3-186646809,S3-948745744
S1-373446305	S2-105914370,S2-646190744,S3-513325766
S1-373474207	S2-513557811,S2-876451503,S3-106183492,S3-46248033,S3-912258900
S1-373635517	S3-947694541
S1-373673673	S2-411474058
S1-37388827	S3-277821506,S3-368210811
S1-374387221	
S1-374434926	S2-225450619,S3-989224927
S1-37465102	S2-106706895,S2-515511266,S3-226356013,S3-601101321
S1-375092160	S3-113056029
S1-37707491	S2-646391085,S2-721473332,S3-158504939,S3-605933846
S1-377186602	S2-440612475,S2-996457755
S1-377309209	S2-545617299,S2-645633135
S1-377614419	S2-269090894,S2-450971738,S3-197811342,S3-347363136,S3-391833606
S1-377860031	S2-395530804,S3-19768521,S3-444782564
S1-377966619	S2-810737942,S3-160747785
S1-377982562	S2-573549147,S2-893820946
S1-378342084	S2-499936767
S1-379301216	S2-232449077
S1-379477038	S2-155519059,S2-665892768,S3-295266620,S3-660979836,S3-713637793
S1-379528977	S3-156270950,S3-844261190
S1-379530924	S2-115234948,S2-491633655,S2-647273937,S3-512594846,S3-658317936,S3-678706514
S1-380356603	S3-429137099
S1-38092686	S2-40668200,S2-496645410,S3-73517775,S3-833567819,S3-9252009
S1-381081367	
S1-381540720	
S1-381777317	S2-455308351,S3-296474056,S3-460948453,S3-882240867
S1-381887294	S2-219652309,S2-248552020,S2-569042059,S2-765976480,S2-767419271,S3-269152957
S1-382237627	S2-160527912,S3-373499500,S3-518520495,S3-797686049
S1-382264455	S2-475291985,S2-839257379,S3-556632519,S3-78629542
S1-382419422	S2-666622036,S2-835686272,S2-846071488,S3-533948827,S3-782124688,S3-815276239
S1-383557821	S3-990520076
S1-384906201	S2-113486444,S2-161336706,S2-281878251,S3-931271292
S1-385503077	S3-523416359
S1-385515723	S2-41045294,S3-177227315,S3-537381170
S1-386164811	S3-467518644
S1-386951554	S2-492165030,S2-639993890,S2-875416315,S3-391150010,S3-45894313
S1-38697523	S2-128336825,S3-160925133,S3-808121490
S1-387942393	S2-993633388,S3-807079063
S1-388001906	S2-445028406,S3-15430678,S3-688940232
S1-388253939	S2-594816816,S2-637244284,S2-889838611,S3-763752163
S1-388288035	S2-993177905,S2-996978931
S1-388433680	S2-524699319,S3-203745097,S3-409162995
S1-388909305	S2-352914560,S2-850205272,S3-432751947,S3-555224996,S3-929964561
S1-389198170	S2-483427215,S2-600362635,S3-622599146
S1-389821786	
S1-389979959	S2-389268894,S2-533545280,S2-809561765,S3-345229084
S1-390822631	S2-112606130,S2-184429388,S3-921554060
S1-390872819	S2-352623889,S2-462510815,S2-539266338,S3-645838370
S1-39136321	S2-618207614,S3-491078141
S1-392618598	S2-972121793,S3-710627057
S1-392743694	S3-534781117,S3-552828469
S1-393421739	S2-344532692,S2-483881316,S2-780925221
S1-393640506	S3-43782882,S3-500540861,S3-767043203
S1-393821550	S3-834097756,S3-982314025
S1-393893683	S2-29702641,S2-806548925,S2-858660470,S3-617528981
S1-393903055	S2-304655498,S2-54308139
S1-394059493	S2-495719099,S2-818643215,S2-927354102,S3-604101671
S1-394064735	S2-679387227,S2-890567305,S3-12375700,S3-213741099,S3-431980550,S3-992260794
S1-394531291	S2-43158936,S2-902428501,S3-950262439
S1-394836603	S2-396207833,S3-553132331,S3-730172530
S1-395101858	S2-745631179,S3-125349372,S3-887679741
S1-395392795	
S1-395511449	S2-168755841,S2-593108722,S3-189655861,S3-198034355,S3-904002905,S3-993564740
S1-395702775	S2-138982346,S2-343604402,S2-792561409,S3-181501896
S1-396024629	S2-413659134,S2-890073079,S2-935875382,S3-193180305,S3-288991022,S3-524215366,S3-888486409
S1-396121751	S3-266177011,S3-534387241,S3-861977030
S1-3962839	S2-348843327,S2-593589165,S3-213843175,S3-436084914
S1-396887487	S2-409226893,S2-840879546,S3-27989128,S3-834714215
S1-397198421	S2-21969303,S2-782728509
S1-39772599	S2-249985990,S2-88674945,S2-972400675,S3-62276542,S3-958152743
S1-399162471	S2-865059882,S3-417700401
S1-399532884	S2-114208311,S2-189818352,S2-568270220,S2-99459072,S3-658866162
S1-399761147	S2-702309664,S2-719123615,S3-139792243,S3-257700316
S1-400281816	S2-152119056,S3-732632153
S1-400537875	S2-732574533,S2-871686913,S3-318112523
S1-40155311	S3-182041461,S3-193319320,S3-224937591
S1-401952529	S2-721622047
S1-402086837	S2-888086320,S3-620151182,S3-74814169,S3-824785669,S3-896873447
S1-402272627	S2-733943092,S3-590995040,S3-831581600
S1-402439052	S3-350204352,S3-605649756,S3-725852735
S1-403457719	S2-703908165,S3-918510730
S1-403573726	S2-200421653,S3-517998254
S1-404129787	S2-13993842,S2-994246357,S3-468733758
S1-404777375	S3-521177134,S3-76889919
S1-404995167	S2-692204351,S2-784386291,S2-878974315
S1-405130209	
S1-405201	S2-368285408,S3-304939292,S3-456317085,S3-793734305
S1-405518824	S2-20840394,S2-585034509,S2-644921940,S3-201712443,S3-273604953,S3-917340909
S1-405521342	S2-298737486,S2-921599532,S3-495160595
S1-405659542	
S1-406066720	S2-426655253,S2-917913519,S3-351226034,S3-93625988
S1-406152256	S2-332427640,S2-48600062,S3-213367983,S3-804612212
S1-406318464	S2-933891703,S3-597725973
S1-406527539	S2-293210348
S1-40707936	S2-81685787,S3-35690066
S1-407485321	S2-401413145,S3-413295383,S3-422747368
S1-408183471	S2-682144149,S2-84740239
S1-410278615	
S1-410428114	S2-680746778,S3-899461401
S1-41058451	S2-519859158,S2-703060363
S1-411166759	S2-731395435,S2-929740995,S3-731161941,S3-962313945
S1-412022174	S3-170404952,S3-77979620
S1-412124814	S2-474406393,S3-353531025,S3-432036190,S3-557960677
S1-413366406	S2-727467683,S3-53398556,S3-828384314,S3-89724815
S1-413884258	S3-109276807,S3-137644449,S3-652664233,S3-999216571
S1-414390428	S3-430343689
S1-416106884	S2-302303729,S2-424621360,S3-173901513,S3-366436158
S1-416123909	S2-404480450,S2-50631710
S1-416525796	S2-298948594,S3-868115034,S3-946169986
S1-418168747	S3-264723863,S3-651655634,S3-741181049,S3-772893214
S1-418414550	S3-810320845
S1-418672738	S3-345804323,S3-601197066,S3-796313018
S1-418849995	S2-429259396,S3-33484655,S3-682897049,S3-762505918,S3-815329866
S1-419625791	
S1-419686091	S3-611604983
S1-419922883	S2-748151670,S3-474237833
S1-421304085	S2-962741797,S3-485387285
S1-421319885	S2-84394449,S3-27003168,S3-978547272
S1-422100345	S2-958457475,S3-517313779
S1-422237198	S2-635968531,S3-15538015,S3-416046132
S1-423565136	S2-390224090,S3-329172031
S1-423700237	S2-237172168,S3-651393441
S1-423880917	S2-947432222,S3-138800454,S3-313676282,S3-785367528,S3-909358706
S1-423973106	S2-762614150
S1-424158750	S2-567418524,S3-382878313,S3-412802247
S1-424513994	
S1-425029735	S2-236190743,S2-747698604,S3-156430990,S3-382987341,S3-90910928
S1-425087749	S2-477328884,S2-52169617,S3-69937943
S1-425713334	
S1-426137654	S3-321244810,S3-517135813
S1-426702569	S2-367489307,S2-985193882
S1-426972643	S2-940042592,S3-163357592,S3-32136352
S1-427101995	S2-634643072,S3-161048905,S3-244903944,S3-275109125
S1-428779552	S3-744108445,S3-958101276
S1-430126073	S2-204476320,S3-722272473,S3-905950836,S3-956144654
S1-430175506	S2-652249480,S3-932436143
S1-430241671	S2-637766944,S2-897242963,S3-176095152
S1-430639396	S3-194887837,S3-346236019,S3-710016946
S1-431442616	S3-598348652
S1-431867032	S3-698507983,S3-865084108
S1-431993897	S2-777244017,S3-577397816
S1-432062191	S3-409274145,S3-777231317,S3-979527990
S1-432340801	
S1-4329987	S2-384007666,S2-507889943,S2-991421240
S1-433173953	S2-699233472
S1-433422708	S3-815199005
S1-434002281	S2-761021116,S3-745145866
S1-434161485	S2-309832557,S2-516650782,S3-709962730
S1-435159240	S3-101811194,S3-208692427,S3-747804890
S1-435261305	S2-334456582,S2-943204760,S2-947280959,S3-224640315,S3-352118115,S3-554362677
S1-435426646	S2-71265003,S2-952124934,S3-257257670,S3-497300065,S3-569685695
S1-4356385	S2-405211198,S2-586339418
S1-435764640	S2-543546865,S3-364529952,S3-59138341,S3-91481361
S1-435820103	S2-829292582,S3-176299773,S3-262620109,S3-468178278,S3-629435422,S3-962006545
S1-436036202	S3-276398157
S1-436107441	
S1-436247087	S2-800455231,S2-871788438,S3-544592667
S1-436611196	S2-502579410,S3-178473387,S3-765902149
S1-436640256	S2-453740967,S2-644161166,S2-920544402,S3-382614178
S1-438307294	S3-654711138,S3-693874238
S1-438665300	S2-804035363,S3-411783455,S3-787281505
S1-439117512	S2-44069402,S2-526895027,S2-96258376,S3-167057593
S1-439203736	S2-21514581,S3-805439682
S1-440158475	S3-571678324
S1-44102077	S2-495782459,S3-746448791
S1-441822798	S3-304675434
S1-442262521	S3-268675162
S1-442624598	S2-657014035,S2-701895160,S2-729066141
S1-443383960	S2-53189980,S3-514737217,S3-694004337
S1-443395761	
S1-443405762	S2-409439712,S2-752339594,S3-430090495,S3-79950172
S1-44397798	S2-421910247,S2-790720495,S3-32487976
S1-44414728	S2-335408753,S2-780382741
S1-444946073	S2-691996291,S2-909877218,S3-241337800,S3-400139650
S1-444978633	S2-491966502,S2-740834297,S3-887481059
S1-44511991	S2-852960984
S1-445383442	S2-479586087,S2-493961191,S3-580839119,S3-834088015
S1-446229083	S3-312104436
S1-446766985	S2-24495402,S2-626423546,S3-315967576,S3-377983155,S3-861113570
S1-446933443	S3-702544430,S3-791244389
S1-447078252	S2-257777697,S3-755582590
S1-447521690	S2-536816939
S1-447690712	S2-902689548,S3-11441378,S3-189584212
S1-447747292	S2-397086295,S2-534768162,S2-947883486
S1-44785280	S2-63149135,S2-925668631
S1-448367080	S2-722589032,S3-536033420
S1-448467370	S2-240778023,S3-747716077
S1-448989961	S2-35095552,S3-602047721,S3-747471050,S3-985760946
S1-449176880	S2-588486453,S3-176088965
S1-449387618	
S1-449644448	S2-179667187,S2-593123156,S3-250625969
S1-449838181	S3-253265851
S1-451492072	S2-727138020,S2-808049219,S3-912980460
S1-451496142	S2-369727829,S2-822989674,S3-576681460,S3-951264668
S1-452378977	S2-305961635,S2-576035838,S2-685388931,S3-290812564,S3-322604144,S3-351933911,S3-65799397
S1-45257038	S3-215010021
S1-45275723	S2-130718985,S2-466114429
S1-455385190	S2-597655278,S2-845380404,S3-884880323
S1-45575585	S2-724349201,S3-813096391,S3-975257382
S1-455886423	S2-401166227,S2-935404164,S3-788721488
S1-45643116	S3-364082274
S1-456624929	S3-18030743,S3-305024835,S3-481230476
S1-457616829	S2-22206642,S3-193027200,S3-264516622,S3-787457971,S3-828319320
S1-458530988	S2-60461710,S3-277442423
S1-459123424	S2-444077592,S2-538263601,S3-528488124
S1-460500435	S2-310950959,S3-709477578,S3-733262139
S1-460658692	S2-72271114,S2-855495334,S3-374084651,S3-610927353
S1-460718306	S3-664601597,S3-827676518,S3-998005988
S1-461070808	S3-298526588,S3-327112503,S3-519826347
S1-461222117	S2-224731399,S2-427370911,S2-497549106
S1-461741774	S2-425686241
S1-461930804	S2-857775046,S3-555387786
S1-462264126	S2-11364233,S2-763112282,S3-100052035,S3-483831900,S3-760116858,S3-865165128
S1-462720339	S2-174385570,S2-869304021,S3-550729549
S1-462925245	S2-396807925,S2-448863776,S3-145765007
S1-463989307	S2-682677381,S2-975956412,S3-471054880,S3-766264364
S1-464054746	S2-673733365,S3-354453096
S1-464095516	S2-80487795,S2-80666529,S3-359509730,S3-49996510,S3-678656076
S1-464387602	S2-214350415,S2-41613706,S2-478143516
S1-464455049	S2-256272676,S3-373128144,S3-469039417
S1-464958840	S3-610650867,S3-704539981
S1-465483754	S2-869754084,S3-19657102,S3-545301434,S3-75558002
S1-465559531	S2-793258763,S2-852377890,S3-56659692
S1-466548212	S2-318270886,S2-610173860,S2-818789440,S3-178196185,S3-327051861,S3-4087277,S3-644499047,S3-869141111
S1-467258400	S2-153870987,S2-559850886,S3-455040435,S3-470498201
S1-46732045	S2-188446683,S3-52706750
S1-46775767	
S1-468256744	S2-472142201,S3-734503964
S1-469020714	S2-293266243,S2-582375388,S2-888804087,S3-591676368,S3-898679250,S3-960510194
S1-4695272	S3-130885920,S3-417060094,S3-608585508,S3-661882105,S3-709900751
S1-469978997	
S1-470840183	S2-277198605,S3-32731706,S3-445799702,S3-842478333
S1-471121926	
S1-471700224	S2-827461283,S2-978971631,S3-799568899,S3-916380547
S1-472045820	S2-551592407,S2-615197053,S2-673303728,S2-683565821,S2-771902620,S3-575104727
S1-47287979	S2-85806637,S3-217357996,S3-428780340
S1-472982223	S2-662305344,S3-161011441,S3-496758515
S1-475183963	S2-678168181
S1-476147248	S2-342029909,S2-468043029,S2-569052502,S2-630398553,S3-688516080
S1-476646646	S2-803079596,S2-998439249,S3-262263890,S3-411505203
S1-476960066	S3-184261658
S1-477379702	S2-107407723,S2-327409915,S2-572247534
S1-477484556	S2-635483151,S2-83917861,S3-939847000
S1-478018521	S2-428217517,S2-651173879,S2-739576321,S2-75062028,S3-867682638
S1-478264034	S2-602799165,S3-158009967,S3-432721278,S3-443224397,S3-802103468,S3-875080686
S1-478678903	S2-843411244,S2-960651288,S3-253698048,S3-287090447
S1-47874709	S2-356540907,S3-83269707
S1-479333266	S3-304105220,S3-468706636,S3-799517569,S3-812592232,S3-848540117
S1-480168095	S2-193136760,S3-944143176
S1-482245935	
S1-482793213	S2-127466759,S2-67380192,S2-853189607,S3-488326675
S1-482809334	S2-408823268,S2-530918517,S3-456764251
S1-484621864	S2-61860079
S1-484804641	S2-159721630,S2-350571391,S2-529691294,S2-70694667,S3-572423402,S3-609528785,S3-904929913,S3-91053106
S1-485746878	
S1-486337381	S2-363126276,S3-560912223,S3-702692950,S3-830567810
S1-486611515	S2-26246739,S3-332008079,S3-71465446
S1-487014673	S2-179933097
S1-487099073	S2-13003028,S2-763301286,S3-835154586
S1-487319583	S2-367424206,S2-454567419,S3-440867752
S1-487827045	S2-820216126,S3-736360013
S1-487953195	S2-416737309,S3-256299153
S1-488471428	S2-626997430,S2-642873158,S3-480816783
S1-488612925	S2-373361607,S2-966720705,S3-530423389,S3-641513385
S1-489206468	S2-652912487,S3-582659983,S3-914937055
S1-489844228	S2-104360838,S2-364113291,S3-427495920,S3-66911035
S1-491769280	S2-22281412,S2-88526846,S3-268779424,S3-575592985,S3-627796964
S1-493064466	S2-724251372,S2-809135496,S3-349113791,S3-606052211,S3-677031513,S3-965653056
S1-493409214	S3-162581920,S3-350794739,S3-672145717,S3-943544754
S1-493974496	S2-349523922,S2-756607560,S3-183714391,S3-935816141
S1-494535287	S2-658495121,S2-994284921,S3-436722390,S3-822726747
S1-495551624	S2-467602358,S3-509147535,S3-630125731
S1-495733265	S2-343324185,S2-474672894,S2-74218051,S2-998893961,S3-134113906,S3-277750409,S3-520561399,S3-9658583
S1-496592466	S2-326457046
S1-496613226	S3-168792034,S3-255570068,S3-58344582,S3-691488012
S1-496704470	S2-232802418,S2-342470883,S3-719254646,S3-749229462
S1-496780343	S2-701019903,S3-36834067
S1-498835536	S2-57742506,S2-599406996,S3-446483870
S1-499430434	S2-669592567,S3-101816562
S1-49951170	S2-609218503,S3-282736373,S3-545434974,S3-612536635,S3-700705702,S3-781754619
S1-499693638	S2-174730579,S2-277504564,S2-284098219,S3-656285080
S1-499777510	S2-753205658,S3-260201275
S1-499904798	S2-947726385,S3-614071233,S3-684255840
S1-499922133	S2-52810815,S3-193640689
S1-500141710	S2-206375656,S2-233067542,S3-118776978,S3-752866648
S1-500460624	S2-471984220,S3-280624212,S3-570743990
S1-50047731	S2-804477362,S3-51420433
S1-500755346	S2-194545285,S2-790921898,S3-339381661
S1-500805242	S2-533038055,S2-625622940,S2-712833005,S3-189077583
S1-501127978	S2-337704248,S2-867320619
S1-501425080	S2-588807921,S2-891076862
S1-501627799	S2-271449782,S2-329974529,S2-379072302,S2-496938068,S3-91797453,S3-925607977
S1-502241174	S2-346406647,S2-446164359,S2-596672371,S3-897941220,S3-925694422
S1-502457589	S2-441292064,S2-442189433,S3-494071065
S1-503885567	S3-233843295,S3-896592941
S1-503939857	S2-752208701,S3-398278271
S1-504003514	S2-42600585,S3-339753775
S1-504261681	S2-155056488,S2-79285582,S2-944428013,S3-32527493,S3-400442937,S3-594124389,S3-98429597
S1-504668450	S2-797281843,S3-755895713,S3-913974867,S3-916692692
S1-505371001	S2-430928708,S2-823887080,S2-832499571,S3-552018113
S1-50588991	S3-747731484
S1-506278527	S2-66824594
S1-50673223	S2-184847407,S2-541495170,S3-795674317
S1-50749491	S2-535234616,S3-392056578
S1-508143165	S2-759672392,S2-851893009,S3-914248269
S1-508156081	S2-484484361,S2-7369546,S3-115338483,S3-763068706,S3-858847753,S3-983443406
S1-508180600	S2-703669701,S3-27718049,S3-324710977,S3-847578644
S1-509346614	S2-321252130,S3-109459561,S3-629764864
S1-509510761	S2-263359563,S3-159232212,S3-272943814
S1-50961247	S2-467127682,S2-517815249,S2-597322698,S2-658119391,S3-130123131
S1-509905357	S3-963215154
S1-509961458	S2-39401740,S2-842050450,S3-381495437
S1-510094365	
S1-510397945	S2-152783751,S2-363101833,S3-276359107,S3-93209404,S3-989794026
S1-51067386	S2-235094417,S2-391932992,S2-409877704,S3-677661134
S1-511050981	S2-95290799,S3-619657040
S1-511076246	S2-752334650,S3-460884632
S1-511919719	S2-790309019,S2-875294271,S3-740568021
S1-512344357	S2-434033292,S3-210876611,S3-307799118,S3-384956956
S1-512944500	
S1-513311458	S2-315713642,S3-449217720
S1-513407139	S2-630586931,S2-712565474,S3-124122399,S3-147742565,S3-250902997,S3-812671546
S1-514059871	S2-857440200,S3-448637357,S3-617126829
S1-514278589	
S1-515901528	S2-456852126,S3-267522291
S1-516366640	S2-965056058
S1-516734255	S3-159238066,S3-797992142
S1-51717185	
S1-517433608	S2-168079422,S2-722699073,S2-744021189,S3-275343585,S3-879194812
S1-517834254	
S1-51810842	S2-158092373,S2-448208203,S2-502478846,S3-318291740,S3-516104249
S1-518120038	S2-668622329,S3-124154515,S3-648819438
S1-518385859	S2-283583167,S3-27643093,S3-465047161,S3-687823918
S1-51846404	S2-226949816,S2-424558293,S3-66021109,S3-698214016
S1-51934670	S2-64791018,S3-441441118
S1-519719760	S2-750006505,S3-233416465,S3-280188226,S3-81447858
S1-520326187	S2-149730375,S2-670544850,S3-182069051,S3-460803636
S1-52054281	S2-690041411,S2-927030238,S3-1336350,S3-256000545
S1-520633869	S2-373498471,S2-64784272,S2-66353313,S2-955157396,S3-151483777,S3-247337661
S1-520640086	S2-459132407,S2-69646035,S3-922113020
S1-520686987	S2-337001549,S2-411110069,S2-565139482,S2-707184630,S3-680860144,S3-776343839,S3-808252297,S3-938465794
S1-520722573	S2-998420561,S3-805470021
S1-521322892	S2-457216418,S3-211811904,S3-678799065,S3-9872788
S1-521336346	S2-140915486
S1-521622133	S2-68527986,S3-608948975,S3-669046537
S1-521782533	S2-285761233,S3-734272775
S1-522583300	S2-329902008,S2-581360829,S3-174177799
S1-523368208	S2-608149969,S3-752103864,S3-999874978
S1-523910636	S2-430960608,S2-754557039,S3-600890382,S3-64062627,S3-898989588
S1-524655338	
S1-524887516	S2-61165185,S2-667563940,S2-897016646
S1-525094023	S2-736941983,S2-909653095,S2-926788796,S3-259578593
S1-525571842	S2-684712397,S2-939510568,S3-972991295
S1-526135254	S2-930107675,S3-288663010
S1-526828096	S2-993389450,S3-282713634
S1-527328101	
S1-527768007	S2-371099745,S3-449539930,S3-608748513,S3-867385503
S1-529401235	S2-419671988,S3-259742334,S3-528742929
S1-529587698	S2-414648345,S2-486045131,S2-986836846,S3-23396880,S3-62365509,S3-926950135
S1-529739058	S2-710605769,S2-951096953,S3-46533944
S1-530087827	S2-208801361
S1-530113118	S2-147229379,S3-110670715,S3-167620110,S3-68187634
S1-530552317	S2-932348349,S3-140112858,S3-576144582
S1-530787440	S3-274633879
S1-531429114	
S1-531618210	
S1-532282131	S2-345657944,S2-92131211,S3-904280983
S1-532325191	
S1-532563960	S2-64783866,S3-687391276
S1-532862675	S2-755913588,S3-231159764
S1-533520548	S2-47705533,S2-641557771,S3-845540641,S3-877907506
S1-53407617	S2-391923638,S2-442953611,S3-567388966
S1-534154706	S2-977668308
S1-534427177	S2-383135524,S2-543784772,S2-931657723,S3-877409940
S1-535875591	S2-483758285,S2-972254904,S3-114897369,S3-275378319,S3-608590923,S3-963502184
S1-536101922	S2-375332463,S2-679900714,S2-792999082,S3-842334233,S3-894932954
S1-536131982	S2-336832233,S2-350643322,S3-102701092
S1-536922323	S2-872850150,S2-877390437,S3-792501104
S1-537258022	S2-653699761,S3-678607085
S1-537580574	S2-204074353,S2-748260253,S3-131240350,S3-147900480,S3-972945742
S1-537939350	S2-847044580,S2-945452641,S2-984381577,S3-295774732,S3-408888442
S1-5387491	S2-300568681,S2-322583574,S2-393281300,S2-679214297,S2-908598964,S3-273802020,S3-315106567,S3-784625823
S1-538751082	S2-136238269
S1-539406463	
S1-539495572	S2-107224734,S2-149501617,S2-529450094,S2-708128149,S3-336203068,S3-61028169
S1-541260963	
S1-541785695	S2-280777255,S3-24651872,S3-755165934
S1-542100901	S2-23857704,S2-506661238,S3-240777956
S1-542667082	
S1-544342798	S2-436807197
S1-544555328	
S1-544838769	S2-826588689,S2-832707408,S3-809171793,S3-83221825
S1-5448537	S2-159485766
S1-545392608	S2-593617514,S3-764440395
S1-545479624	S2-630495100,S3-137250621,S3-328105610
S1-545716889	S3-517898997
S1-546103277	S2-317424309,S3-517959959
S1-546629435	S2-329680221,S2-905944319,S3-480808449
S1-546882324	S2-280054842,S2-411645746,S2-476129223,S2-775267537,S3-209232240,S3-258705389,S3-521232007,S3-881948506
S1-547451015	S2-260486236,S2-713981483,S3-672062795,S3-716021801,S3-751899383,S3-787652253,S3-833212888
S1-548630622	S2-307870437,S3-985365982
S1-54863707	S3-162685554,S3-202682914,S3-384523183,S3-395220747
S1-549392717	S2-576114785,S3-336497873
S1-549463542	S2-196067008,S3-35452843,S3-60614408,S3-891410786
S1-549608826	S2-148990843,S2-969681758,S3-501051496
S1-549815345	S2-804590895,S3-390556129
S1-550886005	S2-456359442,S2-938208300,S3-37899236,S3-956744136
S1-551615800	S2-215703608,S2-22476218,S2-296702818,S3-518989322,S3-546998874,S3-563157578,S3-968806559
S1-551703403	S2-660352904,S3-425223952,S3-650242794,S3-651313092
S1-552611163	
S1-552973048	S2-243831300,S2-723441213,S3-922181045
S1-553412096	S2-426373632,S2-430099435,S3-355775292
S1-553533042	S2-132314322,S2-570054064,S3-235958774,S3-533194548
S1-554635539	S2-817681656,S2-918550429,S3-701337784
S1-554807600	S2-220368052,S3-310930502,S3-90866133
S1-554868625	S2-580526090,S3-20220029,S3-661898786,S3-997899474
S1-555034146	S3-576306080
S1-555507211	S3-740926425,S3-936751003
S1-555698705	S2-678022689,S2-870602849,S2-923226278,S3-469759022
S1-555750321	S2-512666656,S3-580995818,S3-781706060
S1-55594665	S2-240736654,S2-328367051,S2-55535456,S3-725059369
S1-556181892	S2-102187745,S2-308480269,S3-656232801
S1-557073117	S2-155988852,S2-667749597,S3-202283671,S3-297403486,S3-392978587,S3-649977756
S1-557108589	S2-632435914
S1-557339930	S2-283823416
S1-557529591	S2-227746393,S2-287282200,S2-443032344,S3-423053984,S3-448947577,S3-456620262
S1-557716936	S3-157723808,S3-422557056
S1-557910378	
S1-559395449	S3-21736943
S1-560301510	
S1-561355903	S2-897874116,S3-937743205
S1-562351912	S3-246318984
S1-563365732	S3-87566567
S1-563504667	S2-521233379,S2-614135613,S2-802841095,S2-867885466,S2-988471842,S3-758319780
S1-563566710	S2-929322462,S3-15836225,S3-535955096
S1-564025090	S2-146691954,S2-894962355,S3-279728555,S3-795654918
S1-564189900	S2-201559577,S3-511098432,S3-787000290,S3-817619172
S1-564308638	S2-386979238,S2-779190027,S3-513293625
S1-5643650	S2-129336709,S3-11237384,S3-165731288,S3-560324280,S3-805598942,S3-807344468
S1-564414589	S2-486090013,S3-266991770
S1-565013155	S2-399249499,S2-700822051
S1-565173617	S2-215129475,S2-262332426,S3-332369790,S3-97837686
S1-565496391	S2-532856779
S1-565602305	S2-180568215,S2-410870837,S2-761669395,S3-244107309
S1-565767524	S2-834979494,S3-992660907
S1-566168384	
S1-56622125	S2-644437072
S1-566557608	S2-946195239
S1-566594986	S2-36036767,S2-641057765,S2-788369513,S2-95043209,S3-758834761
S1-567194861	S2-419484253,S2-510647129,S3-402585418,S3-66565204
S1-56758691	S2-60412870,S3-394618190
S1-567749868	S2-467875969
S1-568104900	S2-825251260,S3-327559435
S1-568113086	S3-155085225
S1-568403784	S2-275304343,S3-290731925
S1-568435122	S2-149427969,S2-231275263,S2-266408102,S3-959117679
S1-569265391	S2-100589240,S2-510115580,S3-41140946
S1-56989020	S2-192857282,S2-52372336,S2-775525047,S2-853245626,S3-142867134
S1-570211968	S3-73036877
S1-571638310	S2-18548998,S2-201956908,S3-587891896
S1-571751431	S2-959028012,S3-182878990,S3-435071318,S3-927470835
S1-571857758	S2-563556565,S2-719240861,S3-330497418,S3-868623778
S1-572069678	S2-141205683,S3-636370299
S1-572646151	S2-811280559
S1-57272176	S2-427511930,S2-804565969,S3-381677854,S3-958849232
S1-573064990	S2-234532435,S2-65324218,S3-963198895
S1-573095143	S2-472555704,S2-556475222,S2-628380473,S3-813694594
S1-573207724	S2-767888565,S3-49818288,S3-679646011
S1-573278381	S2-579238399,S3-661847134,S3-831359382
S1-573982555	S2-217492736,S3-959115703
S1-574627029	S2-141296839,S2-271227165,S2-517508142,S2-575147641,S3-11548681,S3-150387642
S1-574964449	S2-42921634,S3-945044329
S1-574964522	S2-422746318
S1-575638136	S2-60006798
S1-575642900	S2-729234998,S3-150291009
S1-575813193	S3-146278236,S3-986158708
S1-576399398	S2-171441141,S2-384166215,S3-135863660,S3-572073146
S1-577018897	S2-197540596,S2-450611443,S3-176178476,S3-423178749,S3-927529142
S1-577851772	S2-178235417,S2-685037457,S3-658940838,S3-727729826,S3-870289314
S1-577852502	S2-223627181,S2-428151668,S2-510143393,S2-802254911,S3-134558134,S3-382183397
S1-578422855	S2-690156978,S3-512339687,S3-811710091
S1-578716931	S2-382846011,S3-475203507
S1-578839202	S2-191390692,S2-391403149,S2-667466846,S3-852213663
S1-579269521	S2-132935561,S2-761108241,S3-243786793,S3-569061939
S1-579314410	S2-126230309,S3-741222361,S3-806206859,S3-939233594
S1-579996157	S2-930896111,S3-477056112,S3-593524067,S3-690341042,S3-932923135
S1-580050547	S2-28044302,S2-306579905,S3-458166155,S3-46550949
S1-580334504	S3-226983608
S1-580379341	S2-211535992,S2-430332176,S2-881659552,S3-188129705,S3-31662325,S3-344641523
S1-580448986	S2-586524635,S2-698435598,S3-706686970
S1-580893806	S2-553181905
S1-581388698	S2-682157142
S1-58178856	S2-488526068,S2-618083098,S3-346923768,S3-415823896,S3-446376054
S1-581837101	
S1-5823909	S2-132270794,S2-285926098,S3-418067677,S3-695336664
S1-582396159	S2-554632149,S2-625895833,S2-879778557,S3-272600016,S3-870728628,S3-900303242
S1-582507139	S2-385493501,S2-468881336,S3-584961891
S1-583094024	S2-269224248,S2-687057839,S3-148950695,S3-443914479,S3-553170067,S3-695226866,S3-748402326
S1-584164456	S2-369022413,S2-473005494,S2-532541174,S3-52356875,S3-69058435,S3-815730569,S3-96759990
S1-584318067	S2-949836483,S2-956174754,S3-998135689
S1-585139370	S2-23982063,S2-948264551
S1-585186987	S2-456374589,S2-592286194,S3-310027318,S3-398213020,S3-809254586
S1-586004357	S2-656736904,S2-700480247,S3-399455856,S3-725038062
S1-586172272	S2-284132288,S3-156588948,S3-245510192,S3-476760931
S1-586195999	S2-714746474,S2-944653281,S3-23602807,S3-26210830,S3-413984858
S1-587821113	S3-978130744
S1-587871007	S2-515594929,S2-551456688,S3-172552601,S3-955082885
S1-588225957	S2-747575632,S3-171910255,S3-381837220,S3-453259107,S3-459613034
S1-58845326	S2-872330815,S3-234693000,S3-40935887
S1-588648301	S3-728876077
S1-588809172	S2-430812523,S3-650792456
S1-589302928	S2-941440121,S3-621332247,S3-662229299
S1-589592248	S2-543529791,S2-864339853,S3-314654728,S3-683182616
S1-590083947	
S1-59058003	S2-652031082,S2-847284556
S1-590717959	S2-218972770,S2-28608419,S2-359073643,S2-677243950,S2-914813170,S3-841077915,S3-86505949
S1-590737676	S2-515748131,S2-996471223,S3-274696268,S3-98692046
S1-591082820	S2-30262545,S2-539816874,S2-765412481,S2-808979775,S3-296861391,S3-327918425,S3-53015104
S1-591295296	S2-476199387,S2-537877832,S2-883165799,S2-94579363,S3-398527202,S3-829766789,S3-914695339
S1-592166274	S2-834704919,S3-495348288,S3-624458887
S1-592932666	S2-511762477,S2-514716852,S3-707232678
S1-593425429	S2-667408009,S2-845690848,S2-972204803,S3-783618850
S1-593565451	S2-101734060,S2-394956324,S3-32168972,S3-918923760
S1-594031723	S3-172114253,S3-396555250,S3-866423558,S3-87901804
S1-594186534	S2-862517612,S3-675503922
S1-594654116	S3-264360760,S3-547207835
S1-59510835	S3-597067174
S1-595827937	S2-831400533,S2-846596799,S3-333763183,S3-968254208
S1-59630692	S2-790245624,S2-824377685,S3-400590797
S1-597550527	S2-571194217,S2-806401569,S3-347463826,S3-374480827,S3-538315997,S3-654928288
S1-597643775	S2-467844902,S3-405107765
S1-597655654	S3-472648820,S3-599368309,S3-89178126
S1-597849077	S2-32152746,S2-453732827,S3-531148301,S3-728109414
S1-598141425	S2-113504139,S2-67865473,S3-72182575,S3-723341846
S1-599204195	S2-325689001,S2-461143619,S3-970980302
S1-600678953	S3-460508523
S1-60095699	S2-893779347
S1-602222388	S3-132374335,S3-14602479
S1-602295496	S3-385768100
S1-602458726	S2-126067707,S2-302648171,S2-679422997,S2-99386463,S3-87938673,S3-982414529
S1-603485049	S2-237279073,S3-424769868,S3-474010375,S3-538322252,S3-685030028
S1-605064250	S2-950007368,S3-403060085,S3-747303662
S1-605512774	S3-137325279,S3-294963664,S3-939462888
S1-606322752	S2-703932711,S3-684551096
S1-606541764	S2-301085351,S2-58428358,S3-268387314,S3-290151609,S3-78349716,S3-970850240,S3-996867278
S1-606938203	S2-510783646,S2-775398177,S3-646837932
S1-608369126	S2-941068402,S3-367414779
S1-609167497	S2-48120151,S3-830004537
S1-610257895	S3-681883954,S3-911785043
S1-610934440	S2-276378114,S2-827789194,S3-765582931,S3-895372289,S3-975942012
S1-611224425	S2-168923980,S3-908863114
S1-61218128	S2-359459627,S3-70952845
S1-612342775	S2-10119839,S2-193952876,S3-33480972,S3-484534511,S3-635806702
S1-612349185	S3-373725946
S1-612376657	S2-77829334,S3-595741735,S3-72732262,S3-816618944
S1-612894094	S2-711906718,S2-929490192,S3-241878390,S3-317719966,S3-611079674
S1-612950538	S3-40972739
S1-613608030	S2-520414811,S2-746326390,S3-812781016
S1-614013818	S2-236853424,S3-303939088,S3-977141681
S1-61408376	S2-779204069,S3-745783922
S1-614350784	S2-462917352,S3-402224826
S1-614758060	S2-402562793,S3-850822173
S1-615241687	S3-316907180,S3-85544859,S3-885883209
S1-615651653	S2-142639004,S2-503275276,S3-343750685,S3-780008468
S1-616151333	S2-52681550,S2-665213636,S3-896623295
S1-616215050	S2-241337192,S2-812431247,S2-982883995,S3-538768254,S3-612580248,S3-701566540
S1-617063301	S2-195024517,S2-403784896,S3-63432281
S1-617704623	S2-255304101,S2-898240538,S3-255705948,S3-558050135,S3-769724312
S1-617980209	S2-16640769,S2-623253345,S3-155839706
S1-618472684	S2-515665476,S3-527291080,S3-655216510,S3-823937804,S3-919020973
S1-618997236	S2-756053030,S2-931963433,S3-295405725
S1-619167081	S2-112367181,S2-795423624,S3-409595191,S3-881545062
S1-619728586	S2-245715837,S2-401910577
S1-620678354	S2-371369882,S2-742596103,S3-875370669
S1-620858303	S2-245654149,S2-270179219,S3-526536236
S1-620874858	S2-667127222,S3-864924463
S1-621577396	S2-146930995,S3-126366503,S3-936252012
S1-622183692	S2-712217107,S3-543521209,S3-95865373
S1-622802949	S2-19975235,S2-310544081,S2-570715630,S3-378145761
S1-623475769	S2-461264956,S2-521267627,S3-269194036,S3-639010776
S1-623502162	S2-921258777,S3-670080834,S3-766105525,S3-981831152
S1-623762053	S2-678587304,S3-158851482
S1-623993543	S2-358855638,S3-155968076
S1-624148809	S2-178333042,S2-364967461,S2-708794461,S3-835672063
S1-624714972	S3-206141879,S3-618219116,S3-987685972
S1-62503006	S2-425057430,S3-865397418
S1-625095840	S2-754716210,S3-400773053,S3-917491148
S1-625296476	S2-459209576,S2-564170843,S3-436351938,S3-91385974
S1-625299314	S2-249047448,S2-349862149,S2-948468542,S3-425794942,S3-519657333,S3-937399909
S1-625469012	S3-451440887,S3-775345461,S3-775998912,S3-915766538
S1-6272862	S2-505730131,S3-19798257,S3-475339532
S1-627348955	S2-647886705,S3-820206928
S1-627703221	S3-774698751
S1-627754038	S2-114507442,S2-580185317,S3-300332251,S3-371491886,S3-453478096
S1-628010329	S2-190183381,S2-259046536,S2-802742264,S3-472798508,S3-980646832
S1-628116466	S3-19300128,S3-320311196
S1-628162511	S3-156763039,S3-291438903,S3-437438355
S1-628842880	S2-24203952,S2-550323330,S2-670376302,S2-776886193,S2-87622765,S3-170374769,S3-274368443,S3-287450123,S3-774349720
S1-629905388	S2-615752483,S2-706905064,S2-798722157,S3-321933475,S3-577064214
S1-63055253	S2-436987377,S2-810283415,S3-146620813
S1-631845594	S2-613315517,S2-906201306,S3-322384799,S3-544494097
S1-632257784	S3-868480069
S1-633223855	S2-611908154,S3-242938678,S3-664564733
S1-633338206	S2-148604891,S3-12601663
S1-634705990	S2-251776210,S2-337730879,S3-951370086
S1-635403083	S3-429077637
S1-636984727	S2-226223142,S3-268753622,S3-511582479,S3-870825866
S1-637427281	S2-236096156,S2-566287972,S2-797077513,S3-424230325,S3-645919703,S3-830964311
S1-638508407	
S1-63871238	S2-106298330,S2-44033776,S3-897740773
S1-639647297	
S1-640044387	S2-415415592,S2-629154483,S2-920866545,S3-237162289
S1-641678128	S2-584970088,S3-243666575,S3-767880116
S1-642004710	S3-279917847
S1-642022451	S2-290348024,S3-145437816,S3-512583869
S1-642425954	S2-112140128,S2-926237907
S1-643245576	S2-962179552,S2-983301727,S3-413116203
S1-643898887	S2-297738889,S3-471072489,S3-760840873,S3-949801856
S1-644128087	S2-617327298,S2-910827985
S1-644399679	S2-140104925,S2-841605767,S2-991632556,S3-16473067,S3-520452573,S3-583358660,S3-715554727
S1-645413656	S2-209175578,S2-333850039,S2-664713604,S3-626572055
S1-645983622	S2-254723428,S2-270816921,S2-451050195,S2-454971633,S2-951883103,S3-220970736,S3-954674540,S3-994285409
S1-646597465	
S1-646822863	S2-384372384,S2-960918969,S3-881828508,S3-990143470
S1-648457388	S2-89178754,S3-433601240,S3-49349673,S3-873660048,S3-992337030
S1-649238538	S2-109380656,S2-241271291,S2-389881931,S3-168733158,S3-804472385
S1-649524968	S2-220805556,S3-2406751,S3-831459505
S1-650136486	S3-329343605,S3-889174186
S1-650309082	S2-721605565,S3-385006512,S3-725564317
S1-65068776	S3-543773305,S3-83314918,S3-999869829
S1-652634785	S2-15356529,S2-156365780,S2-284852614,S3-330999015
S1-652912606	S2-706432995,S3-137132730,S3-433863557,S3-559146300,S3-981872015
S1-65318779	S2-536917667,S3-475295213,S3-877766372
S1-653239512	S2-217997157,S2-79044580,S3-111427976,S3-441212640,S3-731956563
S1-653698258	S3-272757933,S3-300454224,S3-981981731
S1-653766547	S2-111224937,S2-243945518,S3-149268343,S3-331717660
S1-655420763	S2-314175863,S2-809873360,S3-311908173
S1-655445260	
S1-655845077	S2-482423307,S2-892663798,S3-995426167
S1-656231757	S2-195174953,S2-843089695,S2-939379440,S3-634446113,S3-91501689
S1-656898988	S2-267844540,S2-947183399,S3-407810504,S3-924611187
S1-657485263	S2-782553165
S1-657556498	S2-656556488,S2-903579554,S3-256545009
S1-657617201	S2-179208096,S2-181146941,S3-145168130,S3-357022027,S3-523461170,S3-706999399
S1-658118434	S2-232087116,S2-246264549
S1-658441988	S2-981952661,S3-833010579
S1-658542063	S2-130174067,S3-552054375,S3-595672291
S1-658852446	S2-457344820,S2-817032095
S1-658901609	S3-238328240,S3-352876355,S3-779920657
S1-659047500	S3-834813888
S1-660445268	S2-306264068,S2-877302475,S3-901170876
S1-660980751	S2-730801105,S2-916361596,S2-933732670,S3-429696523
S1-661357533	S2-608140136,S2-657513184,S2-9692314
S1-661675873	
S1-662283595	S2-846931668
S1-662467047	S2-515535985,S3-319443017,S3-731631754
S1-662605445	S2-163007884,S3-201476542,S3-62055724
S1-662862687	S2-40464762,S3-142999592,S3-507556235
S1-662913168	
S1-663067533	S2-112495836,S2-143937181
S1-663634463	S2-17325714,S2-534435551,S3-215819021,S3-474798823
S1-66521471	S2-37948874,S2-467678357,S3-369626098,S3-576246957
S1-665730727	S2-592076215,S3-766933421
S1-665748332	S2-836146534
S1-6671057	S2-260182757,S2-37416027
S1-667264941	S2-754564101,S3-11054457,S3-87887761
S1-667404497	S2-109627044
S1-667757390	S2-549624237,S2-680096131,S3-529384128
S1-667860262	S3-136826694,S3-55108852,S3-798120261
S1-667949337	S2-9253057,S3-809979470,S3-82176785
S1-668105264	
S1-668135507	S2-75512311,S3-88647348,S3-920390689
S1-668219004	S2-287511274
S1-668668343	S2-188320634,S3-957631607
S1-668797067	S2-678791344,S3-359077875,S3-780848320,S3-945643325
S1-668873721	S2-401531299,S2-640975655,S2-721308598,S2-870615254
S1-668978367	S2-999338304,S3-693024289
S1-669153241	S2-947132550,S3-515734611,S3-95985760
S1-669816129	S2-749359024,S2-776823730,S2-850316620,S3-289513039,S3-839232099
S1-67011397	S2-757943702,S3-617513728,S3-829114441
S1-670301520	S2-760489288,S2-902567233,S3-132635323
S1-670433250	S2-413725337,S2-601269473,S3-181489441
S1-670638081	S2-444680611
S1-67104817	S2-588299038,S2-954554007,S3-59840665,S3-858919650
S1-671160538	S2-824593173,S3-322321118,S3-678027983
S1-67151840	S2-491997060,S2-517901842,S3-774162095
S1-673178853	S2-449954324,S2-799438758,S2-921131169,S3-459884156
S1-673817161	S2-192762031,S2-806446070,S3-22712720
S1-674175258	S2-841623669,S3-703888890,S3-825092163
S1-674948872	
S1-675447424	S2-549769160,S2-562632013,S2-809986000
S1-677818404	S2-121411089,S2-240809503,S2-612390744,S2-792713190,S2-80700319,S3-213946065,S3-412391900
S1-678017673	S2-209093575,S3-659023074,S3-754717009
S1-678192666	S2-9125708,S3-102950986
S1-678417684	
S1-678418904	S2-293520376,S2-854802295
S1-678426756	S2-218448153,S2-745651820,S2-832889803,S3-184898038
S1-678690626	S2-79584671,S2-844277913,S3-189933256,S3-581597388
S1-679035414	S2-117034153,S2-38967060,S2-708276928,S3-355426466
S1-679197155	S2-131239026,S2-95421032,S3-862410328,S3-982586215
S1-679639942	S2-125683294,S2-213853038,S2-333940219,S3-916534068
S1-679647261	S2-396627464,S2-656394986,S3-97336325
S1-68000837	S2-578573747,S2-929577117,S3-143337593,S3-290759959
S1-680097133	S2-127555253,S2-306037565,S2-549226565,S3-19101595,S3-534860133,S3-623557982,S3-774373672
S1-680242782	S2-350205598,S3-220499795,S3-270832156
S1-680738926	S2-496957034,S3-44968360,S3-842646985
S1-680801160	S2-202502089,S2-414817870
S1-680899872	S3-251049763,S3-733282837
S1-681145529	S3-330707497,S3-797192453
S1-68161416	
S1-68193181	S3-216840182
S1-683081860	S2-386051235,S2-544445281
S1-683239030	S2-214941160,S2-923449243,S3-606994481
S1-683575423	S2-3389253,S3-251820853,S3-272538967
S1-684375003	S2-524554486,S3-263459230,S3-831741188
S1-684607059	S2-728240350,S2-756862093,S3-892983076
S1-684925145	S3-340991064
S1-685106343	S2-114784823,S2-533100810,S3-372844836,S3-836822657
S1-685366683	S2-74646713,S3-942233216
S1-685565924	S3-377472753,S3-380538234
S1-686082552	S2-96842733,S3-423229882,S3-963144714
S1-686474484	S2-329937519,S3-247604772
S1-687053526	S2-775580908,S3-870925053,S3-961163041
S1-68764297	S2-553266993
S1-687896053	S2-932302204,S3-388180579
S1-687967252	S2-48426649,S2-649033004,S2-962111004,S3-37515036,S3-616096306,S3-828163307
S1-688253692	S2-345971865,S2-741822402,S3-337163543
S1-68997369	S2-433382025,S2-818128473,S3-696138445,S3-718669415
S1-690774450	
S1-691002685	S2-665892826
S1-691616670	S3-806305714
S1-692293651	S2-558245267,S3-181001815
S1-69298767	S2-337312694,S3-361273597,S3-991759450
S1-693190919	S2-887475466,S3-19064602,S3-427819057,S3-517033902,S3-522954432,S3-770904229
S1-693613253	S2-754203995,S2-770956167,S3-861551167
S1-693989152	S2-298809204,S3-997817546
S1-694493047	S2-144609145,S3-614944568
S1-694530971	S2-21249719,S2-865036829,S3-168205354,S3-55832374
S1-694624517	S2-834047723
S1-694634354	S2-218103241,S3-249240198
S1-695263849	S2-139286491,S3-126477605,S3-779276838
S1-695606943	S2-953890782,S3-552051944,S3-555696251,S3-666638357
S1-695691073	S2-734884982,S3-780496502
S1-695940996	S2-991923139,S3-859978135
S1-696371801	S2-314900767,S2-652844477,S3-225492146
S1-697138545	S2-243239635,S2-583581365,S3-176929729
S1-697216285	S2-275539822
S1-697239711	S2-156552757,S2-382339383,S2-771405468,S2-820061096,S3-379360875,S3-50377347,S3-67560234,S3-73813846,S3-954956959
S1-697773688	S2-572587096,S3-710956828
S1-698576448	S2-441529317
S1-6989902	S2-977871712,S3-56012604
S1-699460640	S2-690890088,S3-55848313
S1-699765102	S2-164643945,S2-284379018,S2-314802771,S3-938030784,S3-982215503
S1-701583396	S3-327922333
S1-702065685	S2-309702157,S2-549230711,S3-123597482,S3-873294558
S1-703135970	S2-133795571,S3-830441620
S1-703424788	S2-769647596,S2-971144981,S3-10942329,S3-645072578
S1-704018652	S2-516118253,S3-931720898
S1-7040620	S2-638651381,S2-767357275,S3-985596293,S3-989414560
S1-704592953	S2-381785587,S3-613849148,S3-622229953
S1-705915203	S3-226001620
S1-705952997	S2-286109400,S2-88988455
S1-707350749	S2-649684729,S2-86334777,S3-516377907,S3-646684256,S3-789028661
S1-708213658	S2-658272761
S1-709254162	S2-255354563,S2-450885880,S3-164741693
S1-709401	
S1-709960468	S2-351050869,S2-519500095,S2-783218448,S3-347400419,S3-89755169
S1-710482979	S2-480152079,S2-553249729,S3-161220310,S3-22143238,S3-588913079,S3-82449229
S1-710777044	S2-405733798,S3-103347637,S3-647888735,S3-672382931
S1-710927111	S2-345045045
S1-71093974	S2-57117558,S3-291376780,S3-516071106
S1-711546038	
S1-711666436	S2-804993377,S2-94479871,S3-298902278,S3-796795387
S1-712021702	S2-99284177,S3-127924535,S3-204149184,S3-323093787,S3-916016139
S1-713275751	S2-138821560,S2-345928542,S2-496931117,S2-656362052,S3-723223624,S3-753059441
S1-713283744	S2-792984369,S3-21962216
S1-713978293	S2-141721491,S2-925947037,S3-720113443
S1-714614693	S2-241036499,S3-1034244,S3-682382938,S3-975068240
S1-714642946	S2-714917499
S1-715549935	S2-418205471,S3-181762833,S3-498918584
S1-715573425	S2-242674268,S2-395085602,S2-508842863
S1-716117717	S2-657110400,S2-666842235,S2-942063538,S3-127329610,S3-6747286,S3-802519972,S3-855624272
S1-716520707	S2-210235997,S3-470644227
S1-717055044	S2-3219064,S2-402490386,S3-393634769,S3-51961405,S3-792666043
S1-717116284	S2-117791944,S2-840780663,S3-569112096
S1-717166457	S2-197999974,S2-665204214,S2-969183639,S3-923656130
S1-717223466	S2-661190061,S3-933156173
S1-717258734	S2-552662255,S2-89531176
S1-717269768	S2-947571297,S3-351488734,S3-686627067
S1-717415482	S2-475525274,S2-83772467,S3-280335463,S3-810373477,S3-915436274
S1-718773450	S2-500315890,S2-731954306,S3-125397203,S3-366300702,S3-994408477
S1-719716811	S2-329585348,S3-530027837,S3-537435468,S3-924021235,S3-972828107
S1-719889314	S2-487758784,S3-212199171
S1-719898453	
S1-721351447	
S1-721424214	S2-108717507
S1-721702167	S2-291328609,S2-618890181,S3-305943958,S3-719573088
S1-72180744	S2-361671338,S2-47139414,S3-623562525,S3-647140426
S1-72218349	S2-369242820,S2-883593591,S3-168621088
S1-722865866	S2-117195141,S2-129851651,S2-522504233,S3-755568226
S1-722972812	S3-799403954
S1-724011066	S2-616034705,S2-824743897,S3-550412220,S3-632685303,S3-827141295
S1-725284847	
S1-725540710	S2-657902660,S2-671195116,S3-874832190
S1-725735551	S2-656169715,S3-35638100,S3-804317914,S3-936439606
S1-726475033	S2-102720520,S2-798345748,S2-828939993
S1-727129197	S3-426980704,S3-893765853,S3-975996249
S1-727157453	S2-135345074,S3-65240588
S1-727641961	
S1-728279659	S2-286927975,S2-663762697,S2-966317064,S3-364473453,S3-440237456,S3-577021576,S3-60867335,S3-925905844
S1-728762565	S3-46683417
S1-728878045	
S1-729475968	S2-615217458,S3-476584828,S3-558868767,S3-661493355,S3-798572850,S3-891718817
S1-730053046	S3-501434847,S3-819118465,S3-964616326
S1-730978196	S2-623897135,S2-929914888,S3-199944817
S1-731756532	S2-461266650,S3-553019462
S1-732058657	S2-148751033,S2-797559314,S2-890100405,S3-166202527
S1-732937760	S2-700786794
S1-733058783	S2-212604656,S2-238580684,S2-727821901,S3-334731291
S1-733104905	S2-650785291,S3-560395690
S1-733134486	S2-657523438,S3-169146330,S3-633525044,S3-852781709
S1-73335105	S2-605983615,S3-104793969,S3-154345562,S3-249551468,S3-318917448,S3-39145811
S1-73409791	S2-827649907,S2-922375914
S1-736309583	S2-26355906,S3-102623918
S1-737149570	S2-68180821,S3-243538384,S3-595972903,S3-767690101
S1-737457595	S2-186853763,S3-280698272,S3-341004530,S3-42411786,S3-882572993,S3-965994715
S1-737765929	S2-671370590,S2-708490211,S3-990187077
S1-738259063	S2-587001067,S2-930073178
S1-738284267	S2-792529038,S2-992341524,S3-14845349,S3-461078847,S3-52625482,S3-958852470
S1-738879762	S2-560089006,S3-297090539,S3-468804700,S3-607995564,S3-684623963
S1-739282	S3-930410033
S1-7393162	S2-628522877,S2-641342946,S3-161915556,S3-417180232,S3-515615521,S3-644958532
S1-739458370	S2-424604783,S3-216227202,S3-216325953,S3-453427577,S3-720744999
S1-739616829	
S1-740003431	S2-248588376,S2-320166933,S3-529258585
S1-742019822	S2-125651264,S3-15734255,S3-690201967
S1-742380631	S2-47704552,S3-237852003,S3-699204482
S1-744106637	
S1-744278251	S2-63914355,S3-182867002,S3-710899827
S1-745478909	S3-540352934
S1-746474057	S2-462420930,S2-542336124,S3-122720127,S3-144906039,S3-676442781,S3-701303987
S1-746589227	S2-411976848,S2-784473159,S3-291675289,S3-997786720
S1-746889807	S2-698741497,S3-922501350
S1-746914207	S2-128437463,S3-101487503,S3-470314722,S3-537994406,S3-889959304
S1-747450380	S2-417070476,S2-643010992,S2-698889050,S2-983596342,S3-392455685,S3-501683284,S3-708686809
S1-747707981	S2-573081603,S2-810208062,S3-193736348,S3-63391879
S1-748671581	S2-240535621,S3-848765616,S3-973905696
S1-748801724	S2-371466552,S2-698956471,S2-995836248,S3-378477890,S3-452100535,S3-706986404
S1-748867572	S2-150090208,S2-573190638,S2-631220695,S3-179178329
S1-75132614	S2-264709853
S1-751333861	S2-751846606,S3-513468239
S1-751395750	
S1-751768851	S2-175111096,S2-183230791,S2-269747938,S2-433742551,S3-316088210,S3-362108943,S3-652585530
S1-751794372	S2-610072493,S3-11719912,S3-42148346,S3-672157324,S3-858590974
S1-752210128	S2-758396271,S2-828548994,S3-311948476
S1-75288487	S2-957269723,S3-926645904,S3-996791386
S1-754614876	S2-232878339,S3-368389627,S3-380270375,S3-829211927
S1-754621128	S2-175692848,S2-2057003,S2-413702698
S1-754938907	S2-112934836,S3-273979089
S1-754952001	S2-458334704,S2-699911591,S2-953438726,S3-471806567,S3-822146288
S1-755825682	S3-199720018
S1-756023113	S2-355055701,S3-563798659,S3-634116985,S3-68879654
S1-756227385	S2-623502628,S2-646429739,S2-724835750,S3-895031653
S1-756237839	S2-354497163,S3-147985479,S3-717044373
S1-756367210	S2-153124991,S3-581541186
S1-756532295	S2-220702891,S2-291052369,S2-643237415,S2-660432026,S3-838888736,S3-870310984
S1-757327548	S2-510964956,S2-997018082,S3-100917021
S1-757997721	S2-370888478,S2-469903765,S3-503494485,S3-520813918
S1-758070915	S3-121597783
S1-758137767	
S1-758817732	S2-257368747,S2-305688472,S2-933759350,S3-48680700,S3-774259952
S1-760090876	
S1-760475205	S2-590130927,S2-784599609,S3-862045868
S1-761077575	S2-14855918,S2-740739641,S3-549568787,S3-669016670
S1-76146608	S3-327617673,S3-611398337,S3-987921206
S1-762440329	S2-613656429,S2-637789598,S3-235365288,S3-412020192,S3-762528075
S1-762549272	S2-606971650,S3-65355687
S1-763308531	S2-191454783,S2-560487927,S2-775148010,S3-23275803,S3-274005380
S1-763772523	S2-110380209,S2-250807797,S2-813876107,S3-435093771
S1-76407771	S2-173964402,S2-756750484
S1-764078634	S2-323062057,S2-975141374,S3-705985778,S3-978550677
S1-764615961	S2-113005812,S2-716055678,S2-720980623,S3-66569762
S1-76488514	S2-991751425,S3-141519118,S3-354392863
S1-765437047	S2-837912902,S2-860325682,S3-144466833,S3-203202347,S3-389147116
S1-765781568	S2-186451456,S2-697928966,S3-358775950
S1-766271252	S2-265447536,S2-477763516,S2-545514382,S3-757285076
S1-767109221	S2-220187982,S2-880495050,S3-390927321,S3-397236550
S1-767717598	S3-640820610
S1-767778690	S2-647066651,S3-977218688
S1-767934955	S2-222939040,S3-788159926
S1-768411321	
S1-7687064	S2-820299812
S1-769639906	
S1-770161946	S2-971635250,S2-992063814,S3-632176219,S3-943473276
S1-770250742	S2-228640924,S3-174933208,S3-525491598,S3-749898288
S1-770934721	S2-595189365,S2-890880275,S2-911654370,S3-418036296,S3-550289740,S3-99560124
S1-771021108	S2-403135359,S2-885695811,S2-906733202,S3-184302399
S1-772169189	S2-857282397,S3-652299624
S1-772670078	S3-917424926
S1-773381534	S2-11013207,S2-64313391,S3-117649554,S3-451909866,S3-950025068
S1-773584905	S2-408413652,S2-745571252,S2-751238012,S2-845326660,S3-350595689,S3-477245674,S3-886320701
S1-773848875	S3-631379686
S1-77423700	S2-781481267,S3-35758754,S3-710950701
S1-7755378	S3-947966958
S1-775627331	S2-626899937,S2-775386616,S2-805144319,S3-203746245,S3-374625624,S3-795070600,S3-873529361,S3-901961809
S1-775698178	S2-384163983,S3-364034303,S3-670766640,S3-770448253,S3-913433211,S3-927568005
S1-777430857	S2-816737149,S2-901459477,S3-306960020
S1-777537816	S2-617609645,S2-948169090
S1-778208730	S3-145905979
S1-77930833	S2-473024824,S2-582293800,S3-948067460
S1-7795629	S2-712727869,S3-788611160
S1-781052836	S2-446720786
S1-781243951	S2-232409690,S2-540471779,S2-990641424,S3-187820469,S3-27373325,S3-375305282
S1-781568078	S2-974728408,S3-39172727
S1-782223818	S2-337763773,S2-531635575,S2-88705479,S3-494439965
S1-782527730	S2-511887996,S3-628888339
S1-78332309	S3-308546345,S3-82735233
S1-783453713	S2-838151638,S2-876017044,S3-248437729,S3-771806661,S3-874488794,S3-999695260
S1-783739729	S2-464804123,S3-226087701,S3-652150620
S1-784456857	S2-259732502,S2-472236045,S2-568307061,S2-58452537,S3-930287733
S1-784647301	S2-564880122,S3-225749488,S3-960059976
S1-785045662	S2-674367397,S3-22848829,S3-472701425
S1-785596927	S2-945178830,S3-62864409
S1-786394724	S2-787416921,S2-877902932,S3-513058449,S3-859831933
S1-78695800	S2-292621134,S2-387440331,S2-487737170,S2-665509151,S2-985658875,S3-342749544,S3-49493329,S3-683325170
S1-787009435	S2-613271094,S3-106697507,S3-850950911
S1-787043095	
S1-787660300	S2-310356008,S3-547914079
S1-788649810	S3-367448309,S3-743657548
S1-790554478	S2-578460655,S3-33600669
S1-790598760	S2-749113346,S2-984236088,S3-237380605,S3-47043354
S1-790709500	S2-300723564,S3-304996557,S3-629341955
S1-791552758	S2-766688753,S3-494065029,S3-792525822
S1-792174639	S2-222551370,S2-779821012,S2-800318557,S3-379199445
S1-792595283	S2-601422672,S2-681136687,S2-887338722,S3-937229692
S1-79401451	
S1-794408745	S2-505610867,S3-184929132
S1-794892609	S2-327712154,S3-519682294
S1-795093736	S2-114456936,S2-445783914,S2-6573103,S3-326775102,S3-72033713
S1-795935340	S2-440075730,S3-308029084
S1-795991165	S2-209864239,S2-580982513,S3-201453727,S3-581739516,S3-748036230
S1-79664859	
S1-797453242	S2-542190910,S2-814147029,S3-276412206,S3-40377827,S3-865263494
S1-797670302	S2-830123340,S3-411802960
S1-797774363	S2-926429720,S3-448058807,S3-498786677,S3-658823400
S1-798239355	S2-446782870,S2-537653321,S2-67972608,S2-987701140,S3-749807736,S3-809890138
S1-79888590	S2-59134003,S2-763405384,S3-128359909,S3-818146704
S1-7990969	S2-191076214,S2-92516006,S3-597652391
S1-800159218	S2-112494848,S2-239575076,S2-27900343,S2-500176746,S2-812573948,S3-107527711,S3-805836706,S3-902354300
S1-800296221	S2-80995206
S1-800309662	
S1-800605008	S2-285802834,S2-361319784,S2-969160127,S2-995077398,S3-564637916
S1-800821370	S2-310000388,S2-607317860,S3-241837576,S3-295767466,S3-625094148
S1-802897856	S3-216445363,S3-644154282
S1-803160097	S2-734685354,S3-557276971
S1-803234630	S2-255752327,S2-381413488,S3-138924068,S3-145726989,S3-173338721
S1-804549498	S2-32171806,S2-356269443,S2-72217927,S3-901553928
S1-805319803	S2-533735008,S2-780112789,S3-667879692
S1-805364335	S3-387058459,S3-65625972
S1-805836305	S2-542897851,S3-30690011
S1-806917641	S2-651807482,S2-695597592,S2-719617192,S2-954380100,S3-851285303
S1-80713863	S3-566177497,S3-850279507,S3-854095528
S1-807344474	S2-221455779,S3-248063663,S3-364000673
S1-808229884	S2-240844966,S2-393731467,S2-424936061,S3-47514686,S3-955342617,S3-973629095
S1-808275647	S2-565660386,S2-900529386,S3-122418398,S3-195658091
S1-80857089	S2-246746967,S2-702232794,S2-871163957,S2-92514715,S3-739926832
S1-809547502	S2-362467129,S3-116050701
S1-809692747	S2-675218644,S3-714118700
S1-81062747	S2-130817136,S2-457783695,S2-820453067,S3-304529006,S3-979729878
S1-810734839	S2-119011500,S3-867569716
S1-812149828	S2-550806779,S3-445489875
S1-812739621	S2-77460929,S3-221106393,S3-225971819,S3-716500687
S1-813025320	S2-256587572,S3-721419505
S1-813298272	S3-308721878,S3-502232847
S1-814226008	S2-780551598,S3-261469038
S1-814575407	S2-67075403,S2-905840056
S1-815066650	S2-517592199,S2-611812996,S2-886394742,S3-343969472,S3-964531136
S1-815898151	S2-306961037,S2-686332893,S3-19276774,S3-197693184,S3-684204288
S1-816316892	S2-904521802,S2-992933604,S3-72014339,S3-995912779
S1-816561056	S2-94507149,S3-59903581,S3-760782159
S1-816688728	S2-484649649,S2-788806964,S3-321386036,S3-531088507
S1-816956009	S2-406326978,S2-522745028,S2-540873200,S2-765459611
S1-817242922	S2-449152937,S2-862427307,S2-9285309,S3-160371430
S1-817719990	S2-175693057,S3-488367808,S3-753408260,S3-793390868,S3-828834760,S3-953260443
S1-818145887	S3-259458298,S3-782697972
S1-818654914	S2-994700759,S3-31454136,S3-405614190,S3-448626983,S3-571886954,S3-802002715
S1-81883135	S3-429219080,S3-835041535
S1-818888308	S2-341756870,S2-552247873,S2-721486333
S1-818895480	S2-535680815,S2-664212018,S3-348193773
S1-81939319	S2-476314288,S2-709621673,S3-174201337,S3-217062983,S3-358393632
S1-820932784	S3-788075538,S3-820340289
S1-82116945	S2-24170980,S2-318999135,S3-80610829
S1-821305941	S2-242367827,S2-247621649,S2-899146711,S3-129229237,S3-288507763,S3-842747004,S3-877794307
S1-821642372	
S1-82205110	
S1-822783100	
S1-823110939	S2-765865668,S2-92305783,S3-568802827
S1-823661520	S2-775764652,S3-52340871,S3-894153542
S1-823741381	S2-872158575,S3-559310547,S3-741560270
S1-8238245	S2-116822476,S2-933200550,S3-64053308,S3-91870737,S3-946514240
S1-823862117	S2-191289880,S2-323253468
S1-82389662	S2-123047957,S2-286131180,S2-950629059,S3-746494338,S3-892029670
S1-826200967	S2-20470221,S2-665217025,S2-780629372,S2-794869650,S3-506268222,S3-620359458,S3-666582016,S3-688129072
S1-826388298	S2-310783928,S3-205496947,S3-479148340,S3-717109974
S1-826478405	S2-24139056,S2-997421999,S3-33276790
S1-826651539	S2-103118169,S2-988650184,S3-25120832
S1-827088167	S2-41973808,S2-423063025,S2-477219771,S2-626107575,S2-829513036,S3-535386585,S3-871383455
S1-827098784	S2-113408357,S2-65492481,S2-991922347,S3-310041098,S3-355883010,S3-712743629
S1-827502630	S2-17259492,S2-652594539,S2-714881280,S3-497838985,S3-758026588
S1-828079965	S2-795718523,S3-81674900,S3-916675797,S3-946557574
S1-829039542	S2-289586366,S2-402209766,S3-668475997
S1-830092236	S2-46837655
S1-83064494	S2-361542842,S2-781315887,S3-189701219,S3-427277276,S3-565360125
S1-8306734	S2-252854639,S2-638342275,S2-827905395,S2-846627970,S3-510459934,S3-890883648
S1-83082021	
S1-830936632	S2-515448126,S2-51587152,S2-516094079,S2-838660067,S3-637275758
S1-830961276	S3-46139536,S3-844674487,S3-870551410
S1-831317803	S2-400541070,S3-185571094,S3-290600317,S3-317171049
S1-831395242	S3-291995734,S3-459906065,S3-797035951
S1-831495650	S2-124803073,S2-837323264,S3-106546450,S3-70924308
S1-832013713	S2-914108276,S3-427175280
S1-832065280	S2-642067281
S1-832561379	S2-784886270,S3-491102275
S1-832639493	S2-556250683,S3-67246076,S3-683084359,S3-817901827,S3-859129736
S1-833471791	S2-108101125,S2-302972563,S2-495534871,S3-331535922
S1-834741452	S3-268467736,S3-551333270,S3-930520511
S1-83476125	
S1-834780226	S2-601770461,S2-764510207,S3-5509759,S3-64723044
S1-834925961	
S1-834942894	S2-15227390,S2-540437081,S3-100336102,S3-14024693
S1-834947894	S2-581734948,S3-556669887,S3-863145417
S1-835052872	S2-341407392,S3-781848489
S1-837003798	S2-401988723,S3-267346840,S3-350923006,S3-392734367,S3-505888413
S1-837622579	S2-568820208
S1-83774131	S2-571846963,S2-861978805,S3-153504879,S3-204400858,S3-630557090,S3-637927097
S1-83777871	S3-159448497
S1-83794087	
S1-837967059	S2-16238459,S2-385282626,S3-240353148
S1-838062183	S2-356961212,S2-638340656,S3-201498914,S3-500867555,S3-578107881
S1-838284294	S2-471831700,S2-889695914,S3-804909009,S3-831819716
S1-839680533	S2-267062728,S2-752175640,S2-794999316,S3-723503170,S3-892087197,S3-959662523,S3-998317620
S1-839772416	S2-387929232,S2-629290325
S1-840622359	S2-647510560,S3-365725852
S1-84085837	S2-301135916,S2-949424175,S3-331920758,S3-639474925
S1-840985760	S2-122356299,S2-969072732,S3-256347452
S1-841516809	S2-785819744,S2-980144213,S3-595165259,S3-665392097,S3-713973839
S1-842019434	S3-151921058
S1-842996937	S2-614593857,S3-539631228,S3-703393271
S1-843060396	S2-217460011,S2-885048741,S3-17535415,S3-439863844
S1-843400203	S2-159429581,S2-265735629,S2-586185516,S2-589599657,S3-162104419,S3-227768476,S3-233432275
S1-845032589	S2-669839167,S2-829006473,S3-100878087,S3-38216207,S3-598915442
S1-845192796	S2-257424822,S2-288282844,S3-213224564
S1-84540973	S2-167124257,S3-185929397,S3-636020631
S1-845429639	S2-203239164,S2-75830124,S3-420758671,S3-612683285,S3-873072638
S1-84668021	S2-706975881
S1-847347269	S2-257762746,S2-681334894,S2-869028410,S3-107576086,S3-227455433,S3-535116618
S1-847371811	S3-670755460
S1-847561990	S2-588521089,S2-932067457,S3-244698028
S1-848269777	
S1-848842697	S2-33359378,S2-434447499,S2-509566005,S2-529740450,S3-226978648
S1-849268824	S2-327046770,S2-4447119,S3-761577436,S3-952308592
S1-850001537	S2-932013152,S3-770128573
S1-850072297	S2-856286780,S2-868118809,S3-99159354
S1-8500817	S2-898305359,S3-554915738
S1-850861740	S2-111619759,S2-298370549,S3-610094117
S1-851329440	
S1-851691629	S2-252776654
S1-851830957	S2-319947169,S3-451554193
S1-852472888	S2-173237192,S2-184131384,S3-912064564
S1-8527176	S2-275328984,S2-409872551,S3-333081451,S3-370338836
S1-853515629	S2-650648581,S2-767290837,S2-978877003,S3-300634460,S3-960692911
S1-853519891	S2-214035823,S2-265965115,S3-112834985,S3-524991145,S3-601446770
S1-85373261	S2-716994537,S3-244016116
S1-853829630	S2-192165102,S2-199320615,S2-548450721,S3-578200430
S1-854477765	S2-35929414,S2-437862720,S2-964338873,S3-978477103
S1-855081775	S2-127606860,S2-472981589,S3-268441596
S1-855083113	S2-27777291,S3-583450090,S3-884893474
S1-855978833	S2-106931764,S2-891800500,S3-847630073,S3-86308341
S1-856455595	S2-550959858,S2-696688624,S3-507243341,S3-790898954
S1-856630745	S2-901784462,S3-196354912
S1-856718197	S2-755796077,S3-559371677
S1-858824786	S2-328961456,S3-992829863
S1-858859994	
S1-859166527	
S1-859649679	
S1-859668704	S2-152357180,S2-697259414,S3-262602574,S3-334419688,S3-675137398
S1-859722659	S2-765466919,S3-3352136,S3-56208321
S1-859846452	S2-127544002,S2-547367536,S3-212154961,S3-843000731,S3-943746989
S1-860418255	S2-35748681,S3-121672349,S3-827718285,S3-99625301
S1-861282833	S3-160404452
S1-861576161	S2-944156805,S3-246850229
S1-862207745	S2-311945840,S2-978874918,S3-707667451,S3-756465809
S1-862544798	S2-719018003,S2-969729500,S3-763472731
S1-86324425	S2-191882198,S2-629766578,S3-344010557,S3-362590299
S1-863545348	S3-318186337,S3-622518064,S3-766952081,S3-859986038
S1-864589867	S2-827245147,S3-843174354,S3-995055512
S1-864647663	S2-379978777,S2-46770951,S3-969592937
S1-865224448	
S1-866535168	S2-42940981,S2-430656091,S2-529960163,S2-873050862,S3-111944346,S3-268029695,S3-285277619,S3-411048873,S3-520024853
S1-866741616	S3-673388311,S3-698900542
S1-866931507	S2-21118924,S2-858873056,S2-965956437,S3-19981194,S3-556497457
S1-867117724	S2-99777232
S1-867448629	S2-863310489,S2-920049526,S3-454709253,S3-955887022
S1-867942611	S2-373316191,S3-344838458
S1-868100106	S2-657334748,S3-3874562,S3-448297810,S3-965536673
S1-868506443	S3-968866291
S1-868646077	S3-328476843,S3-734665741
S1-869065324	S3-465337232,S3-798950669
S1-869237183	
S1-869738580	S2-847593568,S3-599096510
S1-871494022	S3-438694955
S1-871673952	S2-679908523,S3-284203807,S3-43066149,S3-837528203,S3-967902482
S1-87173790	S2-165988572,S2-308006652,S3-870839738,S3-95256272
S1-871785372	S3-196362105
S1-871807855	S2-207858209,S2-588756161,S2-798887999,S3-777606143
S1-872554774	
S1-873094276	S2-472022729,S3-278082354,S3-550838623,S3-921416794
S1-873511659	S2-477487380,S3-243675862,S3-332455462
S1-87390816	S2-589324696,S2-593488595
S1-873926976	S2-960592960
S1-875534396	S2-798803948,S2-92810559,S2-937534568,S3-438288155
S1-875565655	S2-889209938,S3-364775125
S1-875720980	S3-14677587,S3-872260568
S1-876109868	S2-956809272,S3-379604192,S3-431994956,S3-585391791,S3-671202939
S1-87628771	S2-372205006,S3-400646386,S3-726524647,S3-76069732,S3-903982491
S1-876437615	S2-175761697
S1-876574046	S2-329348433,S3-154543932,S3-62367111,S3-79219138,S3-895056460
S1-876696484	S2-704343300,S2-844635009,S3-588854852
S1-876916368	S2-994168459
S1-878130687	S2-637254325,S3-532356298,S3-806999463,S3-812407221
S1-878167273	S2-346093297,S3-734063455
S1-879250372	S2-386904121,S2-729936126,S3-569177896,S3-999470553
S1-879398626	
S1-879905986	S2-277682679,S3-104760255
S1-880384829	S3-322748497
S1-880799200	S2-984365034,S3-698335604,S3-725549901,S3-900962902
S1-881297493	S2-695221431,S3-25622146
S1-88135025	S2-624276738,S2-876895680,S3-624980795
S1-882101556	S2-622037087,S3-567740010
S1-88292349	S2-380546820,S3-737177438
S1-883293945	S2-323321366,S2-798039672,S3-163271648,S3-950633779
S1-883597351	S2-535516422,S3-156075203
S1-883825532	S2-685074324
S1-884351482	S2-393692597,S2-405969718,S3-130229744,S3-894358799
S1-884353852	
S1-884571086	S3-630291161
S1-885218109	S2-869611388,S3-461156703
S1-8863988	
S1-886402840	S2-120940294,S2-265180888,S3-740807482
S1-88733691	S2-189220179,S2-482734790,S2-640099883,S3-327074253,S3-853400955
S1-887644675	S2-325484754,S2-831089312,S3-33904695,S3-920866762
S1-888822084	S3-668340912
S1-888854475	S3-355864657
S1-888885558	S2-667732258,S3-565159528
S1-888954397	S2-536627911,S3-144059120,S3-33288546,S3-660601082,S3-69502156
S1-889372471	S2-349484706
S1-889906081	S2-921134635,S3-241619891,S3-524738634,S3-624521377
S1-892125228	
S1-892165235	S2-243593122,S2-877081512,S3-239777494,S3-845431800
S1-892371126	S2-608020904,S2-649758043,S3-510135490,S3-72946617
S1-892536103	S2-399491312,S2-753382625,S2-764266501,S3-85657157
S1-892739871	S2-487802918,S3-362197035,S3-521282332
S1-892825590	S2-61135437,S2-865687114,S3-327495232,S3-576052506,S3-864781679,S3-874597414
S1-892952625	S2-249655095,S2-314971829,S2-494615324,S3-272930521,S3-860164513
S1-893145159	
S1-893763030	
S1-893975055	S2-593658621,S3-223304619,S3-614873326
S1-894634638	
S1-894876716	
S1-895343683	S2-513844918,S3-603185154,S3-791183526
S1-895634910	S2-368414199,S2-673246505,S3-420484057,S3-871044557,S3-904681218
S1-896642956	S3-241310057,S3-984625255
S1-896761193	S2-550269963,S2-797909982,S3-488235568,S3-602231133,S3-682084503
S1-897525219	S2-404519006,S3-437368292,S3-764897869
S1-898352747	
S1-898643049	S3-531329566,S3-664225489,S3-790245477
S1-899883051	S2-827184953,S3-388460873,S3-831772950,S3-848419959
S1-900606615	S2-574130508,S3-273299942,S3-620944823
S1-901543580	
S1-901803397	S3-611882394,S3-836939696
S1-902066796	S3-210876806,S3-233741122,S3-773063197
S1-902235484	S3-869393546
S1-902419943	S2-743633240,S3-335902169
S1-902926281	S2-155816868,S3-590705581,S3-640678011,S3-752680533
S1-903032207	S2-946535382,S3-693224185,S3-770674450
S1-904029408	S2-734366590,S2-995636704,S3-155036705
S1-904229556	
S1-905407945	S3-279537626,S3-344254693,S3-710469907,S3-827044353
S1-905555975	S2-461108303,S3-481828947,S3-640783529,S3-869851194
S1-905638422	S3-249046475
S1-906375395	S2-420712846,S2-587815076,S2-862494905,S3-764092197
S1-906731367	S2-799207189,S3-517069008
S1-907019093	S2-157063285,S2-363754252,S2-852635501,S3-224403350,S3-807921070,S3-98518036
S1-907037029	S2-252398875,S3-478255843,S3-690554952
S1-908507613	S2-672009184,S3-583496868,S3-647190469,S3-650760152
S1-90885949	S2-321843644,S2-762685445
S1-909130738	S3-317341762,S3-964283756
S1-909516549	S2-471839996,S3-327820451,S3-844841826
S1-909639546	S2-182636944,S2-579764731,S3-106602102
S1-910471360	S2-313459703,S3-210521493
S1-91047279	S2-405687652,S3-315013350,S3-542918814,S3-620348343
S1-910874860	S2-463870968,S2-90313512,S3-227667325
S1-91088738	S2-427214847,S2-82303387,S3-165279050,S3-343897738,S3-908498958,S3-970146333
S1-911146384	S2-162690815,S2-427585017,S3-119672792
S1-911379179	S2-423795873,S2-896633485,S3-280357703,S3-544675307
S1-912716593	S2-972219348
S1-913148796	S2-182940815,S2-269927813,S2-534493353,S3-206514135,S3-757376187
S1-913304074	S2-786160808
S1-91364163	S2-124337013,S2-125096928,S3-303486131,S3-421864164,S3-897850762
S1-914085585	S2-425382331,S2-534180054,S3-225624228
S1-914199557	S2-185023182,S2-783046182,S2-836441382,S2-907548123
S1-914355031	S2-632055489,S2-678673237,S3-423505688
S1-915122603	S2-972812415,S3-505219346
S1-916255139	S2-963677106,S3-271364806,S3-363079881,S3-616449740,S3-79271326
S1-916388791	S2-750862096,S2-797422060,S3-687488515
S1-916570710	S2-447250802,S3-486970198
S1-917021063	S2-598351099,S3-405669747
S1-917282654	S2-210406803,S2-345306249,S2-384507772,S3-337984670
S1-917985531	S2-133092612,S2-436129079,S2-576976518,S3-254754506
S1-918244351	S2-167635918,S3-487788545,S3-813492598
S1-918713810	S2-561824231,S2-736137170,S2-83057284
S1-918990522	S3-37447706
S1-919189135	S2-827571479
S1-919839639	S3-338884894
S1-919856265	S2-510314780,S3-300099091,S3-622551073
S1-919983443	S2-472995068,S3-714006904
S1-920135371	S2-891782499,S3-352375232
S1-92032536	S3-553764693,S3-754012829
S1-921012687	S2-987905660,S3-17430646,S3-909371636
S1-92130743	S2-411417912,S2-516008025,S3-718082616
S1-921736544	S2-788927192,S3-538579600,S3-690478431
S1-922338872	S2-170431009,S2-345858324,S2-540878133,S3-256110268,S3-893962445
S1-922364403	S2-881880651,S3-137608904
S1-922633311	S3-336207577
S1-922818424	S3-350335073,S3-555752395
S1-92317531	S2-496388812,S3-164542340,S3-485026911
S1-923713242	S2-297329983
S1-923804570	S3-21767816
S1-924186203	S2-628402411,S3-821255799
S1-924565256	S3-118953297,S3-204414221
S1-92471824	S3-847383042
S1-925278180	S2-322021773,S3-665443449
S1-925425921	S2-85909696,S3-476583742,S3-486666662,S3-498486114
S1-925462414	S2-238013220,S2-480881475,S2-567979599,S3-165538863,S3-41358763
S1-925965461	S2-277929237,S2-910394682,S3-159354191,S3-736063202
S1-926139809	S2-636634879,S3-254355636,S3-53135046,S3-53888759,S3-658399366
S1-926272031	S2-947658907,S3-375194263,S3-496875213
S1-926298718	
S1-927827174	S2-996246244,S3-437083608
S1-927854073	S2-144083048,S2-424536463,S3-66999576,S3-739581430,S3-852279613
S1-928295555	S2-25245791,S3-945206696
S1-928317799	S2-859724756,S3-93994323
S1-928345802	S2-529671730,S3-454978830
S1-929052214	S2-788562490
S1-929283013	S2-653148123,S2-739037070,S2-928381431,S3-728252651,S3-892191023,S3-942463421
S1-929568209	S2-702878940,S3-569747762,S3-717785260,S3-949414933
S1-931092787	S2-628975613,S2-633134048,S2-939351939,S3-271486528,S3-666713916,S3-689200159,S3-801696062
S1-932395166	S2-269502002,S2-886053194,S3-557105760
S1-932906903	S2-822437209
S1-933385161	S2-129629524,S3-209897139,S3-561883702,S3-717474322
S1-934003476	S2-468966787,S2-852821507,S3-894103431
S1-934221379	S2-148799760,S2-917424029,S3-790446776,S3-927031941
S1-934289364	S2-46384882,S3-146232206,S3-664293247,S3-709787268
S1-934419199	S2-308200624,S3-325481771,S3-980577317
S1-934676676	S2-752573027
S1-936206114	S2-923572803,S3-319828793,S3-647641997
S1-937056972	S2-441230802,S3-741602858,S3-758937064
S1-937144200	S2-507739840,S3-224871647,S3-555349224,S3-632603288,S3-793573995
S1-937622335	S2-165253318,S3-319850233,S3-46152706,S3-570152494,S3-589670534
S1-937889575	S2-108012694,S3-440743063
S1-937935548	S2-804774274,S2-908401810,S2-998792549,S3-644432843
S1-938036749	S2-758506900,S2-924916579,S2-974211708,S3-535515588,S3-594911380,S3-636062016
S1-938310421	S2-582019019,S2-659831458,S3-383317629,S3-808696517
S1-938848060	S2-8505349,S3-17592229,S3-196600168
S1-939161426	S2-729123581,S2-816538792,S3-464651806
S1-940169277	S2-670416036,S2-765562924,S3-796149383
S1-94102570	S3-336752847,S3-641618235
S1-941108817	S2-148325253,S2-455871992,S2-524514857,S3-130183293,S3-962950016
S1-941261133	S2-83203538,S3-192129105,S3-738953043
S1-942387320	S2-175424779,S3-32175340
S1-942429133	S2-551756689,S2-925465226,S3-447457706
S1-942747562	S2-588628346,S3-821666556
S1-945037506	S2-861259394,S3-163000717
S1-945222342	S2-275865166,S3-832716089
S1-946082930	
S1-946539058	S2-59056176,S3-203437607,S3-87711914
S1-948823606	S2-224764133,S2-945507265,S3-810923827
S1-949954287	S2-409737431,S3-293140633,S3-827112403
S1-950123559	S2-916233527,S3-365553567,S3-848756565
S1-951000927	S3-693607559
S1-951747887	S2-324720290,S2-348388775,S2-848710658,S3-258812840,S3-276112407,S3-441545438
S1-953030810	S3-199364797,S3-87267916
S1-953057476	
S1-954250720	S3-862280420
S1-954373687	S2-105498402,S2-476444971,S2-716580700,S3-160213595
S1-954375720	S2-994175302,S2-99541557,S3-428739209
S1-954668731	S2-50585731,S3-108973637,S3-387240018,S3-955802599
S1-955062430	S2-403790821,S2-780693332,S3-740863915,S3-767137379,S3-80088657
S1-95543409	S2-351090047,S2-380799288,S2-565850874,S3-19178443,S3-237437601,S3-395617793,S3-797578890
S1-955818883	S3-740552351
S1-955872641	S2-800698372,S3-221733442,S3-511116961,S3-617305400
S1-955906277	S2-962675020
S1-955930074	S2-110354360,S2-459019497,S3-795704024
S1-956068321	S2-490232316,S3-391936800
S1-957090117	S2-34158427,S2-700744711,S2-885776304
S1-957158811	S2-566681897,S2-771638913,S3-307439437,S3-70290262
S1-95717030	S2-468515505,S2-731174750,S3-172553998,S3-54606812,S3-911986310
S1-957178365	S3-737161007
S1-95744127	S2-656541052,S2-727073536,S3-179312137,S3-379039764
S1-959673805	S2-260843358,S2-965431294,S3-899579526
S1-9606988	S2-681517374,S3-667075096
S1-960734439	S2-525276006,S3-819507993
S1-9608330	S2-90756598,S3-210738440,S3-22042647,S3-415654806,S3-488308866,S3-708737355
S1-961185762	S3-591126416,S3-943595684
S1-961476892	S2-251227143,S3-223626921,S3-239888745
S1-961613339	S2-539580906,S2-967935805
S1-961872077	S2-194136170,S3-397127007
S1-963806091	S2-256665617,S2-954337375,S3-269724900,S3-701236927,S3-77344761,S3-880176651
S1-963830237	S2-839103263,S2-990071287
S1-963966855	S2-102591665,S2-515944275,S3-164195993,S3-439655698
S1-965176328	S2-199178509,S2-295297101,S2-71538558,S2-874687416,S3-288784114,S3-856791732
S1-965347336	S2-948261120,S3-25309804
S1-966215927	S3-623323945,S3-684351212
S1-966445008	S2-374389259,S2-851083683,S3-349416726,S3-383011828
S1-967005198	
S1-967422662	S2-308466731,S2-859431027,S3-475142844,S3-580237175
S1-967691965	S2-54860080,S2-718965433,S3-631051227
S1-968139069	S2-189429254,S2-651179410,S2-809924899,S3-163295180
S1-968250858	S2-629904139,S3-118428975
S1-968648060	S2-50652117,S2-958760623,S3-966594380
S1-968717744	S2-460132327,S3-753439658
S1-969205212	S2-832986512,S3-457954541,S3-759537904
S1-96995290	
S1-970068818	S2-463124469,S2-731725338,S2-942213304
S1-970422184	S2-66575447
S1-970453713	S2-289957260,S2-352442919
S1-9714409	S2-511225778,S3-429083938
S1-973321119	S2-518845417,S2-834768698,S2-985938181
S1-973528386	S2-558561258,S3-21420078,S3-592918185,S3-691724632
S1-974299687	S2-298981377,S3-87508540
S1-974835997	S2-827160085,S3-759296283,S3-99323614
S1-975179669	S2-124307583,S3-515309592,S3-882452288
S1-97540739	S2-368525598,S2-516339815,S2-791392248,S3-373736395,S3-728964461,S3-776493699,S3-872864359
S1-975591226	S2-158002157,S3-97766671
S1-975720283	S2-184501968,S2-386901125,S2-550191754,S3-82476031,S3-890872566
S1-97620237	S2-706501526,S3-184398251,S3-741236030
S1-976470456	
S1-976485117	S2-742581448,S3-158047009
S1-977157917	S2-538173441,S3-16941816,S3-731084170
S1-977387084	S2-575824230,S3-369837293
S1-979238596	S2-300637225,S3-140872978,S3-329916375,S3-355556292
S1-980390394	S2-164663582,S3-768457140
S1-980481856	S2-491411370
S1-980735457	S2-653381250,S2-900726278,S3-622299786,S3-646874151
S1-980995247	S2-890423339,S3-585988567,S3-982983308
S1-981169983	S2-281622473,S2-738191089,S2-898220638,S3-600193280,S3-767893336
S1-981830962	S2-659652431,S3-591075568
S1-982572058	
S1-982974585	S2-4505397,S3-250741188,S3-446083997
S1-983540069	S2-859028958,S3-18925596
S1-983772416	S2-182290690,S2-468646095,S3-252766152,S3-439646174
S1-984007173	S2-779091406,S3-895724118
S1-984392458	S3-783561352
S1-98446575	S2-693470844,S3-32676252,S3-960449811
S1-984826563	S2-628380124,S2-677967521,S2-890797609,S2-987126777,S3-189881364,S3-667428657
S1-985062460	S2-219462227,S2-616271439,S3-945648317
S1-985215050	S2-423100583,S2-703652671,S3-629758530,S3-810019876,S3-824060413
S1-985273457	S2-643525268,S2-668421473,S3-541121020,S3-916475341
S1-986170634	S2-321371758,S2-417580915,S3-152321780,S3-183920730,S3-222511251
S1-986652030	S2-645207621,S3-280796970,S3-613090743,S3-63330577
S1-987449355	S2-203741840,S3-576584804,S3-90779192
S1-987626724	S2-655843528,S2-798193777,S3-328884435,S3-359130107,S3-571179074
S1-987633901	S2-269075136,S3-520331981,S3-530317684
S1-989674677	S2-647896201,S3-237514909,S3-269311248,S3-593180011
S1-990429087	S2-554668807,S2-788226517,S3-909783877
S1-991169977	S2-904613496,S3-250631378,S3-75050865
S1-991893704	S3-129584826,S3-642392445,S3-748982348
S1-992393037	S2-666058375,S2-718566250
S1-992465780	S2-203415518,S2-69209952,S2-775027952,S2-784359149,S3-198659069,S3-325674407,S3-630374,S3-979266772
S1-992694367	S2-528474717,S3-99886757
S1-993942647	S3-890822650
S1-994206236	S2-509456167,S2-607067254,S2-703216574,S3-587986507
S1-994417851	S2-645708553,S3-552934419
S1-994525821	S2-758784303,S2-769225465,S2-941792847
S1-994808613	S3-208155337
S1-995235655	S2-409417274,S2-88894931,S3-316746892,S3-406922342
S1-995708936	S2-596921424,S3-62275775
S1-9959665	S3-891691158,S3-971464194
S1-996060303	S2-338235633,S2-535942942,S3-287515207,S3-976787364
S1-996078020	
S1-996333630	S2-405142848,S2-478542808
S1-996335269	S2-841829497,S3-368022257
S1-996425196	S2-22383943,S2-608169002,S2-841861544,S3-138681824
S1-996549219	S2-34046786,S2-446834528,S3-611922580
S1-997158670	S2-1171967,S3-205427682,S3-233579355
S1-99824219	S3-662421315,S3-673569617
S1-998663223	S3-818834457
S1-999290373	S3-988638159
