source1_entity_id	matched_entity_ids
S1-100025870	S3-412634944
S1-100065295	S2-331023513,S2-462359231,S3-316370026,S3-693200381
S1-10011474	S2-129994750,S2-523475473,S3-918737934
S1-100359162	S2-211448553,S2-329574267,S2-621611489,S3-868511494
S1-100365402	S3-177658990
S1-100588770	S2-729896632,S2-933424030,S3-288460706
S1-100714457	S3-700832669
S1-100754671	
S1-100847576	S2-408438701,S3-342041525
S1-101058536	S3-425221736
S1-101072332	S3-349001003
S1-101316565	S2-410920100,S2-55714139,S2-582709274,S2-80792153,S3-277931100,S3-459631291
S1-101448409	S2-542905400,S2-67998014,S3-472373649,S3-647552810,S3-942185043
S1-10158520	S2-184710943,S2-707312848,S2-834041361,S3-671897327,S3-786605411,S3-906539939
S1-101729673	S2-560042657,S3-918766309
S1-101753962	S2-328582076,S2-703871506
S1-101762377	
S1-101780735	S3-543027586
S1-1020047	S2-536323122,S2-935224899,S3-25998532
S1-10223300	S2-808501149,S3-169161116
S1-102262280	
S1-102298344	S2-377829136,S3-158817841,S3-224788145
S1-102335151	S2-177666971,S2-964447821,S3-525550161,S3-574358757
S1-102606099	S2-350480448,S3-601469517
S1-102685544	S2-535173460,S3-283826495,S3-843825727
S1-102695101	S2-602157284,S2-847983646,S3-184006551
S1-102849087	S2-265786347,S3-794505906
S1-102892758	S2-370248366,S2-597340970,S3-53200521
S1-103236883	S2-117948579,S2-239532997,S2-741641560,S3-22118661,S3-653693610,S3-853610077
S1-103277119	S3-462479740,S3-610970108
S1-103365600	S2-167306471,S3-505206879
S1-103585627	S2-157998772,S2-608016327,S2-855904490,S3-716116212
S1-103678658	S2-453535650,S3-285930693,S3-468283890
S1-103680715	S2-105732118
S1-103956183	
S1-104349825	S2-14597521,S2-856789940,S3-75428037,S3-756401760
S1-104375468	S2-631632907,S2-765696980,S2-929423625,S3-624420450,S3-659010091
S1-104847486	
S1-104944714	S2-387851444,S3-617493858
S1-104944987	S2-695186971
S1-105018882	S2-849408896
S1-105146534	S3-12031053
S1-105276633	S2-174357582,S3-315160014,S3-455402296
S1-10549703	S2-394376797,S2-755284522,S3-141493854,S3-335762295,S3-359316607,S3-420490174
S1-105511554	S2-799947039,S3-822231346
S1-105584288	S2-739419170,S3-266506075,S3-903531312
S1-105589182	S2-831955863,S3-356959624
S1-105759746	S3-502017985,S3-987049197
S1-105824444	S2-235892873,S2-323943940,S2-460068046,S2-748233212
S1-105846993	S2-758143185,S2-848220563,S3-244648068
S1-105921678	S2-439360938,S2-834409196,S3-733795738,S3-885469437
S1-105943575	S2-602412743,S3-423101008,S3-819067425
S1-106314983	S2-257711989,S2-751174475,S3-727564860
S1-106450926	S3-343839438,S3-877100310
S1-106492486	
S1-106559561	S2-212702023,S3-586864589,S3-813059362
S1-106564131	S2-101406613,S2-160543316,S3-223313642,S3-444527745,S3-697266856,S3-84272043,S3-861865574
S1-106710560	S2-333000457,S3-403303084,S3-613215697
S1-106834408	S2-718847457,S2-894396508
S1-107062317	
S1-107066025	S2-250230870,S2-561693470,S2-868852728
S1-10725788	S3-612830532,S3-657239466
S1-107296667	S2-158694816,S2-771379814,S2-983379341,S3-310967004,S3-39554913,S3-656145404
S1-10732467	S2-435517177,S2-959305796,S3-153523634,S3-345261869
S1-107395649	S2-330434055,S2-790814116,S3-477462198,S3-950562490
S1-107403618	S2-179867859,S2-756871553,S2-856235850,S2-953815705,S3-339912636,S3-767635666,S3-845244540
S1-107487792	S2-146893659,S2-408266010
S1-107504462	S2-835549787,S3-146466531,S3-268650216
S1-107543122	S2-20115294,S2-627927901,S2-691244428,S3-684162500
S1-107546415	S2-135871345,S2-702457683
S1-10759041	S3-30648782,S3-482301070
S1-107939413	S2-439497265,S2-502831114,S3-994326469
S1-107956825	S2-286688820,S2-49059829,S2-827879663,S2-852707109,S3-389823654,S3-448984997,S3-615293959
S1-10802286	S2-190163962,S2-42078860,S2-439059133,S2-947156719,S3-35273010,S3-455820655,S3-624125246
S1-108051728	S2-802280605,S3-226297553,S3-980629960
S1-108113823	S2-490188215,S3-915936452
S1-108219904	S2-122270481,S2-147752977,S3-209373733,S3-411249841,S3-885106733
S1-108724009	S2-627306263,S3-775055871
S1-108826426	S2-159068403,S2-462371003,S2-982627938,S3-295632516
S1-108844771	S2-147626762,S2-148364285,S2-543548525,S3-302336924,S3-400375127
S1-108874063	S2-345654753,S2-411979603,S3-966135739
S1-108951056	S2-770684289,S3-182578318
S1-108993620	S3-155463727,S3-18511430,S3-50482461,S3-610875519
S1-10914674	S2-804637443,S2-855826614
S1-109240534	S2-657134215,S3-22550090
S1-109329222	S2-561149020,S3-513472816,S3-748534463
S1-109396190	S2-498322747,S2-842970431,S3-486283136,S3-791205322,S3-990886801,S3-998513627
S1-109609629	S2-42679287,S2-488420693,S3-345275945,S3-614508219
S1-109829298	S2-350908110,S2-908343413,S3-574630498
S1-109972435	S3-392064218
S1-11002639	S2-399085240,S3-266342266,S3-684271489,S3-700536758,S3-728446255
S1-11005970	S2-477469747,S3-437614771
S1-110070329	S2-397389697,S2-617928085,S3-76664218
S1-110168395	S2-521284649,S2-773222715,S3-123671931,S3-318591447
S1-110537101	S2-710115974,S3-812798285,S3-834652670
S1-110554366	S3-256359360,S3-364371747
S1-111301895	S2-526813944,S2-798534171,S3-413585286,S3-464940768
S1-111359110	S3-241125124
S1-111408484	S2-999517894
S1-111518726	S3-69892054,S3-759537250,S3-897385133
S1-111531844	S2-907353368,S3-261190236,S3-734403172,S3-986777918
S1-111595533	S2-133144467,S2-218861407,S2-334951887,S3-104280997
S1-111639826	S2-832002263,S3-265464266,S3-513800962
S1-11165238	S2-263396544,S2-420950551,S2-99008538,S3-524525305
S1-111717403	S2-761412786,S2-822680735,S3-484503102,S3-937170096
S1-111812609	S2-747509092,S3-236277610,S3-491183438
S1-111863403	S2-439126558,S2-860682326,S3-451646919,S3-665613691
S1-111926481	S2-936675374,S3-568349066
S1-112068695	S2-194141302
S1-112169621	S2-471342235,S2-805589500,S3-744448799,S3-787288999
S1-112237927	S2-853954695,S3-402572281,S3-592968334,S3-614796897
S1-112304371	S2-201836269
S1-112321404	S2-137550822,S2-432338211
S1-112335452	S2-829336054,S3-14116987
S1-112401100	S2-371365,S2-46855755,S2-580399772,S3-157839412,S3-773683856,S3-799191118
S1-112443858	S2-319001798,S2-355811024,S2-687779325,S3-283291096,S3-426815613
S1-112487986	S2-187037868
S1-112535683	S2-700997999,S3-789498562,S3-987264026
S1-112543029	S2-229224278,S2-636446284
S1-112643002	S2-184204346,S3-186305716,S3-309348772,S3-395143727,S3-565468100
S1-112766316	S2-533265049,S3-471534352,S3-504218777
S1-112870680	S2-411449458,S3-745624751,S3-932737218
S1-112895757	
S1-112940627	S2-138586112,S2-269906016,S3-155268573,S3-474800583,S3-918854438,S3-952672848
S1-112970319	S2-164537673,S2-306250924,S2-540923136,S2-593694123,S3-788477331
S1-113186269	S2-219955908,S2-962459708,S3-112165062,S3-928020735
S1-113216069	S2-751757491
S1-113231915	S2-533806605,S3-388195631
S1-113519762	S2-700281509,S2-815027556,S3-872133340
S1-113530444	S2-258494605,S2-824733423,S3-26536348,S3-517088577,S3-58667901
S1-113604619	S2-634948118,S3-155876754,S3-785710484,S3-900020015
S1-113625332	S2-268698540,S2-289923051,S2-910410642,S3-52568700
S1-11373593	
S1-113759988	S2-485727372,S3-681305383
S1-114029820	S3-252790085
S1-114173010	S2-993178447,S3-367403922,S3-491355721
S1-114282739	S3-696989707,S3-948996569
S1-114344758	S2-260944929,S2-292785870,S2-844892818,S3-10995836,S3-766279714,S3-974252861
S1-114371872	S2-156242907,S2-820763343,S3-275259102
S1-114853332	S2-16426141,S2-497019385,S2-893195783,S3-395087016,S3-416325464
S1-115056586	S2-497328005,S3-145921238,S3-718569090
S1-115084216	S2-317187439,S2-631037341,S3-371141525,S3-659151394
S1-11508869	S2-157331046,S3-503269648,S3-516563031
S1-115099184	S2-850319793,S3-730808734
S1-11510001	S3-446043486,S3-618003271
S1-115189395	S2-88211819,S3-101583503,S3-424451196,S3-54662612,S3-95424347
S1-115316041	S2-23103913,S2-505190815
S1-115374501	S2-4290716,S2-597113960,S2-612306503,S2-807229803,S3-737231207
S1-11539585	S3-331628762,S3-355026947,S3-8915838
S1-11563528	S2-827606257,S3-427814345,S3-561831110
S1-115636283	S2-76976916
S1-115854912	S2-200246023,S2-410537182,S3-189521913,S3-762776331,S3-854670162
S1-115877649	S2-544216650,S2-773655767,S3-548978484,S3-601677904
S1-115941407	S2-389958073
S1-116082725	S2-18318606,S2-275814734,S2-540739327,S2-614222605,S3-424672513,S3-887914297
S1-116337103	S2-193709284,S2-746508965,S2-86506613,S3-36338449,S3-626142175,S3-654757116,S3-937032440
S1-116363195	S2-415599597,S2-605497958,S3-507959782,S3-892381780
S1-1165275	S2-48454097,S2-731570846,S3-210168060,S3-406814373
S1-116667426	S2-263472565,S3-107318179,S3-824921341
S1-116710717	
S1-11672436	S2-540476105,S2-870735397,S3-212455239,S3-26287322,S3-375507580
S1-116757562	S2-504665620,S2-717360085,S3-170443831,S3-461756873
S1-116776059	S3-319978778,S3-385199997
S1-116826274	S2-446660609,S3-528692706,S3-900160396
S1-116872763	S2-624675974,S3-334994783
S1-116929240	S2-431464812,S2-628256803,S3-253798379,S3-788181840
S1-116973608	S2-385030263,S3-688605054,S3-983343967
S1-117079272	S2-545742236,S3-118320038,S3-724511943
S1-117176169	S2-876429841,S3-382846827,S3-66682591,S3-719268671
S1-11741317	S2-23243966,S2-30008365,S2-372946989,S2-610322501,S3-827700674
S1-117434283	S2-585781010,S2-94612858,S3-562854698
S1-117456026	S2-683937689,S3-67593418
S1-117548545	S2-481080784,S3-103863573,S3-372776155
S1-117550084	S2-203814312,S2-917163347,S3-374221357,S3-589261996,S3-75458281
S1-11769851	S2-180258111,S2-274597585,S2-630434714,S2-821043272,S3-132944559
S1-117842225	S3-231852967,S3-251269927,S3-960260108
S1-117949827	S2-284374659,S2-689128018,S2-967267210
S1-118144180	S2-132861814,S2-229651499,S2-421992766,S2-481800300,S3-879016721
S1-118378550	S2-245648670,S2-988165552,S3-139937915,S3-915075213
S1-118381873	S2-553327342,S2-68122140,S3-186296087,S3-379986837
S1-11840976	S2-332229078,S3-103710283
S1-118431355	S2-17756390,S3-359993530
S1-118477314	S2-987962635,S3-408585017,S3-462395734
S1-118501471	S2-655147563,S2-743692915,S2-911765441,S3-742107586
S1-118520966	S2-318803252,S2-50814084,S2-76709677,S3-441747880,S3-665334298
S1-118656639	S2-578088035,S3-598190042,S3-608196207,S3-849795082
S1-118724664	S2-690507242,S3-277862077,S3-979855330
S1-118804450	S2-289722112,S2-427664204,S2-59003005,S2-964633791,S3-245901202,S3-36043930,S3-538067537
S1-118861861	S2-644254344,S3-504352181,S3-686895101
S1-118885341	S2-446997696,S3-216368122,S3-830383567
S1-118904559	S2-568434919,S2-74141673,S2-792719522,S3-191211002,S3-865347112,S3-936757208
S1-11892622	S2-376719830,S3-9510368
S1-119008218	S2-574746488,S3-169664067
S1-119010611	S2-191199229,S2-669308887,S3-590189717
S1-119189253	
S1-119344953	
S1-11948467	S2-864499023
S1-119658369	S2-107230263,S2-913687535,S3-183627429,S3-340222773,S3-365811934
S1-119747566	
S1-119807163	S2-70947750,S3-595158418
S1-119907076	S2-521966378,S2-913227907,S3-539400734,S3-876088211
S1-120073209	S2-210332671,S2-624056198,S3-224059764,S3-24965632,S3-538286014,S3-58309470,S3-815055605
S1-120144145	S2-507595800,S2-999000606,S3-390944571,S3-691020068,S3-794982358,S3-815073176
S1-120199276	S2-395547679,S2-619652885,S3-410785142,S3-418464425
S1-120201857	S2-236172941,S2-415085622,S2-808298328,S3-849511340
S1-120506554	S2-824408203,S3-874656420
S1-120584983	S2-742745926,S2-784979893,S2-946682276
S1-120606739	S3-354040078
S1-120612278	S2-595929653,S2-619619108,S3-412632223
S1-120612553	S2-739313215,S2-930042395,S3-282624835,S3-642882450,S3-883098969
S1-120714060	S2-204825340,S2-413645246,S2-758181491,S2-787974738,S3-191411399
S1-120724523	S2-164930914,S3-8640383,S3-951546586
S1-12075135	S2-886461076
S1-120886996	S2-202499371,S2-507569300
S1-120910048	S3-89570366
S1-120929224	S2-234546453,S2-332465315,S3-266820599,S3-549102078,S3-648947595,S3-653551391
S1-121034761	S3-345637283
S1-121049872	S2-299547240,S2-88601526,S3-47516731
S1-121066675	S2-177381326,S2-571231806,S2-83341010,S3-733455523,S3-976259524
S1-1210917	S2-138588776,S2-358951588,S3-452345933,S3-521004712
S1-121346303	S2-906326333,S2-940732670,S3-449349941,S3-981615198
S1-12204192	S2-812785532
S1-122161613	S2-918240399,S2-925387994,S3-514614647
S1-122184390	S2-543577591,S2-723118215,S3-221347482,S3-66886837
S1-122402532	S3-396782588,S3-480537452
S1-12246487	S2-59465461,S3-528166482
S1-122572130	S2-483183047,S2-714390500,S3-154261460,S3-15548095,S3-905610841
S1-122577531	S2-329915187,S2-864781829,S3-577406090,S3-774114431,S3-844287061
S1-122594850	S3-786932683
S1-122912759	S2-103758769,S2-190893813,S2-646393278,S3-791384894
S1-122970715	S2-377104658,S2-666532193,S3-512358296,S3-558395800
S1-122985619	S2-247082541,S2-513328121,S2-569972014,S2-57484367,S2-883626836,S3-891190423
S1-12302769	S2-305467674,S2-755451052,S2-77611731
S1-123042575	S2-344009605,S2-448378819,S2-99229177,S3-123228927,S3-37698848
S1-123091379	S2-256703244,S2-25873938,S2-298849666,S2-571121919,S2-757459978,S3-117850004,S3-446049628
S1-123130491	S2-721029678,S3-809459492
S1-123251517	S2-852519347,S3-162352897,S3-247971675,S3-425498772,S3-872145763,S3-993176007
S1-123261142	S2-941471800,S3-205550847,S3-434452073,S3-47597722,S3-802716992
S1-123279797	
S1-123296824	S3-140184809,S3-813329794,S3-880896810
S1-123298375	S2-162262643,S2-548078947,S3-464150321,S3-465204774
S1-123329706	S2-2067514,S2-525491216,S3-334357374
S1-123389217	S2-420901026,S2-5513312,S3-429070963,S3-460475627
S1-123613073	S2-322064107,S2-927687526,S3-273498590
S1-123709187	S2-219977438,S2-396540947,S2-444885084,S3-354072889,S3-552596073
S1-123736892	S2-178747627,S2-723865518,S2-982542002,S3-264508170
S1-124037928	S2-270056665,S2-89582488,S2-895964644,S3-964703672
S1-12423093	S2-437463904,S3-135243762,S3-545909557,S3-767874590
S1-124231112	S3-731261103
S1-124702505	S2-883185310,S3-3269900,S3-518792819,S3-54499277,S3-915068488
S1-124854701	S2-174481657,S3-257901580
S1-124904622	S2-456762571,S3-384952704
S1-125030987	S2-683904700,S3-622397957
S1-125049456	S2-154680507,S2-819438351,S3-171999211,S3-348871269
S1-125104207	S2-357738236,S2-364519503,S3-520587258
S1-125238994	S2-771649715,S3-141445585,S3-245994623
S1-125359047	S2-424322450,S3-551368756,S3-621464705
S1-125402390	S2-108486004,S2-147983391,S2-769656023,S3-431801134
S1-125438625	
S1-125531410	S2-138729104,S2-58611625,S3-100313524
S1-125607800	S3-224310971
S1-125679411	S2-103763199
S1-125754064	S2-365027922,S2-465112895,S3-803751031,S3-841764168
S1-125837651	S2-765892078,S3-756886115
S1-125890414	S2-193331899,S3-854617137
S1-125905322	S2-500847490,S2-511784550,S2-766959067,S3-889904422,S3-994766010,S3-998610575
S1-12597716	S2-857445045,S3-84232860
S1-125985822	S2-217052949,S2-582631991,S3-217788071
S1-126030465	S2-950817706,S3-277624989
S1-126149165	
S1-126206687	S2-166366914,S2-591908530,S2-748855659,S3-296105937,S3-574512442
S1-126401401	S2-395040673,S3-685678126,S3-693585969
S1-126425263	S2-106449898,S2-529096932,S2-591843658,S3-437362408,S3-522318671,S3-915363991
S1-126533965	S2-19376964,S3-286210779
S1-126534769	S2-384253750,S2-672953211,S3-450397822,S3-46504689
S1-126657217	S2-293779932,S2-470671229,S2-862942780,S2-978571195,S3-625198994,S3-790854258
S1-126740965	S2-245842521,S2-57194845,S3-792725790
S1-126749530	S2-67867362,S2-904059221,S3-565128437,S3-808108278
S1-126970409	S2-326532264,S3-192355456,S3-455064459,S3-619483970,S3-781318489,S3-838050555
S1-127088658	S2-481096772,S2-640143508,S3-318925711,S3-656801446,S3-686528358
S1-127139759	S2-208167177,S2-286048148,S2-568345728,S2-747022223,S3-539487567,S3-588834700
S1-127165174	S3-537702732,S3-748328772,S3-907890311
S1-127235800	S2-30121123,S2-535360948,S3-425133739,S3-622235433
S1-12736716	S2-437596468,S2-564246707,S2-95400853,S3-715059476,S3-79344343
S1-127406091	
S1-127415291	S2-643932731
S1-127491481	S2-513454697,S2-561114920,S3-44136068,S3-797832842
S1-12754124	S2-13723643,S2-380588127,S3-118620090,S3-89212329
S1-12757016	S2-67593281,S2-732421595,S3-145451443,S3-652642161
S1-127582156	S2-186152184,S2-486579754,S2-970651370,S3-564991185
S1-127672447	S2-497830674,S3-669876268
S1-1278529	S2-708716762,S3-335872335,S3-626392841,S3-929008345
S1-127905374	S2-556697919,S3-23313816
S1-12799143	S2-667448901,S3-310288859,S3-650215847
S1-128002108	S2-320370670,S3-317514107,S3-499076371,S3-755450816
S1-128032366	S2-969622354,S2-988150592,S3-14291072,S3-786261969,S3-881433976
S1-128068983	S2-553540026,S3-57483537,S3-700697928
S1-12819640	S2-423497491,S3-157364325,S3-250827115
S1-1283236	S2-196421906,S2-503374742,S2-577509438,S2-865471729,S2-916553705,S3-188741508,S3-454729991
S1-128329582	S3-346271256,S3-979491955
S1-128403955	S2-284280471,S2-399093217,S2-959443567,S3-131337298
S1-128463665	S2-128416984,S3-103114817,S3-245395600,S3-646002457
S1-128484390	S2-769889935,S3-196243404,S3-960095768
S1-128694403	S2-687461876,S3-489956596,S3-59498472,S3-686363117
S1-128757903	S2-243146437,S3-128851672,S3-633800736,S3-717527276
S1-128777239	S2-541493234,S3-597241168,S3-812276599
S1-128839616	S2-534143335,S3-773918975,S3-969248323
S1-128861570	S2-390718121,S2-931311874,S3-978703166
S1-128937655	S2-449970480,S2-775014854,S2-864659401,S3-678287911,S3-945731484
S1-128969038	S2-196707185,S3-599571742,S3-911539676
S1-129011233	S2-324691024,S3-434956426,S3-866039855,S3-918497916
S1-129031302	S3-318652561,S3-950666554
S1-129047594	S2-72408644,S2-800535401,S2-879929821,S2-989769369,S3-224389817,S3-700458382
S1-129101333	S2-565450414,S2-814566592,S3-619270248
S1-129126625	S2-16658572,S2-19415740,S2-404682997,S3-690955944
S1-129273229	S3-1831781
S1-129379529	S2-222533330,S2-352617100,S2-369197528,S3-212927920
S1-129643631	S3-29119267,S3-511088033
S1-129669399	S2-123085859,S2-308781877,S3-553626836
S1-129745691	S2-228149382
S1-129937741	S2-183137682,S2-4859776,S2-665627791,S3-454996075
S1-130096876	S2-571371804,S2-599719412,S3-196939392,S3-962816769
S1-130100430	S2-433388629,S3-366872993,S3-414807234,S3-576873679
S1-130226636	S2-181838023,S3-567350757
S1-130237234	S2-432940487,S2-943523778
S1-130345826	S2-248029871,S3-46003470,S3-645038980
S1-13045390	S2-309064445,S3-216659335,S3-460072969,S3-852553535,S3-874310219
S1-130465468	S2-141517122
S1-130486302	S2-429482430,S3-178531567,S3-715807548
S1-130686395	
S1-130691263	S2-111656382
S1-130815409	S3-640575065,S3-90300367
S1-130926279	S2-435318479,S3-189773428,S3-487119211
S1-131089305	S2-222840911,S2-488349069,S2-734497645,S3-52897315,S3-582003319
S1-131097906	S3-635493526,S3-761373262
S1-131153996	S2-927274299
S1-131169189	S2-993812479,S3-12172993
S1-131190407	S2-454132253,S3-204436178,S3-401156838,S3-873999331
S1-131200142	S2-775458878,S2-921384475,S3-688092695,S3-850921984
S1-131238053	S2-79978759,S3-218787233,S3-224254394
S1-131321754	S3-129442391
S1-131321886	S2-479376995,S2-909354343
S1-131487371	S3-548724394
S1-131541821	S2-34131057,S2-542942400,S2-850765136,S2-975253465,S3-48639947,S3-966247622
S1-13194029	S2-224561182,S2-876893786,S3-777046737
S1-132087644	S2-442473012,S2-538411269,S3-541979425,S3-620912090
S1-132129655	
S1-132543012	S2-481632858,S3-293686319,S3-515436369,S3-595138002,S3-949301241
S1-132745400	S2-476199401,S2-608577965,S3-390363686,S3-508884835
S1-133601685	S2-429083719,S2-528135043,S3-233670062
S1-133716949	S2-663332632
S1-133902932	S2-763470160,S3-323523450
S1-134018352	S2-768889178,S3-290791479,S3-910575158
S1-134158735	S2-873591974,S3-370457795,S3-651914067,S3-877157729
S1-13429816	S2-548661385,S3-252960925,S3-982341136
S1-13438573	S2-639388383,S3-869074196
S1-134498428	S2-108815526,S2-233224296,S2-599571660,S3-515288301
S1-134554879	S2-741431663,S3-207517381,S3-286136442,S3-350549487,S3-365034788,S3-556733512,S3-772632166,S3-927551987
S1-134580273	S2-503911588,S2-749653632,S3-120881329,S3-505068966
S1-13467906	S2-908642303,S3-151824813,S3-687846793
S1-134689748	
S1-134707947	S2-234009225,S3-439590137,S3-623837305,S3-9304967
S1-134724140	S2-310187477
S1-134850201	S2-958109362,S3-920485036
S1-134944701	S2-943840484,S3-922931012
S1-134945953	S3-391732855,S3-627196025
S1-135082886	S2-665737686,S2-756199255
S1-135228752	S2-228319826,S2-831460509,S2-874036296,S3-278164580,S3-653824073
S1-135382833	S2-902711173,S3-940792965
S1-135506604	S2-542929335,S3-873094667,S3-891187386
S1-135741375	S2-354105944,S2-511477322
S1-135758878	S2-682107312,S2-730728040,S3-824160877
S1-135766935	
S1-136019033	S2-611310030,S3-158650212,S3-867541157
S1-136024674	S2-964245754,S3-293474183,S3-337577604,S3-668963567,S3-83299111
S1-136053230	S2-434019322,S2-461393621,S2-675315923
S1-136083472	S3-693025420
S1-136155051	S2-60454867,S3-296189699,S3-502355281,S3-655883385
S1-136210566	S2-343436971,S2-516972371,S2-523901926,S2-665307163,S2-717443608,S3-244181474
S1-136331559	S2-958266460,S3-613640445,S3-67097247
S1-136418002	
S1-136608506	S2-26381402,S3-369525617,S3-675247754
S1-136609440	S2-753999111,S3-760365086,S3-842259067
S1-136651905	S3-254427214
S1-13666912	S2-306025457,S3-957278684,S3-998829011
S1-136680408	S2-22443951,S2-731421123,S3-775020774
S1-136681781	S2-38053626,S2-516872704,S2-758975456,S3-932136528
S1-136757217	S2-596192663,S2-718936605,S3-421383278,S3-761476219,S3-898150964
S1-136804916	S2-749543499,S3-938936959
S1-136937886	S2-938341240,S3-427672694,S3-523153912
S1-137018555	S3-191277838,S3-899105994
S1-13702559	S2-263773222,S2-465107351,S3-670611892
S1-13709299	
S1-137098335	S2-8538671,S2-919200539
S1-137203431	S2-886543099,S3-207314768,S3-306026204,S3-322216140,S3-780043702
S1-13723036	S3-542465868
S1-137310222	S2-932765404,S3-908314132
S1-137409380	S2-496544561,S2-852680673,S3-780736360,S3-821427670,S3-930949948
S1-137664743	S2-668620336
S1-137743466	S2-85799448,S3-829516419,S3-895352715,S3-975676644
S1-138256304	S2-653413228,S3-153517200,S3-179719493
S1-138638623	S2-227515786,S3-64629096
S1-138655263	
S1-138665556	S2-206845835,S2-24484227,S2-374165486,S2-875684365,S3-816860189
S1-13872465	S2-377368067,S3-248503321,S3-635868779
S1-138759845	S2-34859606
S1-13884443	S2-363552218,S2-874083237,S3-157096740,S3-246661541,S3-713401927
S1-139030357	S2-225167244,S2-866803537,S3-357280404
S1-139312125	S2-373244132,S3-109289546,S3-604085314,S3-935320007
S1-139401572	S2-4195066,S2-546649066,S3-298983021,S3-741971330,S3-950867925
S1-139416217	S2-272000718,S3-70465262
S1-139619805	S2-61253037,S2-800233585,S3-103564473,S3-320100714,S3-924358017
S1-139755046	S2-263170711,S2-998402325
S1-13975725	S2-540213702,S2-836491971,S3-635472469
S1-139939972	S2-44553584,S2-602937150
S1-139987791	S2-418733616
S1-140144666	S2-679631432,S3-387071193,S3-842981608,S3-895394627,S3-898498905
S1-140155735	S2-394342834,S2-503597036,S2-642954278,S3-801222579,S3-8471573
S1-140176981	S2-603186246
S1-140307222	S2-189164583,S2-937267746,S3-267549217,S3-45843908
S1-140618461	S3-202725204,S3-225318749,S3-347730180,S3-955648588
S1-140662620	S2-703564944,S3-32088364,S3-683859507
S1-140674772	S2-171243022,S2-323626549,S2-758499298,S3-128247123,S3-237946599,S3-779820234
S1-140893419	S2-531909599,S2-785731216,S3-584752041,S3-614587304
S1-14104933	S2-200809193,S2-295935712,S2-79491162,S3-13302117,S3-21229890,S3-67551973
S1-141190743	S2-671588785,S3-846111803
S1-141206205	S2-183821089,S2-853214979,S2-983174282,S3-588218948
S1-141458779	
S1-141482662	S2-706556024,S2-752848892,S3-881510373
S1-14160905	S2-319041244,S2-381248468,S3-4299029,S3-934306929
S1-141618156	S3-544405893
S1-141674435	S3-399832782,S3-734980908,S3-804261588,S3-866808208
S1-141772988	S2-259088566,S2-67898651
S1-142026897	S2-696728972,S2-942146033,S3-961967989
S1-142142169	S2-187410096,S2-229631194,S3-341306333
S1-142161944	
S1-142499943	S2-83651328
S1-142513005	S2-680162252,S2-774534640,S3-422110595,S3-987307645
S1-142615091	S2-33466046,S3-554895807
S1-142628768	S2-143573222,S3-697630985
S1-142680816	S2-20400864,S2-566445308,S3-211889848,S3-300746652,S3-554701843
S1-142708264	S2-143159195,S2-390933916,S2-761929306,S3-742096712
S1-142780449	S2-98694476,S3-398563983,S3-524667458,S3-73891633
S1-142832040	S2-154782356
S1-143113788	S2-884346391,S3-35797940,S3-421680422,S3-960613953
S1-143155407	S2-22369935,S3-299386778,S3-662478950,S3-784386525,S3-786734092
S1-143397865	S2-498693698,S2-916777496,S3-101639404,S3-94362791
S1-14346911	S2-394383935,S3-592911270,S3-956709333
S1-143629036	S2-375047735,S2-783719979,S2-785913856,S3-615668885,S3-941201557,S3-971903105
S1-143689129	S2-229079286,S2-501680912,S3-181910336,S3-880969960
S1-14369218	S2-621712758,S2-697539123,S3-30758056,S3-339313209,S3-466479615,S3-561545525
S1-143719321	S2-790247865,S3-563414697,S3-617278847,S3-867069591
S1-143761243	S2-463054186,S2-570007000,S3-400132512,S3-759213493,S3-787124771
S1-143919660	S3-895108808
S1-143960680	S2-35712620,S2-488680289,S3-406704522,S3-839709973
S1-143963720	S2-506357398,S3-270752771,S3-454933851
S1-143985690	S2-528731848,S2-753814882,S3-182816557,S3-194864821,S3-53560174
S1-144016644	S2-368118233,S3-329991101
S1-144022104	S2-638533172,S3-748495061
S1-144032876	S2-563164292,S2-655436444
S1-144211409	S2-193782547,S2-250899438,S2-833772712,S3-174243257,S3-339463294
S1-144220154	S2-460263367,S3-562415060,S3-774561703,S3-901091285
S1-144256592	S2-584957551,S3-115665210,S3-787380659
S1-144276163	S2-434635907,S2-808360729
S1-144300788	
S1-144329304	
S1-144611000	S2-76636553
S1-144626283	S2-184996300,S2-255488089,S2-825553359,S3-536728314,S3-859294614,S3-981545036
S1-14463420	S2-713691416,S3-374814021,S3-418985259,S3-6688256,S3-891110719
S1-144668136	S2-50603351,S2-539032500,S2-970843544,S3-824608852
S1-144690286	S2-804398635,S2-893631415,S3-300220265,S3-44768936,S3-502808203,S3-534531903
S1-144832541	S2-2073769,S2-55516924
S1-144969543	S2-197921688,S3-107624957,S3-297948353,S3-752591650,S3-809460754
S1-14503478	S2-160246266,S2-296181512,S3-563331909
S1-145199623	S2-457806461,S3-228677408,S3-753387249,S3-776614108
S1-145483381	S3-244080508,S3-900662587,S3-993552756
S1-145542392	S2-463265543,S2-932507856,S3-103699985,S3-170660047,S3-364064314
S1-145602117	S2-354582927
S1-145647351	
S1-145664418	S2-490145229,S2-822525544,S3-101693441,S3-216410945,S3-538395136,S3-704761257
S1-145737939	S2-175800881,S3-212663563,S3-44441987,S3-69524125
S1-14575777	
S1-145935102	S3-817880257
S1-146308440	S2-65218566,S3-126098440,S3-614366533
S1-146363495	S2-10339118,S2-470413499,S2-974590281,S3-47004203,S3-964225420
S1-146396885	S2-403649954,S2-818535002,S3-847094297,S3-873584949
S1-146497659	S2-653637198,S2-995539428,S3-457397065,S3-861967497
S1-146538463	S2-30555329,S2-370661025,S2-814785298,S3-496736794,S3-661808007,S3-818549303,S3-867952053
S1-146639438	S2-719710943,S2-801936786
S1-14671612	S2-30034044,S2-493245845,S3-253475513
S1-146745089	S2-130689828,S2-143666962,S2-885559018,S3-651958880,S3-785414626,S3-907741363
S1-146752327	S2-584095735,S2-945028720,S3-363872109,S3-613298518
S1-146764684	S2-380568908,S3-511577899,S3-749193336
S1-146814155	S2-464972021,S3-743691172
S1-147082388	S2-938579259,S3-45617016,S3-529696638
S1-147109857	S2-414834775,S3-132570988,S3-426853453,S3-610227380
S1-147273928	S2-488233906,S3-661464306
S1-147453373	S2-124340545,S2-418524289,S3-300119515,S3-308062522
S1-147573599	S2-332168130,S2-411461946,S3-578795233,S3-774425964
S1-147610675	S2-121147112,S2-229708823,S3-528031165
S1-147695360	S3-303523512,S3-489024722
S1-147728193	S2-625039250,S3-145394156,S3-159377717,S3-542840653
S1-147762492	S2-507786915,S3-506740180
S1-147805793	S2-33729144,S3-574257212
S1-147896787	S2-150646454,S2-585273862,S3-169579855
S1-147967017	S2-326401989,S2-890026668,S3-454848985
S1-147967388	S2-313292339,S3-853787958
S1-147967865	S2-210409234,S2-809746672,S3-317334870,S3-647551781,S3-786011269
S1-147977335	S2-330656969,S2-430575175,S2-479755944,S2-586419693,S3-674013886
S1-148067881	S2-107558964,S2-151514712,S3-810587088
S1-148320332	S2-334699467
S1-148489661	S2-608682584,S2-912289609,S2-989936101,S3-108815620,S3-303957411,S3-597471178
S1-148521825	S2-683858795,S3-573941051,S3-978494554
S1-148543262	S2-306254943
S1-148554059	S2-275125701,S3-3756798,S3-749919330
S1-148613177	S2-819803336,S2-962321988,S3-240685665,S3-796397634
S1-148780346	S2-105205249,S2-626309210,S3-768136955
S1-148887362	S3-632171231
S1-149058470	S2-301447274,S2-822748077
S1-149192597	S2-473933975,S3-419248345,S3-953993972
S1-149245964	S2-423522052,S3-280509766,S3-5326908
S1-149293733	S2-933813224,S3-104970054,S3-895905550,S3-910284414
S1-149492585	S2-857339279,S3-154476963
S1-149498539	S2-141460586,S2-152497146,S2-655294221
S1-149523055	S2-541035755,S3-62178400
S1-149583117	S2-239992233,S2-347174753,S2-381193581,S3-753509502
S1-149599134	S2-314749307,S3-478252972
S1-149697635	S2-612892941,S2-808870132,S3-11565779
S1-149888295	S2-754749744,S2-778632182,S3-488340058
S1-149970080	S3-869034538,S3-98338785
S1-149985369	S3-290837942,S3-614911983
S1-149987818	S3-933362759
S1-150096465	S2-780151216,S3-145402651,S3-3246037
S1-150102806	S2-114837253,S2-514795369,S2-670069288,S2-97274140
S1-150167002	S2-50405643,S3-562804460,S3-837690793
S1-150286403	S2-354258839,S2-603551078,S2-629970268,S2-689455083,S2-736238330
S1-150376327	S2-697072948,S2-842276885,S2-917940705,S3-515573277,S3-791316444
S1-150537470	S2-234791508,S3-208488371,S3-628700387
S1-150545801	S2-311868162,S2-611227653,S2-714938717,S3-450775005
S1-15068395	S3-274251743,S3-84114637
S1-150740915	S2-191131512,S2-769721130
S1-151070746	S2-210673001,S2-429261864,S2-48955477,S2-648254840,S3-212065932,S3-32263950
S1-151135719	S2-547141379
S1-151138234	S2-954187997,S3-200466691
S1-151177444	S2-680051098,S2-860398023
S1-151234482	S2-497670690,S3-990831695
S1-151456769	S3-559017316
S1-151538640	S2-558921201,S3-211417337,S3-533550296,S3-696691369
S1-151550608	S2-166517554,S2-689095440,S2-747204241,S2-83292141,S3-581392679
S1-151646900	S2-584301369,S2-746588762,S3-462615419
S1-151731151	S2-165681061,S2-265444165,S3-144622045,S3-402655130,S3-669642004
S1-151743794	S2-232875605,S2-312012378,S2-608974275,S3-384570801,S3-765145758
S1-151787207	
S1-151812942	S2-725324450,S3-523450790,S3-549733400,S3-616256673,S3-998274066
S1-151820473	S2-210966077,S2-363410440,S2-953613707,S3-719609538
S1-151871250	S2-469098188,S2-568357719,S3-610925209,S3-957819383
S1-15191617	S2-960832129,S3-357540603
S1-152136753	S2-212503981,S2-588214141,S3-144210769
S1-152183648	S2-327199321,S2-663905291,S3-778757569
S1-152239796	S2-28066436,S3-916178263
S1-152254226	S2-400413095,S2-856277499,S3-762864702
S1-152602217	S2-131618850,S3-394520462,S3-732093595
S1-152731297	S2-377938746,S2-493051152,S2-902844225,S3-399978436,S3-641648111,S3-891372463
S1-152769570	S2-146211287,S2-753988851,S3-287960491
S1-15286325	S2-593041840,S2-725743656,S2-962919379,S3-189719223,S3-644713362
S1-152941396	S2-927643395,S3-489456140,S3-703908799
S1-152993237	S2-290966590,S2-392445721,S2-428728716,S2-785798084,S3-21360155,S3-414066965
S1-153065647	S2-878375889,S3-425373007,S3-505521816
S1-153101610	S2-972132556,S3-153271951
S1-153213632	S2-112965888,S2-364365158,S3-642755753,S3-77870833
S1-153479006	S2-561857496,S2-770115266,S2-951721846,S3-961770213
S1-153618631	S2-293177282,S3-209582123,S3-983453721
S1-153680298	S2-633795249
S1-153877707	S2-482453456,S3-439348760
S1-15395078	S2-851855526,S2-85282812,S3-53962205,S3-622631629
S1-153962539	S2-686567216,S3-344008392,S3-381655625,S3-453052437
S1-154117244	S2-649055712,S3-40782260
S1-154235293	S3-435478810,S3-442446976,S3-684093326
S1-15427076	S2-2390917,S2-332024311,S2-863835572,S3-281256436,S3-565553867,S3-929022849
S1-154363926	
S1-154419594	S2-128695932,S2-236491655,S2-355486136,S3-730766875
S1-154499962	S2-504407891,S3-465900576,S3-513416632
S1-154668092	S2-424445800,S3-36523620,S3-55310382
S1-15470760	S2-314259347,S2-489715802,S3-559144662
S1-154868493	S2-400074327,S2-435247058,S3-362587369,S3-423843194,S3-774678585
S1-154871542	
S1-154986325	S2-437131173,S2-491515755,S3-522766283,S3-562649879
S1-154990895	S2-895495101,S2-923971566,S3-539050047,S3-846922918
S1-155000558	S2-316637578,S2-992462707,S3-475978471
S1-155009546	S2-650354585,S3-638416042,S3-645391676,S3-838636590
S1-155028564	S2-781727254,S3-357539047
S1-155263605	S2-374021466,S3-548782333,S3-601304658
S1-155352199	S2-360377979,S2-474580049,S3-568718116,S3-810893433
S1-155365106	S2-582301410,S3-493403891
S1-155538051	S2-371667438,S2-791444540,S3-14167581
S1-155555909	S2-40586874,S2-457367651,S3-271320047,S3-475736849,S3-912650749
S1-155581444	S2-135969169,S3-234773171,S3-514976026,S3-674103413,S3-768441158
S1-155608040	S2-204300037
S1-155699056	S2-659312105,S2-753895301,S2-863768745,S3-342026216,S3-513060044,S3-557182719
S1-155840225	S2-640883675,S3-115915832,S3-430146803,S3-45917131,S3-523530588,S3-531151141
S1-156204167	S2-589128618,S3-276299095,S3-873983829,S3-98392234
S1-156229076	S2-634183976,S2-999029037,S3-132909653,S3-254319727,S3-254516566,S3-762093753,S3-775154357
S1-156402052	S2-203414313,S2-627666601,S2-668153121,S2-728970816,S3-698203214,S3-769924686
S1-156517370	S2-496191827
S1-156619671	S2-161312946
S1-156634595	S2-827197726,S3-642867808
S1-156654058	S2-530591472,S3-279561129,S3-733173250
S1-156662906	S3-484814712,S3-686931872
S1-156800334	S2-53747396,S2-696352769,S2-840194418,S2-944925749,S3-257015019,S3-342350828
S1-156989608	S3-394533945
S1-157016862	
S1-157027603	S2-498650777,S2-669342258,S2-918861576,S3-597134129,S3-949575890
S1-157075971	S2-211121716,S2-88445784,S3-308729184
S1-157095223	
S1-157268011	S3-546959607
S1-157306515	S3-392963295,S3-773487387
S1-157334078	S2-146382409
S1-157371209	S2-105082351,S2-39829501,S3-49290894
S1-157375869	S2-115688602,S2-586100134,S3-396214768,S3-776377479,S3-802184661,S3-954036954
S1-157492058	S2-925504101,S3-275919348
S1-157525185	S2-501033092,S3-116964574,S3-45867071
S1-157610636	S3-226335183
S1-157712943	S2-131455537,S3-117071170,S3-252769347,S3-564990295
S1-15774587	S2-641693580,S3-432208588
S1-157765688	S2-237695163,S3-263699943,S3-591311481,S3-754585616
S1-157843761	S2-452114435,S2-993146754,S3-283710811
S1-157938668	S2-714985370,S2-798146197,S3-620083269
S1-158443698	S2-336815261,S2-48337240,S2-950484342,S3-651325921,S3-93462474
S1-158541436	S2-202726153,S2-559654604
S1-158622998	S2-448565998,S3-589484380,S3-737245678,S3-986079084
S1-158758961	S2-105823982,S3-307762080,S3-430857385
S1-159138068	S3-702095707,S3-705673293,S3-740558768
S1-159181424	S2-197168527,S3-45638200,S3-818787251
S1-159241198	S2-143819485,S2-57317518,S3-406728395,S3-415437951,S3-544044897,S3-709645318
S1-159413330	S2-645217073,S3-910220501
S1-159473907	S2-604177750,S2-859837096,S2-926724512,S3-317148318,S3-565896432
S1-159531245	S3-548092584
S1-159623474	S2-625516620,S3-375315442,S3-80835556,S3-860806401
S1-159823061	S2-377268648
S1-159906087	S2-143192145,S2-498331631,S2-795762599,S3-621720236,S3-629645358
S1-159924298	S2-320058066,S3-265357487,S3-920676612
S1-159926560	S2-844689455,S3-969269469
S1-15996051	
S1-16011225	S2-160698250,S3-266370781,S3-26987905
S1-160155681	S3-570234119,S3-764992156
S1-16015611	S2-134604421,S3-184753144,S3-569616068
S1-16039645	S2-103763735,S2-256943807,S2-408296419,S2-669695762
S1-16059640	S2-111066772,S2-226620383,S2-425053096,S3-235430968,S3-644604118,S3-995544265
S1-160780406	S2-138925826,S2-83858687,S3-314219873,S3-849742783
S1-160846084	S2-126742330,S2-132056668,S2-818381279,S2-999682804,S3-778120383
S1-161093993	S2-115861650,S2-54161342,S3-232319248,S3-487618918,S3-587618590,S3-710459630
S1-161127085	S2-528578067,S2-825843433
S1-161299869	S2-281092137,S3-404650563,S3-814119170,S3-951934401,S3-951996596
S1-161306307	S2-11930770,S2-231683950,S2-403106237,S3-89087275
S1-161715440	S2-712970272,S3-807698653
S1-161872106	S2-697329489
S1-162029457	S2-218633043,S2-573797565
S1-162067437	S2-290476487,S2-747911400,S2-796529821,S3-52539572,S3-820844715,S3-873700504,S3-922891591
S1-162120	S2-442681164,S3-178530781,S3-55838720
S1-162225405	S2-645634714,S2-713966485,S2-784315693,S3-538445621,S3-697405099,S3-867189195,S3-931702083
S1-162488230	S2-124936744,S2-605704111,S3-343051028,S3-923201035
S1-162510200	S2-224165014,S3-27927131,S3-377042153,S3-846986651
S1-162589152	S2-151539990,S2-919145523,S3-897741691
S1-162635690	S2-273096533,S3-298782720
S1-162687241	S2-211073485,S2-387750181,S2-677040590,S3-193019064
S1-162770787	S2-593708425,S2-630126685,S3-178694202,S3-746973517
S1-162947724	S2-747629538,S2-88504976,S3-628934622
S1-163031234	S2-263012146,S3-94507696
S1-163054294	S2-211144341,S2-459050270,S2-586706970,S3-139264231,S3-480801986,S3-615024858,S3-768995499
S1-16316212	S3-254910791,S3-439768913,S3-885964919
S1-16349818	S2-327628923,S2-455403626,S3-857767428,S3-886310144
S1-163516735	S2-760707712
S1-163642449	S2-289543940,S3-244929182,S3-664324651
S1-163670887	
S1-163804964	S2-158995371,S2-892098947,S3-940841348
S1-164059604	S2-10838665,S2-362958443,S2-828105177,S3-110038427
S1-164081713	S2-320022558,S2-353412345,S2-86251493,S2-900805264,S2-940155859,S3-293482044,S3-947621347
S1-164097112	S2-472263174,S2-560734410,S2-604268199,S2-941001551,S3-272995956,S3-693012886,S3-93405970
S1-164116584	S3-320779923,S3-802265244
S1-164148998	S2-348959984,S2-440298624,S2-823677191,S2-946246520,S2-996505602,S3-176834033,S3-746411304,S3-981659836
S1-164166757	S2-159631067,S2-316330503,S2-46283496,S3-253275925
S1-164341511	S2-173900832,S2-937958941,S3-150554277,S3-720919140,S3-949494442
S1-164413929	S2-156368025,S2-259157679,S2-578053764
S1-164741352	S2-898335704,S2-924043971,S2-987040634,S3-772549460
S1-165026252	S2-675166115
S1-165232957	S3-481185909,S3-893653442
S1-165263239	S2-184501857,S2-317906955,S2-69330664
S1-165272398	S2-363305208,S3-114544294
S1-16535072	S2-234228211,S2-768208108,S3-424404965,S3-9978388
S1-165575621	S2-383869015,S2-400934871,S3-258547418
S1-165605028	S2-198311430,S2-488796026,S3-36502080,S3-695257848,S3-927602014
S1-165608155	S3-470259162
S1-16568241	S3-275299084
S1-165690955	S2-899107351,S3-391923414
S1-165702900	S2-571736175
S1-165736926	S3-109538991,S3-478414032
S1-165766028	S2-98317242,S3-25147613,S3-636928145
S1-165766349	S2-172271798,S3-889485012
S1-166130034	S2-167138963,S3-604306173
S1-166254571	S2-265782373,S3-158281521,S3-816414298,S3-880807197
S1-166370808	S2-830002875
S1-166398169	S2-918849745,S3-154751702,S3-478034015,S3-823116856
S1-166398291	S3-257808505
S1-166440928	S2-157507310,S2-696672788,S3-212466187
S1-166475923	
S1-166843386	S2-373862176,S3-716473916
S1-166871298	S2-153308619,S2-360623091,S2-410455432,S3-232985156,S3-66360298
S1-166894329	S3-67256233
S1-166917456	S2-993049072,S3-138413036
S1-167024654	
S1-167109399	S2-495926518,S2-976706175,S3-640071308,S3-827527639
S1-167121685	S2-518563666,S3-35158332,S3-416536395,S3-91750140
S1-167418078	S2-102088417
S1-167473342	S2-371892502,S2-414190186,S2-548825823,S3-891262063
S1-167489039	S2-388275180
S1-167518483	S2-203994222,S2-508064724,S3-545560364,S3-66707454
S1-167554532	S2-149215045,S2-999600501,S3-35207080,S3-510034952,S3-764826668
S1-167589902	S2-353042998,S2-440492405,S3-221379635,S3-355669099,S3-708200488
S1-167656482	S2-537028076,S3-643046414
S1-167660003	S2-105463326,S2-326478154,S2-630458744,S3-599037531,S3-758280684
S1-167684551	S2-126948973,S2-691700829,S3-46390877,S3-581322456
S1-16771900	S2-478802552,S2-997868608,S3-451244469
S1-167797055	S2-437646616,S3-795672183,S3-826827056,S3-853952460
S1-167874799	S2-507055040,S3-170253064,S3-41550568,S3-68768012,S3-967151275
S1-167941447	S2-954749908,S3-379431661
S1-167948432	S2-375984929,S2-437520433,S2-880508544,S2-900983348,S3-443132186,S3-681782005
S1-168027117	S2-304886597,S2-379838098,S3-662343113
S1-168211594	S2-578390027
S1-168304916	S2-315175080
S1-168414820	S3-183590352,S3-304932649,S3-928080029
S1-168486873	S2-467144211,S2-877489215,S3-429030303,S3-687542217,S3-746996154,S3-748781233
S1-168941670	S2-546999474,S2-693751465
S1-16896798	S3-656745455,S3-790778143,S3-984411749
S1-169036000	S3-310907987,S3-934018096
S1-169094268	S2-723577409,S3-420434169
S1-169094796	S2-314044844,S3-18614329,S3-315100850
S1-169137757	S2-162341819,S2-226442717,S2-402952352,S2-458378933,S2-7224826,S2-947830935,S3-208346585,S3-270961443,S3-930026628
S1-169177371	S3-263649239,S3-286144804
S1-169225683	S2-884954953,S3-237610037,S3-450749519
S1-169248649	S2-423842880,S3-137434106,S3-147668480,S3-323562759,S3-325575526,S3-630817941
S1-169280744	S2-691515431,S2-961614277,S3-485844030
S1-169443882	S2-390816011,S2-562142723,S3-908957644
S1-169459509	S2-412204069,S3-730701700,S3-79250402
S1-169634580	S2-254208520,S3-413804205,S3-431939661,S3-858655723
S1-169862089	S2-102512254,S2-196755324,S2-506424729,S2-757108303
S1-169920729	S2-184316884,S2-955054183,S3-38977993
S1-169967833	
S1-170183558	S2-715561124,S3-379009593
S1-170302764	S2-567470719,S2-71093021,S3-236007778,S3-737771362
S1-170393698	
S1-170566434	S2-129906507,S2-574787523,S3-442316127
S1-170595260	S2-407670175,S2-89227106,S3-240570354
S1-17068382	S3-864177636
S1-170691929	S3-545318887
S1-170691960	S2-103579726,S2-254574348,S2-654389468
S1-170943288	S2-794352046,S2-909885381,S3-341499366
S1-171050433	S2-614424573,S2-810403190,S3-916661550
S1-171068806	S2-862743406,S3-696480705
S1-171220267	S2-376332079,S3-353610750,S3-498139193,S3-545386152,S3-615344043
S1-171686053	S2-561173821,S3-290156633,S3-521367744
S1-171715136	S2-745628676,S2-979551181,S3-633079171,S3-699124174
S1-171830635	S2-556072867,S3-682758842,S3-804736399,S3-92966180
S1-172245308	S3-353669219,S3-75702317
S1-172306582	S2-212528971,S2-460092311
S1-172401841	S2-30631577,S3-692221090
S1-172545992	S2-143755574
S1-172627624	
S1-172828801	S2-434771845,S3-66572587
S1-172904336	S3-483857105
S1-173123445	S3-122480302,S3-642790147
S1-173321253	S2-22375805,S2-434970882,S2-79768404,S2-878017952,S3-204138689
S1-173379853	S2-260570076,S3-183821212,S3-273012929,S3-641659074
S1-173485321	S2-120313486,S3-999526016
S1-17351311	S2-154731151,S3-396816398,S3-488200044,S3-799873048
S1-173557621	S3-130809684
S1-173589697	S2-437438720,S3-115632425,S3-932939708
S1-173679167	S3-567497999,S3-687424973
S1-173812600	S2-16607832,S2-969341294,S3-174376650,S3-400182460,S3-761049799,S3-984919727
S1-173835773	S3-611096344
S1-173916618	S2-107902228,S2-36295833,S3-858349032
S1-174039534	S2-201140068,S3-175505722,S3-182985877,S3-86404826,S3-864198726
S1-174064733	S2-637316453,S2-780748497,S3-58895481,S3-631914370,S3-962381267
S1-174164658	S2-249546254,S2-465248629,S3-752501269
S1-174191626	S3-864017173
S1-174231876	S2-100755082,S2-7106933,S3-584722582,S3-689094771
S1-174239235	S2-122947461,S2-377213114,S2-95138093,S3-902299702
S1-174378124	S2-145099650,S2-297457624,S2-307394484,S3-703245105,S3-959933478
S1-174393569	
S1-174416957	S2-314639528,S3-716174967
S1-174672664	S2-537681497,S2-738105426,S3-523555612,S3-530605225,S3-615170484,S3-741723544
S1-174749892	S2-293000800,S2-512901691,S2-780854414
S1-174863557	S2-242810180,S3-68719692
S1-174896878	S3-186730692,S3-495627026
S1-175035922	S2-40723646,S2-942488363,S3-6141651
S1-175088907	S2-239344040,S2-599364624,S3-357669433,S3-694922515
S1-175176944	
S1-175260342	S2-526910163,S3-711129269
S1-175450282	S2-45293452,S2-78729723,S2-95370986,S2-961808053,S2-971005168,S3-851381116
S1-175478057	S3-381009725,S3-443080590,S3-807828855,S3-927253321
S1-175500178	S2-62903286,S2-812188517,S3-124540463,S3-730382464,S3-75229669
S1-175540884	S2-364809262,S2-820852482,S3-663605437,S3-928639450
S1-175674060	S2-522541054,S2-78700110,S3-768304597,S3-902514744
S1-175691750	S2-452533681,S2-708900572,S2-864323264,S3-661230846,S3-76820376,S3-940067798
S1-175915450	S2-487521495,S2-610118341,S3-348120335,S3-596443229
S1-175921460	S2-205151254,S2-680928444,S2-746479043,S2-99421118,S3-541227706,S3-652716855
S1-175928083	S2-156872416,S3-972857065
S1-176031335	S3-127285678,S3-198247625
S1-176141328	S2-541416376,S2-903262919,S3-5763830
S1-176181984	S2-236739410,S3-12978575,S3-208344463,S3-220034672,S3-635356119
S1-17618951	S2-165863423,S2-210241439,S2-672928019,S3-260470855
S1-176301807	S2-130713488,S3-309024848
S1-176326297	S2-284012514,S3-693940993
S1-176349719	S2-696307706
S1-176383185	S2-55123984,S2-833714224,S3-2958426,S3-446583922,S3-963426494
S1-176397561	S2-46965157,S2-515628684,S2-612334453,S3-69422689,S3-819433974,S3-882099510
S1-176526040	S2-488573065,S2-752527991,S3-120058458,S3-474522713,S3-912515197
S1-176526510	S2-660033258,S2-70570747
S1-176568661	S2-401876068
S1-176642065	S2-266974848,S2-444859481,S2-67708857
S1-176768096	S2-667190605,S3-170508510,S3-590491052
S1-17693141	S2-199426339,S2-959527502,S3-450531970,S3-609941930,S3-614155054
S1-177049846	S2-331444657,S2-723081905
S1-17712251	S2-149203118,S2-509240386,S2-832999592
S1-177146943	
S1-177244042	S3-718631310
S1-177255330	S2-230674687,S3-345085049,S3-818028720
S1-177268686	S2-658119828,S3-633394404,S3-680418645
S1-177410107	S2-956964577,S3-111627286,S3-901887343
S1-177449948	S2-825692591,S3-130589159
S1-177462766	S2-424954632,S3-356304297,S3-62322042,S3-696600595
S1-177624749	S2-518783012,S3-402278950,S3-537217085,S3-675821375
S1-177765930	S3-459802468,S3-70662397
S1-177853783	S2-114065200,S2-917949493,S3-247346282
S1-177974883	S2-77273747,S3-504606015
S1-178100671	S2-215811829,S3-518105243,S3-781756236
S1-178326905	S2-14938845,S2-204486711,S3-88864539
S1-17847435	S3-811024920,S3-936552598
S1-178496024	S2-548202327
S1-178622579	S2-177019578,S2-904467912,S3-82257390,S3-952998781
S1-17866414	S2-266493319,S2-865246127,S3-745108289,S3-843089002
S1-178724359	S2-41263945,S3-305498886,S3-391389576
S1-178822727	S2-456497566,S3-413872526,S3-902603381
S1-178906804	S2-76477874,S2-774582056,S3-348313324,S3-620299914,S3-868906288
S1-178988356	S2-105625138,S2-406234492,S2-43400185,S2-600105379,S2-946180737,S3-611503174,S3-700450875
S1-179080882	S2-216018081,S2-718539646,S2-79512314,S3-493612112,S3-864993011,S3-95169884
S1-179097302	S2-164921990,S2-418956446,S2-478192192,S3-286665319,S3-55073707
S1-179255493	S2-21783442,S2-733249905,S3-131865475,S3-92820785
S1-179567583	S2-925791353,S3-395871530
S1-179623140	S2-164960042,S3-277060740,S3-472108590
S1-17985643	S2-833810284,S3-159768479,S3-346268968
S1-179987161	S2-575939210,S2-710754762,S2-976017811,S3-141170729
S1-180156330	
S1-180174220	S2-816649099,S3-148232622
S1-180179538	S2-276110468,S2-376286220,S3-168479699,S3-531011327,S3-69180315,S3-842680769
S1-180179854	S3-584997562
S1-180302124	S2-484107534,S3-322626812
S1-180339210	
S1-180469700	S3-986127943
S1-180479022	S2-673558091,S3-36910603
S1-180562737	S2-128872182,S2-513866617,S3-532545349
S1-180742331	S2-322364955,S3-470380919
S1-180821978	S2-734660994,S2-781461037,S2-937679502
S1-180991117	
S1-181339867	S2-116593008,S2-907528517,S2-909060557,S3-244625430
S1-181375411	S2-784686571,S3-397739252
S1-181721574	S3-313385780,S3-598435966
S1-181787180	S2-139017553,S2-967064355,S3-348667529,S3-926170789
S1-18183718	S2-886846973,S3-473879259,S3-716978180,S3-996113037
S1-181881764	S2-363783551
S1-181944686	S2-919929169,S3-974264181
S1-181981855	S2-224258729,S2-265963871,S2-82781105,S3-600848521,S3-956416571
S1-182150664	
S1-182384324	S2-130830368
S1-182405792	S2-28901055,S2-367253989,S3-418648060,S3-695125198,S3-806776667
S1-182444285	S2-823598063,S3-181340688,S3-888115386
S1-182445053	S2-200187818,S3-450602988,S3-76883363
S1-182457413	S2-377839363,S2-76169489,S2-991579710,S3-4761259,S3-60357055,S3-621806725
S1-182547847	S2-17680303,S2-417661297,S2-8115739,S3-358456787,S3-472250198
S1-182633909	S2-686133106,S2-916697174,S3-178191486,S3-439965054
S1-182663516	S2-448541172,S3-195629504
S1-182704967	S2-104301517,S2-177342121,S2-395927584,S3-386120945,S3-517140878,S3-898324225
S1-182802018	S2-89128317,S3-773690556,S3-783299609
S1-182810791	S2-207326415,S2-520451994,S3-688794507,S3-799629863,S3-811839204
S1-1828845	S2-60131560
S1-182910222	S3-80896579,S3-953706932
S1-183004859	S2-267111141,S2-743585499,S2-758328771
S1-183039960	S3-53636109,S3-805174898,S3-937186222
S1-183297984	S2-567422732,S2-6931632,S2-822153405,S3-124533938,S3-87180962
S1-183313088	S2-262539854,S2-458533587,S3-473899826,S3-64234953,S3-727292949,S3-752757802
S1-183792823	S2-277150355,S2-283301144,S2-853430098,S3-125287738,S3-639592638,S3-745048778,S3-8417376
S1-1838589	S2-302601328,S2-582511298,S3-549577193
S1-183871081	S2-708804022,S2-72056644,S2-810804933,S2-849247562,S3-152456594,S3-524394789
S1-183940969	S3-616151382
S1-184019528	S2-302457924,S2-633418614,S2-700866647,S3-165816237,S3-446016164,S3-682383020
S1-184074444	S2-448186998,S3-150066407,S3-209841813,S3-411601276
S1-184113978	S2-476594052,S3-272404594,S3-564400676
S1-184137996	S2-261336053,S2-604887916,S3-398386668,S3-673093972
S1-18422075	S2-963983487,S3-317955746
S1-184231337	S2-488141522
S1-18429396	S2-585563664,S3-688160665
S1-184319948	
S1-184374528	S2-560935189,S3-37737596,S3-778584557,S3-933090106
S1-184407231	S2-276375451,S2-903989825,S2-989861012
S1-184492019	S2-253370534,S2-516311285,S2-697162501,S3-442861683
S1-184553446	
S1-184672992	S2-17823673,S2-41171955,S2-425284960,S2-843075741,S3-770465585
S1-184774357	S2-644249486,S2-981376375,S3-218821381,S3-253807496
S1-184816275	S2-884883916,S3-893170515
S1-184940807	S2-39392119,S2-474430460,S3-608575172,S3-857896646
S1-184941360	S2-329812257,S2-898450127
S1-185115475	S2-646674577,S2-797493539,S3-404791210,S3-515214495,S3-705932091
S1-185281285	S2-188756286,S2-376132520,S2-690333272
S1-185291515	S2-161269040,S2-788038239,S3-372296613,S3-540387949
S1-185438674	S2-638243437,S2-849544037
S1-185490953	S2-806596449,S3-393292943,S3-420601625,S3-741062178
S1-185502834	S2-337275476,S2-446557062,S3-545244572
S1-18555168	S2-743230914,S3-891814093
S1-185555221	S2-219340088,S2-696940706,S2-982261103,S3-166934319,S3-273588517
S1-185611448	S2-594178194
S1-185674976	S2-661261612
S1-185836464	S3-410904792
S1-185896323	S3-19052916,S3-599351263,S3-708617093,S3-791006778
S1-18590549	S2-125322981,S2-803863191
S1-185988812	S2-482233512,S2-987954132,S3-133335100,S3-651086943,S3-951450312,S3-986913925
S1-186148470	S2-852490474,S3-829072595
S1-186199059	S2-426316572,S3-138659967,S3-529229710
S1-186303687	S2-397646194,S3-483652225,S3-595851459
S1-186366595	S2-60622021,S2-808005864,S3-197888661,S3-512974212
S1-186473929	
S1-186740210	S2-113533582,S2-148142030,S2-330949823,S2-383208339,S2-40407802,S3-118620608,S3-682572414
S1-186759366	S2-870249407
S1-187092439	S2-441431528,S2-465705982,S2-584813021,S2-799684373
S1-187161127	
S1-18716924	S2-831413341,S3-654848451
S1-187412806	S2-195261367,S3-600710744,S3-884363797
S1-187428400	S3-673188683,S3-759353946
S1-187496245	S2-103774053,S2-608658685,S3-716324212
S1-187594707	S2-531120513,S3-200253765,S3-206747732
S1-187624792	S2-981525551,S3-660692419,S3-997143505
S1-187759653	S2-442046877,S2-929888436
S1-187936330	S2-404457750,S3-827187243
S1-188132503	S2-154978024,S2-57431779,S2-985312951,S3-468522166,S3-706586845,S3-962681256
S1-188153318	S2-332368530,S2-46204012
S1-188207946	S2-154399211,S2-909307658,S3-204484884,S3-385174246,S3-388098602
S1-188359609	S2-30479159,S3-35853858,S3-674581911
S1-188390667	S2-618056980,S2-6419298,S2-801335341
S1-188503922	S2-608440724,S3-23008371,S3-566183717,S3-831508838
S1-188712793	S2-198407629,S2-921249305,S3-831572223,S3-874782815
S1-188874663	S3-533190577
S1-188913622	S2-243873318,S2-330477914,S3-826419464
S1-189400585	S2-301818554,S2-910119689,S3-287173529,S3-731684801
S1-18952504	S3-350155751
S1-189663062	S2-416752790,S3-208737582,S3-839490701,S3-99542374
S1-189747955	S2-134117775,S2-724078313,S3-54828110,S3-678854638,S3-698383459
S1-189799424	S2-265802912,S2-439379797
S1-18986281	S2-534959980,S3-936551798
S1-189867735	S2-479874350,S2-607085475,S2-805635192,S3-482238758
S1-189951197	S3-645982848
S1-189957054	S2-52669806,S3-910692983
S1-189960996	S2-128526475,S2-831714745,S3-83363351
S1-19021785	S2-278659464,S2-631601657,S3-534692478,S3-838333517
S1-190567859	S2-537701395,S2-674348773,S3-432857555
S1-19062827	S2-221816747,S2-714513790,S2-95228270,S3-161573498,S3-454511741,S3-676643268
S1-190659849	S3-208971664,S3-315317283,S3-636313259,S3-871210111
S1-190678351	S2-61765609,S3-758689824,S3-951374089
S1-190767643	S2-696473998,S3-592779924,S3-914439836
S1-190999411	
S1-191168229	S2-706884152,S2-782540525,S3-218179009,S3-8515799
S1-191406032	S2-808920042,S2-997975063,S3-488955310
S1-191470994	S2-961503775,S3-101194585,S3-374680541,S3-538995235,S3-93718235
S1-191490925	S2-178445092,S2-219704771,S2-729961171,S2-913615044,S3-843951522,S3-93153052
S1-191569961	
S1-191589302	S2-286290040,S2-570389051,S2-598356152,S3-258923029
S1-191612861	
S1-191747191	S2-256599445,S2-449999925,S3-640292353,S3-65759487,S3-761630628
S1-191976086	S2-617331193,S3-955696154
S1-191993517	S2-210242963,S2-906328108,S3-269479810,S3-665996062,S3-777076746
S1-192007014	S2-26207159,S2-925979504,S3-760655093,S3-802705702,S3-891840194
S1-192046841	S2-135506610,S2-339652753,S2-664144520,S2-681469029,S3-702506666
S1-192107930	S2-455501292
S1-192294718	S2-16499437,S2-828245964,S3-659008064
S1-192411345	S2-592609533,S3-131678343
S1-192669699	S2-308272806,S3-430203616,S3-69011854
S1-192803180	
S1-192856068	S2-637359419,S3-211802551,S3-883502652
S1-192916913	S2-233094319,S2-592454506,S3-368635771
S1-193150846	S2-12121652,S3-786703070
S1-193371412	S3-612011609
S1-193444063	S2-37880852,S2-385802923,S2-793423398,S3-145686085
S1-193688525	S2-260818866,S2-619897602,S3-128109195,S3-517440656
S1-193755057	S2-604111860,S3-457262441,S3-693657639
S1-193758748	S2-410308460,S2-619956950,S3-776411092
S1-193964012	S2-827724837,S3-827069605
S1-194043775	S3-53651924,S3-615038077,S3-671011562,S3-96717864
S1-194045565	S2-796028340,S3-154010731,S3-898818633
S1-194065744	S2-479521189,S2-985713914,S3-392361298
S1-194289716	S2-611566885,S3-165568991,S3-658733927
S1-194306408	S2-96723377,S3-103458059
S1-19445849	S2-38243802,S2-457916502,S3-408031476,S3-683531751,S3-697911492
S1-194590991	S2-391774640,S2-591563078,S3-188966913,S3-314582244,S3-335061921
S1-194614139	S2-396461270,S2-609346983,S3-865429392
S1-194621944	S2-566263225,S2-793872373
S1-194687827	S2-731859472,S2-75873717,S2-793076298,S3-221297508
S1-194776873	S2-550901944,S2-626076105
S1-194812283	S3-304387223
S1-194849432	S3-801674136,S3-89279667
S1-194868642	S2-568459351,S2-765474612,S3-570315639,S3-932742778
S1-19510721	S2-936617640,S3-147019115,S3-233789295,S3-887240525
S1-195231918	S2-760887621,S3-120190195,S3-168328972,S3-479165302
S1-195436904	S3-240411302,S3-39046768,S3-997097259
S1-195494347	S2-718469857,S3-116790553,S3-228805846
S1-19554261	S2-239113363,S2-292785854,S2-856647291,S2-923395051,S3-217950334,S3-476955579
S1-195605398	S2-333800677,S2-872899274,S2-884875510,S3-77561275,S3-85248992
S1-195649483	S2-255000107,S2-758467715,S2-874898868
S1-195676120	S3-346129387,S3-672492692,S3-93415447
S1-195697746	S2-778327326,S3-457842899,S3-668974213,S3-716584681
S1-195801272	S2-782382191,S3-65244463,S3-725478202,S3-96061364
S1-195821169	S2-97139227,S3-709302412,S3-856486640
S1-195830135	S2-120248928,S2-240353737,S2-714608141,S2-956293709,S3-352290356,S3-361116459
S1-195839862	S2-232134153,S2-344984473
S1-195892031	S2-686992746,S2-775226821,S2-780619297,S3-794982343,S3-805065320,S3-900700289,S3-984892221
S1-195939775	
S1-196016267	S3-610437410
S1-196291576	S3-374992559,S3-779567451,S3-833622147,S3-995209448
S1-196291734	S2-494050739
S1-196311251	S2-429669511,S2-526708747,S2-97526492,S3-119649587,S3-959747476
S1-196342476	S3-430162595,S3-623573752,S3-69732490
S1-196443975	S2-13132240,S3-11365383,S3-413441839
S1-196692460	S2-982615303,S3-296083105,S3-307603223,S3-483736577
S1-196723237	S2-986296345,S3-282379166,S3-799814086,S3-822308804
S1-197041126	S2-168095529,S3-716535495
S1-197091968	S2-695306114,S3-165331516,S3-450008295
S1-197096361	
S1-197221942	S2-183335440,S2-28381000,S2-962473881,S3-266328179
S1-19747519	
S1-197570092	S2-196069242,S2-886824840,S3-177089413,S3-506089868
S1-197628792	S2-243066435,S3-232227007
S1-197752797	S2-258233477,S2-404307306,S2-492957437,S2-71084082,S3-261076604,S3-843621727
S1-197859574	S2-435998211,S2-54394051,S2-767850039
S1-197884741	S2-444480704,S2-558931239
S1-198032317	S2-872382038,S3-93110940
S1-198340373	S2-306614931,S2-956214584,S2-958238318,S3-202738730
S1-198597396	S2-728541036,S3-477593553
S1-19905025	
S1-199091618	S2-378838015,S2-944432287,S3-208285813,S3-966906870
S1-199113677	S2-190222546,S2-915778658,S3-328520561
S1-199191978	S2-196280884,S2-612332928,S3-736279350
S1-199331751	S2-111359718,S2-568986081,S3-169132044,S3-179943228,S3-262861087
S1-19937151	S2-518097892,S2-55280690,S2-994664828,S3-156765328,S3-457340542,S3-954846777
S1-199503935	S2-636252866,S2-841304101,S3-225608658
S1-199579182	S2-695856483,S3-590624535
S1-199646327	S3-331899497,S3-367736566,S3-411237186
S1-199752364	S3-641654539
S1-199763730	
S1-19978826	
S1-199808444	S2-307836190,S2-925617906,S3-172734725,S3-632007673,S3-913513043
S1-19994921	S3-686720356
S1-199952138	S2-188562051,S2-294798845,S2-432740473
S1-200073586	S2-475593502,S2-568138851,S2-910815032,S3-885502009,S3-891854262,S3-92140661
S1-2002329	S2-500067163,S2-557525034,S2-87133954,S3-506816256,S3-517852162
S1-200339672	S3-151855167,S3-188446007,S3-690514627,S3-698406234
S1-200472785	S2-236474091,S3-274849926,S3-511906652
S1-200643012	S2-250086794,S2-658696980,S3-109211110,S3-317056213,S3-724594369
S1-200806089	S2-42865368,S3-941549730
S1-200842802	S2-331295262,S2-745880845,S3-799289809
S1-200912860	S2-283526537,S2-76727197,S2-841002876,S3-76324029,S3-798278314,S3-870783095
S1-201067723	S2-646821307,S3-545905192
S1-20107360	S3-153885312
S1-201118151	S2-230538670,S3-393469237,S3-881468197
S1-201181846	S2-718508108,S3-153038655,S3-685027983
S1-20118507	S2-824787124,S3-403740074,S3-54334893
S1-201196489	S2-262272968,S2-38451594,S2-659974392,S3-182040630,S3-28905466,S3-319602840,S3-329786319
S1-201324198	S2-133947914,S2-832629810,S3-188293136,S3-728460576
S1-201343630	S2-701883283,S3-208900881,S3-654950283
S1-201380767	S2-849924349
S1-201433273	S2-351854874,S3-330876123,S3-354781688
S1-201527584	S2-7042690,S3-505139346,S3-88582951,S3-924047612
S1-201620064	S2-429807849,S2-443768037,S2-544850820,S2-589052618,S2-856890690,S3-128770901,S3-261933576,S3-673725216,S3-747898466
S1-201656960	S2-210452162,S2-896147294,S2-907117935,S2-957623913,S3-105753106,S3-402724688
S1-201724023	S2-498312179,S3-731536792
S1-201756208	S2-109369071,S2-368613186,S2-64329328,S2-678368943,S3-382828999,S3-957522458
S1-201785351	S2-151149347,S3-141358524,S3-334121890,S3-438708635
S1-201823741	S2-300357485,S3-319027448,S3-706108337,S3-979588371
S1-20211117	S2-388392468,S2-589365229,S3-172600850
S1-202220816	S2-764086656,S3-122283178,S3-344511904,S3-861156213
S1-202650842	S2-346289631,S2-653342346,S3-4899227,S3-610112784
S1-202846323	S2-494372877,S3-927997678,S3-94897926
S1-202895090	S2-154790749,S3-541148766,S3-652994041
S1-20291577	S2-265382032,S2-370816085,S3-218414247,S3-524171993,S3-968681
S1-203009053	
S1-20308485	S2-15216239,S2-929149581,S3-692149429
S1-203318379	S2-308712131,S2-647714550,S2-793885836,S3-301113617,S3-475291478,S3-617828374
S1-203342072	
S1-203411397	S2-646039287,S2-87168393
S1-20354987	S2-34488196,S3-565277561
S1-203746907	S2-925961552,S2-954154747,S3-37121940,S3-637191705
S1-203808056	S2-849404110,S3-283871033,S3-671796921
S1-203813918	S3-175755514,S3-354132020
S1-20389847	S2-419018250,S2-42044458,S3-37627721,S3-597438647,S3-677469722
S1-203916260	S2-824624379,S3-324777897,S3-457344000,S3-626292259,S3-665401361
S1-203955016	S2-242114245,S2-396085677,S3-26196282,S3-296037036
S1-204042437	S2-318002110,S2-743187954,S3-798104960
S1-204092330	S2-729970819,S3-39069567,S3-7397816
S1-204259564	S2-662275268
S1-204276248	S2-733414286,S2-908249046,S3-255896883
S1-204303811	S2-144183507,S2-714685395,S2-892812748,S3-560612257
S1-204351485	S2-564601054,S2-757741831,S3-899534815
S1-204594380	S2-845991974,S2-989966163,S3-502323244,S3-630569295
S1-204616840	S2-189170060,S2-23676738
S1-204877334	S2-124029665,S2-674899506,S2-887521261,S3-250144279
S1-204894824	S2-221543245,S2-812214888,S3-502007398
S1-204969800	S2-586998034,S3-783058229
S1-205117335	S2-764781639,S3-180304393,S3-862390393,S3-976326935
S1-205126328	S2-314610951,S3-881775285
S1-20523872	S2-170162620,S2-805052446,S3-355898169,S3-458754138,S3-608357379
S1-205245187	S3-1573602
S1-205348400	
S1-205423672	
S1-205657178	
S1-205693976	S2-274975577,S2-866199620,S3-157311622,S3-738797780
S1-205694401	S2-169977600,S2-728887154,S3-438006342
S1-205796894	S2-112906429,S2-124061947,S2-527905525
S1-205806884	S2-416410178,S2-481046975,S3-261504242,S3-591317149
S1-20584631	
S1-205905087	S2-507837506
S1-206172564	S2-457292625,S3-697908815,S3-792557901
S1-206425165	S2-332688902,S2-686431439,S3-749896475
S1-206491029	S2-643888586,S3-267956810,S3-290264264
S1-206545180	S2-579355994,S3-44464914
S1-206633823	S2-391915593,S2-583367852,S3-734960108
S1-207097129	S2-709433966,S2-967158058,S3-34450791,S3-415602065,S3-922275428
S1-20722665	S3-663594539,S3-665031807
S1-207284511	S2-257546178,S3-126797225,S3-736012265,S3-778261893,S3-826575412
S1-20728743	S3-496512787,S3-981605212
S1-207422081	S3-699053089,S3-756781021
S1-20760503	S2-448113183,S2-770443175,S3-79536799
S1-207715533	S2-819287300,S3-546937487,S3-662164350,S3-919819514
S1-207717605	S2-38835215
S1-207782487	S2-125405892,S2-25939183,S2-266857377,S2-753469623,S2-832974578
S1-20780897	S2-760153646,S3-114108703,S3-273264826,S3-301434178
S1-207919811	S2-118587198,S2-478754435,S2-681720799,S2-89390314,S3-551787953
S1-20799651	S2-329457127,S2-679901048,S3-586739102
S1-20802712	S2-359957804,S3-374446031,S3-737407843,S3-798918463
S1-208059784	S2-864078792,S3-597253819
S1-208149989	S2-641467284,S3-269515363
S1-208161711	S3-155219682
S1-208168440	S2-586398708,S3-179760852
S1-208372741	S2-771920817,S3-531643619,S3-759402117,S3-94260179
S1-208454175	S2-149474443,S3-355806509,S3-56968465
S1-208465792	S3-778896815
S1-208479495	S2-458756479,S2-741064611,S3-628796217,S3-744128330
S1-208487069	S2-223145887,S2-794593707,S3-208524620,S3-842150534
S1-208693554	S2-981321382,S3-337385832,S3-956102295
S1-208793007	S2-451489622,S2-73642531,S2-740201822,S3-269262165,S3-31632113,S3-486079109
S1-208877863	S2-398323934,S2-735842740,S3-63905720
S1-209010652	S2-438241440,S2-582319330,S2-683359779,S3-588191627,S3-717769340,S3-953347585
S1-209229897	S2-164367531,S2-317864232,S2-515083561,S2-68982106,S3-542511263
S1-209349125	S2-158356202,S2-632476261,S2-744892894,S3-538940096,S3-779945140
S1-209364779	S2-688278357,S2-851609662,S3-705426035
S1-209647828	S2-830518795,S3-118095914,S3-514589103,S3-57470117
S1-209669739	S2-10419116,S2-510071279,S2-517008954,S3-462315460,S3-63461182,S3-893883761
S1-209743859	S3-392171887,S3-741935363
S1-210067204	S2-113891068
S1-210115874	S2-176325241,S2-55969721,S2-66586320,S2-846206273,S3-187530681,S3-502705630,S3-778736152,S3-925141763,S3-936763684
S1-210164854	S2-525397916,S3-114127297,S3-284471367,S3-859751331
S1-210240523	S2-370229170,S3-241958786
S1-210267405	S2-785764292,S3-143925613,S3-159312437
S1-210837272	S2-771207622,S2-988175873,S3-297530916,S3-548110517,S3-590785768
S1-210848910	S3-173178048,S3-569254186,S3-968141897
S1-210883868	S2-252755741,S3-67010481,S3-855946812
S1-210958355	S2-812656407,S3-211712065,S3-469902368,S3-507478564,S3-887788878
S1-210959990	S2-620721015,S2-988017231,S3-470622677
S1-211063875	S2-331692446,S3-791564861,S3-917440308
S1-211209350	S2-598802360,S2-663454828,S2-842044248
S1-211233819	S2-323435822,S2-782807622,S3-461108463,S3-561835040,S3-584784819,S3-982105038
S1-211270810	S2-101117022,S2-181134099,S2-3568742,S2-574881119,S3-579236662,S3-722419576,S3-743356611
S1-211325040	S2-380878229,S3-231265923,S3-283660883,S3-785354831
S1-211341395	S2-40165100,S3-725068181
S1-211399554	S2-188587233,S2-892634871,S3-223847559,S3-468896274,S3-850606821,S3-945677526
S1-211568647	
S1-21164424	S2-13606653,S2-260357546,S2-325682578,S2-580671099,S3-247752040
S1-211680696	S2-55706308,S3-447246963,S3-600396496,S3-704748913
S1-211899616	S2-392181365,S2-77819911,S3-654080317
S1-211899846	S2-25484976,S2-416036008,S2-634603153
S1-212240720	S2-784702414,S2-849226649
S1-212307584	S2-221380611,S2-728927485,S3-11698087,S3-571950862,S3-727930723
S1-212648560	S2-352114938,S3-188199314,S3-25443905,S3-81483414
S1-212876759	S2-646034786,S3-114501613,S3-428075990
S1-212940399	S2-651152708,S3-404593941,S3-928748235
S1-213027458	S2-436024591,S2-853915951,S3-619071422
S1-213118813	S2-199666389,S3-226976592,S3-706858667,S3-866781430
S1-213262863	S3-28811932,S3-375187766,S3-783685362
S1-213333270	S2-559660638,S2-703885364,S2-878098302,S3-495971596,S3-735407159
S1-213438658	S2-449553954,S2-686970157,S2-925044720,S3-489430467
S1-213628010	S3-850965326
S1-213709685	S2-917734006,S3-462657021,S3-804154476
S1-213710455	S3-498973696,S3-742220492
S1-213736554	S3-212944891,S3-216856381,S3-219776598
S1-21388924	S3-348947873,S3-356802182
S1-213900398	S2-336882485,S2-993777549,S3-12802828,S3-636899096,S3-769885616,S3-921454939
S1-213935895	S2-262762836,S2-334005096,S3-108925965
S1-21395049	S2-7081531,S3-672904038,S3-772909735
S1-2140914	S2-273837895,S3-232548117,S3-61604388,S3-61876661
S1-214121848	S2-333263491,S2-355410206,S2-926847333,S3-153453727,S3-277384933,S3-386998082
S1-214260104	S2-434131491,S3-123205259,S3-252807294,S3-442247569,S3-743537062,S3-810242014
S1-214301541	S2-127375728,S2-274313848,S3-30758868
S1-214349357	S2-105518352,S2-89262783,S3-40828102
S1-214387328	
S1-214520990	
S1-214627380	S2-132108473,S2-134077432,S2-99802723,S3-280324506,S3-465686347,S3-470036714
S1-214727718	S3-830755959
S1-214762579	
S1-214876719	S2-686382792,S2-923897201
S1-215036896	S2-164663050,S2-291102074,S2-291836385,S3-134934590,S3-461531480
S1-215159699	S3-176578896,S3-523305053,S3-716435282
S1-215401687	S2-604947854
S1-215407139	
S1-215491861	S2-466303934,S2-670421541
S1-215616364	S2-506937379,S2-835409004,S3-479957183,S3-652743586
S1-215644457	
S1-215853146	S2-217316526,S2-37399992,S2-378911247,S2-634843560
S1-215981379	S2-111044256,S2-524928630,S3-543267059
S1-216112709	S2-514062444,S2-578095217,S3-552492216
S1-216231445	S2-262264898,S2-266342934,S2-446498872,S3-698403249
S1-2162476	S2-274363091,S2-796447974,S3-248703594
S1-216349067	S2-629581153,S2-629832093,S2-979313984,S3-116509222,S3-209008200,S3-522567474
S1-2166009	S3-724426098
S1-216648913	S2-496615387,S2-748164512
S1-216751493	S2-620002618,S2-848229793,S3-658348725
S1-216852221	S2-885362744,S3-354068530,S3-661463226,S3-965721898
S1-21702368	S2-485459362,S3-115358819
S1-217305182	S2-194052793,S3-648359704
S1-217394326	S2-422900206,S2-611253478,S3-190847604,S3-529565115
S1-217475360	S2-947746616,S3-339999317,S3-780494365
S1-217518329	S2-562028572,S3-809493246
S1-217542404	S2-15523991,S2-939834907,S3-880701593
S1-217709075	S2-414781560,S2-580781466,S2-940859228,S3-812625336
S1-21780781	S2-278901524,S2-392921073,S3-78709492,S3-920187
S1-217900181	S3-269347364,S3-536376252,S3-946351446
S1-217978689	S2-60731462,S2-78967826,S3-482141757,S3-80317883
S1-218003575	S2-491420637,S3-153477936,S3-957480836
S1-218028871	S2-574479995,S2-757931042,S2-940793023,S3-182237861,S3-495445090,S3-52363277
S1-218151841	S2-236302728,S2-422873707,S2-932162299,S3-195988556
S1-218166593	S2-57581714,S2-755624606,S3-687117509
S1-218185944	S2-13961244,S2-277615598,S3-116729128,S3-148722023
S1-21820468	S2-790763039,S2-861603064,S3-309777406,S3-31751337,S3-475862074,S3-954105712
S1-218210120	S2-270577248,S2-274924277,S3-663142416,S3-689841992,S3-915404819
S1-218235917	S2-210063698,S3-156557006
S1-218425920	S2-787540067,S3-5450355
S1-218430366	S2-313906983
S1-218673190	S2-563932897,S3-815739818,S3-836625436
S1-21882427	S2-205211280,S2-830839335,S2-865963257,S3-342784045,S3-650738490
S1-218859439	S2-377954862,S2-967756484,S3-347360356
S1-218923933	S2-298639147,S3-417494807,S3-515890812,S3-999405752
S1-218957867	S3-195965928,S3-641169351
S1-218962398	
S1-218965305	
S1-219234409	S2-884807339,S3-788869963,S3-815764397
S1-219261798	S2-205418567,S2-354756227,S2-949339973,S3-178183823,S3-615226746,S3-885955218,S3-890427738
S1-21932600	S2-281027074,S2-60616418,S2-798653389,S3-349240712,S3-446199612,S3-598090032,S3-682657433
S1-219341611	S2-350035312,S2-982847749,S3-514788943
S1-219528424	S2-507783053,S2-647545000,S3-244192482,S3-983137575
S1-219759871	S2-205858555,S3-192651551,S3-992147704
S1-219772100	S2-201017249,S2-66600850,S3-448669578,S3-649532101
S1-219886112	
S1-220073109	S2-27034964,S2-586582211,S3-893826914
S1-220106848	S2-370806225,S2-644530665,S2-950466423
S1-220192347	S2-308859353,S2-69567774,S3-907289306
S1-220233728	S2-521883466,S3-205963950,S3-388039209
S1-220258764	S2-429314500,S2-542601294,S2-551160607,S3-261984370,S3-611470487,S3-827291794
S1-220450715	S2-800123231,S2-906857412,S3-244023620,S3-662256602
S1-220469162	S2-891150843,S3-478995801,S3-966700809,S3-970319455
S1-220545728	S2-271294993,S2-323255586,S2-37413454,S2-553349362
S1-220569382	S2-25897161,S2-984480653,S3-651417194
S1-220606188	S2-369442159,S2-444493216,S2-932524043,S2-995229947,S3-32598936,S3-45790318
S1-22061034	S3-602394096
S1-220678452	S2-884534327,S3-615161498,S3-783166548,S3-995532381
S1-220776561	
S1-220879885	S2-337636240,S3-717068241
S1-221132030	S2-730676324,S3-426961364,S3-512968825,S3-937963986
S1-221279638	S2-282977456,S3-224063000
S1-221429627	S2-552593074,S2-665432545,S2-791856572,S3-292797392
S1-221498065	S2-350643612,S2-731596589,S2-768845241,S3-8131368
S1-221596755	S2-491204668,S2-82742211,S2-980490092,S3-602678277
S1-221672136	S2-326974113,S2-638225979,S2-693891172,S2-696841055,S3-241361760
S1-221752127	S3-750693578
S1-221829264	S2-941132091,S2-993417191,S3-494730987,S3-941451600
S1-222107332	S2-199390042,S2-214794176,S2-318507597,S2-676171663,S3-32587697
S1-222152913	S2-217271876,S2-321029318,S2-977971667,S3-608824841,S3-974829292
S1-222212786	S2-231053383,S2-371455229,S2-641562792,S2-800988568,S3-685248022,S3-721062076
S1-222309124	S2-207438822,S2-451866473,S2-704234950,S2-728760711,S3-296471407,S3-715123350
S1-222350168	S2-546485982
S1-222661960	S2-651183250,S2-870327276
S1-222811964	S2-209358674,S2-628119158,S3-611743189,S3-846453463
S1-222987902	S2-268469301,S2-333367760,S3-230891168,S3-386655670,S3-723711195
S1-223020461	S2-158482136,S2-175299237,S3-375766236,S3-467314357
S1-223085824	S3-706011664
S1-223190217	S2-771419797
S1-22328079	S2-629627902,S2-777769659,S3-134182356,S3-134585283
S1-223390181	S2-126811517,S3-160444276
S1-223424388	S2-223114726,S2-469723232,S2-572864198,S3-199258291,S3-997247151
S1-223433069	S2-797134171,S2-838444105,S2-982657861,S3-619872224,S3-684453285
S1-223585929	S2-593840868,S3-414907000,S3-729538947,S3-973641054
S1-223905160	S2-617181042,S3-387346876,S3-617583630
S1-224040960	S2-254383092
S1-224095024	S2-755793690,S3-291361075,S3-448167319,S3-690848110
S1-224367185	S3-196294305,S3-438058147,S3-622920496,S3-784875591
S1-224424402	
S1-224629150	S2-11097962
S1-224667071	S2-456852173,S2-542978978,S3-436790770,S3-603733535,S3-635613410,S3-959856356
S1-224801545	S2-285538532,S3-825988254
S1-224972760	S3-691852330
S1-224993587	S2-111548807,S3-602208118,S3-788186670
S1-225015652	S2-10113220,S2-151952707,S2-315432336,S3-378808623,S3-779281085
S1-225028417	S2-169300446,S2-533597991,S2-656425261
S1-225036015	S2-161960089,S2-563132773,S2-905080810,S2-950686097,S3-109077694,S3-222600199,S3-324069833
S1-225047561	S3-233871149,S3-454974815,S3-711739420
S1-225268599	S2-2732476,S3-306629881,S3-557481737
S1-225418409	S2-923398740,S3-204767982
S1-225465828	S2-618047388,S3-625127233,S3-893312123
S1-225597437	S3-82391876,S3-988807881
S1-225655893	S2-71570412,S3-138841062,S3-506864609,S3-727228238,S3-747866955
S1-225737102	S2-24851079,S2-308114829,S2-442987904,S2-78004687,S3-835681289,S3-837191039,S3-939203689
S1-225765248	S2-857543374,S3-127534122,S3-684899292
S1-225792867	S2-793837189,S3-831999459
S1-225957511	S2-57601200,S2-908670704,S3-208941158
S1-226037332	S2-254824110,S2-346077876,S3-218469218
S1-226090714	S2-38619156,S3-732345507,S3-796332798,S3-868321467
S1-226155570	S2-527139423,S2-674298751,S2-712956999,S2-876521920,S3-113186101,S3-743585198
S1-2263939	S2-551257926,S2-889299569,S3-241377003
S1-226418854	S2-268735486,S3-156784754,S3-967137363
S1-226449211	S2-307292460,S2-629301309,S2-661132139
S1-226454441	S2-486453440,S3-325853784,S3-75988508
S1-226458182	S2-116481390,S2-23666884,S3-304740225
S1-226464565	S2-914521482,S3-434567426,S3-510521028,S3-792050169
S1-226466026	S2-477384572,S2-529343530,S3-176913823,S3-484151832,S3-836042379,S3-901291557
S1-226577000	S2-120256320,S2-96377146,S3-286366713,S3-435104966,S3-471406258,S3-50414644,S3-703747401
S1-226741104	S2-351252038,S2-752932798,S2-921810857,S3-448384163
S1-227199802	S2-471744095,S3-780228551
S1-227431249	S3-202804900,S3-279514476,S3-689430711
S1-227656451	S3-200703810,S3-395672446,S3-425266625
S1-227768377	S2-422532618,S2-520906538,S3-568433327
S1-22783137	S2-318760119,S2-529783945,S2-787032180,S3-268395331,S3-37014867
S1-227903268	S2-372637585,S2-472887415,S2-561072636,S2-588752368
S1-227957207	S3-306336855
S1-228015033	S2-494439206
S1-228034286	S2-761360028,S3-600149203,S3-635919743
S1-22807102	S2-464742294,S2-629087845,S3-16594091,S3-966897926
S1-228159757	S2-307801727,S3-28824649,S3-589105431
S1-22822908	S2-2480383,S3-626748376,S3-723917336
S1-228334768	S2-857070430,S3-101881670
S1-228408345	S2-394261735,S2-623092730,S2-920988029,S3-329789343,S3-414839994
S1-228507307	S3-657143093,S3-763588030
S1-22875693	S2-372326732,S2-673363935,S2-969075355,S3-415654683,S3-432384084,S3-503867294
S1-228826113	S2-173382391,S2-26862715,S2-696937710,S3-317862397,S3-397523905,S3-514413917
S1-228888854	S2-601988739,S3-330191078,S3-44708806
S1-229028347	S2-376493803,S2-759508813,S3-367621861
S1-229066929	S2-507497179,S3-460083848
S1-229077894	S3-121347741
S1-229169228	S2-860598124,S2-98815382,S3-143959401
S1-229333961	S2-677619879,S3-167218937,S3-986514205
S1-229543110	S3-199019756,S3-341777034,S3-716629697
S1-229656282	S2-509378125,S2-523776282,S2-794690063,S3-403701519,S3-814337543
S1-229740967	S2-136527097,S2-178545240,S2-200098053,S2-338085364,S3-160042185,S3-687954005
S1-229803210	S2-917235324,S3-689305143,S3-91809818
S1-229910784	
S1-229910881	S2-543353196,S3-6335989
S1-229912682	S2-22849328,S2-322696314,S3-40343279,S3-990766794
S1-230000331	S2-521660534,S2-779047250,S2-841635354,S3-585741426,S3-642071368,S3-95817258
S1-230020789	S2-617004738,S2-77263328,S2-869686042,S2-963147770,S3-109481761,S3-40030826,S3-4104805,S3-730309057
S1-230025710	S3-810173304
S1-230045269	S2-582581293,S2-597628297,S3-590935833
S1-230275178	
S1-230347240	S2-187987380,S2-828616610,S2-961266971,S3-668969153,S3-891561838,S3-908377785
S1-230355425	S2-232502061,S3-955208520
S1-23056032	S2-46475090,S2-857019498,S2-924125774,S3-124684006,S3-206392641,S3-422641890,S3-695933746,S3-767060428
S1-230676939	S2-268443961,S2-893346842,S3-649868247
S1-230720907	S2-721652656,S2-89874342,S3-525773665
S1-230835943	S2-154310226,S2-273198350,S2-487134518,S2-54777838,S2-597991445,S2-607896474,S3-348122235,S3-515251767,S3-664048068
S1-23084366	
S1-230886684	S2-256803622,S3-495078549,S3-918779540
S1-230904390	S2-289723949,S2-313236302,S2-551959845
S1-231098202	S3-132436099
S1-231157042	S2-194922861,S3-274322746,S3-338558684,S3-885183586
S1-23143918	S3-424521511,S3-839934491
S1-23150332	
S1-231583547	S2-785786197,S2-895102649,S3-711742619
S1-231639962	S3-610675715
S1-232058354	S2-429221296,S2-571154890,S3-582918887,S3-842041619
S1-232222482	
S1-232291741	S2-374420745,S2-457780004,S3-178275890,S3-348794232
S1-232415054	S2-469147095,S3-262408134,S3-83512120
S1-232495243	S2-377252588,S3-408947376,S3-417937350,S3-637560260
S1-232503538	S2-12916946,S2-182651542,S3-131828711,S3-208223530,S3-69299814,S3-807032802
S1-232639017	S2-806361196,S3-283091240,S3-712966170,S3-826852997
S1-232650697	S2-209071431,S2-700690993,S2-725860938,S3-425209949,S3-601254501,S3-675024484
S1-232735830	
S1-232745428	S2-955935221,S3-418535228
S1-232749314	S2-176155577,S2-248622447,S2-688993106,S3-611194331
S1-233046336	S2-648647239,S2-950493435,S3-435706770,S3-670932126
S1-233112957	S2-122876908,S3-660962904
S1-233152420	S3-904136066
S1-233169034	S2-408128118,S2-592897450,S2-662713692,S3-208598193,S3-674926109
S1-233196753	S2-187063437,S3-660608754
S1-23322272	S2-186141446,S2-838946135,S3-791431385
S1-233316635	S2-628597238,S2-769385729,S3-295896909,S3-532157697
S1-233355480	S2-518876171,S2-64891338,S3-578993920,S3-977262653
S1-233398764	S3-163040218,S3-41088649,S3-510833568,S3-933456721
S1-233405706	S2-329148328,S2-734265155,S2-744706209,S2-886359971,S3-274636599,S3-323415792,S3-89704646
S1-233497441	S2-768708803,S3-573636243,S3-924239730
S1-233537149	S2-621280056,S3-39073644,S3-436212053,S3-446911548
S1-233821685	S2-849425785,S3-229070849
S1-233891626	S2-983865293,S3-229959449,S3-883907422
S1-23396685	S2-336321982,S2-404621501,S2-729641344,S2-895281880,S3-771671600
S1-234001679	S2-386589906,S3-413398426,S3-435981421,S3-919983899
S1-234083126	S2-365369412,S2-457584022,S3-47233905,S3-98696135
S1-234267001	S2-371180298,S2-398059761,S3-153007081,S3-610895480
S1-234291750	S2-913732767,S3-158777649
S1-234351138	S2-635071784,S2-976837051
S1-234433462	S2-519517548,S2-914381770,S3-675206293
S1-234506108	S2-171644382,S2-746595362,S3-207665164,S3-501844652,S3-896216176
S1-234563438	S3-54904449
S1-234937990	S2-241760560,S2-282850676,S3-276887208,S3-653663359
S1-235044106	S2-480067104,S2-511562616,S2-714861033,S2-986792699,S3-250549955,S3-486298199,S3-519716749,S3-65724521
S1-235126107	S2-544902535,S3-599562498,S3-932890798,S3-937977952
S1-235264177	S2-12920357,S2-409036964,S3-423965645,S3-854090882
S1-235480070	S2-567402677,S3-235015561,S3-798316832
S1-235533973	S3-759682250
S1-235624339	S2-221078177,S2-674118398,S3-216490538
S1-235824087	S3-134779331,S3-489218088
S1-235826607	
S1-235856517	S3-661171136,S3-707911173,S3-757119260,S3-793128531
S1-235933489	S2-418818677,S2-955846832,S3-194133592
S1-235989105	S2-437001107
S1-235999655	S2-818900525,S3-418551723,S3-620120569
S1-23622687	S2-765385369
S1-236422486	S2-223412188,S2-712807984,S3-125601110
S1-236475000	S2-113923740,S2-90241400,S3-188889856,S3-499566591
S1-236545517	S2-883627736
S1-236555162	S2-928270884,S3-196026592,S3-234829904
S1-236696801	S2-297711929,S2-872606325,S2-950651996,S3-576640256,S3-957424843
S1-236903593	S2-71864258,S3-195339685
S1-236909503	S2-614955104,S3-234441977
S1-236986748	S2-882963101,S3-27383936,S3-976572346
S1-237483129	S2-412269129,S3-36217242
S1-237517027	S2-512359306
S1-237539441	S3-270619946,S3-709766062
S1-237557170	S2-735808320,S3-804466911
S1-237714987	S2-553193487,S3-831758584
S1-23793970	S2-189908597,S2-930167014,S3-399504764
S1-237981543	S2-428416367,S2-589468100,S2-760102490,S3-262665299,S3-4423100
S1-238001815	S2-107341521,S2-779569262,S3-49447565,S3-503106804,S3-55219567
S1-238194208	S2-19531103,S3-174877078,S3-52752565
S1-238247939	S2-176685151,S2-203827490,S2-255981551,S2-376530738,S2-432243598,S3-253942338,S3-584985404
S1-238386588	S2-586728633,S3-280163995,S3-831958056,S3-932910205
S1-238559825	S2-325244859,S2-506649397
S1-238594294	S2-489290913,S2-855403867,S3-430804931
S1-238726912	S2-431999283,S3-14049980,S3-404470348
S1-238874284	S2-297680988,S3-472294413,S3-503851141
S1-239014370	S2-122302503,S2-552875661,S2-878513535,S3-615422075,S3-690645048,S3-92171754
S1-239322367	S2-730899322,S3-507464617,S3-678713094
S1-239399153	S2-424019212,S3-497104367
S1-239533376	
S1-239772982	S2-397671519,S2-451948162,S2-893708129,S3-5760536
S1-239802388	S2-305503485
S1-23991599	S2-495850458,S3-575025845
S1-239921468	S2-376513097,S2-883382947,S3-138032091,S3-433813401,S3-822111502,S3-831511558
S1-240023249	S2-223626962
S1-240128631	S2-577801419,S3-447447169,S3-812717653
S1-240227399	S2-474024472,S3-473212957
S1-240241311	S2-609644993,S3-133684086,S3-336143436,S3-664128934
S1-240243278	S2-153626879,S2-24589220,S2-759377684,S2-762266003,S3-447784975
S1-24027515	S2-326566601
S1-240403755	S2-320916232,S2-656155231,S2-79315634,S2-9773298,S3-211865764,S3-36882981
S1-240512142	S2-361330714,S2-887766839,S3-473024665
S1-240580978	S2-148101637,S2-157530574,S2-49536128,S2-949693078,S3-113339671,S3-116535162
S1-240659381	S2-13043516,S2-872494725,S3-922231448
S1-240673004	S2-290604044,S2-902360986,S3-150047321,S3-415838169,S3-952982291
S1-240703809	S2-375370705,S3-322761768,S3-507010609,S3-896225605
S1-240775630	S3-582465318,S3-989870690
S1-240893410	S2-714037331,S3-178370462,S3-741907857
S1-240916563	
S1-240949188	S2-87613664
S1-2409916	S2-6905210,S3-885178533,S3-9943743
S1-241038076	S2-188971201,S2-196433953,S2-779880577,S2-870400579,S3-176108157,S3-251688776
S1-241074202	S2-342537576,S3-334196816,S3-754831374
S1-241167841	S2-187697151,S3-846267619
S1-241256889	S2-602227124,S3-329985884
S1-241313809	S2-204114008,S3-185606027
S1-241486917	S2-10387826,S2-555699500,S2-560109875,S2-875964233,S3-456665092,S3-756225383
S1-241650561	S2-682257685,S3-11130126
S1-241715554	S2-680102154,S3-737131797,S3-78019339
S1-24171729	S2-554921691,S2-904897292,S3-198342427,S3-234281099,S3-34046064
S1-241889247	S2-920996104,S3-402874662,S3-467885198,S3-569225143,S3-910255935
S1-241988252	S2-661388825,S3-207040327,S3-61705606,S3-823433642
S1-241989384	S2-958905118,S3-194072591,S3-640221906,S3-641178030
S1-241990488	S2-293570321,S2-791329275,S2-931963404,S3-2224948,S3-260110097,S3-538359866,S3-64459661
S1-242126280	S3-439374874
S1-242173296	S2-778410077,S3-256261594,S3-537176280
S1-242242774	S2-408307486,S2-423220603,S2-749615447,S2-81573562,S3-719106130,S3-97738206
S1-24224626	S2-445048206,S2-63324050,S3-400654389,S3-91052620,S3-926328641
S1-242261052	S2-212116303
S1-242326866	S3-58643437,S3-863571298,S3-881297801,S3-945317084
S1-242364286	S2-23875876,S3-462402698
S1-242664024	
S1-242721681	S2-77962612,S2-9115210,S2-948357512,S2-979645956,S3-399419906
S1-242776617	S2-180264308,S2-359299482,S2-431557314,S2-959052031,S3-381957732,S3-949241003
S1-243081627	S2-175025574,S2-846404126,S3-213986629,S3-326106726,S3-84532716,S3-883914185
S1-243098200	S2-985316962,S3-115612223,S3-567087879
S1-243287963	S2-322179201,S2-510425840
S1-243310628	
S1-243359991	
S1-243360133	S2-424005612,S3-4444433,S3-864297168
S1-243409474	S2-556655995,S2-65203398,S2-810045186,S3-193500491,S3-30565529,S3-375064268
S1-243506330	S2-150056561,S2-211497824,S2-396363512,S3-247469177
S1-243507235	S2-284629855,S3-692986218,S3-939198726
S1-243604649	S2-199069751,S2-444617990,S2-827046668,S3-896866502
S1-243626751	S2-257535576,S3-700345515
S1-243720679	S2-23252148,S3-270869518
S1-243810678	S2-404874793,S2-536294494,S3-922118240
S1-243866399	S2-255080930,S2-540257721,S2-813576981,S3-381656342,S3-537383813
S1-244158136	S2-283011325,S2-553012588
S1-244269916	S2-64379942,S2-81771940,S2-969705258
S1-244290455	S2-24877736,S2-454348601,S3-905552156
S1-244295393	
S1-244316298	S3-270049364,S3-402300885
S1-244329219	S2-14230974,S3-110222481
S1-244492992	S2-537947685,S3-15329714,S3-456674810
S1-244742240	S2-730609497,S3-68665887,S3-782921813
S1-244815205	S2-518322301,S2-654243338,S3-125794757,S3-834386002
S1-244915860	S2-283044048,S2-437248657,S3-266599343,S3-480057041,S3-859792864,S3-954407760
S1-24492688	S2-440675123,S2-472508049,S2-478818583,S2-551459326,S2-659870375,S3-885263432
S1-244933092	S2-167085615,S2-226393497,S3-71910326
S1-244939149	S3-743219384
S1-245003371	S2-303338757,S2-475767227,S2-740305345
S1-245041197	S2-375730957,S3-100365173,S3-984642662
S1-245123313	S2-224247782,S3-276231573,S3-569523468,S3-637663895,S3-74458493
S1-245215992	S2-390555884,S2-607255560,S2-751487566,S3-305506118,S3-344464225
S1-245259144	S3-112557276,S3-428975465
S1-245314822	S2-411642212,S2-847788533
S1-245408583	S2-998295892,S3-238984536
S1-245491632	S2-422112206,S2-61951343,S3-576341143,S3-85915470
S1-245511606	S2-444445622,S2-454138486
S1-24551481	S2-538784397,S2-679350108,S3-130493594,S3-982589681
S1-245537574	
S1-245647698	S2-601165927,S3-734202255
S1-245652770	S2-115645404,S2-251113979,S2-401330174,S2-722529380,S3-513489475,S3-564304733,S3-609427941
S1-2456927	S2-631854461,S3-535051314
S1-245782535	S3-788716602,S3-90115661
S1-245825375	S2-565251151,S3-383808289,S3-917126538
S1-245846370	S3-771969420
S1-246037235	S2-126474071,S2-683025742,S3-90716239
S1-246038047	S2-171787538,S2-306163972,S2-868467025,S3-992330183
S1-246080132	S2-848779554,S3-438359476,S3-872650473
S1-246181941	S2-155169676,S2-479320991,S2-62529890,S2-847090006,S3-481714297,S3-49136051
S1-246203694	S2-247872862,S2-275757494,S3-103605012,S3-689965151
S1-246303551	S2-371601749,S2-860941005
S1-246355278	S2-361021699,S2-79831208,S3-637923998,S3-809286716,S3-905620378,S3-989953
S1-246384761	S2-3908707
S1-246441984	S2-88227698,S2-980002784,S3-290130945
S1-246512099	S2-718532310,S2-93658010,S3-367098286
S1-246623260	
S1-246682048	S2-258500490,S2-319748044,S2-909622463,S3-131971652,S3-499305679,S3-605953450
S1-247093808	S2-469996314,S2-660972087,S3-201897253,S3-315840026,S3-868729636,S3-937102346
S1-247120059	
S1-24715775	S2-210287417,S2-791814445,S3-942978075
S1-247196353	S3-338553900,S3-461644917
S1-247267200	S2-399323341,S2-515628895,S3-117967737,S3-28688511
S1-247312778	S2-584563157,S3-214149968,S3-275281739,S3-662870310,S3-707935885
S1-24738053	S2-140307681,S2-411163658,S2-510922428,S3-215855492,S3-669138930,S3-784049370
S1-247413796	S2-250679823,S3-821384500
S1-24743553	S3-493452609,S3-589183762
S1-247548191	S2-84806162,S2-996030614,S3-377276245,S3-599437632,S3-873290145
S1-248078043	
S1-248109304	S2-61989422,S3-37739666
S1-248183058	S2-585321360,S2-606716387,S2-826726718,S3-484973308
S1-248303990	S2-570034253
S1-248396628	S2-499120124,S3-459479337,S3-874559429,S3-896298116
S1-248445672	S2-150035694,S2-301520987,S3-147597408,S3-799654194
S1-248740146	S2-590135007,S2-68040797,S3-782490198
S1-248774638	S2-523780550,S3-529397434
S1-248868552	S2-944781059,S3-56835146,S3-738533581
S1-248965859	S2-63739384,S3-751172531
S1-249107564	S2-10736039,S3-145474890,S3-74026669
S1-24914369	S2-324862522,S3-433665133,S3-630753695
S1-249184029	S2-89340809,S3-824946756
S1-249508202	S2-72269435,S2-969878717,S3-100194456,S3-237462143,S3-387003815
S1-249529000	S2-130024697,S2-586216927
S1-249657662	S2-523716024,S3-305086511,S3-600091229,S3-684628884
S1-249785596	S2-28645468,S2-940140976,S3-827233812,S3-898184422
S1-250158361	S2-582930260,S3-52125382,S3-824773367
S1-250204808	S2-571624590,S3-521025389
S1-250281402	S2-195194263,S2-442902916,S3-230260613
S1-250353198	S2-596233004,S2-731621502,S3-428036596,S3-805137952
S1-250457925	
S1-250568432	S2-786229981,S3-110649917,S3-892631679,S3-925549834
S1-250590784	S3-486010508,S3-813634786,S3-927566988,S3-952032905
S1-250950193	S2-3020115,S3-137278932,S3-352810875,S3-832097404
S1-251043974	S2-354377939,S2-973059842,S3-244751220,S3-45745457,S3-634033586,S3-645336473,S3-886156724
S1-251057679	S2-207054859,S3-132734537
S1-251079231	
S1-251219704	S2-220963465,S2-394235620,S3-581791167
S1-251251866	S2-159385504,S3-368165662,S3-728938024
S1-251339727	S2-208751581,S2-879979847,S2-88624128,S3-813812911,S3-90311375
S1-251372473	S2-421881338,S2-429884263,S3-430363485
S1-251415668	S3-227191502,S3-722506577,S3-964179418
S1-251421588	S2-564827826,S3-705670377,S3-848687770,S3-901695572
S1-251492669	S2-157246347,S2-360448127,S2-962736319,S3-10739459,S3-339719506
S1-251505402	S2-247294241,S2-275098145,S2-798858078,S3-439887223,S3-9965584
S1-251776980	S2-421751161,S2-755689487,S2-904733994,S3-412777858
S1-252043143	S3-888247175
S1-252189984	S2-902857747,S2-997816342,S3-655330138
S1-252227461	S2-473739555,S2-922437705
S1-252290918	S2-825509605,S2-879770172,S3-461279128
S1-25237433	S2-916205923,S2-98552313,S3-283494802,S3-704727572,S3-915881549
S1-252411527	S2-542794425,S3-60299379
S1-252439314	S2-108294085,S2-12950588,S2-407671280,S2-467895130,S2-956296992,S3-188051894,S3-594949738
S1-252536864	S2-386149822,S3-612065967,S3-669696842
S1-252570434	S2-997838077,S3-780395818,S3-788042948
S1-252604354	S2-127232398,S2-878545559,S3-979536210,S3-980622689
S1-252625205	S2-144201359,S2-182005562,S2-356922350,S2-623905015,S3-33391226
S1-252639135	S2-448842353,S3-319750448,S3-733179244,S3-752727538
S1-252640472	S2-101727054,S2-344386359,S2-354235671,S3-528140661,S3-704507365
S1-252652266	S2-241208946
S1-252681119	S2-396624805,S3-170480356,S3-321020634,S3-638089902
S1-252709199	
S1-252841897	S3-173250978,S3-412735974
S1-252938521	S2-433958464,S2-442756569,S2-831532732,S3-930026039
S1-252945487	S2-596774752,S3-931686479
S1-252968531	S2-989446757,S3-748038715
S1-253153126	S2-103137084,S2-140724632,S2-358210423,S3-834142706
S1-253214688	
S1-253227957	S2-801647785,S3-335967923,S3-635356810
S1-253387656	S2-221509114,S2-229223392,S2-829671235,S2-950694264,S3-575751297
S1-253553967	S2-783975372
S1-253675202	S2-628453863,S2-978095117,S3-326854242,S3-487507526
S1-253677342	S2-388961642,S2-641757526,S2-945796587,S3-291996622,S3-40235991,S3-557882990,S3-76473031
S1-253882059	S2-610071395,S2-638546349,S3-147579675
S1-253908489	S2-355145120,S3-420415324
S1-253960987	S2-717519883
S1-254013689	S2-383412543,S2-838454421,S2-912631380,S3-273820172,S3-427526509,S3-737883351
S1-254057940	S2-298238230,S3-80659796
S1-25407801	S3-166687891,S3-832355402
S1-254110807	S2-912457392,S3-855288580
S1-254143156	S2-759998631,S3-58986207,S3-898532224,S3-947571276
S1-254249616	S2-579088754
S1-254273746	S2-504076713,S2-650411823,S3-880020782,S3-95705001
S1-254509733	S2-245172129,S2-534985038,S3-423775861
S1-254525990	S2-588773320
S1-254528992	S2-54564701,S2-557898958
S1-254676447	S2-266580618,S3-530066243,S3-541833994,S3-68406482
S1-254689248	S2-24413231,S2-432361238,S2-567622881,S3-751236770
S1-254702814	S2-524579355,S3-388982580,S3-534210945,S3-711712502
S1-254749878	
S1-254803467	S3-994605348
S1-25495248	S2-662018117,S3-208025747,S3-856951999
S1-255016481	S2-498928546,S2-548222538
S1-255049187	S2-733565851,S3-371156560,S3-63050232,S3-799502201,S3-831990857
S1-255195048	S2-101241430,S2-796572567,S3-758455148,S3-938713846
S1-255475175	S2-110969933,S2-121403575,S2-195914830,S2-254980107,S2-834609039,S3-220007807,S3-4597423,S3-493391213,S3-664861270,S3-900536239
S1-255481673	S2-226821307,S2-347077792,S2-436084133,S2-44203229,S3-455809515
S1-255511888	S2-654532521,S3-608417899
S1-255557814	S2-329983629,S3-230336341,S3-511359237,S3-915455929
S1-255561385	S2-474768239,S3-759170914
S1-255644168	S2-239936208,S2-3516093,S2-504886282,S2-675715244,S3-595849156,S3-76784779
S1-255792936	S2-487848134,S2-735839456,S3-611869426,S3-790456627
S1-255793324	S2-504250082,S2-571617669,S2-679753247,S2-694166147,S3-748943250,S3-761308512,S3-816606077
S1-255898398	S2-361314325,S2-369406407,S2-534835097,S3-551736906,S3-598934642,S3-748259132
S1-255903502	S3-222009364
S1-2560251	S3-131584767
S1-256136612	S2-316609175,S2-74317727,S3-70817021
S1-256139582	
S1-256291318	S2-259974844,S2-950186849,S2-999890912
S1-256409505	S2-47869015,S3-115564424,S3-344140618
S1-256471148	S2-564782701,S2-577526703,S2-778607003,S3-487799520
S1-256521411	S2-319225431,S3-649737100,S3-743069460
S1-256521512	S3-151693785,S3-403401412
S1-256525738	S2-811058398,S2-867482764,S2-944236312,S3-408009475,S3-649797168
S1-25653212	S2-150900635,S2-545179246,S2-589174975,S2-679556975,S3-828042599
S1-256545500	S2-306586521,S2-319103047,S2-439540504,S3-293578346,S3-602849417,S3-769869734
S1-256903973	S2-452576647,S2-488550885,S2-931620813,S3-262565113,S3-277717456
S1-256918695	S2-535931290,S3-114371703,S3-984986300
S1-256971492	S2-298126316,S2-542447275,S2-876437814,S3-56547792,S3-592204328
S1-256976878	S2-680707363
S1-257060601	S3-210527013,S3-887352186
S1-257071106	S2-293423963,S2-322532476
S1-257226555	S2-275346770,S2-459838162,S3-25902726,S3-438584335,S3-752477093,S3-917279884
S1-257380455	S2-452969539,S2-599337477,S2-603091946,S3-15382827
S1-257415955	S2-475811347,S2-625582089,S3-378236753,S3-429651251
S1-257563935	S2-181445135,S2-399968634,S3-228117217,S3-31548786,S3-781922689
S1-257592632	S2-494680908,S3-341240050
S1-257709267	S2-13182318,S2-680994288,S3-998276779
S1-257869656	
S1-258089607	S2-103806235
S1-258105939	S2-16775350,S3-840310892
S1-258205158	S2-240264252,S2-646975723,S2-794820998
S1-258336265	S3-606783943
S1-258493468	S3-292936956,S3-926164616
S1-258548037	S2-840170197,S3-388373449,S3-664366607,S3-865503478
S1-25863726	S2-532401967,S2-922700855
S1-258673137	S2-18902003,S2-956666836
S1-258691800	S2-676706351,S3-759137350
S1-258703559	S2-324787617,S2-781909385,S3-555233030
S1-258763340	S2-294588472
S1-258771477	S2-543512600,S3-112501790,S3-325037852,S3-582991336,S3-872269739
S1-259098254	S2-389346512,S2-807642506,S3-517344647,S3-677179024
S1-25933876	S2-340872609,S2-34305815,S2-666906880,S3-906306738
S1-259433283	S2-567548980,S3-935977516
S1-259497416	S3-338821019
S1-259587931	S2-523659047,S2-537581187,S2-689713118,S2-823375624,S3-193680655
S1-259696547	S2-809470318,S3-492220429,S3-720901503
S1-259712418	S2-625403337,S3-24776507,S3-670337541
S1-259718110	S3-615392740,S3-914151027
S1-259876424	S3-3919397
S1-25988758	S2-39116805,S3-483994711,S3-88429672
S1-259905136	S2-197333460,S2-468897207,S3-760535748,S3-864203708
S1-259948914	
S1-259955774	S2-979697756,S3-195701927,S3-344772076,S3-41275487,S3-42774782
S1-260012098	S2-112506537,S2-293302294,S3-849545631,S3-918255054
S1-260040404	S2-174692209,S2-692629028,S2-870957760
S1-260191711	S2-368228869,S2-390674668,S2-836807470,S3-292355291,S3-735125217
S1-260261988	S2-945576273,S3-121979776,S3-457916243,S3-464368280
S1-26029745	
S1-260309710	S2-636677467,S2-750548774,S3-273123074
S1-260327692	S2-120512390,S2-892873653,S3-203810838,S3-607474910
S1-26039927	S2-979763397,S3-712611335
S1-260666608	S2-417517940,S3-927196369
S1-260746973	S2-90726199,S3-154361320,S3-699190546
S1-261019854	
S1-261020654	S2-301787570,S3-205135907,S3-659417067,S3-80348094
S1-261040640	S2-820555529,S3-377619803
S1-261213807	S2-653259085,S2-772042653,S2-941689155,S3-947793232
S1-261272738	S3-367098569,S3-98033888
S1-261315436	S2-245680592,S2-921475072
S1-261439006	S2-167935030,S3-252978941
S1-261452637	S2-415646057,S2-818206855,S3-55958967,S3-892536057
S1-261458902	S2-255295437,S3-484683185,S3-711530241
S1-261622832	S2-926241167
S1-261878901	S3-729260991
S1-261892061	S3-916545076
S1-261903409	S2-492589350,S3-344613341,S3-931877179
S1-261921461	S2-354850672,S2-563086292,S3-282844702,S3-866894517
S1-261931295	S2-684180120,S3-314594798,S3-565129770,S3-826309010
S1-262168007	S2-461538662,S3-343273719,S3-586114564,S3-79959702
S1-262196503	S2-446654802,S3-349526968,S3-437620756,S3-487250049,S3-755122931
S1-262311707	
S1-262367898	S2-476466326,S3-120617361,S3-205310178,S3-300911489,S3-46894880,S3-815101413
S1-262391913	S2-355072679
S1-262445800	S2-807052274,S3-36083368,S3-533445976
S1-262601367	
S1-262607037	S2-826487537,S3-161673341,S3-922058885
S1-262613671	S2-45601642,S3-923444043
S1-262652811	S2-815567724,S2-848601367,S3-797141771,S3-989235891
S1-262918676	S3-140200113,S3-288220302
S1-263094153	S2-17736024,S2-578637338,S3-243946089,S3-861807283,S3-863198975
S1-26313882	S2-551777492,S3-160792376,S3-337102904
S1-263192813	
S1-263268408	S2-991447367,S3-604769768
S1-263384952	S2-395463097,S3-428091980
S1-263538788	S2-283565955,S2-687658213,S3-840123694
S1-263722285	S2-205401250,S3-311775620,S3-472983363,S3-911741108,S3-971104108
S1-263919690	S2-396247065,S3-905310475
S1-26392209	S2-14270289,S2-552958147,S3-101251743
S1-264025714	S2-521908076,S2-542634863,S2-606667817,S3-489775862
S1-264122260	S3-708316692
S1-264130278	S2-101216095,S2-516374735,S3-560125972,S3-864728647
S1-264157357	S2-157826148,S2-769388930,S3-149651555,S3-841853578
S1-264161357	S2-961990790,S2-997998511,S3-124918821,S3-756860998
S1-264211749	S2-305303957,S3-630963353,S3-941811546
S1-264228856	S3-409117827,S3-574375910
S1-264371996	S2-133171868,S2-142009051,S3-727762572
S1-264480187	S2-811745231,S3-245910277,S3-83154903,S3-894658726
S1-264497979	S2-161188674,S2-338292702,S2-710872252,S3-602955064,S3-812536803,S3-919008613
S1-264550051	S3-890250725
S1-264581748	S2-33103766,S2-398424761,S3-169120913
S1-264903379	
S1-26490943	
S1-265083752	S2-516932024,S3-358343883
S1-265197995	S2-437743059,S3-520678460,S3-753367591
S1-265244213	S2-690729411,S2-809477907,S2-986924240
S1-265244664	S2-341651988,S3-217061783,S3-374541371,S3-855802583
S1-265454077	S2-279362588,S2-899326116,S3-833810844
S1-265628777	S2-121439691,S3-723160297
S1-26566519	S3-383333829
S1-265805667	S2-323434234,S2-377737798,S2-674538693,S3-132966040
S1-26581059	S2-196518516,S2-710331867,S3-850048055,S3-910373680
S1-265816671	S2-218484,S2-405944497,S3-940853372
S1-265970938	S2-229829809,S3-985625394
S1-266052789	S2-668654602,S3-383155445
S1-26612351	S2-25121207,S2-657355752,S2-919174688,S3-709391161,S3-964721063
S1-266218004	S2-329163785,S2-58711485,S3-254282687,S3-36483577
S1-266235729	
S1-266284986	S2-589851766,S2-95855313,S3-316530933
S1-266314756	S2-159096051,S3-492517303,S3-763282857
S1-266317849	S2-200857444,S2-538588826,S3-741706673
S1-266340263	
S1-266576461	S2-175162171,S2-601033782,S3-407025277
S1-26660244	S2-869575836,S3-555631053,S3-571367461,S3-831179666
S1-266647874	S2-72765439,S3-12837472
S1-266649811	S2-262821773,S2-752521001,S3-282104197
S1-266692839	S2-54035524,S3-868504226
S1-266707385	S2-668533452
S1-266887990	S3-917992522
S1-26690670	S2-131819649,S3-559484864,S3-702637330
S1-266930252	S2-316182645,S2-667813123,S2-86952698,S3-737179788
S1-267078037	S2-313053146,S2-656536934
S1-2673835	S2-703793773,S3-210945563,S3-729757447
S1-267452317	S2-197783362,S2-888270343,S3-118417579,S3-637855415
S1-267500403	S2-141896649,S3-394181160
S1-267503009	S2-222723536,S2-259230097,S2-365537079,S2-611082519,S3-286900203
S1-267641697	S2-838796944,S2-849738003,S2-966949151
S1-267735783	S2-786498808
S1-267742122	S2-177787626,S2-20362458,S3-364990120,S3-603870500,S3-69972520,S3-715194636,S3-760391479
S1-267909119	S2-999539834,S3-597667791
S1-268122198	S2-735961143,S2-956270567
S1-268570881	S2-324118498,S2-46022688,S2-562384480,S3-619834047,S3-984657253
S1-26863185	S2-901818698
S1-268643431	S2-212701188,S2-564933998,S3-101009510,S3-458084746,S3-795172581
S1-268671898	S2-641497477,S2-663144024,S3-26734931,S3-567198369,S3-860662816
S1-268746083	S2-175312097,S2-630820194,S2-998410344,S3-151641753,S3-164552765,S3-632260863,S3-697214826
S1-268771196	S2-705751121,S3-252419760,S3-663795438
S1-268778568	S2-326216291,S3-354576297,S3-847161923
S1-268908475	S2-302954961,S2-648127807,S3-25153617,S3-914121143
S1-2689127	S2-253192529,S3-724163311
S1-26895703	S3-160266941,S3-265226738,S3-783412388
S1-268983970	S2-388428902,S3-418403035,S3-964476657
S1-268995757	S2-607245635,S2-650117361,S2-892771493,S3-42417283,S3-555355764,S3-885695287
S1-269033332	S2-37665787,S2-563701443,S3-360109521
S1-269047811	
S1-269178676	S2-102732260,S2-417655615,S3-43466475,S3-606899673,S3-692609579,S3-883122213
S1-269386479	
S1-269419550	S2-542574637
S1-269524486	S2-393091726,S2-415460636,S2-468298526,S3-105838183
S1-26952628	S2-266692828
S1-269659062	S2-194190232,S2-888085263,S3-359902731,S3-559106232
S1-26969687	S2-301730435,S3-449345466,S3-768176433
S1-269768745	S2-639108276,S2-660512031,S2-703290246,S3-948724508
S1-269776167	S2-181756698,S3-264420313,S3-522925343,S3-998238273
S1-269886138	S2-77793323,S2-972694519,S3-941788912
S1-269898915	S2-149235366,S3-192723724,S3-645089329,S3-955761869
S1-269979273	
S1-270228939	S2-799000754,S2-824653520,S3-49443666,S3-502058550
S1-270342792	S2-475883622,S3-165974056,S3-667891502,S3-854786870
S1-27037683	S2-375070118,S2-626047551,S3-490864098,S3-582543734,S3-655943641
S1-270438641	S2-183857793
S1-270593507	S2-362412719,S3-463133642
S1-270655493	S2-645661761,S2-921548236
S1-270678334	S2-250862496,S2-336794589,S2-891404577,S3-113110902,S3-580034192
S1-270692827	
S1-270781346	S2-372362657,S2-689401255,S2-872453956,S3-635264449
S1-270903297	S2-237737383
S1-271048276	S2-534918266,S2-622299048,S3-215179569,S3-617363362,S3-630368857
S1-271123338	S2-259898592,S2-361662306,S3-803641035
S1-271130003	S2-416093179,S2-483181797,S2-774547329,S3-351179242,S3-735832711
S1-271163591	S2-128228194,S2-790654750,S3-650451223,S3-707339120,S3-87874508
S1-271201758	S2-999548669,S3-718096283,S3-736495455,S3-993464710
S1-27120814	S2-202828244,S2-245630100,S3-293898685
S1-27121205	S3-24958466
S1-271461923	S3-616339904
S1-271479784	S2-304858871,S2-780914385,S3-361563408,S3-952753079
S1-271501513	S2-116247825,S2-276902279,S3-426995692,S3-463712257,S3-981490662
S1-271591863	S2-379291530,S2-396452313,S3-188428762
S1-271613365	S2-968762243,S3-371904450,S3-477637569,S3-524357669
S1-271817074	S3-125997147,S3-354287361,S3-570259660
S1-271923377	S2-554260740,S2-77622083,S3-19248976,S3-407042291,S3-817965951
S1-271947971	S2-977866420,S3-978151353
S1-272068400	S2-189826024,S2-907634194,S2-948114335,S3-578158474,S3-686200443
S1-272255059	S2-971623021,S3-363626010
S1-272331321	S3-106518021
S1-272495071	S3-214144857
S1-272721298	S2-783551765
S1-272790068	S2-635599772,S3-319642042,S3-921895914
S1-272939417	S2-510334843,S2-563344102,S3-826732985
S1-272990184	S3-10713621,S3-121482389
S1-273019251	S2-266151708,S2-7832227,S3-178698729,S3-88658417
S1-273157219	S2-105276346,S2-170942448,S2-539868213,S2-810322744
S1-27325915	S2-111570486,S2-186674903,S2-577643698,S2-684798815,S3-718104717,S3-921155211
S1-273428105	S2-378837992,S2-379854937,S3-928717597
S1-273456154	S2-273447502,S3-197206781
S1-273577921	
S1-273637193	S2-339235445,S2-88347231
S1-273733293	S2-141348461,S2-279389744,S2-915919730,S3-363196103
S1-273818891	S2-382757096,S3-815677337
S1-273916401	S2-324851658,S3-795288910
S1-274147805	S2-138721802,S2-592137752,S3-351270323,S3-416132317,S3-623453063,S3-807289528,S3-845494918
S1-274151805	S2-717621110
S1-274216854	S2-596630382,S2-786945209,S3-396423128
S1-274228931	S2-588671021,S3-168750345
S1-274250672	S2-312785814,S3-188144569,S3-634477279
S1-274305600	S2-660250329,S2-66904335,S2-824088655,S3-623193421
S1-274641029	S2-456682704,S2-802618958,S2-83276904,S3-722572133,S3-857063024
S1-274692430	S2-205057380,S2-534610115,S3-597724395,S3-709542401
S1-274734430	S2-145318542,S2-94435824,S3-113035996
S1-274867440	S2-801307096,S2-938901057,S3-335186729,S3-42896359
S1-274940360	
S1-275012476	S3-485358946,S3-506155510,S3-553046912,S3-941835719
S1-275167056	S2-637616498,S3-749522871,S3-822109122,S3-869457750
S1-275194313	S2-402849182,S3-838758398
S1-275260902	S2-703402194,S2-977451325,S3-232930083,S3-870682222
S1-275303473	S2-42937954,S3-737792740,S3-825094256
S1-275344952	S2-494336657,S3-533458613,S3-854486124
S1-275460988	S2-306147589,S2-664526972,S2-840992950,S2-943236843,S3-127681381,S3-188206768,S3-381226527,S3-984473303
S1-275634837	S2-106275475,S3-216230088,S3-218074022,S3-471153689,S3-818589999
S1-275871259	S2-111879389,S2-235480634,S3-455690944,S3-839161126
S1-275909793	S2-309103247,S2-457429592,S2-555846632,S2-819601140
S1-276054115	
S1-276176275	S2-545785344,S3-383359795,S3-385890505,S3-493878297
S1-276230565	S2-191760934,S2-602992758,S2-854331079,S3-212339605
S1-276422024	S2-668549951,S3-828434830
S1-276493698	S2-268943698,S3-261174701,S3-781944505,S3-801589174
S1-276517618	S2-423429623,S2-899433496,S3-101471688,S3-687143538
S1-276542520	S2-307444578,S2-639482073,S3-708597464,S3-823117084
S1-276728360	S2-132824659
S1-276803611	S2-953357893,S3-520947263
S1-27687980	S2-207531841,S2-886763947,S2-967713616,S3-522887959,S3-785993278
S1-276892661	S3-813361711
S1-276962171	S2-548101403,S2-647191886,S2-883627407,S3-57201965,S3-892819074
S1-276970863	
S1-27700762	S3-547545711
S1-277010212	S2-162242603,S2-661932821,S3-356165603
S1-277050246	S2-249524686,S3-483118311,S3-676831784
S1-277139858	S2-281668798,S3-251562881,S3-40319854
S1-277216309	S2-760775455,S3-581910762,S3-876425775
S1-277228962	S3-216680595,S3-454984443
S1-277276936	S2-520415697,S3-184448752,S3-267861359
S1-277321107	S2-233158369,S2-364448882,S2-65626177,S3-21562962,S3-9904308
S1-277345202	S2-951276240,S3-334819171,S3-338773174,S3-373713383
S1-277445007	S2-787731209,S3-104552149,S3-113764883,S3-153717741,S3-572075804,S3-68127091
S1-277595333	S2-310026915,S2-567836261,S3-422891199,S3-683631642
S1-277675102	S2-427765753,S3-78423873
S1-277749410	S3-187956768
S1-277797720	S2-528399439,S2-638103217,S3-570561938,S3-914269058
S1-277888817	S2-470061392,S2-768534737,S3-652247842,S3-951174369
S1-277924640	S2-546292607,S3-648016248,S3-700196061
S1-277992591	S2-804787465,S2-927746592,S2-941495748,S3-243335589,S3-290312173,S3-339035263,S3-685916380
S1-278021469	S2-557665917,S3-61465221,S3-618701325
S1-278074564	S2-292930632,S2-513855315
S1-278079268	S2-358358150,S2-381046026,S3-599021721,S3-968470705
S1-278089921	S2-423636231,S3-53224603,S3-685460312,S3-706842966,S3-751466074
S1-278131468	S2-940035722,S3-493195983,S3-837517321
S1-278245286	S3-159360374,S3-508470030
S1-278247504	S2-47792863,S2-650886387,S3-439689323
S1-278423065	S2-335313063,S2-348140058,S3-685822065
S1-278523742	S2-210416257,S3-943228767
S1-27857041	S3-939523397
S1-27872979	S2-200814803,S2-479583512,S2-480170736,S3-127604049,S3-818045579
S1-278757386	S2-159264639,S2-907317181
S1-27878929	S2-717067930,S3-326178801
S1-2788684	S2-895887313,S3-282813586,S3-324321013,S3-710959469,S3-728807932,S3-796426147,S3-918229508
S1-278899770	S2-26758975,S3-401160080,S3-500475118,S3-637843308
S1-279064420	S2-956065096,S3-938066416
S1-279462217	S2-582581598,S2-87410149,S3-58966480,S3-97276533
S1-279464553	S3-245348941
S1-279611756	S2-256340010,S2-615244299,S2-724790961,S2-749039843,S3-532823937,S3-747554923,S3-9964007
S1-279711950	S3-246724958
S1-279809343	S2-466739326,S2-58116022,S3-434525031,S3-95053904,S3-963470583
S1-279816694	S2-341604711,S2-41267246,S3-123755699,S3-291178867,S3-311657890,S3-691571501
S1-279852306	S3-604110900,S3-743983960,S3-907681377
S1-279980288	S2-479020002,S2-794971424,S2-913388373,S3-796121555
S1-280092020	S2-310939036,S2-482546645
S1-280156537	S2-321469735,S2-764867901,S3-564266169,S3-572716874
S1-280157153	S2-197397116,S3-450760749
S1-280247174	S2-310086983,S2-937066561
S1-280260348	S3-286178438,S3-323883633
S1-28035764	S2-639444202,S2-807210231,S3-60799422
S1-280441308	S2-665965618,S2-701326802,S2-945772867,S3-314566149,S3-814013151
S1-280456690	S2-549684576,S2-59336232,S2-630859572
S1-280531875	S3-119539458,S3-429159384,S3-43788663
S1-280570359	S2-28842278
S1-280595999	S3-631574863,S3-917249663,S3-954437157
S1-280791281	S3-864727470
S1-280814683	S3-332986557,S3-572178140,S3-658352298
S1-280827101	S2-377321413,S3-16919069,S3-71227085
S1-2809742	S2-719993795,S2-782124010,S3-400844407,S3-744677118,S3-912537019
S1-281015183	S2-472090732,S2-765047197,S2-8954991,S3-122074073,S3-223820866,S3-668991144
S1-281116592	S2-305604629,S2-694072014,S3-757980733,S3-858759773
S1-28119166	S2-400297780
S1-281248921	S3-76132966
S1-281281822	S2-898305746,S3-185651051,S3-597611200,S3-89001962
S1-281299916	S2-815375347,S3-350416378
S1-281350050	S2-947887263,S3-40298803,S3-592466430
S1-281364752	S2-561057515,S2-565515793,S3-892891028
S1-281590424	S2-524284843,S3-639192457
S1-281658921	S2-388224992,S2-43445533,S3-668304084
S1-281755114	S2-932934730,S3-464853374,S3-599039537
S1-281776478	
S1-28196969	S2-199624077,S3-54476667
S1-2820245	S3-15236215
S1-282513107	S2-877746699
S1-282544017	S2-265959271,S3-302185049,S3-521283870,S3-936172474
S1-282667950	S2-370870899,S2-558045824,S2-58204532,S2-831795266,S3-102715821,S3-339408938,S3-42246356,S3-899036937
S1-282802597	S2-815355848,S3-255202034,S3-618641957,S3-633824820
S1-28284749	S2-732249256
S1-283110551	S2-99658382,S3-4022641
S1-283246654	S2-123150461,S3-470893618,S3-517647642
S1-28327742	S2-339307405,S2-510374284,S3-444401485,S3-490670983
S1-283359237	S2-795804,S3-120609441,S3-254314440,S3-636408618,S3-716210488
S1-283378647	S2-150605175,S2-375783241,S3-989060146
S1-28342682	S2-147138710,S2-714226480,S3-192753013,S3-484240849
S1-283915698	S2-65951150,S2-809909939
S1-284029242	S2-667690922,S2-825624843,S3-125074568,S3-300504305,S3-671577922
S1-284044474	S2-590140776
S1-284111531	S2-40067775,S3-277432389,S3-39853204,S3-430815110,S3-807199653
S1-284160081	S2-276359056,S2-614434368,S3-177537745,S3-48643939,S3-507681638,S3-769720793
S1-284203354	S2-696702139,S2-742546374,S3-655563610
S1-284289989	S2-216897766,S3-555897040,S3-758464707
S1-284324290	S2-384402807,S3-85269467
S1-284357691	S2-224914982,S2-957678779,S3-908962293
S1-284481085	S2-483875033,S2-508090968,S3-162220933,S3-305433381,S3-730871417
S1-284630238	S2-762480971,S3-308183056,S3-721957068
S1-284655491	S3-378267401
S1-284896624	S2-592430004,S3-921669226
S1-284977839	S2-322637019,S3-49866183
S1-285026362	S2-298841099,S2-568348312,S3-88769305,S3-966138626
S1-285171212	S2-54883044,S2-767940730
S1-285313437	S2-878126368,S3-533746206,S3-842189540
S1-285408571	S2-302963319,S2-626593000
S1-285470607	S2-438063940,S2-559775498,S2-794868903,S2-830263693,S2-914478345
S1-285522808	S2-716807976,S2-910540434,S3-470264939,S3-608266370,S3-648441209,S3-919657199
S1-285555112	
S1-285603117	S2-989965945,S3-289672460,S3-709089920,S3-79698533,S3-84670922
S1-285819412	S2-309785010,S3-195083885,S3-517925096,S3-66869081
S1-285830739	S2-719102216
S1-285939911	S2-662304287,S3-375817422,S3-762099968
S1-28604817	S3-292126765,S3-788612049
S1-286063117	S2-244101327
S1-286126323	S2-230059896,S2-420441782,S2-43105645,S2-59424473,S2-885590435,S3-806498405
S1-286209597	S2-210987335,S2-490948426,S3-58359187,S3-631262790
S1-286272499	S2-462454521,S3-849106285,S3-853588158
S1-286289445	S2-821197350,S3-504225225,S3-887691869
S1-286458573	
S1-286507975	
S1-286522108	S2-157761553,S2-556577808,S3-744938001
S1-286611782	S2-135575552,S2-20780309,S3-188513700,S3-344502225,S3-514868763,S3-644393685,S3-646965582
S1-286649255	S2-641307340,S2-871521853,S2-966148373,S3-175291532,S3-969858556
S1-286655887	S2-125788999,S2-359982272
S1-286672300	S2-855538520,S2-952128890,S2-982041064,S3-321433357,S3-463232663
S1-286814965	S2-412844406,S3-587848332,S3-762095314,S3-91321618,S3-969324390
S1-287054505	S2-387835753,S2-645081203,S3-358798455,S3-86015745
S1-287172263	S2-451153295,S2-739323349,S3-50808939,S3-899954907
S1-28723596	S2-224903054,S3-391702651,S3-6372995,S3-972249392
S1-287291133	S2-535787224,S2-584212885,S2-594551781,S3-603744941
S1-287447809	S2-412423687,S2-993503756,S3-816004278
S1-287539714	S2-632633367,S2-875400108,S3-270332977,S3-834932670
S1-287554067	S3-290586376,S3-349907693
S1-287614640	S2-424205574,S2-574005576,S2-844110345,S3-969402506
S1-287632444	S2-826544944,S3-858016603
S1-287650607	S2-512218183,S3-286108861,S3-294052441
S1-287701909	S2-487827185,S2-512421215,S3-514166038
S1-287738386	S2-336715910,S2-851592623,S3-591412533,S3-621672452,S3-754355257
S1-287773614	S2-902146578,S3-58585525,S3-868916587
S1-287809712	S3-249411828,S3-894052270
S1-287812684	S2-138476532,S2-651526829,S3-176285730
S1-287912746	S2-29266381,S2-632525871,S2-743652132,S2-759508548,S2-80636244
S1-288031265	S2-143624770,S2-366885109,S3-162375286,S3-557215091,S3-701674343,S3-726841460
S1-288141263	S2-797417952,S3-480774520
S1-288282737	S2-442291403,S3-76050749
S1-288283482	
S1-288289839	S2-717867281,S2-953182922,S3-188593271,S3-950661338
S1-288503730	S2-251233645,S2-691524150,S2-936311739,S3-324871459,S3-603090901,S3-684313256
S1-288516692	S2-151993581,S2-585368166,S2-772005897,S3-212138184
S1-288679802	S2-124196215,S2-740634310,S2-904023275,S3-139886832
S1-288847130	S2-215438539,S2-405855499,S3-797304972,S3-814365894
S1-288855596	S2-583090877,S3-281793800,S3-393295732
S1-288871723	S2-187786429,S2-444882686,S2-795102319,S3-230866364,S3-44882220
S1-288955103	S2-490586275,S2-729042685,S3-506968584,S3-898998687
S1-288971645	S2-352562761,S3-250612887
S1-289021297	S2-746951369,S3-370885298,S3-798458615
S1-289031319	S2-187512564,S2-554267929,S2-877355934,S2-992629578,S3-338175946
S1-289055235	S2-246986177,S2-695176759,S2-75907054,S2-891575102,S3-509346568,S3-761883712,S3-767386859
S1-289183550	S2-657036442,S3-19178245,S3-984538018
S1-289294962	S2-633465117,S3-196891847,S3-315786179,S3-508671179
S1-289421636	S2-550030949,S2-734163215,S3-348017489,S3-374068574,S3-490379130,S3-829079076
S1-289442380	S2-278563198,S2-578089278,S3-690413636,S3-716671681
S1-289465966	S2-607283611,S2-709340786,S2-730221209,S3-624764035,S3-973997142
S1-289510718	S2-804028973
S1-289593728	
S1-290073890	S2-576659958,S3-477126206,S3-803188176
S1-290109287	S2-107994891,S3-159953875,S3-95997517,S3-966758617
S1-290421012	S2-166364386,S2-281270412,S3-12420223,S3-527565476,S3-535380072,S3-715055035,S3-889539123
S1-290430104	S2-341708239,S2-399022283,S3-627604385,S3-867574926
S1-290499711	S2-379937320,S3-886139672
S1-290500747	S2-276176250,S2-599585099
S1-290782298	S2-281225545,S2-507316094,S2-972372860
S1-290911326	S3-750210241,S3-80992503
S1-290915668	S2-160713451,S2-6947808,S2-763483137,S3-110759614
S1-290980665	S2-368516309,S2-418023213,S2-628372657,S3-391611491
S1-291062057	S2-168983859,S2-284466413,S2-444462987,S3-201565816,S3-829755299
S1-291138787	S2-892099297,S3-6446717
S1-291240444	S2-650542458,S3-626866181
S1-291244388	S2-431643058,S3-675252811,S3-826866238
S1-291264770	S3-246791179,S3-577424141,S3-77354606,S3-812485600
S1-291281282	S2-91646244,S3-702340031,S3-798858252
S1-29137178	S2-504402179,S2-763292460,S3-216991654,S3-876678096
S1-291411693	S2-50131161,S3-341899674,S3-894623317
S1-291578938	S2-338362075,S2-722648193,S3-261695633,S3-818230189,S3-968469680
S1-29161577	S2-206122441,S2-617744383,S3-34744419,S3-615393037
S1-29169750	S2-187253691,S2-229393835,S3-333449327,S3-588446774
S1-291820570	S2-844887357,S2-952927523,S3-287573089,S3-290987457,S3-528967034
S1-291831548	S2-169993054,S3-773765035
S1-29188663	S2-58810451,S2-904985869,S3-713678446
S1-292133845	S2-932668489
S1-29221477	S2-223449427,S2-741605624,S3-86514026
S1-292305824	S2-127069050,S2-187800266,S3-534323946
S1-292418111	S2-137497435,S2-705135745,S2-826661540,S3-20964541,S3-315231163,S3-63528592,S3-802313127
S1-292613783	S2-904173407
S1-292865420	S2-216647676,S2-264154543,S3-103204111,S3-151644306
S1-292950238	S2-51747954
S1-29295896	S2-318512343,S2-58655380,S2-878737828,S3-194979520,S3-401132691,S3-71509116,S3-742781283
S1-293014403	S2-274714123,S2-906645335
S1-29304587	S3-6568270
S1-293163603	S2-242107371,S2-373470430,S2-88099654,S2-962762214
S1-293269519	S2-365550961,S3-139115636
S1-293386537	S2-203168798,S2-742146734,S3-585872354,S3-912677526
S1-293762232	
S1-293970681	S2-733794708,S2-933710746,S3-379233957
S1-294040581	S2-133663351,S3-871350013,S3-966201390
S1-294048548	S2-268865748,S2-456656509,S2-594454926,S2-747331183,S3-758946484,S3-768211622,S3-951165162
S1-294128479	S2-451707263,S2-546502538,S2-740342349,S3-538991460,S3-586179545
S1-294189690	S3-394479982,S3-736093387
S1-294247531	S2-936243843,S3-594405158,S3-827974246,S3-980903581
S1-294249572	S2-331370481,S2-612531526,S2-629237039,S2-669279610,S2-924113343
S1-294321565	S2-229819698,S3-805614339,S3-837548855
S1-2944349	S2-657809098,S3-435280559,S3-58861247
S1-294675541	S3-407676062,S3-699404519,S3-820379693
S1-294678717	S2-314982704,S2-637316040,S3-35797908,S3-61142386,S3-748375349
S1-294987382	S2-506955251,S3-172281773,S3-759687194
S1-294995410	S2-223808010,S2-377680190,S3-726097468,S3-916312
S1-294995752	S3-507871013
S1-295135148	S2-393171277,S2-481328954,S2-875994599,S3-188791278
S1-295189507	S3-426770853,S3-975448135
S1-295295975	S2-529370845,S2-774939201,S3-285246752
S1-295450682	
S1-295476366	S2-329302718,S3-305560089,S3-445835869
S1-29548158	S2-17438076,S2-640765689,S3-306841013,S3-825562156
S1-295487094	
S1-296054008	S2-862899957,S2-933410850,S3-56467442,S3-792294044
S1-296088204	S3-57408518
S1-296098324	
S1-296201831	S2-629307823,S3-233454039,S3-702299640
S1-296237987	S2-116503479,S2-153307795,S2-641484158,S3-739124653,S3-811620250
S1-296286561	S2-452524590,S3-762680377
S1-296416408	S3-188551640,S3-481168873,S3-562025620,S3-588175833
S1-296554372	
S1-296729739	S2-466917169,S3-457145147,S3-561745420
S1-296741919	S2-332926173,S2-880626420,S3-360882189,S3-818449256
S1-296875813	S2-4211880,S2-483297316,S2-694585800,S3-289592722,S3-312814745
S1-29699735	S2-536448619,S2-620744089,S2-728296391
S1-297072653	
S1-297089029	S2-364896118,S3-121364879
S1-297101985	S2-273349198,S2-625649167,S3-625738700
S1-297199035	
S1-297425676	S2-951666043,S2-964295615,S3-299717963,S3-405560992,S3-999675005
S1-297451175	S2-17145686,S2-770081789,S3-766741986
S1-29749013	S3-373344595
S1-297494504	S2-477117008,S2-925786111
S1-297513194	S2-282346368,S2-581625765,S3-637106311
S1-29762841	S2-104167156,S2-825291820
S1-297710541	S2-123710433,S2-501883769,S2-549846809,S2-762839162,S3-163493327,S3-648289693
S1-297767831	
S1-297812698	S2-961521228,S3-26976911,S3-654295693
S1-297820498	
S1-297821682	S2-621312724,S2-622343824,S3-731126316
S1-297855070	S2-116532337,S3-88719137
S1-297888981	S3-410109284
S1-298036057	S2-152199083,S2-366859834,S3-737348811
S1-298144479	S3-547778809
S1-298207223	S2-313979221,S3-96195499
S1-298210289	S2-21724764,S3-34122886,S3-889591340
S1-298468584	S2-581728042,S2-874316361,S3-463070435,S3-481333967,S3-495448717
S1-298509652	S3-46960808,S3-652343369
S1-298527401	S2-477486599,S3-294167328
S1-298578349	S2-407199882,S2-625160094,S3-166736132,S3-696094711
S1-298582507	S2-693541114,S3-84794929
S1-298601510	S3-493311960,S3-514987867,S3-562602094,S3-831622530
S1-29862602	S2-116261894,S2-384330475,S2-569216853,S3-588068362
S1-298673582	S2-659252295,S2-907767968,S3-835126547
S1-298696242	S3-471584972,S3-589552594
S1-29880047	S2-512569908,S3-14527076
S1-298829052	S2-198341452,S2-382680749,S3-960755312
S1-298877161	S2-762956420,S2-821403795
S1-298900310	S2-224187630,S3-401654696,S3-40693582,S3-545949587,S3-972638031
S1-298901687	S2-840275835,S3-928695251
S1-298911800	S2-217944301,S2-367513885
S1-298926490	S2-738837380,S3-276392231
S1-29892870	S2-955510665,S3-137743932,S3-232328623,S3-364116913,S3-880619757
S1-299099809	S2-526107005,S3-81980892
S1-299116349	S2-672319118,S2-858589307,S3-482115025,S3-845350075
S1-299141700	S2-155313573,S2-192260186,S2-919243311,S3-726722436,S3-757820986
S1-299229150	
S1-299533745	S2-848233419,S3-184672662
S1-299651612	S2-437963287,S2-482836055,S2-804976968,S2-866025401,S3-275918132,S3-820262281
S1-299663221	S2-603381702
S1-299667476	S2-130330228,S3-410946274,S3-751311191,S3-991069793
S1-299748202	S2-436844992,S2-525249842,S3-159636646,S3-530397638,S3-848526598,S3-865555337
S1-300000995	S2-20887897,S3-344108025,S3-625662724,S3-889267213,S3-946830638
S1-300061189	S2-472774657,S3-51062238,S3-673410440,S3-987985334
S1-30009168	S2-59494044,S3-289478495,S3-451235488
S1-30010436	S2-164686384,S2-337439115,S2-523235425,S2-824877314,S3-440149962,S3-908835601
S1-300138998	S2-455160931,S3-195738045,S3-51891208,S3-70491079
S1-300151330	S2-319573003,S2-450993197,S2-477462877,S3-76960961,S3-925283339
S1-300224097	S2-159551421,S2-996012199
S1-300226670	S2-288122760,S2-92397971,S3-288644283,S3-853784045
S1-300258099	S2-495880486,S3-670639239,S3-68123172
S1-300290747	S2-768784711,S2-840592540,S3-909972334
S1-300384757	S3-970556024
S1-300397998	S2-327772916,S2-429550778,S2-652984924,S3-607698282,S3-700780613
S1-300568609	S2-140373226,S2-251001214,S3-156009783
S1-300603111	S2-284195379,S2-472690275,S2-824155929,S3-54392442,S3-766936755
S1-300703873	S2-136004507,S2-245819314,S2-417953899,S2-70655200,S2-784446477
S1-300961048	S2-323500326,S3-553096733
S1-301010886	S2-539659344,S3-250475004
S1-301070749	S2-164999497,S2-243941028,S2-905376215,S3-101866777
S1-301126089	S3-498794247,S3-848101851
S1-301157349	S2-260375403,S2-864240822,S3-375124226,S3-480935106
S1-301278649	S2-78142907,S3-278298282,S3-992106440
S1-301291678	S2-782232752,S2-793806864
S1-301356424	S2-201296334,S2-514028478,S3-104728188,S3-46694579
S1-301603834	S2-279840624,S3-228172882,S3-262220898,S3-674669173
S1-301664578	S2-254873763,S2-637373477,S2-98176294,S3-712454295,S3-748522294
S1-301687692	S2-288266202,S2-620993080,S2-759228444,S2-944280566,S3-835755482
S1-301718159	S2-850147272,S3-774893027
S1-301796398	S2-80451940,S2-925433087
S1-301965706	S2-311065349,S2-645005238,S2-782794496,S3-118209782,S3-142490970,S3-545637986
S1-302109817	S3-378019546
S1-302459668	S2-766616216,S2-800619793,S3-394303762
S1-302460878	S2-606478303,S3-153042506,S3-298197253
S1-30255847	S2-659324811,S3-307386673,S3-58683791,S3-656349139,S3-699348641
S1-302662888	S2-239621256,S2-668530942
S1-302741476	S2-856248029,S3-66080741
S1-302905657	S2-556952712,S3-783353387,S3-973416492
S1-302966258	S2-878543502,S3-465493296,S3-584408665,S3-894233945
S1-303013664	S2-401637071,S2-50111580,S3-130122605,S3-193757305
S1-303068928	S2-256763478,S3-276682778,S3-28856815,S3-336428348
S1-303213003	S2-800084063,S2-992350911,S3-60794510,S3-896404476
S1-303347119	S2-944384833,S3-797989374
S1-303410508	
S1-303437266	S2-440137573,S2-558875988,S3-375827560,S3-394942564,S3-683406820,S3-999126601
S1-303552751	S2-550186473,S3-656749700,S3-859370497
S1-30356782	S2-611181613,S2-839132774,S3-38767951,S3-470248830
S1-303571346	S2-34512271,S2-536410608,S3-399912157,S3-46563711,S3-482155338
S1-303732626	S2-107483188,S2-553561074,S2-979971253,S3-270726418
S1-303931070	S2-560139104,S2-962088935,S3-290090188,S3-726313678,S3-91601333
S1-304026008	S2-914879420,S3-31395848,S3-560715013
S1-304059392	S2-872101476
S1-304066961	S2-434503441,S3-188390594,S3-227326593,S3-357490446
S1-304231672	S2-570868008,S2-977690150,S3-166716938,S3-298878683,S3-831294159
S1-304270575	S2-499361865,S2-598447654,S3-373432546,S3-762885649
S1-304536173	S2-567648524,S3-139070657,S3-24107309,S3-553418863
S1-304591443	S3-312652245,S3-63589148,S3-639571165
S1-304738175	S2-25968089,S2-691329391,S3-977487346
S1-304839548	S2-631291101,S2-653433061,S3-807578341,S3-991497692
S1-305004234	S3-378746213,S3-76315205
S1-305175917	
S1-30542704	S2-275202836
S1-305543595	S2-538873793,S2-664880314,S3-182845253,S3-494592118,S3-708241839,S3-823645932,S3-861140733
S1-305585344	S2-287280547,S2-290055108,S2-870842897,S3-618105804
S1-305647610	S2-394059931,S3-321133163
S1-305781569	S3-261307439
S1-305887458	S2-51525952,S3-393505660
S1-305940241	S2-297300947,S3-163489013
S1-306169915	S3-445015082,S3-766912105,S3-973456008
S1-306405563	S3-181296688
S1-30643280	S2-275517098,S3-118142191,S3-368114302,S3-734492
S1-306571324	S2-412512827,S3-770237216
S1-306587562	S2-863338123,S2-901632440,S3-199124262,S3-472436907
S1-306595453	S2-831594528,S3-205641359,S3-738148318,S3-843160315
S1-306841851	S2-282033465,S2-356626354,S2-421890593,S2-511738238,S3-454470247
S1-3071033	S2-18497120,S2-346581669,S2-874498176,S3-146445710
S1-30717873	S2-384454254,S2-983550299,S3-275751904,S3-986725385
S1-307348423	S2-375028704,S2-826902341,S3-230070316,S3-560379252,S3-996399701
S1-307413847	S2-971143065,S3-701398628
S1-307495219	S2-227792040,S2-448639127,S2-846343088,S3-555117432,S3-584466143,S3-719153033
S1-307510437	S2-226501104,S3-26952770
S1-307657190	S2-202314293,S2-842895322,S3-137346845,S3-601954531
S1-307661923	S2-817612910,S3-283153207
S1-30768116	S2-67784598,S3-391615487,S3-967583762
S1-307759725	S3-283457065
S1-307894554	S2-54213602,S2-607427797,S2-83723631,S3-110374632,S3-408917971
S1-307910490	S2-760271470,S2-909839375,S3-44821943
S1-307958436	S2-840581939,S2-858736087,S2-932829937,S3-186628245
S1-308034832	S2-633338654,S3-396139909
S1-308073609	S2-510280766,S2-815982053,S3-139712076,S3-405236505
S1-308343085	S2-235822794,S2-340794027,S2-556993798,S3-488187768
S1-308509372	S2-291049660,S2-539148519,S2-805732951,S2-923171356,S3-283923676
S1-308516656	S3-381311636
S1-308740057	S2-165688549,S2-904584432,S3-410743416
S1-308915088	S3-329374478,S3-3830194
S1-308962436	S3-878150172,S3-93667142,S3-978826818
S1-309172716	S3-173076927
S1-309215197	S2-109562216,S2-414942661,S3-298158792,S3-304717828
S1-309317090	S2-511961013,S2-789590890,S3-795046575
S1-309423397	S2-275063921,S2-667799332,S2-954666738,S3-770804181,S3-808996848
S1-30948297	S2-728035084,S3-257359081,S3-26497400,S3-381179287,S3-69518414
S1-309589492	S3-530077289
S1-309607594	S2-966229988,S3-19441239,S3-387772578,S3-801856992,S3-999291146
S1-309653715	S2-724517500,S3-288671670,S3-44761901
S1-309728964	S2-881543067
S1-310059890	S2-506330979,S3-660871067
S1-310318178	S2-280695968,S3-147842785,S3-957161713
S1-310366381	S2-525224855,S2-616525539
S1-310445090	S2-445956925,S2-88820274,S3-265266937,S3-502384943
S1-310457106	S2-670800709,S2-758397774,S3-463254113
S1-310466909	S2-629772899,S3-30811441,S3-807254122
S1-310630315	S2-904402020,S3-117131502,S3-243473927,S3-916379142
S1-310826441	S2-832065749,S3-607578506,S3-683844121,S3-747714877,S3-898047937
S1-310987277	S2-235716322,S2-315260099,S3-599769621
S1-311037912	S2-316662409,S3-503930248
S1-311232729	S2-929435956
S1-311245264	S2-55568433,S2-636092663,S3-596337824,S3-949510450,S3-974394630
S1-311275743	S3-297570571,S3-495470622
S1-311318731	
S1-311369203	S2-32669622,S2-970867463,S3-883468265
S1-311371780	S3-533621722,S3-565592201
S1-311447163	S2-720897451,S3-460044243,S3-562082868
S1-311460026	S3-404682189,S3-43523734,S3-716245094
S1-311505416	S2-17913935,S2-856789370
S1-311556922	S2-907379878,S3-344845356
S1-311650242	S3-226541185,S3-314726556,S3-599320732
S1-311784751	S3-371048673
S1-311831862	S2-340516319,S2-839303760,S3-332359208,S3-588912200,S3-966709490
S1-311924904	S2-140361068,S2-276998504,S2-487075873,S2-793361428,S3-283349854,S3-392063973,S3-909398081
S1-311950164	S2-706637906,S3-130423818,S3-232729734,S3-271671695
S1-312152039	S2-695753899,S3-900335603
S1-312220477	S2-833814399,S3-805347921
S1-312235137	S3-92216014
S1-312247016	S2-634877272,S3-133990426
S1-312461689	S2-115396100,S2-544423278,S2-600704465,S3-220750233,S3-233276399
S1-312484311	S2-280758205,S2-375657590,S2-681215607,S2-74761111
S1-312583891	S2-430299477,S3-114113967,S3-894099722
S1-312608439	S2-85930816,S3-967674740
S1-312619183	S2-276601596,S3-236369153,S3-546677887,S3-849894406
S1-312694153	S2-219344514,S3-303128988
S1-312769541	S3-851400169,S3-973845073
S1-31286462	S2-338452781,S2-628373677,S3-10916897
S1-312977840	S2-274060245,S2-350767135,S2-623867715,S3-594915629
S1-313087378	S2-692697903,S3-320350861,S3-754321011
S1-313095608	S2-349573705,S2-533168503,S2-710721103,S3-606480336
S1-313100990	S2-783019119,S3-116540354
S1-313191059	S2-816968429,S2-979083385,S2-999538724,S3-874263328
S1-313223451	S2-187088975,S2-195648672,S2-671722200,S3-280147116,S3-517110648,S3-593384571
S1-31344353	S2-160925344,S2-915143880,S2-94853255,S2-950700565,S3-119001685,S3-96872075
S1-313622539	S2-23831310,S2-259454003,S2-831017494,S3-233813004,S3-674610013
S1-313689511	S2-336881119,S2-436128453,S3-298345736
S1-313690552	S2-752485801,S3-457958663
S1-313731353	S2-259514175,S3-16302360
S1-313765834	S2-546888327,S2-735541793,S3-37925998,S3-90954716
S1-31378377	S2-746033200,S3-171296945,S3-990171541
S1-313933211	S2-229892562,S2-519950058,S2-563691561,S3-382300509,S3-403361481,S3-804688172,S3-839120430
S1-313992825	S2-315799206,S3-22309870,S3-381794431,S3-454922305
S1-314254072	S2-905034066,S3-290829724
S1-314366066	S3-242646669,S3-595948111,S3-630337647
S1-314566271	S2-437969825,S2-899933286,S3-271315078,S3-467017560,S3-470056403,S3-852483747,S3-873927903
S1-314705114	S2-165933935,S2-611151227,S3-493803892
S1-314741483	S2-466160202,S3-501752411,S3-975738483
S1-314794077	
S1-314821721	S2-450018755
S1-31492088	S2-16759935,S2-217435363,S2-733775817,S3-892400507,S3-987453542
S1-314968435	S2-770332073,S2-77360774,S3-614651226
S1-315102620	S2-709829997,S2-965807228,S3-21775463,S3-232472227
S1-315138148	S2-315334899
S1-31515654	S2-179874118,S3-928802909
S1-315187579	S2-298541542,S2-578281462,S2-680088501,S3-906603932,S3-958291925
S1-315373838	S3-444230554,S3-445960865
S1-315585578	S3-138265981,S3-922428763
S1-315589035	S3-482930225
S1-315600743	S3-599382546
S1-315679803	S2-69086837,S3-874374352
S1-315844035	S2-771355953,S2-788983242,S3-113269379,S3-876267825
S1-315959427	S2-499872622,S3-300825736
S1-316033642	S3-66985309
S1-316038577	S2-132991588,S2-813525391,S2-86500417,S3-749899302
S1-316038929	S2-218158965,S2-248686233,S2-250712488,S2-75447801,S3-536168932
S1-31613122	S2-159614889,S2-718235895,S3-546420374
S1-316168337	S2-38811177,S2-907834747,S3-254732425
S1-316196514	S2-908033284,S3-815056447
S1-316373168	S2-258479278,S3-185155112
S1-316384119	S2-953797081,S3-661384311,S3-718943457
S1-3163992	S2-254764741,S2-707344512,S3-106988878,S3-428144591
S1-316518949	S2-322128711,S2-350222727
S1-316652045	S2-290630182,S3-861905065
S1-316781167	S3-418448227,S3-499449271,S3-520421006,S3-592755744,S3-720674110
S1-316783552	S2-863823406,S3-868278198
S1-316823619	S2-284472100,S2-380035470,S3-392735400,S3-691381666
S1-316840610	S2-839692035,S3-121770066,S3-703507151
S1-316948610	S2-234509504,S3-577500073
S1-316968374	S2-194387561
S1-316972525	S2-620777546,S2-875426608,S3-822746537,S3-846552191,S3-956221376
S1-317044667	S3-201547945
S1-317093103	S2-197340419,S2-225757777,S3-172746883,S3-660016902
S1-317262694	S2-229652137,S2-293066218,S2-893887053,S3-267592817,S3-304243263,S3-420511668
S1-317450713	S2-554693071,S3-318244040,S3-634196082,S3-821156394,S3-854832369,S3-936407484
S1-317605239	S2-588293043,S3-764085500,S3-764614790
S1-317624143	S2-233478476,S2-331173669,S2-638054708,S2-656992385,S2-844096095,S3-594892776
S1-317663338	S2-147745536,S2-741338438,S3-223807180
S1-317666957	S3-783970982
S1-317690865	S2-99795735
S1-317707357	
S1-317776099	S3-421845319,S3-811718513,S3-876638792
S1-317812831	S2-476022841,S3-143048375
S1-318005913	S2-306464454,S2-684811166
S1-318310939	S2-483679861,S2-545041958,S3-151248604,S3-621120346
S1-318506397	S2-970855250
S1-31852247	S2-668194826,S2-777138446,S3-326029510
S1-318584933	S2-697560711,S3-561530343,S3-766629758
S1-318718978	S2-62383660,S3-707175564,S3-764861741
S1-318722752	S3-925166526,S3-940995812
S1-318739926	S2-155148331,S2-252428801,S3-373035268,S3-489538660,S3-899963959
S1-318789296	S2-478934400,S2-834295388,S3-150150727
S1-319137763	S2-104335799,S2-521250833,S3-269468120,S3-4032325
S1-31926200	S2-471215070,S2-50153537,S2-583364016,S3-654745448,S3-909482626,S3-969628299
S1-319375021	S2-497752253,S2-504500292,S2-584148130,S2-913266839,S3-116207473,S3-583183424,S3-587390785,S3-608415761
S1-319412314	S2-327588732,S2-465615305,S3-575920137,S3-589716650
S1-319418910	S3-300272853,S3-410449300,S3-877917802
S1-319423891	S2-234962506,S2-253401535,S2-362370290,S3-319003044
S1-319516427	S2-521742991,S2-974301288,S3-492185895
S1-319625214	S2-272012603,S2-520127972,S3-190303534,S3-489967852,S3-583152883,S3-703709585
S1-319637429	S2-735901435,S3-831156609
S1-319727675	S2-258093757,S3-250902712,S3-288902413,S3-816133978
S1-319767383	S2-727373314,S2-913129323,S3-220144301
S1-319817264	S2-269152678
S1-319863192	
S1-319923917	S2-158807647,S2-990443324,S3-738083807
S1-320084908	S2-19064092,S2-536213995,S3-101103132,S3-748668316
S1-320112109	S2-222431077,S2-357982168,S2-541993705,S3-879108682
S1-320454471	S2-130880679,S3-297757160,S3-489859587,S3-646994827
S1-32048211	S2-282538128,S2-729769713,S3-538925101,S3-883417399
S1-320524248	S2-387264789,S3-947981073,S3-996432184
S1-320583870	S2-630400131
S1-320635929	S2-485171296,S3-333680051
S1-320714083	S2-262571798,S2-403971921,S2-443931109,S2-46255558,S2-534451771
S1-320867879	S2-255540778,S2-365001341,S3-297788547
S1-320873751	S2-329848940,S3-656334705
S1-320874288	S2-211470658,S3-454483340
S1-321113374	S2-35051353,S2-450868655,S2-885362269,S2-910778045,S3-432871284,S3-689466805
S1-321433164	S2-266592520,S3-731819917
S1-32147912	S2-308084008,S2-536256809,S3-397498819,S3-41677678,S3-810076780,S3-86533947
S1-321494836	S2-353998289,S2-625101544,S2-689090268,S3-788820267
S1-321603854	S2-163647458,S3-249014545,S3-757857804
S1-321691832	S2-61067579,S2-662465096,S2-787174381,S2-962129995,S3-18656005,S3-208495790,S3-866935857
S1-321705600	S2-414995955,S2-485720722,S2-505434287,S2-926176552,S3-243115317,S3-883923952
S1-321723921	S2-619016972,S3-709314307
S1-321738953	S2-580530605
S1-321761960	S2-56617272,S2-85269748,S3-894501821
S1-32184405	S3-571034136
S1-32186761	S3-220167337,S3-25759214,S3-289250303,S3-692775192
S1-321891155	S2-112577237,S2-23696414,S2-380758450
S1-321904255	S2-746141520,S2-783624944,S2-905439397,S3-671969590,S3-836761725
S1-321917797	S2-310499577,S3-144282986
S1-321956272	S2-197652655,S3-258258852,S3-371977427,S3-595458883
S1-322093065	S2-232874228
S1-322104355	S2-109308138,S3-808219232
S1-322179565	S2-54302187
S1-322225116	S2-181272415,S3-451550722,S3-635388705
S1-322454717	S2-648551030
S1-322582244	S2-555110877,S3-88055648
S1-322784819	S2-23260631,S2-281092546,S3-427659750,S3-721253590,S3-988934793
S1-322891028	S2-453751732,S2-982478668,S3-35360855
S1-323031654	S2-775545138,S2-782064568,S3-7529906
S1-323037216	S2-869021337
S1-323072568	S3-123514885,S3-85990616
S1-323129721	S2-170817805,S2-690762192,S2-726824290,S3-954930090
S1-323135113	S2-139216758,S2-810073505,S3-459376026,S3-512316651,S3-601374884,S3-954108541
S1-323515218	
S1-323719472	S2-300968585,S2-648189909,S2-820698779,S3-140929377,S3-780600089
S1-323766674	S2-393380220,S2-530402060,S3-214377562
S1-32377516	S3-466205080
S1-323778260	S2-733562169,S2-799412532,S2-87974782,S3-246926311,S3-27295961,S3-940385966
S1-323842604	S2-851494553,S3-422811166,S3-524535059,S3-70461744,S3-982437348
S1-323930272	S2-39813537,S2-660855027,S2-807459855,S3-948746663
S1-323948797	S2-235284820,S2-545699643,S3-125884156,S3-638546953
S1-324087294	S3-966358143
S1-32411155	S2-511795530,S2-734808001,S3-131497938,S3-1981263
S1-324144852	S2-573662605,S3-170322246,S3-311784106,S3-499950971
S1-324184516	S2-274524275,S3-631630675
S1-324214020	S2-19969515,S2-613047484,S2-656446264,S3-225363572,S3-347488081,S3-4419584
S1-32424303	S3-490183370,S3-936980422
S1-324255207	S2-866935234,S3-715439898
S1-32436376	S2-541076687,S2-582428616,S2-688416914,S2-89107201,S3-328828145
S1-324394820	S2-994397333
S1-324443538	S2-276934115,S3-314033999,S3-75572681,S3-92475360,S3-961484328
S1-324486647	S2-103736484,S3-114899684,S3-430684574
S1-324631146	S2-760348146,S2-767444875,S3-339182254,S3-525735718,S3-629865307,S3-900462030
S1-324771884	S2-42777137,S3-474946920,S3-822257902,S3-952312967
S1-324838732	S2-114164209,S3-448039982,S3-553814082,S3-70008544,S3-975803496
S1-324887289	S2-228820115,S2-547408425,S3-330267860
S1-325190529	S2-406872867
S1-325235255	S2-705223011,S3-548457667
S1-325343291	S2-534294606,S2-602656492,S3-586032918,S3-971892634
S1-325409654	S3-765322264
S1-325604362	S2-416267200,S3-644964015
S1-325609989	
S1-325612816	S2-114289971,S2-152206563,S2-691420489,S2-922927432,S3-220699844,S3-738805192
S1-325692034	S2-540140691,S3-643231022
S1-325741215	S2-306673153,S3-399612940
S1-325836615	S2-929028172,S3-139936017
S1-325895334	S3-21941213,S3-288078737,S3-942447424
S1-325922018	S2-271574524,S2-568958820,S3-824520020
S1-326000859	S2-78243966,S2-986026874,S3-391222098
S1-326098720	S2-667970984,S2-832899822,S2-906331182,S3-2080755,S3-483670495,S3-596820117
S1-326106382	S2-388989382,S2-406528371,S3-271456229
S1-326130407	S2-136419466,S2-588597341,S2-820859248,S3-859190016
S1-326159481	S3-542136913,S3-625673070
S1-326189012	S2-195631287,S2-270625591,S2-404421774,S2-755940361
S1-326265989	S2-183656184,S2-245725310,S2-386084925,S2-462774938,S3-158096574,S3-336561355,S3-490597301
S1-326304062	S2-417282077,S3-587247729
S1-326557798	S2-712699810,S3-386539949
S1-326645493	
S1-326760114	S2-156819690,S2-642985664,S3-469606345,S3-656077811
S1-326774329	S2-763666462,S3-322715004
S1-326850145	S2-352755165,S2-395500039,S2-635205250,S2-668348013,S3-77766090
S1-326858386	S2-534837234
S1-326890828	S2-682174644,S3-730541191
S1-326984952	S2-792357427,S3-954013449
S1-327036213	S2-963799374,S3-296571299,S3-601337435
S1-327061604	S2-66651376,S2-682085696,S3-224396468,S3-632961694
S1-327363227	S2-703770789
S1-327827990	S2-132128590,S2-924810161,S3-618460381,S3-756767530
S1-327887984	S2-266075148,S3-387294834,S3-521724523
S1-327916128	S2-289503087,S3-341299471
S1-328014186	S2-139282534,S2-727408373,S2-743136791,S3-871395741,S3-945779703
S1-328114989	S2-639762058
S1-328273177	S2-224855490,S2-934580990,S2-998188720,S3-177503463
S1-328277028	S2-458400071,S2-915331131,S3-106216834,S3-262553126,S3-449917556
S1-328370665	S2-373917944,S2-894175206,S3-331982236,S3-978103270
S1-328457260	S2-33086592,S3-773832009
S1-32856809	S2-386153737,S3-300169843,S3-480088377,S3-614120704
S1-328801716	S2-312209661,S2-497289448,S3-166094413,S3-986886206
S1-328867972	S2-881210748
S1-328912803	S2-354193245,S2-512920468,S3-413737677,S3-687416429,S3-862775775
S1-329059287	S2-143530036,S2-751013308,S2-888247329,S3-450291519
S1-329132346	S2-114935337,S2-960301263,S3-523731859,S3-750204864
S1-329262039	S3-336366145,S3-660621615
S1-329615747	S2-696846841,S3-635880622
S1-329857242	S2-400948625,S3-16681437,S3-637684002
S1-330138207	S3-215572888,S3-792211084,S3-861618489
S1-330335805	S2-772331602
S1-330789011	S2-272064667,S2-328165469,S2-335824816,S2-417808426,S3-699979113,S3-745266312
S1-330799872	S2-133422716,S2-367747131,S3-952563060
S1-330827982	S2-783895735,S3-19288670,S3-196397675
S1-330842921	S2-450916359,S2-723477929,S3-629986758,S3-956401586
S1-330843013	S2-357720615,S2-56171297,S3-855366122
S1-330843762	S2-193822459,S2-360731429,S2-519573048,S3-516182384,S3-651274155,S3-68116837
S1-330848687	S2-27469177,S3-119925640,S3-261101586
S1-330938981	S2-5067901,S2-61888598,S3-716725739
S1-33095118	S2-832344535,S3-993013635
S1-330961044	S2-196454729
S1-331295604	S2-208558991,S2-485450927,S2-7961420,S2-848962678,S3-321853676,S3-743166767
S1-331615705	S3-14866756,S3-571814168,S3-597865037
S1-331881999	S2-910215585,S3-725896298
S1-331950193	S3-353480982,S3-5720039
S1-332091456	S2-441384218
S1-332101711	S2-279390487,S2-35091212,S2-823119383,S3-15286208,S3-32280402,S3-711813056
S1-332138786	S2-1017305,S2-288088156,S2-693402626,S2-789193550,S3-424627657
S1-332429198	S3-270073499,S3-690600774,S3-696624944,S3-731827608
S1-332514695	S2-293808762,S2-37838784,S3-345109531,S3-533122559
S1-332619539	S2-291381534,S2-386604539,S2-470864659,S2-648226584,S3-334023805,S3-567653191,S3-936067596
S1-332713764	S2-207247997,S2-538758554,S3-66448758,S3-849148417
S1-332762077	S3-3498997
S1-332893578	S2-353114488
S1-332903341	S2-14069438,S2-216632148,S3-825062392
S1-333026000	S2-355535807,S2-424402906,S3-30024230,S3-50978201,S3-675195469
S1-33319424	S2-989414097,S3-617048711,S3-659089313,S3-95149283
S1-333281364	S2-260677759,S3-243836756,S3-623984106,S3-940545648,S3-948259692
S1-333283148	S2-391536734,S2-394355595,S2-9334305,S3-817798110,S3-845363345,S3-951900743
S1-333384059	S2-348645634,S3-783505503
S1-333478571	S3-250565525,S3-678632297,S3-748643322
S1-333558424	S2-105067384,S2-268477058,S2-589060377,S2-802035807,S3-863727222
S1-333597050	S2-419226049,S3-122303167,S3-213356370,S3-558862787
S1-333987028	S3-309880989,S3-496510043,S3-719697947
S1-334106313	S3-181655864
S1-334159951	S2-287660136,S2-529325921,S2-808630146,S3-160023102,S3-34178716,S3-467597996,S3-650628792,S3-695569021
S1-334223549	S2-255530779
S1-334231998	S3-416140351,S3-472052212,S3-586223408,S3-615136516,S3-928836400
S1-33426914	S2-143291109,S2-300097668,S2-694917313,S3-759797979
S1-334463092	S2-343915003,S2-35172265,S2-490341969
S1-334490648	
S1-334633983	S3-446776423,S3-866305811
S1-33464380	
S1-33474219	S2-128480785,S2-744900921,S3-791710839
S1-334800096	S2-975963885,S3-610760364,S3-759481885,S3-901090187
S1-334800733	S2-592854058,S3-571794330,S3-965499963
S1-334819566	S2-255118984,S2-639245378,S3-43015445,S3-563177434,S3-795833154,S3-942652353
S1-335003094	S2-332469816,S2-92380365
S1-335102446	S3-103546990,S3-590190457,S3-99806842
S1-33537044	S2-439782541,S2-703571182,S3-96795992
S1-335410368	S2-641588290,S2-919094784,S3-335615748
S1-335480046	S2-618690308,S3-641675208
S1-335489670	S2-454469149,S2-7057374,S3-76101358
S1-335555197	S3-361420187,S3-489131989
S1-335908661	S2-114371080,S2-381623956,S2-919166436,S3-646405738,S3-739655997
S1-335977005	S2-464324361
S1-335981579	S2-457305981,S3-19674142
S1-336106837	S3-81317362,S3-845679297
S1-336114214	S2-724205295,S3-182810932
S1-336159801	S2-201472209,S3-442925727,S3-653443439
S1-336261705	S2-128946954,S2-763070308,S2-979914952
S1-336289277	S2-188718979,S2-868278404,S2-968860494,S3-298353769,S3-367055173
S1-336467888	S2-639825705,S2-746636969
S1-33660251	S2-649469867,S2-779652866,S2-900086607,S3-406045701
S1-336626930	S2-721104739,S3-387272831
S1-336696596	S2-585825133,S3-820418163
S1-337244895	S2-941962998,S3-809488428,S3-829997172
S1-337349157	S2-260246690,S2-394948616,S3-562424213,S3-84628373
S1-337350576	S2-276333039,S2-773578783,S3-270646326,S3-772968250,S3-83547714
S1-337397588	S3-217406382,S3-395617484,S3-961506976
S1-337415439	S2-626598836,S3-338251579
S1-337456094	S2-549420417,S3-207360253,S3-653450258,S3-944378866
S1-337493951	S2-211601107,S2-941123475,S3-452502139
S1-337530222	S2-459496694,S2-587831993,S3-354884850,S3-403198423,S3-968665370
S1-337647154	S2-279034951,S2-348121716,S2-399314184,S3-119836244,S3-793070799
S1-33765893	S2-791595459,S3-142530480,S3-309241569,S3-615279873,S3-753219655
S1-337753262	S2-846314941
S1-337936061	S2-341407097,S2-549298961
S1-337985178	S2-266258184,S2-53809196,S3-392506918,S3-7750855,S3-872857411
S1-338081675	S2-208033501,S3-537406816
S1-338127886	S2-421257207,S2-469839510,S2-551967998,S2-684448981,S2-903499155,S3-153352766
S1-338284293	S2-257954743,S2-336767213,S2-360131280,S3-160000515,S3-35011702,S3-851576927
S1-338370642	S2-696390114,S3-979118559
S1-338426679	S2-311030770,S3-568140258,S3-634741165
S1-33846299	S2-542368646,S3-248499631,S3-874921975
S1-338631549	S2-107732416,S2-215143563,S2-858188768,S2-884910560,S3-49910719
S1-338748376	S2-365521004,S2-938134046,S3-40671721
S1-338864090	S3-292215346,S3-615640829,S3-879563953
S1-338924716	S2-202800345,S3-746082068,S3-95743657
S1-33893427	S2-482171418,S3-123068489,S3-91437701
S1-339022581	S2-826527303,S3-579667002
S1-339046208	
S1-339165868	S2-291859809,S3-685179729
S1-339189381	S2-399240760,S2-761125086,S3-658168914,S3-798726408,S3-877838878,S3-981253982
S1-339324273	S2-28372240,S3-280676630
S1-339338323	S2-486198497,S3-383361356,S3-597263267
S1-339545528	S2-308102913,S2-650295367,S3-146499873,S3-502668307
S1-339631632	S2-431694213,S3-414576365,S3-980295811
S1-339634557	S2-366700008
S1-339732052	S2-607931397,S2-671480859,S2-92343675,S3-141917533,S3-348418966,S3-866121607
S1-339798310	S2-309463219,S2-577852811,S3-825109284
S1-340205307	S2-274879650,S3-626363668,S3-627752974,S3-76736170
S1-34025022	S2-794057034,S3-784935971,S3-963589227
S1-340541169	S2-212092006,S2-425824581,S3-76285859
S1-340667786	S3-694235399,S3-747716726,S3-865208488
S1-340767126	S2-195261985,S3-841212060
S1-340914514	S2-199205519,S2-248720788,S2-480822831,S2-703701333,S3-592058433,S3-847353396,S3-895512266
S1-340939283	S2-443289551,S2-764758646,S3-769316034,S3-948736213,S3-960042296
S1-340960863	S2-737106721,S3-446082550
S1-341190214	S2-611391966,S2-754208435,S3-40510235,S3-714575151
S1-341406434	S2-169671686,S2-201023547,S3-152792779,S3-721746125
S1-341535502	S3-488166500
S1-341535934	S2-757879224,S3-120967244,S3-465884856,S3-508558757,S3-918469936
S1-341564472	S2-907636929,S3-143931248,S3-436453764,S3-716551395
S1-341638714	S2-880155724,S3-157148638,S3-343938408,S3-749185961
S1-341673564	S2-324059104,S2-716094441,S2-802349398,S3-292240098,S3-38543207
S1-342037402	S2-54758787,S3-219057361,S3-767297125
S1-342139815	S2-353546152,S2-389359876,S3-669870798
S1-342575976	S2-105337366,S2-507855661,S3-388878763,S3-793154482
S1-342617088	
S1-34267226	
S1-342692898	S2-111554287,S3-815316682
S1-342729490	S2-104275215,S2-154081913,S3-607633621,S3-949334426
S1-342775990	S2-45636276,S2-707207931,S3-648350663
S1-342874727	S2-108944269,S2-285985140,S3-251280253,S3-524502344
S1-342988122	S3-19293730,S3-276173176,S3-951988409
S1-342998519	S2-929605553,S2-944700985,S3-828321771
S1-343056346	S2-173689486,S2-280630103,S2-495130385,S3-12944529,S3-347776156,S3-485758331,S3-586869424
S1-343090608	S2-591567910,S2-644162897
S1-343173420	S3-18193358,S3-436875053,S3-489217842,S3-933412080
S1-343397030	S2-251337176,S3-536747670
S1-343446224	S3-281491492,S3-468855898
S1-343489515	S3-6108927,S3-708303637
S1-343709657	S2-396963081,S2-424899895
S1-343753883	S2-864258832,S3-806781586,S3-815974584
S1-343904895	S2-586466595,S2-821223193,S3-68879554,S3-749101696,S3-960427675
S1-344059227	S2-80992319,S2-955558904,S3-502711450,S3-79214394
S1-344112047	S3-22112381,S3-412334729,S3-896522106
S1-344152319	S2-25350937,S3-613342865,S3-952342593
S1-344318825	S2-408288553,S2-579387979,S2-899627216,S2-959437302,S3-286375653,S3-574169189,S3-796243130
S1-344342827	S2-265706605,S2-280534504,S2-940759595,S3-832627188
S1-344355166	S3-275463429,S3-989673573
S1-344372853	S2-90389194,S3-945583415
S1-344373604	S2-668223608,S3-900668615
S1-34454424	S2-354220687,S3-940790411
S1-344778193	
S1-344786224	S2-408574343,S2-7747203,S3-474295605,S3-539780508
S1-344913318	S3-659749529
S1-34506347	S2-157470703,S3-177550087,S3-286673488
S1-345072922	S2-189120311,S3-89609634,S3-984983835
S1-345199198	
S1-345272579	S2-108381424,S2-597239970,S3-376738573
S1-345300993	S2-400242484,S2-474141026,S3-988598161,S3-993488156
S1-34531979	S2-124750224,S3-45767521
S1-345324700	S2-422803020,S2-424339659,S3-381876478
S1-345506917	S2-470052444,S2-923454380,S3-633982800,S3-764394757
S1-345521170	S2-577259402,S3-281120443,S3-524548311,S3-630004786,S3-796822216,S3-918101954
S1-345575972	S3-245246195
S1-345607746	S2-137983863,S2-558842010,S3-491213195
S1-345682993	S2-589633796,S2-909309567,S3-261213433
S1-345739413	S2-805072958,S3-722211247
S1-345966676	S2-63170367,S2-827230644,S3-524783836,S3-559064990,S3-91356465
S1-34612593	S2-132887756,S3-262914878
S1-346169515	S2-100696834,S2-152659138,S2-420069364,S3-344147638
S1-346207371	S2-121472098,S2-205733706,S3-583217863,S3-79990438,S3-816647190
S1-34627693	S2-212683271,S2-434729612,S2-68602523,S3-158075817
S1-346541990	S2-112018940,S2-767314463,S3-116435833
S1-346570811	S2-617800569,S2-761972648,S2-92845613,S3-136036112,S3-165593150,S3-201858954,S3-329527887,S3-865612591
S1-346605983	S2-179197260,S2-220118193,S2-26264369,S2-431737860,S2-81722727,S3-459188024
S1-346624528	
S1-346681735	S2-370056126,S2-421049955
S1-346726484	S2-423832852,S2-980025883,S3-248084173,S3-682713511
S1-346727299	S3-661265187
S1-346928305	S2-250763591,S2-545285549,S2-725888267,S3-483125168
S1-347022983	S2-126748241,S2-19843495,S2-204567484,S3-972909365
S1-347107208	S2-833011226
S1-347176004	S3-646088999,S3-839246335
S1-347178914	S2-41902597,S2-77505614
S1-347279883	S2-377671447,S2-751482690,S2-878448645,S2-901011917,S3-887172992
S1-347360504	S2-189089952
S1-347371266	S2-247330801
S1-347383673	S2-530281151,S2-730693848,S2-802821445,S3-933095389,S3-94316263
S1-347670299	S2-169340858,S2-456230620,S2-806654163,S2-833367476,S3-138511510,S3-254939105,S3-312355001
S1-34775374	S2-431484582,S2-672513307,S3-915403901
S1-347898560	S2-450714068
S1-348483352	S2-799063511,S3-405088600,S3-552050677,S3-631078708
S1-34851230	S2-382435688,S2-700492655,S2-749858260,S2-831991527,S3-871079664
S1-348554319	S2-379377917,S2-888862506,S3-169621309,S3-418165694
S1-3486889	S2-5313814,S2-937192784,S3-169803190,S3-894465041
S1-348725620	S2-986055548,S3-416825807,S3-632224884
S1-348730611	S2-473373851,S3-313456908
S1-348759122	S3-829371171
S1-348772222	S2-196257808,S2-452694411,S2-978430173,S3-401336374,S3-442998664
S1-348777173	S3-556173258,S3-573474065,S3-787932266
S1-348948344	S2-283425964,S2-798772424,S3-58677235,S3-969276832,S3-999148316
S1-34895615	S2-31136914,S3-144431992
S1-349029606	S2-554569111,S3-765755083
S1-34910211	S2-151109871,S2-74008847,S3-265163383,S3-852786503
S1-349221664	S2-502774512,S2-864609207,S3-103048139
S1-349261362	S2-813175567,S2-944330126,S3-84288688
S1-349390805	S2-136744297,S2-816176837,S2-991861000,S3-240248090,S3-989113227
S1-34942594	S2-143317381,S3-138063036,S3-324248615
S1-349550100	S2-521365226,S2-695711560,S2-859762953,S3-696360594
S1-349625894	S3-767538941
S1-349807755	S2-654941411,S2-887929942,S3-79668293
S1-350132104	S2-869187353,S2-907378021,S2-955721512,S3-502891710,S3-68924249
S1-350285367	S2-831071122,S2-872807553,S3-126374098,S3-567575633,S3-968634736
S1-350306555	S2-564482743
S1-350385388	S2-726089496,S3-148374213,S3-922607426,S3-945856661
S1-350400791	S2-832937771,S2-889824019,S3-143872580,S3-150270414,S3-565580234,S3-994196080
S1-350429208	S2-430878989,S2-867682935,S3-374667949
S1-350516802	S2-355173070,S3-243696255,S3-641710606
S1-350627120	S2-496176396
S1-350756242	S2-767256336,S3-396228663,S3-417339636
S1-350792805	S2-336309489
S1-350813005	S2-51958853,S2-898975850,S2-955665797,S3-761383063,S3-766987652
S1-351040949	S2-219045420,S2-841477213,S2-891279127,S3-161703547,S3-384293799,S3-434998563
S1-351106191	S2-131275777
S1-351141507	S2-112124869,S2-224373217
S1-351307066	S3-160100769
S1-351318881	S2-518121566,S3-133407571,S3-190930138,S3-460712893,S3-952017491
S1-351434378	S2-242513259,S2-282188453,S3-470347109
S1-351711985	S2-842020037,S3-449608917,S3-473031932,S3-99879615
S1-351758333	S2-37692283,S2-872090960,S2-958506782,S3-340359248,S3-736469779
S1-35181942	S3-359081971
S1-351902559	S2-235131464,S2-350390357,S2-372251589,S3-772735924
S1-352183905	S2-720117068,S2-958156285,S3-174646081,S3-355451543,S3-733705078,S3-807532720
S1-35224665	S2-671141536,S3-747936237
S1-352374421	S2-310554330,S2-617525949,S2-838108993,S3-415692431,S3-665308632
S1-352472108	S2-593637108,S3-514653860,S3-904183669,S3-912085146
S1-352549332	S2-21125396,S2-599064396,S2-660493025,S3-193333791
S1-352604543	S3-324274188
S1-352644955	S3-44648389,S3-815926840
S1-352949867	S2-760540168,S2-951616264,S3-105251772,S3-53051046,S3-580279707
S1-353124349	S2-505119573,S3-259129280,S3-412192292,S3-699352231
S1-353490590	S3-168944525
S1-353648090	
S1-353648925	S3-718837892,S3-886085291
S1-35370852	S2-215537956,S2-670692563,S2-931648817,S3-178566474,S3-889568269,S3-88977118,S3-932187721
S1-353865	S2-21691970,S2-606685437,S2-836297525,S3-506032339
S1-353977441	S2-435654850,S3-54616509
S1-354130565	S2-548844922,S3-615350717,S3-776873615
S1-354246161	S2-278505690,S2-323065305,S3-464590533,S3-955536358
S1-35425316	S2-891926819,S2-924577943
S1-35444859	S2-141945284,S3-217983714,S3-314464903,S3-711163868,S3-770561977
S1-354475335	S2-947743442,S2-989021939,S3-210427661,S3-284355610,S3-838563414
S1-354512131	S2-448347351,S2-667212853,S2-980518326,S3-241100714,S3-65462040
S1-354658756	S2-894422309,S3-42585610,S3-540472911,S3-85368925
S1-354692043	S2-765327674,S2-88342356,S2-903557492
S1-354736533	S2-391876866,S2-577250536,S3-288422882
S1-354862735	S2-136455826,S2-196333506,S2-476544781,S3-944763571
S1-354960904	S2-401042779,S2-708476374,S2-880032792,S3-639560488,S3-734364677
S1-35499270	S2-33541289,S3-954722899
S1-355118517	S2-482025321,S2-587246936,S2-686142673,S3-679871849
S1-355236049	S2-266937,S2-657316690,S2-904751962,S2-983479632,S3-685504745,S3-767292440
S1-355250161	S2-397243969,S2-548189842,S2-86038171,S3-87464236
S1-355278772	S2-735874868,S2-885846649,S3-730303984
S1-355303868	S2-2225308,S2-820202262,S2-932945188,S3-271814789,S3-657117669
S1-355416319	
S1-355422302	
S1-355432040	S2-256770623,S2-384467605,S3-559330402
S1-355459985	S2-126066576,S2-557041651,S2-584977416,S3-246779877,S3-787146873
S1-355466531	S2-328730377,S3-294891483,S3-404738421
S1-355502605	S2-21021962,S3-312454538,S3-425356413
S1-355567117	S2-2997874,S2-503496955,S3-693597665,S3-719227577,S3-790630333
S1-355755235	S2-1048282,S3-520046344,S3-625923913,S3-694420300
S1-355911199	S2-157863221,S2-427889612,S2-64045688,S3-807844487
S1-35603732	
S1-356205070	S3-292943001
S1-356257183	S2-460782532,S2-471653419,S3-360943788,S3-762483106
S1-356423000	S2-66180537,S3-802884603
S1-356676564	S2-597309306
S1-356749382	S2-551048542,S3-168511043
S1-356842693	S2-774562917,S3-954262620
S1-356888541	S2-740589575,S3-586289928
S1-356890689	
S1-356968386	S2-649333859,S2-721837129,S2-748307777,S3-612363361
S1-357142962	S2-341214269,S2-761199296,S3-322078660,S3-508129111
S1-357145635	S2-24101872,S2-451630875,S2-763144602
S1-357173307	S3-213954984
S1-357210881	S2-101235273,S2-730175691,S3-936386233
S1-357310008	S2-318940365,S2-346022398,S3-156980204,S3-175454744
S1-357465595	S2-35864025,S3-617531440
S1-357493128	S2-990851017,S3-617740623,S3-64261295,S3-702870393,S3-75540061
S1-357583237	
S1-357604775	S2-707250384,S3-560992221
S1-357627716	S2-73392138,S2-910821105,S3-294834005,S3-37435425,S3-623451816,S3-644353450,S3-952035174
S1-35772234	S2-184885556,S2-670666050,S3-308628886,S3-368988414
S1-357745893	
S1-357840753	S2-711589988,S3-672919291,S3-785902717
S1-358081127	S3-617415051,S3-665293192,S3-786560119
S1-358105699	
S1-358107063	S3-517798226,S3-718759493,S3-809129876
S1-358188421	S2-344136768
S1-358247068	
S1-358252696	S2-258200507,S3-269241524,S3-313855242,S3-860560320
S1-358290479	S2-394401806,S3-937131368
S1-358392129	S2-256537522,S2-573187142,S3-238430365
S1-358526047	S2-227540492,S3-44723815,S3-907431648
S1-358540284	S3-629235220
S1-358639574	S2-428415834
S1-358743745	S2-320301899,S2-711412437,S2-91064684,S2-93507203,S3-204946879,S3-356623615,S3-668440196,S3-907655973
S1-358774831	S2-17461120,S2-747546332,S3-690755284
S1-358850703	S2-272830064,S2-322763657,S2-586712826,S2-955069380,S3-123901073,S3-396154635
S1-358898767	S2-605453429,S3-221020386,S3-483697156
S1-359033061	S2-592255150,S2-615426019,S3-756975640,S3-922126216
S1-359063335	S2-132345468,S3-71889508
S1-35908111	S2-392006261,S3-272846089,S3-76647500,S3-809113811
S1-359173849	S2-11255430,S2-309714416,S2-368587804,S3-131201701,S3-245353901
S1-359266823	S2-505564209,S3-493441029,S3-987896711
S1-359432458	S2-330966748,S2-571665665,S3-332420159,S3-335047838,S3-733228190
S1-359453169	S2-46668987,S2-782062411,S3-2042220,S3-222091627,S3-467190968
S1-359566165	S3-441658376
S1-359595400	S3-729264017
S1-359809359	S2-26328409,S3-94506260
S1-359892659	S2-21058226,S2-292005787,S3-222732190
S1-360043464	S2-636460493,S3-221487517,S3-899445714
S1-360104744	S2-872580283
S1-360463908	S2-627837405,S2-635888851,S3-867929626
S1-360503863	S3-124216815,S3-245459673,S3-358711159
S1-360533221	S2-264866463,S3-160940052
S1-360541610	S2-783230321,S2-994370150,S3-880429192,S3-900815384
S1-360653134	
S1-360655431	S2-115261547,S2-454415070,S3-373013667,S3-768543027
S1-360896902	S2-442372283,S3-379668920
S1-360988774	
S1-360996455	S2-238291901,S2-383211986,S3-691847882
S1-361029393	
S1-361032995	S3-614387548
S1-361146986	
S1-361196183	S2-472223807,S3-536328793,S3-621805283,S3-839252805
S1-36130435	S2-228287648,S2-353267009,S2-528316871,S3-211621405
S1-361540708	S2-158023593,S2-509244606,S3-366300028
S1-361549178	S2-311219942,S2-761234953,S2-823889019,S3-102278710,S3-705283429
S1-361606290	S2-723413472,S3-323370077,S3-666219693
S1-361662895	S2-176154456,S3-644161520
S1-361698134	S2-850720803,S3-540034901
S1-361703153	S2-621211081,S2-746759096,S3-567387363,S3-716900023
S1-361708196	S2-201548312,S3-132287774,S3-694538873
S1-361711531	S2-655740745,S2-734885191,S2-904850940,S3-651594565
S1-361755478	S2-427821713,S2-559908497
S1-361911531	S2-518131863,S2-850486901
S1-361914611	S2-388988505,S2-760983751,S2-991717420,S3-773646041
S1-361962669	S2-464392618,S3-99764998
S1-362087867	S2-355689767,S3-511874561,S3-738141528
S1-362107893	S2-715751152,S2-831876306,S3-197572809,S3-307438837,S3-930288023
S1-362344824	S3-227507802,S3-401179725,S3-609603376,S3-703376493
S1-362412848	S2-318324164,S2-659264531,S2-826700113,S3-370475548
S1-362487370	S2-266129966,S2-563419278,S2-753131873,S3-740988447
S1-362542076	S2-425506089,S2-692365774,S3-666179440
S1-362549254	S2-237395156,S2-388515447,S3-256163107,S3-545613200,S3-895664283
S1-362595293	S2-126629721,S2-286574892,S2-983075942,S3-841074923
S1-362605488	S2-131368819,S2-703825974,S3-762255896,S3-776853392,S3-889364398
S1-36265848	S2-864623818,S3-297620603,S3-484637454,S3-646634277,S3-776666404
S1-362693141	S2-740606842,S2-917172591
S1-362756396	S2-864947904,S3-973518543
S1-362760904	
S1-362810411	S2-291477630,S2-587105272,S3-260606102,S3-379201180,S3-76370364
S1-36281409	S3-594260895,S3-677700497
S1-3631425	S3-553851067
S1-363149215	S2-96881641,S3-689059490,S3-809713083,S3-820139066,S3-835237156
S1-363252960	S2-147727889,S2-511208327,S2-804664566
S1-363301988	S2-410097080,S2-641321425,S2-836542031,S3-180284176,S3-492815619,S3-782438949
S1-363323902	S2-105353049,S2-504926546,S3-509009097,S3-762693282
S1-363349323	S2-932317331,S3-350729303,S3-799907161
S1-363579293	S2-854174567,S3-63399716
S1-363612314	S2-419018620,S2-690416606,S3-711118365,S3-713079019
S1-363624040	S2-608434400,S3-233963209,S3-405302326,S3-790210612
S1-363676875	S2-256010768,S3-331181367
S1-363786010	S2-202333795,S2-74247612,S3-839858542
S1-364028913	S2-584608674,S2-756999138,S2-760319390,S3-320253293,S3-324236460,S3-739100742
S1-364072434	S2-200044737,S2-809019440,S3-526600715
S1-364103505	S2-33284876,S2-542651490,S3-147668331,S3-431163436,S3-513268589
S1-364317383	S2-365133273,S2-620024706,S3-159693252,S3-865902434
S1-364847930	S3-229534011,S3-958498260
S1-3649954	S3-602307143,S3-733717804
S1-365037180	S2-298880704,S2-410375264,S2-678360643
S1-365075128	S2-649063139,S2-821430392,S2-859837064,S3-258216278,S3-775672438
S1-365211489	
S1-365231028	S2-130101437,S2-207269176,S2-644481177,S3-623023371
S1-365292304	S2-240876109,S2-614944668,S2-808121385,S2-84257747,S3-349239991,S3-494062159,S3-650764079
S1-365659717	S2-640877996,S2-670611022,S3-693818764
S1-365715573	S2-583802893,S2-624811386,S2-76769460,S2-859496688,S3-274344476,S3-448893132
S1-365834094	S2-313037038,S2-87372801,S3-220905939,S3-737362928
S1-365899390	S2-242619878,S3-47565546
S1-365927702	S2-228327550,S2-729912625,S2-902095380,S3-588565413
S1-365928200	S2-219292835,S2-446923056,S2-764049015,S3-193187521,S3-625536487,S3-697685940
S1-36593723	S2-779644887,S3-111305036,S3-253729425,S3-673275673
S1-366219412	S2-200425371,S2-639069323,S2-695142293,S2-873324139,S3-152203193,S3-7534519,S3-778640565
S1-366310100	
S1-366371944	S2-637775599,S3-292783784,S3-658986037,S3-734891080,S3-857166906
S1-366525907	S2-293882008,S2-534520354,S2-591762777,S2-771558758,S3-842394622
S1-366582600	S2-705833994
S1-366671570	S2-389870467,S2-679117280,S3-980522330
S1-366825438	S2-241369582,S2-378998020,S3-278032413,S3-366647254,S3-810595836,S3-929406797
S1-366981532	S2-523119980,S2-612381877,S2-814708810,S3-848419341
S1-367000671	S2-367545528,S3-170015629,S3-784565362
S1-367027550	S2-432875804,S2-843736408
S1-367030244	S2-103476765,S3-486502866,S3-779659262
S1-367048953	S2-123664447,S2-242325343,S3-858433662
S1-367102785	S2-277591669,S3-726970918
S1-367359650	S2-159882291,S2-844605576,S3-149267314,S3-612020080
S1-36782759	S2-470305832,S2-501439017,S3-807830431
S1-367831647	S2-523247038,S3-780515617
S1-367879967	S3-136157651,S3-525477155
S1-368004430	S2-15775722,S2-918698434
S1-36817212	S2-375258248,S3-416886052,S3-753582686
S1-368214661	S2-431656407,S2-610819907,S2-752484402,S3-166349845,S3-181537753
S1-368507381	S3-432636331
S1-368514069	S2-268679698,S2-486413054,S3-165191482,S3-753251299,S3-831335750
S1-369157312	S2-161528782,S2-540361156,S2-642851682,S3-46743889,S3-92549232
S1-369165716	S2-347800451,S2-566388282,S2-587965137,S3-103017095,S3-566201680,S3-790351351
S1-369166869	S2-485475731,S2-513830993,S3-469605539,S3-549543699
S1-369241446	S2-862990711,S2-890701036,S3-894513718
S1-369451691	S3-109451855,S3-447896960
S1-369710074	S3-266531834,S3-491868034,S3-567007059
S1-369726971	S2-56187614,S2-889957342,S3-63599565,S3-851816664
S1-369781892	S2-283444038,S2-427296377,S2-516409317,S3-115888887
S1-369787360	S2-235867937,S3-183515025,S3-211303775,S3-354220520,S3-485971357,S3-764322373
S1-369886929	S2-392860739,S3-891386093,S3-916043324
S1-369971255	S3-256131156,S3-7802224
S1-370004419	S2-563563665,S2-656611146,S2-919453715,S3-333399789,S3-534348507
S1-370050481	S2-846375173,S3-545862195
S1-370217384	S2-112732714,S3-126439346,S3-724837397
S1-370231599	S2-348622498,S2-513221749,S3-363406166,S3-448119795,S3-819109385
S1-370548581	S2-635316240,S2-87166891,S3-138678635,S3-740906280
S1-37057910	S3-485598031
S1-370592591	S2-848908575,S2-904527216,S3-81022864
S1-370599271	S2-212386900,S3-75777182
S1-370656890	S2-374001845,S3-771852733,S3-987547428
S1-370717001	S2-138974510,S2-259294378,S2-400738455
S1-370825065	S2-252390975,S3-237410791,S3-408593769
S1-370891337	S2-369078733,S2-437310921,S2-891225255,S3-259052531,S3-546744040,S3-688389203
S1-370912647	
S1-370969039	S2-378644651,S2-497222428,S2-80686032,S2-820284409,S3-132556811,S3-204371781,S3-578429223,S3-936973407
S1-371109556	S2-225278163,S2-687434336,S2-945448729,S3-420076785,S3-943788403
S1-371115800	S2-32438363,S2-378715817,S2-895050937,S3-547762039,S3-665759784
S1-371281747	S2-57006119,S3-276699343
S1-37137412	
S1-371422701	S2-549636045,S2-806676179,S3-562477503
S1-371504223	S2-249143724,S3-154117347,S3-545553425,S3-599239336
S1-371649542	S2-346289412,S2-544347935,S2-625252110,S2-664403332,S3-638798085,S3-726595431,S3-980508915
S1-37170523	S2-405581172,S2-557268814,S3-481571435,S3-549238868,S3-590414597,S3-979470996
S1-371865453	S3-463658072,S3-82188428,S3-908535188
S1-371900790	S2-123716822,S2-149154102,S3-396064034,S3-893358315
S1-372208102	S2-206531687,S2-2331167,S2-912437510
S1-372271548	S2-70982701,S3-953651095,S3-958026231
S1-372416828	S2-525441195,S2-561130954,S2-994445055,S3-219999794
S1-372567687	S2-43012492,S3-292741223,S3-667411686,S3-677747991
S1-372675685	S2-356226953
S1-372707899	S3-779781972
S1-372721519	S2-408783895,S3-567012151,S3-892595976,S3-892819568
S1-372758564	S2-112969709,S2-533176209,S3-929386719,S3-946938873
S1-372763667	S2-215244555,S2-243204443,S3-198100486,S3-962915161
S1-373059957	S2-116840727,S2-622964793,S3-456262021,S3-913863617
S1-37313343	S2-571146309,S2-985687501,S3-341548005,S3-549341011
S1-373136070	
S1-373180865	S2-220303526,S2-611338876,S3-766908428
S1-37324492	S2-782854650,S2-822695626,S2-985107817,S3-996043145
S1-37324680	S2-449024730,S3-523598884,S3-762869982,S3-929706117
S1-373359201	S2-61174077,S2-742660325,S2-920543220,S2-922406894,S3-177397845
S1-373470983	S3-878700835
S1-373474207	S2-513557811,S2-876451503,S3-106183492,S3-46248033,S3-912258900
S1-373542813	S2-442558257,S3-230251128,S3-763282948,S3-942398108
S1-373550028	S2-18670316,S3-749992933
S1-373687217	S2-880425293,S3-164792599
S1-373738906	
S1-373811760	S2-174844319,S2-836243366,S3-906944897
S1-374063770	S2-326558850,S2-740469982,S3-489739329
S1-374085520	
S1-374180384	S2-576164267,S2-832029878,S3-350088637,S3-882120071,S3-917108845
S1-37434507	S2-764550183,S2-786771634,S2-930542062
S1-374460213	S2-224287648,S2-479515392,S3-114693052
S1-374516083	S2-190353825,S2-443482395,S2-826986995,S2-965100925,S3-250520430,S3-874694332
S1-374529811	S2-39133110,S3-200972066
S1-374618734	S3-245343266,S3-258543458
S1-374621273	S2-258894230,S2-458744657,S3-454212151,S3-656077374
S1-374697244	S2-909602139,S3-419580351
S1-374740164	S2-613572353,S3-703601760,S3-815272281
S1-375092160	S3-113056029
S1-375110099	
S1-375233640	
S1-375252686	S3-147218277,S3-528167650,S3-960291501,S3-984315749
S1-375257505	S2-184888785,S3-381810361,S3-988968952
S1-375276390	
S1-375357724	S2-317845984,S2-55042061,S2-764606323,S3-224544342,S3-370324641,S3-998864872
S1-375382437	S2-40192732,S2-739272402,S3-343000240,S3-839708845
S1-375668632	S2-616244026,S2-645373329,S3-638294442,S3-798951144
S1-375804983	S2-184206029,S3-177841835
S1-375856039	S2-398870427,S2-618503034,S3-353382805,S3-50310879
S1-375921922	S2-908852656,S3-826652860
S1-376182597	S3-608860356,S3-663914312
S1-376411742	S2-118323665,S2-285754104,S2-701823432,S2-79947304
S1-376541351	S2-363403974,S2-99758511,S3-217951632,S3-404734519
S1-376548311	S2-177472862,S2-347668203,S3-460724734
S1-376553674	S2-791807638,S2-954171392,S3-425295084,S3-639436044,S3-933207149
S1-376794557	S2-830173843,S3-173138337,S3-526662972,S3-884045723
S1-376880764	S2-12907976,S2-303839229,S3-179193198
S1-377045202	S2-508389159,S2-731410369,S3-281891401,S3-525668054
S1-377177087	
S1-377190998	S2-827461332,S3-252393532,S3-699031125,S3-880915366,S3-88333419
S1-37726663	S2-348783
S1-377301545	S2-313779858,S3-291093759
S1-377390065	S2-417879306,S2-90561846,S3-868282182
S1-377478259	S2-265086606,S3-42761911,S3-834293255
S1-377580447	S2-452484610,S3-840889625,S3-963466537,S3-991220789
S1-377860265	S2-280862085,S2-302675038,S3-633591650
S1-377910843	S2-692121758,S3-225995617,S3-389880662,S3-803783584
S1-378006796	S3-183831273,S3-923723369
S1-378028216	S2-595714556,S3-541851804,S3-782814360
S1-378028484	S3-179594534,S3-523985632,S3-725846744
S1-378118983	S3-386306613
S1-378176892	S2-612657972,S3-593901048
S1-378195746	S2-544058108,S3-652992574,S3-983200389
S1-378358362	S2-741426321,S3-339814504,S3-885966232
S1-378412360	S3-844898222,S3-877279771
S1-378452576	S2-133816294,S2-723800343,S3-333469809
S1-378543726	S2-373081036,S2-400584467,S2-776042984,S3-164973633,S3-18071742,S3-500932332
S1-378632296	
S1-378683654	S2-233270767,S3-144389287
S1-378976989	S2-235604940,S2-872917633
S1-378992164	S2-277192806,S2-66526566,S2-996689419,S3-680197385
S1-378999637	
S1-379069352	S2-47988741,S2-879212134,S3-289056737,S3-352682910,S3-462161474,S3-837451029
S1-379075141	S2-958443990,S3-730098556
S1-379076127	S2-696467633,S3-101329251,S3-785412460
S1-379222826	S3-729600915
S1-379244586	S2-971691420,S3-795262977
S1-379251326	S2-72907833,S3-70300244
S1-379309683	S2-839761575,S2-967984996
S1-379480033	S2-105871431,S2-949501198,S3-943470005,S3-961800810
S1-379528977	S3-156270950,S3-844261190
S1-379892001	S2-760525916,S3-499422120
S1-379893950	S2-28435318,S2-593676551,S3-252009086
S1-380043950	S2-750469335
S1-380141948	S2-936064725,S3-711928728,S3-756241872
S1-380168872	S3-461626467,S3-593514896,S3-781519118
S1-380180035	S2-12310612,S2-812720172,S3-161818804,S3-952369391
S1-380284143	S2-266600974,S3-18722693,S3-238140253,S3-630286298
S1-380334940	
S1-380351790	S2-577082964,S3-58150748,S3-597351326
S1-38037015	S3-268380981,S3-687125754
S1-380397311	S2-179394874,S2-98714247,S3-511871957,S3-97434349
S1-380417123	
S1-380456700	S2-671657173,S2-920517163
S1-380462394	S2-145427486,S3-854294295
S1-381225686	S2-141039250,S2-178984023,S2-338400479,S3-230085597,S3-29327885,S3-466150686
S1-381438429	
S1-381458185	S2-32276690,S2-41849201,S2-584084131,S3-151068722
S1-381715714	S3-104679451,S3-109007246,S3-850833430
S1-381770061	
S1-381777317	S2-455308351,S3-296474056,S3-460948453,S3-882240867
S1-381829040	
S1-381900513	S2-263396317,S3-160198786,S3-307869974,S3-991870168
S1-381939815	S2-56279852,S3-10641014,S3-512661505,S3-790614050,S3-831257446,S3-957211315
S1-382027423	S2-841756687,S2-971862271,S3-862567605
S1-382037608	S2-644574117,S3-483089899
S1-382042527	S3-143547489
S1-382073428	S2-784730533,S3-270873049,S3-492914970,S3-93129349
S1-382106800	S2-722573246,S3-888487050
S1-38213189	S2-437404722,S2-489254242,S2-651594427,S2-852715202,S3-950411203
S1-382209997	S3-74779675
S1-382264455	S2-475291985,S2-839257379,S3-556632519,S3-78629542
S1-382285512	S2-871582890,S3-187193567,S3-541168000,S3-634875809,S3-709325902
S1-382393454	S3-135799247,S3-369983202
S1-382455868	
S1-382641474	S2-702903544,S2-979025734,S3-154034483
S1-382648356	S2-175132934,S2-748247951,S3-681989327
S1-382651653	S2-245815222,S2-483575704,S2-768167295,S3-904509559
S1-382787646	S2-307776907,S2-44282042,S3-104801533,S3-311602157,S3-553539027,S3-559516926,S3-721081834
S1-382853514	S2-282565968,S3-234652015
S1-382996951	S2-553162195,S2-895033433,S3-449216503,S3-519843807,S3-862506077,S3-97627381
S1-383070138	S3-240457653,S3-787357116
S1-383251679	S2-876350289,S2-923014065,S3-532851700
S1-383252307	S2-166600801,S2-335257755,S2-862669705,S2-912054598,S3-226239783,S3-888549190
S1-383288294	S2-595582430,S3-153635717,S3-806215280
S1-383443778	S2-463856505,S3-902573614
S1-383557821	S2-202623302,S3-464424586,S3-990520076
S1-383559536	S3-345614054
S1-383601349	S2-378414116,S3-26668931,S3-799194005
S1-383867699	S3-798173256
S1-383874281	S2-888574614
S1-383911575	S3-261162818,S3-286520384,S3-639772153,S3-797521910
S1-384043500	S2-790644417,S3-98859818
S1-384095272	S2-122371953
S1-384129378	S2-704378535
S1-384243859	S2-30992409,S3-43463972,S3-623788156,S3-632513623,S3-87208040
S1-384376123	S2-350990960,S2-548900009,S2-978195625,S3-304013054,S3-339206186
S1-384490229	
S1-384492891	
S1-384554921	
S1-385017789	S2-221974278,S3-241965072
S1-385036814	S2-17160411,S2-826910643,S2-925509921,S3-62927483
S1-385161747	S3-173473154,S3-435858719
S1-385307649	S2-963314172,S3-336724227,S3-75751157
S1-385421030	S2-468047300,S2-522748490,S2-613438575,S2-902612981
S1-385481268	S2-21282163,S2-72390441,S3-243520795,S3-686366298
S1-385594073	S2-959866278,S3-427779056
S1-385685637	S2-165059560,S3-701931746
S1-385688139	S3-361926290,S3-460228400,S3-480106182
S1-385735236	S2-526957693,S2-591631897,S2-980816125,S3-333670720,S3-462670132
S1-385749908	S2-564055111,S3-785289819,S3-857786137
S1-385772454	S2-397185354,S2-458362929,S2-713924475,S2-96673045,S3-248424081
S1-38587247	S2-514361289,S2-809956835,S3-860639846
S1-385904810	
S1-385976307	S2-810547717,S2-830264344,S3-262435398,S3-268106468
S1-386005269	S2-691891289,S3-259619550,S3-50106020,S3-586578220
S1-38611327	S2-511766321,S2-586849995,S2-601715466
S1-386349825	S2-805521488,S2-940131863,S3-354895051,S3-667174431,S3-958047115
S1-386387438	S2-950404152,S3-414385918,S3-718510112,S3-879936000
S1-386509498	
S1-386587349	S2-858983866,S3-902982601
S1-38660081	S2-339143618,S3-278588445
S1-386663637	S2-180707166,S3-770903241,S3-842925560
S1-386745744	S2-841265471
S1-386780387	S2-648474411,S2-774795562,S2-951922421,S3-629836561,S3-694696723,S3-868594983
S1-386834128	S2-65519181,S2-94839378,S2-973441279,S3-982187119
S1-386863992	
S1-386946271	S2-701167412,S3-934545315
S1-38697523	S2-128336825,S3-160925133,S3-808121490
S1-387085687	S2-121456012,S3-133640961,S3-189519466,S3-302300784,S3-461501016,S3-89650446
S1-387211283	S2-562053250,S2-610548732
S1-387213726	S2-104603429,S2-543131084,S3-589860550
S1-387476804	S2-69680762
S1-387544415	S2-231242383,S3-490097337,S3-65028978,S3-974206489
S1-387556268	S2-33193099,S2-868982895,S3-896428308
S1-387583252	S2-875618134
S1-387612501	S2-606983791,S2-987759950,S3-742581378,S3-828912714
S1-387636300	S2-536984874,S2-759392207,S3-561717804,S3-862631588,S3-952666905
S1-387652974	S3-426199354,S3-55200944,S3-738327268,S3-942018293,S3-973282976
S1-387698547	S2-503892989,S2-505934742,S3-152617433
S1-387727914	S2-833961674,S3-575502799
S1-387742918	S2-610107249,S2-664349047,S3-293408356
S1-387776995	S2-48586568,S3-738467606
S1-387803285	S2-485963051,S3-376521633
S1-387807473	S2-300016943,S2-738628410,S3-700944651,S3-791308859
S1-3878271	S3-451085589
S1-388024681	S2-126627866,S2-426248822,S3-622522404,S3-952920528
S1-388065298	
S1-388129191	S2-64295868,S2-760264586,S3-450445507,S3-587773915,S3-851958125
S1-388306158	S2-93496126,S3-208417945,S3-298815420,S3-53689862,S3-990423968
S1-388310706	S2-697897834,S2-785373155,S2-812626487,S3-621008747
S1-388491442	S2-133955591,S2-961831624,S3-638664702,S3-717495084
S1-388564710	S2-267133845,S3-11753563,S3-674936362
S1-388588899	S2-11552597,S2-143189430,S3-873306505
S1-388623868	S2-651195066,S2-992588012,S3-357717480,S3-503059736
S1-388681946	S2-121298877,S2-875267716,S3-621133071
S1-388849591	S2-719451703,S3-402039886
S1-388922792	S2-418498621,S2-717027941,S2-770867464,S2-972930238,S3-265343590,S3-501870734
S1-3890062	S2-243072144,S2-33489973,S2-363332159,S3-565284381
S1-389024611	S2-268556378,S3-609305173,S3-69994660,S3-721955664
S1-389033602	S2-158817747,S2-162933118,S3-886896766
S1-389198170	S2-483427215,S2-600362635,S3-622599146
S1-389323704	S2-134952935,S3-401558380,S3-966238468
S1-389502985	S2-511126973,S2-731050699,S3-225723275,S3-824064563
S1-389511065	S2-873152132,S2-892873012
S1-389551746	S2-160659874
S1-389584143	
S1-389703640	S2-538759483,S2-833911965,S3-675135743
S1-389798155	S2-337980913,S2-990191038,S3-284697220,S3-611794540
S1-389804137	S2-156542611,S3-242624731,S3-53870846
S1-389814027	S3-604614596
S1-390055356	S2-25259068,S2-910733879,S2-934749163,S3-321969926,S3-613988838
S1-39006692	S2-169615717,S2-331620298,S2-528171925,S2-713793889,S2-952207993,S3-857912221
S1-390184663	
S1-390323397	S2-22956531,S2-703295174,S2-866068011,S3-297418917,S3-426476089
S1-39038749	S2-614264117,S2-958376159,S3-329759915,S3-587123297,S3-716377082
S1-390479614	S2-273082087,S2-452808551,S3-251548613,S3-315056226,S3-956484912
S1-390488262	S2-329612899,S2-487282556,S3-554993196,S3-945241779
S1-390560375	S2-647640550,S3-852034516
S1-390620592	S2-899248564,S3-577219688,S3-868134124,S3-990525371
S1-390632583	S2-390222029,S2-572124605,S2-712698777,S3-446492005,S3-597443093
S1-390640665	S2-716279967,S3-196366373,S3-591035880
S1-390782278	S2-208780070,S2-221157290,S2-867017521
S1-390819486	S2-219864458,S3-606144716
S1-391087926	S2-370275880,S2-743425664,S2-947949728,S3-328904959
S1-391102918	S2-285535114,S3-151796722
S1-391121665	S2-118570218,S2-168161503,S2-532223672,S3-240028333,S3-296239567
S1-391243728	S2-235662193,S2-322594116,S2-872840013,S3-221045818,S3-863488741
S1-391409810	S2-233745960,S2-572171928,S2-708958781,S2-882431099,S3-475114725,S3-773638185,S3-872117281
S1-391439958	S2-138800448,S2-799810146,S3-263518503
S1-39145092	S2-186815255,S3-287639099,S3-305834564,S3-84947158
S1-391467813	S2-323983090,S2-687954200,S3-196678589,S3-336384570,S3-363913914
S1-391638111	S3-187737747,S3-27322806,S3-778673986
S1-391677326	S2-277277786,S2-294699164,S2-565425588,S3-520361070,S3-639949527
S1-391804024	S2-239334438,S2-944728950
S1-392009011	S2-574731157,S2-913964875,S3-232553701,S3-573306228,S3-829652053,S3-836619159
S1-392055442	S2-734372004,S3-167332568,S3-620544705,S3-661665814,S3-698717193
S1-392067684	S3-250221665,S3-39972941
S1-392093095	S2-297989695,S2-863760531,S3-288772186,S3-877846714
S1-392138809	S2-313151748,S2-399306398,S3-47054772,S3-904555347
S1-392249997	S2-712781524,S3-244484776,S3-951838988
S1-392500640	S3-661804011
S1-392622350	
S1-393121857	S2-814895409,S2-937103419,S3-284392093
S1-393196141	
S1-393207468	S3-350940031,S3-369857636,S3-837862416
S1-393259793	
S1-393312968	
S1-393349426	S2-641917563,S3-613154730,S3-735645561,S3-980346688
S1-393421739	S2-344532692,S2-483881316,S2-780925221
S1-393980796	S2-28110322,S2-688306164,S3-292820391,S3-31779946,S3-910182427
S1-394089482	S2-371851340
S1-394093741	S3-506876525,S3-560980939
S1-394098767	S2-216352418,S3-841359902
S1-394166983	S2-307534858,S3-252467736
S1-394210155	S2-642679036,S3-398358091,S3-536170790
S1-394420814	S2-103837878,S3-506811962,S3-913500027,S3-985893638
S1-394514289	S2-268508941,S2-627341161,S3-43176980,S3-899585693
S1-39452885	S2-777589389,S3-658786159
S1-394660071	S2-552988354,S2-591554272,S2-763903349,S2-954220617,S3-869481363
S1-394741843	S2-107719354,S2-507468554,S3-463564306,S3-55318330
S1-394827266	
S1-394882467	S2-313415040,S3-14882079,S3-33700147
S1-39492723	S2-251367780,S2-409367095,S3-519022695
S1-394950136	S2-240178017,S3-383318420,S3-438713139,S3-680056674
S1-394992360	S3-113635713
S1-395025608	
S1-395233373	S2-280351536,S2-915119867,S3-5402671,S3-980819926
S1-395446063	S2-523768228
S1-395589703	S3-30470947,S3-779586698
S1-395611465	S2-452450369,S2-635283946,S2-810498619,S3-205602200,S3-264250063,S3-423964921,S3-427954604,S3-52016082,S3-646231578
S1-395657770	S2-195840543,S3-429327876
S1-395702775	S2-138982346,S2-343604402,S2-792561409,S3-181501896
S1-395764489	S2-722395645,S3-514476148
S1-39583239	S2-187583558,S3-233170512,S3-573322577
S1-395882199	S2-168718575,S2-241210594,S2-242057756
S1-395967700	S2-603091544,S3-285393885
S1-396277406	S2-152311402,S2-80522302,S3-228164295,S3-50976537
S1-396337466	S2-931572022,S2-964805630,S3-307426989
S1-39634614	S2-283495051,S2-290604269,S3-988450435
S1-396368772	S2-869927710,S2-983814248,S3-492726409,S3-69262917
S1-396661350	S3-492350199,S3-580045405
S1-396666275	S2-661558850,S3-413308356,S3-485444532
S1-396869124	S2-363683889,S2-517089479,S3-418926174,S3-883652542
S1-396888709	S2-144089604,S2-361759747,S3-251935177,S3-602840841,S3-756230340
S1-396917530	S2-346273115,S2-782012956,S2-805910645,S2-837565707,S3-894498418
S1-396923246	S3-721218343,S3-722311611
S1-396928826	S2-827950330,S3-176027893,S3-279625031,S3-790739130
S1-396952722	
S1-396992238	S3-849652261
S1-397035252	S2-140120746
S1-397169437	S2-232891048,S2-411163689,S2-525892881,S3-794929336
S1-397226593	S2-247800131,S3-191906646
S1-397261207	S3-278958312,S3-724013437
S1-397335569	S2-686272215,S3-800953552,S3-811856589
S1-397425359	S2-46092018,S2-488758508,S2-726712593,S3-259776963
S1-397472081	S2-263397761,S3-361502281,S3-840501538,S3-90730062
S1-397655770	S2-554470871,S3-493382168
S1-397871057	S2-391487277,S3-768359722,S3-895484389
S1-397971605	S2-967103943,S3-485374447,S3-8689393
S1-397983014	S2-617358424,S3-695838538
S1-398202710	S2-584728185,S2-731115886,S3-195914952,S3-219972436
S1-398237725	S2-986399192,S3-952290222
S1-398264704	S2-191019803,S2-961848675,S3-391000369,S3-820620699
S1-398334083	S2-263814895,S2-390572081,S3-48773904,S3-501075557,S3-593092164
S1-398364483	S2-446411333,S3-413566312,S3-821677766
S1-398484048	S2-29864461,S2-324709821,S3-638225520,S3-830206667
S1-398620074	S2-389514629,S2-759115817,S3-691025653,S3-71609990
S1-398641090	S2-205426190,S2-244078280,S2-877297836,S3-233147531
S1-398686234	S2-44864894,S2-744131076,S3-211802328,S3-935501028
S1-39868767	S2-293849743,S2-638167884,S3-33041239,S3-359845870,S3-455746471
S1-398730123	S2-576223855,S3-256257060,S3-800413201
S1-398745973	S2-334972846,S2-37419647,S2-498135412
S1-398808108	S2-474302408
S1-398823050	
S1-399045051	S2-36859622,S2-53737238,S2-607459953
S1-399081716	S2-971522223,S3-12706894,S3-315053645
S1-399092295	S2-440882834,S2-575894804,S2-578231474,S3-50108454,S3-645917917,S3-874461237,S3-922232162
S1-399198607	S2-456157199,S2-524600334,S2-878729342
S1-39923041	S2-335557219,S2-67414421,S3-366797757
S1-39932017	S2-287036106,S2-697220364,S3-771755859,S3-901116965
S1-39943152	S2-128623113,S3-44769951
S1-399439283	S2-863515480,S2-873186329,S2-997119877
S1-399761147	S2-702309664,S2-719123615,S3-257700316
S1-399783067	S2-71603292,S3-771897209
S1-399819373	S3-309601622
S1-399834740	S2-203624569,S2-247514202,S3-26206961,S3-702689780
S1-399938133	S2-894581091,S3-149663701
S1-399956141	S3-978206045
S1-400095998	S2-377096935,S3-326247571,S3-447972945,S3-790136717,S3-865696457
S1-400119469	S2-315811753,S2-471801404
S1-400368207	S2-347033669,S2-838914630,S3-360823861,S3-582307916,S3-644670119,S3-837331879
S1-400450268	S2-691446131,S3-245209194,S3-751243281,S3-865784038
S1-400538776	S2-934631857
S1-400668302	S3-627225160
S1-400701630	S2-131508900,S3-128709696
S1-400832720	S2-690021189
S1-400839954	S3-236100071
S1-400999059	S2-640907089,S2-932734435,S3-260197036,S3-353604501,S3-430485245
S1-401007959	S2-15936677,S2-320106675,S3-117920420
S1-401051912	S2-102464720,S2-105670328,S2-412435830,S2-591513588
S1-401101727	S2-274220810,S2-324399291,S2-89932701
S1-401153469	S2-152010346,S2-2400848,S2-836028736
S1-401481962	S3-186703158,S3-91965796
S1-40155311	S3-182041461,S3-184746061,S3-193319320,S3-224937591
S1-401753979	S2-505240167,S3-586902410
S1-401772919	S2-194451496,S3-164338600,S3-514194240
S1-401813170	S2-233324419,S2-245457207,S3-637926051,S3-666254258,S3-780973746
S1-401993939	S2-320990751,S2-400831185,S2-571325047,S3-347012509,S3-416637895,S3-945534620
S1-402128360	S3-282104229,S3-363753817,S3-477435149,S3-521894364
S1-40240595	S2-706230595,S3-222095247,S3-378500446,S3-618039821
S1-402696302	
S1-402748409	S2-193571699,S2-398589936,S2-739027897,S3-111929784,S3-644427958
S1-402840685	S3-883185562
S1-402924911	S2-165729003,S2-719124262,S3-404964340
S1-402945659	
S1-402976145	S2-528743357,S3-102959705,S3-267318259,S3-545073331
S1-403022891	S2-784830244,S3-207612657,S3-3315404
S1-403060697	S2-31047216,S2-588735702,S2-920090575,S2-964865821,S2-985065607,S3-109794005
S1-403421597	S3-932611785
S1-403424165	
S1-403444737	S2-648559245,S2-778921591,S3-306188374,S3-913215993
S1-403507313	S2-440754208,S2-690733862,S3-154237077,S3-711956969,S3-740857851,S3-769812070
S1-403522016	S2-332772962,S2-41670888,S2-503159939,S3-395453693,S3-968156000
S1-403590878	S2-650071372,S3-278547535,S3-498381636,S3-611731221
S1-403605830	S2-18721486,S3-645184548,S3-893176958
S1-403757943	S2-330374320,S3-44017098,S3-626784302
S1-40390076	S2-775721263,S3-697558448,S3-82907779,S3-908330033
S1-403924384	S3-363301021
S1-404045707	S2-817731770,S2-913199786,S3-733306888
S1-404153766	S2-109825882,S2-970940674,S3-567019665
S1-40439406	S2-451700221,S3-486591902,S3-61236746,S3-676403990,S3-77825436
S1-404558649	S3-466887389,S3-754913164
S1-404564132	S3-370981425,S3-826355388,S3-992489226
S1-404626636	
S1-40464685	
S1-404841177	S2-595492163,S3-240609792,S3-975178408
S1-404993188	S3-536514467,S3-839785739
S1-405450584	S2-599999097,S3-212902072,S3-372519923
S1-40559978	S2-385332032,S2-86987368,S3-751888059
S1-405628501	S2-248888969,S2-427820431,S3-321046888
S1-405633558	S2-33882280,S2-605212003,S2-660777467,S3-244200330
S1-405659542	
S1-40568053	
S1-405689668	S2-615916628,S2-77447616,S3-714797760,S3-758200652,S3-936602996
S1-405729080	S3-488710478,S3-723713594
S1-406047699	
S1-406109465	S2-200554400,S2-824744016,S3-6356990,S3-860908209
S1-406131477	S2-778175253,S3-734145203,S3-990303879
S1-406133802	S2-260313630,S2-308943773,S2-923210851
S1-406238273	
S1-406309960	S2-866437872,S3-368397514
S1-406316544	S2-540288479,S2-847531881,S3-448264156,S3-60204278
S1-406318464	S2-933891703,S3-597725973
S1-406371757	S2-598632919,S3-380718834,S3-768996577,S3-798003203
S1-406387568	S2-449575010,S2-465728317,S3-166282145
S1-406682167	S2-263686109,S2-33217809,S2-415463816,S2-467239635,S2-694837618,S2-806182150,S3-458807946,S3-618310316,S3-639067131
S1-40671997	S3-143558854,S3-212050783,S3-755840401
S1-406893162	
S1-406932020	S2-511904113,S2-701821782,S3-874553993
S1-407029763	S2-711091003,S2-89389970,S3-101087416
S1-407051340	S2-378858848,S3-992833295
S1-407070183	S2-11447550,S2-328009327,S2-513229761,S2-625615528,S2-836818908,S3-811315875,S3-88129672
S1-40707936	S2-81685787,S3-35690066
S1-407086915	S2-14746504,S2-154573990,S3-818670964,S3-932612678
S1-407149841	S3-485954846
S1-407219953	
S1-407240754	S2-257133791,S3-122555018
S1-407251549	
S1-407267167	
S1-407462522	
S1-407485321	S2-401413145,S3-413295383,S3-422747368
S1-40748805	S2-265839460,S2-362576073,S2-693821002,S2-8964448,S3-251577773
S1-407529961	S2-622902263,S3-344471157,S3-564411521,S3-649490656,S3-726498163,S3-779727093
S1-407533671	S2-439412467,S3-968008088
S1-407706905	S2-369361274,S2-46180734,S2-528720732,S3-326167872,S3-410509180,S3-429450701,S3-64555552,S3-884148541
S1-407760885	S2-879747468,S3-580599699,S3-614001622,S3-934623561,S3-948706858
S1-40786512	S2-453781303,S3-238611173
S1-407875735	S3-740221595
S1-407883634	S2-283166349,S2-680349929,S3-29140598
S1-407922054	S2-552403881,S2-670756147,S3-732352764
S1-408028756	S2-205685800,S3-841785901
S1-408113110	S2-246238443,S3-120016272,S3-279712604
S1-408156238	S3-235263311
S1-408379615	S2-396061247,S2-835359865,S3-664795104
S1-408600819	S2-692113070
S1-408636747	S2-467619235,S2-970979363,S3-145350513,S3-182041280,S3-72887334
S1-408708667	S2-677986962,S3-154831549,S3-260806372
S1-408754269	S3-324807587,S3-341207306
S1-408788657	S2-124672162,S2-598371449,S3-120682999,S3-519706229,S3-73895013
S1-40903482	S2-110625983,S2-576762920,S3-802302159
S1-409190164	S3-252903516,S3-567694134,S3-844611039
S1-409211025	S3-528740340
S1-409488715	S2-863530077,S3-188676987,S3-575845221
S1-409539204	S2-266560440,S2-948934137,S3-477811259,S3-849223816
S1-409718664	S2-43146168,S2-615841694,S2-752637236,S3-426462701,S3-609266174,S3-784888661,S3-809823489
S1-40986903	S2-989828576,S3-466011413,S3-492058883
S1-409896326	S2-392257378,S3-313433499
S1-410015422	S2-105056795,S3-926315437
S1-410088298	
S1-410119701	S3-701176210,S3-720868024
S1-41022642	S2-698957241,S3-467958027,S3-884814553
S1-410438887	S2-225389636,S3-194146076,S3-558299966,S3-630241642,S3-852346142
S1-410499502	S3-242527235,S3-493656301
S1-410504221	S2-150795540,S2-751104515,S3-33075341
S1-410583845	S2-835579210,S3-398444962,S3-677338652,S3-773832396
S1-410630632	S2-77191911,S3-143956692
S1-410957721	S2-982128159
S1-410967380	S2-269018098,S2-969947218,S3-129623010,S3-458682390
S1-410974965	S2-266780048,S3-358313144,S3-695474959,S3-919814037
S1-411043329	S2-478598098,S2-544874323
S1-411067780	S3-164510160
S1-411264809	S2-447640483,S2-670501460,S3-24776223,S3-582974146
S1-411479433	S2-87612221,S3-152208775,S3-203834347
S1-41154520	S2-124872978,S2-386520435,S2-618087746,S3-684353416,S3-956233840
S1-411732177	S2-379255789,S3-429150161,S3-991927207
S1-411824253	S2-250601221,S2-422646711,S3-393479792,S3-719362620,S3-776045059
S1-41195909	S3-283674798,S3-919427170
S1-412062028	S2-915144712,S3-340424786
S1-412076973	S2-302096360
S1-412105909	S2-376029910,S2-716257890,S3-143623627,S3-753960520,S3-994311036
S1-412376873	S2-202935092,S3-535245390
S1-412441108	S2-52230325,S2-611785224,S2-683503539,S3-919516640
S1-412537380	S2-929308646,S2-954997996,S3-591909155,S3-72515963,S3-909076519
S1-412583452	S2-821742025,S3-124022955,S3-416394349
S1-412650173	S2-224789907,S2-25175070,S2-69520101,S2-834247658,S3-576449764,S3-998021756
S1-412717563	S2-314996926,S2-645927563,S3-555494668
S1-412743314	S2-247003671,S3-417830682,S3-568575217
S1-41306333	S2-267551367,S3-549125562,S3-698020445,S3-710059527
S1-413080808	S2-588586488,S3-50223449,S3-786860773
S1-413176540	S2-279491164,S2-98256675,S3-346852060,S3-4803026,S3-5612641
S1-413229455	S2-483968399,S3-548224542,S3-573113452
S1-413292635	S2-119079293,S2-331329432,S3-234307662
S1-413390876	
S1-413484269	S3-753129034
S1-413648534	S2-51025053,S2-611047059,S2-900359426,S3-950277673
S1-413903855	S2-182850041,S2-49133952,S2-501533738,S2-79734435
S1-413962509	S2-373779619,S3-206031335
S1-41397300	S2-635998996,S2-878775662,S3-901530663
S1-414178401	S2-740010021,S3-164431990,S3-866878567
S1-414198305	
S1-414258034	S2-800024482,S3-133464806,S3-244629438,S3-271182884
S1-414310262	S2-343441105,S3-732117665
S1-414324783	S2-795321292
S1-414390428	S3-430343689
S1-414576353	S2-119633206,S2-148758823,S3-38396602
S1-414699832	S2-511079810,S2-762338218
S1-414793408	S2-333627248,S3-206903602
S1-414892020	S2-767687576,S3-293003932,S3-560027683,S3-932408846
S1-414903742	S2-123446410,S3-810805836,S3-946405020
S1-414935222	S2-614861842,S2-919624358,S3-64584729,S3-831591816,S3-885014092,S3-909853076
S1-41526548	S2-789378567,S3-640800712
S1-415273612	S2-267967011,S3-257363488,S3-288936087,S3-518328275,S3-710469154
S1-415284317	S2-103974667
S1-415522041	S2-950517360,S3-65993951
S1-415569751	S2-419490868,S2-941373933,S3-296820487,S3-415004478
S1-415790652	S3-795938789
S1-415976208	S2-22953843,S2-314309558,S2-636500761,S3-653191282,S3-950098658
S1-416106884	S2-302303729,S2-424621360,S3-173901513,S3-366436158
S1-416123909	S2-404480450,S2-50631710
S1-416225636	S2-105174670,S2-306731306,S3-262269974
S1-41628234	S2-534057303,S2-697591259,S2-739385198,S3-747048472,S3-831749884
S1-416334583	S2-236220968,S2-864223267,S3-300595235,S3-465073591
S1-416413145	S3-568534950
S1-416433348	S3-235789407
S1-416516234	S2-199300510,S2-332021221
S1-416571437	S2-117188038,S2-207565991,S2-921258246,S3-399197327,S3-747312349,S3-943010919
S1-416760655	S2-27743812,S2-585632610,S3-388765485,S3-65041025,S3-894311097,S3-981978783
S1-416842229	S2-255766947,S3-835195128
S1-416860471	S2-191668837,S3-372576678
S1-416888370	S2-998600758,S3-635106482
S1-416896277	S3-276888623,S3-51133296,S3-82417175
S1-416989089	S2-152457159,S2-86040669,S2-867377627,S3-673511181,S3-990349684
S1-416989230	S2-37476427,S2-879613985,S2-944154231,S3-446974519
S1-417048429	S2-56252825,S2-754701335,S3-162484766,S3-947717765,S3-978184011
S1-41722491	S2-345625964,S2-689710744,S3-352095573
S1-417254040	S2-666499197,S3-184914705
S1-417264153	
S1-417360586	S2-549595512,S2-620371706,S3-196011315,S3-249288055
S1-417524180	
S1-417600116	
S1-417625918	S2-671358514,S3-223549443,S3-523164058,S3-810576892,S3-850662464
S1-417789406	S2-567895924,S2-72621507,S3-867422966
S1-417921833	S2-1119665,S2-445341002,S2-562178714,S2-808309851,S3-289797969
S1-41798802	S2-292099156,S3-343645916
S1-418062004	S2-566730398,S3-156045106,S3-502463498
S1-418142657	S2-128732927,S3-523448925
S1-418181638	
S1-418222392	S3-533763866,S3-692428856
S1-418241866	S2-918849753
S1-418379307	S2-460008811,S3-173516388,S3-357357113,S3-908728434
S1-418412528	S2-143523670,S2-639924566,S3-193708877,S3-4124766
S1-41845138	S2-333541307,S2-708645187,S3-315983398,S3-493924080
S1-418634272	S2-957356309
S1-418711796	
S1-418737790	S2-348326265,S3-251848156,S3-51617225
S1-418783116	S3-663366685,S3-728153038,S3-935907245
S1-418804078	S2-841063938,S3-354201073,S3-372562586,S3-93620976
S1-418819901	S3-21842615,S3-641407652,S3-703891374
S1-418945545	S2-199597689,S2-446775384,S2-519014779,S3-773717120
S1-419167253	S2-101902970,S2-428717747,S3-214801883,S3-734299305
S1-419444988	S2-434176499,S2-589716926
S1-419530492	S2-681144449,S3-568592656
S1-419666046	S2-687759394,S3-309548061,S3-763331927
S1-419718339	S2-780861954,S3-252215750
S1-419721212	S2-354821599,S3-658211309,S3-844648069
S1-419857903	S2-742791904,S2-837154494,S3-389589702
S1-419922883	S2-748151670,S3-474237833
S1-419973287	S2-174132334,S2-617712477,S3-304333393,S3-532722750,S3-621458073,S3-960692056
S1-420142356	S2-848264639,S3-602866994
S1-420185205	S2-412897862
S1-420218675	S2-140205047,S2-675799623,S2-687327931
S1-42046111	S3-285285132,S3-750856742
S1-420484885	S2-418707631,S2-549177295,S3-368556911,S3-704435430
S1-421061656	S2-326334689,S2-841646925
S1-421065330	S3-211665132,S3-646343157,S3-847016332
S1-421125538	S2-631488951,S3-140845467,S3-983039112
S1-421150632	S2-635553716,S2-770171678,S2-900343159,S3-250996429,S3-435773560,S3-578679656,S3-683285324
S1-421339307	S2-121306533,S2-393964779,S2-545974073,S3-266449956,S3-589321852,S3-818459513
S1-421340698	S2-250915576,S2-307547423,S2-556936915,S2-574904818,S3-287022210
S1-421683283	S2-29031536,S2-812527581,S3-431306037
S1-421809967	S2-156026383,S2-300519762,S2-919533246,S3-435357926,S3-562585618
S1-421812729	S2-806758741,S3-149811515
S1-421845498	S2-376047964,S2-504025760,S3-35954056,S3-46963643
S1-422036644	S2-311693991,S2-839325596,S3-220931144,S3-792852033
S1-42212538	S2-780349046
S1-422133788	S3-491416522,S3-679605323
S1-422313810	S2-127247357,S2-782301796,S3-131309873
S1-42233555	S2-623431371,S2-763009404,S3-119958341,S3-427393899,S3-726159491
S1-422360244	S2-195788038,S2-24851920,S2-420134262,S2-42458615,S2-430117120,S3-183252868,S3-400794521,S3-698799123,S3-776380412
S1-422409532	S2-648012400,S3-131609183,S3-326942291,S3-684274494,S3-929360797
S1-422439011	S2-350576959,S2-903260875,S3-360527051,S3-713273255
S1-422448145	S2-996866874,S3-552328247
S1-422576470	S2-132145010,S2-397190389,S2-60349346,S3-821848218
S1-422623457	S2-746650370,S3-911166761
S1-422650147	S2-343702539
S1-422715679	S2-575341478
S1-422735485	S3-56870334
S1-422786012	S2-672258136,S2-98446900,S3-414342427,S3-820775514,S3-919995698
S1-422909221	S2-286300194,S2-921237025,S3-26354369,S3-356671865,S3-486758734,S3-665107302
S1-423049457	S2-553294936
S1-423325965	S2-631479518,S2-824034766,S2-994975644
S1-423335879	S2-875346300,S3-81520570
S1-423565136	S2-390224090,S3-329172031
S1-423593697	
S1-423796014	S2-932277024,S3-914175740
S1-423845303	S2-282262387,S3-346729479,S3-579499589
S1-423887583	S2-130554672,S2-292219820,S2-381531010,S2-960130970,S3-769483534
S1-423892847	S2-480115863,S2-79600212,S3-105007638,S3-193593609,S3-35157291,S3-435483245,S3-443076237
S1-423903332	S2-933872560,S3-282410075,S3-820821292,S3-938503618
S1-423973106	S2-762614150
S1-424097501	S2-223116094,S2-399720897,S3-406436554
S1-424245782	S2-546016695,S2-983427132,S3-251840691,S3-520164749
S1-424351805	S2-739511818,S3-755019590
S1-424421824	S2-855974773,S2-908734874,S3-397298958
S1-424513994	
S1-42458450	S2-146906953,S2-152728416,S2-470598974,S2-507067406,S3-340346728,S3-341116552,S3-558117451
S1-424709576	S3-105272215,S3-632762587
S1-42473343	S2-54641301,S2-705507425,S2-964494174,S2-978847049,S3-300817413,S3-614148787,S3-803115734
S1-424852793	S2-100396950,S2-211792676,S2-947025577,S3-274546304,S3-895694140
S1-424882193	S2-252614394,S2-411186353,S3-633223798,S3-935314386
S1-424890561	S2-507789543,S2-582231189,S2-91150593,S2-937351432,S2-944076307,S3-4805776,S3-950877601,S3-998867766
S1-424906126	S2-842046,S3-279382355,S3-713088004
S1-424935095	S3-24057176,S3-243593745,S3-807189976,S3-945701661
S1-424947415	S2-644560684,S2-756922333,S3-312696629,S3-523297685
S1-425029735	S2-236190743,S2-747698604,S3-156430990,S3-382987341,S3-90910928
S1-425067974	S2-241173179,S2-409452380
S1-425087749	S2-477328884,S2-52169617,S3-69937943
S1-425334651	S2-304465838,S2-42076200,S2-794653948
S1-425439817	S2-283379918,S3-370544647
S1-425569447	S2-10734256,S3-17462469
S1-425675024	S3-632492006
S1-425919631	S2-550015476,S2-849701614,S3-303427727,S3-532384473,S3-74882014
S1-425966458	S2-1738733,S2-448686979,S3-36059795,S3-411531201
S1-426131580	
S1-426160288	S3-122501505,S3-576009751
S1-426173929	S2-18902410,S3-29499359,S3-43752804
S1-42625101	S2-732787421,S2-962649203,S3-526570639,S3-645089629
S1-426294380	S2-675663413,S2-926664666,S3-171184024,S3-299375607,S3-662637771,S3-887434434
S1-426337903	S2-395875993,S3-326287019,S3-893012104
S1-426348831	S2-231993261,S3-230256556
S1-426396816	S2-300368831,S2-577636904,S2-702729784,S3-686559570
S1-426403213	S2-21823086,S3-914516860
S1-426458756	S3-960659608
S1-426545040	S2-143870980,S3-652074752,S3-951999482
S1-426606648	S2-206971124,S2-235156291,S2-68608323,S2-786145957,S2-981743294,S3-836798373
S1-42697141	S2-113195677,S3-201288009,S3-71463620,S3-944840307
S1-427101995	S2-634643072,S3-161048905,S3-244903944,S3-275109125
S1-427137753	S2-543033133,S3-53380348
S1-427172871	S2-225756704,S2-745859858,S2-988110325,S3-295911901,S3-700770124
S1-427344860	S2-91969303
S1-427352580	S2-991506068,S3-788755965
S1-427446240	S2-369908041,S2-466370692,S2-956164259
S1-427577375	S2-100400133,S3-304534249,S3-870486945
S1-427602960	S3-803763513
S1-427630057	S2-194168548,S2-420341682
S1-427691	S2-224602786,S2-269976955
S1-427756442	
S1-427785229	S3-460450873,S3-488516792
S1-427888155	S2-251555472,S2-289402095,S2-806047095,S2-855128741,S3-352714054,S3-36849955,S3-979346006
S1-427933022	
S1-428052644	
S1-428377422	S2-712377606,S3-165073085,S3-207772903,S3-887762330
S1-428539289	S3-832381068
S1-428551863	S2-852740771,S3-946861020
S1-428622363	S2-342718417,S2-370601468,S2-850068158,S3-9936635
S1-428678077	S2-515116387,S3-559318337,S3-778937460
S1-428685792	S2-555035136,S2-906984201,S2-989014261,S3-512635325,S3-717415311
S1-428726161	S2-208518517,S3-276307110,S3-295188019,S3-888130283
S1-428957419	S2-512781747,S2-984892844,S3-464697916
S1-429127445	S2-510342764,S2-532363698,S2-55630241,S3-869071351
S1-429189996	S2-905248035,S3-638101593,S3-768304990
S1-429275300	S2-259977066,S3-601348934
S1-429366586	S2-161778628,S3-141399953,S3-49443718,S3-672221813,S3-863621366
S1-429416804	S2-646769079,S3-315284104,S3-743893761
S1-429418716	S2-609552714
S1-429557569	S2-838328358,S3-558650963
S1-429573200	S2-908381086
S1-429778577	S2-571992418,S2-638165059,S3-187990583
S1-429794728	S2-939588102,S3-724436259
S1-429830488	S3-594180322
S1-429900267	S2-2517597,S2-554640007,S2-785239799,S2-867726523,S3-260949818
S1-429936848	S2-141016877,S3-447966120,S3-823232071,S3-861491248
S1-430082601	S2-235137834,S3-412353880
S1-430123346	S2-758677353,S3-211028206,S3-675234419,S3-84369623,S3-994596838
S1-430126073	S2-204476320,S3-722272473,S3-905950836,S3-956144654
S1-430212377	S2-236280630,S2-76021382,S2-804454499,S3-906372953
S1-430221641	S2-265254070,S2-35792034,S3-193049754,S3-906146664
S1-430327741	S2-882158630,S3-349313962
S1-430368184	S2-374007428,S3-242859242,S3-315347592
S1-430407270	S2-188047703,S3-226927900
S1-430428350	S3-24634243
S1-430648321	S2-67311519,S3-833712533,S3-993234660
S1-430769714	S2-928034237,S3-383710167,S3-782834369
S1-430953066	S3-144906644,S3-790102337,S3-790963869
S1-431002894	S2-910017293,S3-922197299
S1-431054092	S2-598233639,S2-646410607,S3-716654968
S1-431330483	S2-267099971,S2-470987199,S3-885115909
S1-431338902	S2-115004295,S2-88479349,S3-687566704
S1-431482229	S2-736187894,S3-205525312
S1-431596696	S2-169533988,S2-807013789,S3-139233121,S3-502771627
S1-431624584	S2-161034657,S3-438333475
S1-43166778	S2-16287885,S3-43693789,S3-784944457
S1-43171728	S2-319854264,S2-561707201,S2-792228997,S3-452100652,S3-540171881
S1-43179162	S2-120023144,S2-301141271,S2-815974424,S3-390487584,S3-801248360
S1-431842088	S2-894641928
S1-431882773	S2-371921238,S2-89187867
S1-431990060	S2-554609104,S2-685984901,S3-41041759,S3-516115120
S1-432030350	S2-721302272,S3-123250670,S3-286854403
S1-432062191	S3-409274145,S3-777231317,S3-979527990
S1-432125955	S2-135645330,S2-684715245,S3-300569979,S3-703459417,S3-880920966
S1-432164188	S2-464460723,S3-394089224
S1-432187000	S2-429423603,S2-505939870,S3-35017587,S3-76983890,S3-806483253
S1-432294116	S2-105069577,S2-244082645,S2-398911487,S2-564817992,S2-635929732,S3-781520037,S3-795474307,S3-859012593
S1-432391572	
S1-432425016	S2-290947816,S2-82097192,S3-845519204
S1-432558108	S2-553831843,S2-562058447,S3-73330398
S1-432648121	S2-30638433,S2-50274650,S2-721152536,S2-775550047,S3-251421414,S3-67511663
S1-432665487	S3-985612703
S1-432690816	S2-459530016,S3-726652006
S1-432696468	
S1-43269893	S2-313879204,S2-626842136
S1-4329987	S2-384007666,S2-507889943,S2-991421240
S1-433042303	S2-551557873,S2-56217965,S2-70187682,S3-474577576
S1-433111070	S2-315181198,S2-543651037,S3-199955098,S3-27930678,S3-462852468,S3-741589408,S3-865248879
S1-433123850	S2-811582379,S3-41899680,S3-811022181,S3-86114298
S1-433173953	S2-699233472
S1-433307890	S2-406684103,S2-446724965,S2-545516629,S3-106990689
S1-433317890	S2-722573341,S3-389869036
S1-43334256	S2-504768742,S2-826181194,S2-831437369
S1-433422708	S3-815199005
S1-433527350	S3-301694654
S1-433677452	S2-210143736,S2-230040548,S2-237031737,S3-489200832
S1-433690062	S2-594123631,S2-604269163,S2-613225299,S3-223511408,S3-731387059
S1-43380026	S2-270344191,S3-231509700,S3-280913092
S1-433888658	S2-558291016,S3-312935874
S1-433947961	S2-728155330,S2-861886820,S3-975722243
S1-434157868	S2-265644238,S2-713299685,S3-98552097
S1-434421996	S2-641646341,S3-118808350,S3-157242795,S3-986962575
S1-434457092	S2-732173863,S3-694511121
S1-434482881	S2-115281648,S3-210337373,S3-421869378,S3-483946985,S3-682923473,S3-75736473
S1-434565769	S3-898322590
S1-434659562	S3-337886584,S3-497034641,S3-743027639,S3-743692063
S1-434667598	S3-568620794
S1-434687841	S2-398644859,S2-475423204,S3-408608597,S3-517212104,S3-912480645
S1-434719296	S2-701891242
S1-434951326	S2-577609676,S2-662517120,S2-893680256,S3-707469681,S3-708414241
S1-435159240	S3-101811194,S3-208692427,S3-747804890
S1-435319099	S2-424595948,S2-84900782,S3-271091911,S3-465976360
S1-435408712	S2-490829246,S2-562292940,S3-129427999,S3-957036320
S1-435672464	S2-370445281,S2-914973722,S3-355363667,S3-441918839,S3-94270996
S1-43569256	
S1-435865138	S2-784171505,S3-462918717,S3-503856438
S1-435944363	S3-747622196
S1-435948266	S2-426441011,S3-774712858
S1-436205645	S3-102616393,S3-574298160,S3-8250386,S3-861594539
S1-436247087	S2-800455231,S2-871788438,S3-544592667
S1-436393929	
S1-436452651	S2-973134435,S3-509893038,S3-680090342
S1-436672619	S2-718914215,S2-845304626,S2-993627173,S3-103050933,S3-918800927
S1-436673991	S2-536130137,S3-658566649
S1-436735270	S2-421949057,S2-933672260,S3-146419129,S3-510657000,S3-602921842
S1-436752315	
S1-436833080	
S1-436850678	S2-109813145,S2-381887053,S2-500549349,S3-336079965,S3-454974541,S3-702171000
S1-436870129	S2-599461771,S2-85412235,S2-964807816
S1-436976883	S2-512042112,S3-831088274
S1-437000185	S2-844402478,S3-85188088
S1-437164986	S2-458278364,S3-268525899,S3-560848595,S3-987011319,S3-989448046
S1-437367418	S2-456642199,S3-140015541,S3-437606137
S1-437410260	S2-165328355,S2-225055274
S1-43748279	S2-616256484,S2-730609618,S2-866900763,S3-566790201
S1-437534780	S2-758988199,S3-193374868,S3-784986894,S3-949688971
S1-437609811	S2-437194508,S2-502491035
S1-437727301	S2-593926700,S2-645104151,S3-28936530,S3-705483131,S3-881168392
S1-43795687	S2-265688577,S2-678986809,S3-148989422,S3-594087364,S3-603619523
S1-438074716	S3-218165753,S3-436120551,S3-569675844,S3-847692141
S1-438084060	S3-431347913
S1-438317330	S2-235476959,S2-275624044,S2-483088803,S2-505241210,S2-739720562,S3-663941653
S1-438331987	S2-507654100,S2-993577047,S3-326240956,S3-73885344
S1-438380015	S2-976934602,S3-698194265
S1-438383929	S2-586097886,S2-742010441,S3-366451922,S3-49615455
S1-438454746	S3-194858586
S1-438644061	
S1-438665300	S2-804035363,S3-411783455,S3-787281505
S1-438794773	S2-801881875,S3-554846143
S1-438834768	S2-793042095,S3-168741085,S3-792157725,S3-97363590
S1-438964063	S2-287179379,S2-926327236,S2-938004429,S3-427312096
S1-43907020	S2-781669132,S3-375692408,S3-766641911
S1-43909684	S2-360549305,S3-74654382,S3-785551304,S3-929204185
S1-439123464	S2-214438192,S2-492973498,S3-211840225
S1-439151290	
S1-439180576	S2-634951388,S2-788899381,S2-830516467,S2-858955739,S3-297142195,S3-562209416,S3-601638721,S3-732402629,S3-785826177
S1-439234914	S2-433176122,S2-872440844,S3-954450500
S1-439254963	S2-721652423,S2-848084251,S3-199273300,S3-375851628,S3-989039125
S1-439272169	S2-568367662,S2-853466813,S3-32901718,S3-335156255,S3-35915500,S3-634749565
S1-439310741	S2-822066160,S3-233576624,S3-387748622,S3-61972276
S1-439341383	
S1-43935175	S2-304039559,S2-421692582,S2-743349786,S2-852436450,S2-893665349,S3-332652926,S3-406024112,S3-776116903
S1-439480913	S3-665579484
S1-439522977	S3-910560146
S1-439659144	S2-663058053,S2-89845899,S3-689954250
S1-439763668	S2-840092785,S3-586451270
S1-439796381	S2-54741162,S3-928616
S1-43987286	S2-31416836,S2-623258927,S3-779159542,S3-837730826
S1-439931875	S3-524304803
S1-440135092	S2-305991802,S2-621482742,S3-120190052
S1-440331101	S2-750777869,S3-274707644
S1-440383221	S2-107998199,S2-789245894,S3-23752318
S1-440473699	S2-134792268,S2-267474337,S2-434014478,S2-710895960,S3-348416736,S3-690830898
S1-440600551	S2-16233575,S2-536206811,S3-666021999
S1-440680395	S2-61320653,S3-20315154,S3-294111622,S3-619730137,S3-781142710
S1-440755143	S3-205123769,S3-481495887
S1-440780553	S2-521113827,S2-547956199,S3-245610920,S3-833908234
S1-440915229	S2-27427164,S2-621300463,S3-579214587
S1-441023683	S2-433819177,S2-800718657,S3-46713055,S3-587092994
S1-441036469	S2-111844979,S2-749599324,S3-391452692
S1-441052269	S2-302275499,S2-782633250
S1-441247462	S2-422880105,S3-898958902
S1-441391918	S2-521071492,S2-580580866,S3-416315608,S3-605363213,S3-815360281
S1-441411269	S2-488925728,S2-64799220,S2-967509587,S3-106710194,S3-31066452,S3-472349957
S1-44149231	S2-263483446,S2-463025374,S2-683787113,S3-407579481,S3-813327031
S1-441524059	S2-656487618,S2-928951377
S1-441550504	S3-755875071
S1-441670032	S2-316366215,S3-152245761,S3-365611233,S3-77441645
S1-441677099	S2-684436969,S2-890883312
S1-441706280	S2-348056265,S2-706816785,S2-729709221,S3-804138038
S1-441896426	
S1-442110036	S2-531116100,S2-553533159,S2-757510944,S2-957312646,S3-216026843,S3-394811127,S3-696389799
S1-442154860	S2-951963878
S1-442300218	S2-185101229,S2-531827824,S2-575938960,S3-272934669,S3-873699206
S1-442459152	S2-253966106,S2-569552713,S2-612549950,S2-782663154,S3-735839063
S1-442490519	S2-266507664,S2-839641966,S3-43313245,S3-769367726,S3-922846258
S1-442515629	S2-672239859,S2-938296369,S3-754112462,S3-955500867
S1-442634470	S3-814811291,S3-932126750
S1-442710286	S2-191433228,S2-207808555,S2-917233171
S1-44272488	S2-303583560,S3-408792979
S1-443154384	S2-781289854,S3-12964700,S3-637551365
S1-443307961	S2-871561621
S1-443469848	S2-865570479,S3-289091673
S1-443564406	S2-429200913,S3-723636476,S3-886780033
S1-443823977	S2-237512245,S2-2390169,S2-427789063,S2-495808766,S3-187785193,S3-209594411,S3-336670148,S3-52425930,S3-81142093
S1-443887023	
S1-444001472	S3-56196322,S3-643741050,S3-935496737
S1-444123860	S2-116486540,S2-568861656,S3-398922982
S1-444126445	S2-594975308,S3-101842564,S3-419695931
S1-444240062	S3-196361306,S3-846961091,S3-950086533
S1-444424381	S2-569888419,S2-872413504,S3-452901284
S1-444502921	S2-345111803,S2-823947010,S3-385626885
S1-444659118	S2-750550548,S3-131526543,S3-337577403
S1-444730873	S2-75182639,S2-890426663,S3-931956402
S1-444858095	
S1-445084110	S2-15834558,S2-34673779,S2-668609064
S1-445123841	S2-261169369,S2-315598751,S2-996740817,S3-165732307,S3-434268095,S3-934034903
S1-445153855	S3-313984777,S3-459351303
S1-445204659	S2-42658472,S2-509873616,S3-484074909,S3-664459106
S1-445257444	S2-616993872,S3-53036301,S3-831640373
S1-445267519	S2-400195939,S2-931917802,S3-766360126
S1-445462253	S2-105621299,S3-436240898,S3-662524959
S1-445529036	S2-786206525,S3-340206416
S1-445700658	S2-615288749,S3-402394853,S3-510457172
S1-445704068	
S1-445730675	S3-120665587,S3-450863275
S1-445787929	S2-269117922,S2-347667290,S2-948081470,S3-506119155
S1-445842462	S2-374208197,S2-666761220,S2-750442369,S3-163233324,S3-26304029,S3-409111688,S3-534620003
S1-446007443	S2-897825000,S3-606835821,S3-854710946
S1-446018399	S3-604064776
S1-446025930	S2-573326786,S2-687317781,S3-997555072
S1-446118032	S2-298022324,S2-663897039,S2-945061989,S3-184198026,S3-52887132,S3-60469442,S3-646780132
S1-446229083	S3-312104436
S1-446256122	S2-135978561,S2-902956877,S3-125030122,S3-258950980
S1-446300782	S2-669749592,S3-622331880
S1-446374322	S2-110041577,S2-228369121,S3-143374011,S3-976974602
S1-44638636	S2-141660269,S2-725285679
S1-446457750	S2-385367056,S3-229321934,S3-793346192
S1-44665327	S2-667820751,S2-847921114,S3-845065626
S1-446676751	S3-133797774
S1-446743216	S2-180325550,S2-719086004,S3-395793929,S3-415416343,S3-638594257
S1-447019143	S2-43514260
S1-44702308	S2-740830843,S3-479309567
S1-447076618	S2-546673478,S3-660827000
S1-447150337	S2-586161428,S2-83831853,S3-619703936
S1-44726045	S2-755814424
S1-447377648	S2-338005269,S2-597724494,S3-850568157,S3-907922597
S1-44740188	S2-168565547,S2-338080103,S2-753848662,S2-838346524,S3-165791387,S3-287016242,S3-607616091
S1-447690712	S2-902689548,S3-11441378,S3-189584212
S1-447750654	S3-78569322
S1-4477674	S2-327501210,S3-92552009
S1-447961426	S2-261721262,S3-710864200
S1-448057972	S2-196580869,S2-626893796,S3-668400962
S1-448237829	S2-101142559,S2-106376901,S2-237693975,S3-24715958
S1-448286933	S2-695157423,S3-675404285
S1-448408444	S2-34763854,S2-728749909,S2-929426974,S2-995784001,S3-148379137,S3-16159758,S3-975434784
S1-448493324	S2-262156819,S2-544251230,S3-801330693
S1-448619922	S2-254651385,S3-527444912,S3-558901935,S3-586253184,S3-92561259
S1-448653123	S2-256043546,S2-321553383,S2-668328676,S3-781923734
S1-448998592	
S1-449176880	S2-588486453,S3-176088965
S1-449259041	S2-839913397
S1-449269328	S2-107417447,S2-873442890,S3-378721108
S1-449333254	
S1-449540581	S2-826432647
S1-449708703	S3-284056989
S1-449733777	
S1-449828826	S2-40147793,S3-350907868,S3-425996010
S1-449872677	S3-204915987,S3-443154683,S3-488951848
S1-450119920	S2-253453226
S1-450263373	S2-499504996,S2-790682604,S3-117986780,S3-81423138
S1-450281117	S2-119500825
S1-450415086	S2-153161267,S2-297743624,S3-684443269
S1-450544205	S2-368344264,S2-423655863,S3-129727772,S3-390145178
S1-45064181	S3-55531210
S1-450832201	S3-375600535
S1-451035561	S2-25753647,S2-817400430,S3-735907207
S1-451119317	S2-21502080,S3-19815285,S3-237141577,S3-711000375
S1-45113020	S3-255337330
S1-451228282	S2-151996207,S3-285187990,S3-804342797
S1-451327055	S2-497558598,S3-425138742
S1-451496142	S2-369727829,S2-822989674,S3-576681460,S3-951264668
S1-451580368	S2-220158533,S2-835897026,S3-730183724
S1-451723312	S2-203563675,S2-533560561,S2-775498563,S2-924564749,S3-708139531,S3-979838076
S1-451898769	
S1-451957115	S3-658385368,S3-796286520,S3-851194911
S1-451984337	S2-764933762,S3-430777542,S3-733308528
S1-451992486	S2-138490798,S3-374149699,S3-469303501
S1-452003785	S2-258353276,S2-442241872,S2-451819168,S3-280650538
S1-45207705	S3-788482357
S1-452378977	S2-305961635,S2-576035838,S2-685388931,S3-290812564,S3-322604144,S3-351933911,S3-65799397
S1-452543865	S2-134560137,S3-935569716
S1-452589441	S2-391674020,S2-418264188
S1-45278941	S2-565400808,S3-226604922,S3-465671154,S3-474630056,S3-926855138
S1-453051280	S2-495853725,S3-480384357
S1-453153858	S2-717577604,S2-84888050,S3-432527506
S1-453191884	S2-414448754,S2-801595975,S2-859771709,S2-987301910,S3-458844898,S3-862314658
S1-453430116	S2-189502478,S3-784414898
S1-453525772	S3-256821283,S3-47637739
S1-453644127	S3-652636727,S3-72215474
S1-453651100	S3-415406261
S1-453692903	S2-13696798,S3-289008918,S3-481890206,S3-630941509
S1-453751842	S2-888994020,S3-15069905
S1-453771362	S2-10281348,S3-880862829
S1-454029393	S2-261721303,S2-334267519,S2-91528080
S1-454099601	S2-278324890,S2-79214502,S3-473691416,S3-708575889,S3-889268954
S1-454119835	S3-258094886,S3-777045712
S1-454412660	S2-898649100,S3-469267836
S1-454451525	
S1-454700634	S2-13391007,S2-886783280,S3-16504971,S3-486869939,S3-544577922
S1-454905438	S2-84969145
S1-454985541	S2-934770386,S2-986379882,S3-612002457,S3-812651590
S1-455005033	S2-639099575,S3-578996599,S3-690568887,S3-844415101
S1-455086112	S2-118937489,S2-719535001,S2-809427570,S2-961200301
S1-455093200	S2-112984460,S3-279258007,S3-760776055
S1-455097581	S3-828932839
S1-455136363	S2-80850210,S3-122542132,S3-597480726,S3-770528470
S1-455257309	S2-406168303,S2-78448370
S1-455348082	S2-739118278,S3-509474921,S3-865896083
S1-455434112	S2-249539469,S2-867562983,S3-108108720,S3-439200217,S3-460288485
S1-455435323	S2-43774782,S2-836435745,S3-386165198
S1-455437107	S2-484962765,S2-592067338,S3-548592777
S1-455479487	S2-762719198,S3-249312713,S3-716221630,S3-778398003
S1-455565134	S2-479672062,S3-551575520,S3-780315611,S3-792519134,S3-854887663
S1-455733432	S2-521449213,S3-847021883
S1-45575585	S2-724349201,S3-813096391,S3-975257382
S1-456085328	S2-70184259,S2-778160556,S3-13888208,S3-280591626
S1-456103512	S2-291823611,S3-964223045,S3-990989296
S1-456146873	S3-513082626
S1-456179444	S2-205932854,S2-505221105,S3-268028021,S3-859085253
S1-456378342	S2-126159778,S3-314377473
S1-456425929	S3-977979820
S1-45643116	S3-364082274
S1-456556994	S2-386405247,S2-762288920,S3-461891244,S3-734810038
S1-456653853	S2-395021040,S3-223193963,S3-246559021,S3-375805963,S3-644452957
S1-456885127	
S1-456950732	S2-273680950,S3-509613169,S3-611450994
S1-457019096	S2-452225520,S2-770848985
S1-457212695	S2-159230491,S2-165992337,S3-547124893,S3-604377830,S3-926606336
S1-457329895	S2-297753745,S2-326712854
S1-457339140	S2-247015778,S2-598059943,S2-731817854,S2-771885255,S3-386406367,S3-399717272,S3-516139949
S1-45734356	S2-384453746,S3-926322839
S1-457576507	S3-285317731,S3-665164140
S1-457596246	
S1-457616829	S2-22206642,S3-193027200,S3-264516622,S3-787457971,S3-828319320
S1-457629904	S3-169500763,S3-67466808
S1-457816761	S2-670849110,S2-876925555,S3-114198947
S1-45782158	S2-434096972,S2-640602291,S2-763487360,S2-827524261,S3-191827694,S3-422040335
S1-457876133	S2-140424698,S2-280901829,S3-239954674,S3-591855316
S1-457896358	S2-329042752,S2-456666277,S2-542382140,S3-400796490
S1-457970256	S2-168754829,S2-430632517,S3-640526513
S1-458043051	S2-526459320,S2-614820241,S3-29425408,S3-762333467
S1-458341619	S2-683827973
S1-458369902	S2-463426124,S2-861294724
S1-458376578	S2-763348479,S2-767560084,S3-270438260,S3-778917252,S3-816738013
S1-458465318	S2-419690897,S2-498889783,S2-920366305,S3-335288184,S3-729421401
S1-458575522	S2-752048977,S3-149419039,S3-486644250
S1-458844306	S2-855048394,S3-344442175,S3-818945689
S1-458845090	S2-615427471,S2-703075883,S3-69374253,S3-750153413
S1-458911373	S2-222067898,S2-433370703,S2-563924866,S2-68657389
S1-458977035	S2-547475220,S3-649366049
S1-458998020	S2-716580223,S2-752619685,S3-284801234,S3-482714493,S3-693755669,S3-800974479
S1-459028170	S2-132345,S3-476859410,S3-584593431,S3-714105602
S1-459046087	S2-695161699,S3-151265784,S3-390750868
S1-459047012	S3-121555946,S3-254149475,S3-272617228
S1-459174271	S2-722500001,S3-871365098
S1-459207593	
S1-459297936	S2-564766778
S1-459375575	S2-485714996,S3-12230298,S3-509985507
S1-459501795	S2-489831457,S2-591636521,S2-693955382,S3-161928892,S3-5827607,S3-59291408,S3-82728155
S1-459704850	S2-341448839,S2-489811704,S2-699659908,S3-855724880
S1-45973841	S2-402482694,S2-679030384,S2-949857393,S3-705119463,S3-747766668
S1-45977800	S2-167752424,S2-32740836,S3-683290436
S1-459783490	S2-389540931,S3-786015550
S1-459793663	S3-429464091
S1-459959564	S3-357650826
S1-460019300	S2-336205127,S2-891905301,S3-468701902,S3-744056341,S3-847725014
S1-46010656	S2-44792994,S2-661492340,S3-266047993,S3-471911908
S1-460173235	S2-176666676,S2-636258119,S3-110324836,S3-495114887
S1-460269887	S2-65094802,S3-118580437,S3-251497439,S3-528417098,S3-743189342,S3-892816543
S1-460294473	S2-70005337,S2-987415192,S3-243993045
S1-460448751	S2-810213913,S2-984647168,S3-170539385,S3-301714017,S3-664794438,S3-792375395
S1-460613684	S2-247968296,S2-87133797
S1-460718306	S3-664601597,S3-827676518,S3-998005988
S1-460816377	S2-644658235,S3-144792437
S1-460903388	S3-641067542
S1-460994926	S2-863643275,S3-235192815,S3-678260423
S1-461070808	S3-298526588,S3-327112503,S3-511166848,S3-519826347,S3-531424724
S1-46113693	S3-137597029
S1-461222117	S2-224731399,S2-427370911,S2-497549106
S1-461265728	
S1-461483851	S2-681192879,S2-703612266,S3-528914845
S1-461536929	S2-696574167,S2-927928914,S3-318214619
S1-461703549	S2-781639804,S2-809125012,S3-224367740,S3-985017568
S1-461877782	S2-469294245,S2-968288445,S3-967642110
S1-462093363	S2-256110969,S3-651955697,S3-859824981,S3-983894363
S1-462298909	S2-289207118,S2-778276427,S2-86946455,S3-552660863,S3-72072281
S1-462499569	S2-154533312,S2-814058306,S2-960346977,S3-565349804,S3-574004149,S3-606102251,S3-642883714,S3-78702161
S1-462576567	S3-150753577,S3-351462573
S1-462813940	S3-46661297
S1-462930972	S2-353702783,S3-201538803
S1-462943111	S2-184387378,S2-51225891,S2-759559159,S2-770182142,S3-80432009
S1-46297013	S2-596264224,S2-726107109,S3-233601860
S1-46310811	
S1-463197330	
S1-46326550	S2-143799272,S2-396373507,S3-455035701,S3-51443537,S3-842330434
S1-463554965	
S1-463612800	S2-588119884,S2-681357154,S2-951763788,S3-188923542,S3-205503864,S3-82775497
S1-463663771	S2-17534787,S2-63362624,S3-899149443,S3-952124307
S1-4637209	S2-368318513,S3-761619975,S3-886482715
S1-463817183	S2-804824539,S3-364617729
S1-463913300	S2-317732951,S2-352080399,S2-82697668,S3-249691725
S1-463950221	S2-237091590,S3-372346781,S3-462498436,S3-926296197,S3-968477271
S1-464277971	S2-767708722,S3-49372074,S3-494703789,S3-762299102,S3-965166077,S3-985055313
S1-464294102	S2-250307692,S3-407564743,S3-492030027,S3-737422818,S3-778739382,S3-959886818
S1-464375779	S2-873441589,S2-914451157,S3-2479323,S3-42806104,S3-62222013,S3-62736543,S3-650926527
S1-464389445	S2-925411100,S3-364832760,S3-577485228
S1-464455049	S2-256272676,S3-373128144,S3-469039417
S1-464456610	S3-212849930,S3-431732948,S3-458009915,S3-870907887
S1-464531919	S2-420916454,S3-507361636,S3-663977663
S1-464565545	S2-139645895,S3-961802182
S1-464659330	S2-306320576,S2-722173000,S3-171857641,S3-302285161,S3-334312403,S3-648700787,S3-73587516
S1-464720679	S2-134839777,S2-209272249,S3-736580813,S3-822852890
S1-46473978	S2-25261775,S2-337732320,S2-685897891,S2-714426358
S1-46476721	S2-936652400,S3-961832280
S1-464993592	S2-210762745,S2-838000516
S1-465065390	S3-953813639
S1-465113849	S2-778845101,S2-866981176,S3-243669117
S1-465145639	S2-261372334,S2-621059940,S2-647280018,S3-601493957,S3-742527007,S3-908465124
S1-465176337	S2-246945581,S2-560636990,S3-218821165
S1-46520051	S2-62825470,S2-819309011,S3-229362759
S1-465330923	S2-468232873,S2-883795200
S1-46543345	S2-11626036
S1-465504041	S2-783113027,S2-93410311,S3-131163536,S3-210296063,S3-851481296
S1-465550887	S2-141984674,S3-340974377
S1-465559531	S2-793258763,S2-852377890
S1-465826378	S2-322791099,S2-701577350,S3-163536873
S1-465846181	S2-384624000,S2-788565020,S2-805586012
S1-465914003	S2-875650743,S3-486191183,S3-519908235
S1-466112818	S2-384390830,S3-142015873,S3-146585577,S3-426739221
S1-466119845	S2-210651353,S3-481158504
S1-466219953	S2-631109321,S2-701347045,S2-975189789,S3-137451022,S3-246112780
S1-466237132	S2-114054596,S2-799807431,S3-413037290,S3-680433773
S1-466254452	S2-749520516,S3-454632265
S1-466270419	S2-756167880,S2-785950338,S2-977043076,S3-146624001,S3-67978100,S3-709313188
S1-466305073	S2-140544097,S2-532958875,S2-761270003,S3-809109186
S1-466305917	S2-346375334,S3-385940588
S1-466477105	S2-250383164,S3-869353639,S3-916620252
S1-466650033	S2-869836997,S3-27323596
S1-46666471	S2-591920407,S3-239347860,S3-478082426,S3-622593417
S1-466678379	S2-815737333,S3-133252754,S3-281594696,S3-498063140
S1-466865689	S2-688655511,S3-858087520
S1-466886896	S2-257777183,S3-462379446,S3-643766740
S1-46690670	S2-475846311,S2-795680508
S1-467138060	S2-276764114,S2-311425015,S2-386808208,S3-51875859,S3-71177002,S3-85719561,S3-954110905
S1-467153862	S2-144199727,S2-794992428,S3-117970315,S3-430229143,S3-917312077
S1-467370416	S2-52864843,S2-62849121,S3-451469956
S1-467403342	S2-18009693,S2-764260664,S3-687743538
S1-467678199	S3-606449481
S1-467853240	S2-899901199,S3-811809676
S1-46793670	S2-869274536,S3-62369058
S1-468003529	S2-169045268,S2-675298442,S2-852488419,S2-964351947,S3-794439343
S1-468066239	S2-404715015,S3-779917692
S1-468124028	S2-994285466,S3-788386221
S1-468171816	S2-144833116,S2-407275516,S2-858852091,S3-857041721,S3-893209695
S1-468381046	S2-396615676,S2-405319198,S2-857395982,S3-13102963,S3-194493515,S3-639873522,S3-641164696,S3-926563773
S1-468481679	S2-919094910,S3-867385534
S1-468510930	S2-774404455,S3-130520479,S3-440747656
S1-468530861	S2-587422665,S2-588127827,S2-632352846,S3-675324429
S1-468556338	S2-472467210,S3-143748396,S3-477704968
S1-468562301	S2-774046509,S3-955971028
S1-468587690	
S1-468593901	S2-168900257,S2-812385987,S3-615093495,S3-997546472
S1-4686133	S2-172234721,S2-304221918,S3-543500002,S3-803793994
S1-468795752	S2-741615621,S3-784642689,S3-955380972
S1-468912230	S2-37607760,S2-971260397,S3-13545868
S1-468945214	S2-251408051,S3-181476444
S1-468961522	S2-106599254,S2-157707592,S2-310679590,S2-529161015,S2-716107094,S3-429021662,S3-59234880
S1-468982620	S3-273318631,S3-426043784
S1-468988305	S2-298605033,S2-969951379
S1-469016068	S2-162226002,S2-772715312,S3-497972289
S1-469018356	S2-316370529,S2-689333800,S2-731433817,S3-266609563,S3-555699572
S1-469031477	S2-794997608,S2-884162986,S2-987695467,S3-911003939
S1-469077239	S2-245656739,S2-617918264,S3-271822287
S1-469141935	S2-402321869,S3-391430063,S3-608969909
S1-469236596	S2-275802605,S3-230454173,S3-460483176
S1-469238424	
S1-469579850	S2-581513321,S3-30886240,S3-773218301,S3-967297302,S3-995439902
S1-46965041	S2-876092623,S2-958529633,S3-614594418
S1-470017314	S2-254939402,S2-471513981,S3-633978344
S1-47010249	S2-632422722,S3-808788313,S3-976310197
S1-4704074	S2-81224099,S3-553222578
S1-470487334	S2-130508895,S2-35423572,S2-423135785,S2-671847943,S2-786942913,S3-6859714
S1-470563175	S2-414049129,S3-570733229
S1-47075179	S2-754388630
S1-471086297	S2-133506951,S2-600002566,S2-984253847,S3-316597072,S3-439020551,S3-806170488
S1-471127138	S2-11672744,S3-27525202
S1-471188713	S2-308879104,S2-953384365,S3-569737139
S1-471271657	S2-525436888,S2-528278757,S2-846419453,S3-460931708
S1-47141356	S3-705913730
S1-471556540	S2-416683440,S2-770818326,S3-642564371
S1-471652595	S2-275666675,S2-593862174,S2-938560528,S3-510761989,S3-967625318
S1-471655454	S2-634703752,S3-209061050,S3-885822105
S1-471868830	S2-235211276,S2-852087520,S3-291863999,S3-650264194
S1-471927094	S3-517386560
S1-471958818	S2-405651609,S2-797851354,S2-876365901,S3-157315211,S3-455912898
S1-472007313	S2-616746112,S3-241690306,S3-580860669
S1-47210014	S2-864583152,S3-424434788,S3-627594910,S3-934279128
S1-472129133	S2-665584692,S2-718868399,S3-27860344,S3-939464430
S1-472300957	S2-976877692,S3-376641831,S3-864574214,S3-887691345
S1-472380791	S2-15294087,S2-424368225,S2-943187654,S3-331982185,S3-680054315
S1-472468354	S3-106815199,S3-884922404,S3-976709695
S1-47258135	S3-702132059
S1-472591368	S2-256840552
S1-472658521	S2-750488520,S3-57942697,S3-886408808
S1-472668852	S2-636696349,S3-101583834,S3-320514640,S3-424849904
S1-47282785	S2-425612913,S2-573011210,S3-806119286
S1-472900557	S2-308928650,S2-350390259,S2-741352232,S3-14380956,S3-545758490,S3-718582652,S3-93523775
S1-472988303	
S1-473028026	S2-716121476,S2-784109770,S3-30004571,S3-798211294,S3-868944839,S3-945434206
S1-473084975	S2-495680701,S2-607047538,S3-201000884,S3-210134609,S3-285974381,S3-490237061
S1-473148042	S3-712276020
S1-473179189	S2-111903319,S2-519652795,S3-131517117
S1-473235417	S2-277526435,S3-147070616
S1-473271166	S3-800374475
S1-473274504	S2-842487230,S3-261256199
S1-473283556	S2-974388488,S3-149046379,S3-340804132,S3-759151459
S1-473414123	S2-380583060,S2-399745518,S3-357350223
S1-473432423	S2-711047008,S2-81018527,S2-872094643,S3-69981710,S3-97956772
S1-473551974	S3-380611597,S3-642332505
S1-47357554	
S1-473769797	S2-819454900,S2-821547740,S3-248656074
S1-473962059	S2-130576740,S2-249473913,S2-664611690,S2-892134792,S3-468261889,S3-48868028
S1-474114289	S2-116198308,S2-362005671,S3-824503173
S1-474238563	S3-514843677
S1-474458221	S2-406141738,S3-856245438
S1-474508825	S2-46148000,S3-216384503,S3-446367813,S3-51471170
S1-474567098	S2-559343320,S2-685713216,S2-889137208,S3-492994783
S1-474782157	S2-234708241,S2-62490934,S3-191730571,S3-258196264
S1-474844287	S2-575895846,S2-624802075,S2-945763499,S3-149586795
S1-474925071	S2-650109343,S3-518894027,S3-719442102,S3-752510535
S1-474972519	S2-701824303,S3-920251992
S1-475005076	S2-435927187,S3-301743217
S1-47507830	S2-142752720,S3-184005743,S3-572349797
S1-475373739	S3-546439050
S1-475386549	S2-322448649,S2-344050734
S1-475392044	S2-579273592,S3-527958680,S3-663526178,S3-769382047
S1-47540187	S2-268840894,S3-531251883,S3-587748218
S1-47548800	S3-385449010,S3-62253479,S3-719086876
S1-475625563	S3-543891985
S1-475727099	S2-109933398,S2-174282547,S3-322278827,S3-626979773,S3-82962654
S1-475847300	S2-469481782,S2-955874423
S1-475938980	S2-168562110,S2-370772849,S2-641676623,S3-200944604,S3-352006919,S3-526126252
S1-476018470	S2-70495320,S3-673485359
S1-476048954	S2-412284177,S2-56747298,S2-834106782,S2-91347903
S1-476080362	S2-661077250,S3-150376151,S3-566073243,S3-597350328
S1-476147248	S2-342029909,S2-468043029,S2-569052502,S2-630398553,S3-688516080
S1-47616005	S3-690650473,S3-812803598
S1-476180276	S2-328796836,S2-418934305,S3-455074546,S3-538780634,S3-626157146,S3-726130464
S1-476220315	S2-831040930,S3-244872234
S1-476225509	S2-14060864,S2-281855422,S3-154845922
S1-476526117	S2-538322814
S1-476665612	S2-130220387,S2-202459026,S2-267905876,S3-55745525
S1-476671621	S2-274598993,S2-956558148,S3-301788964,S3-808959968,S3-969838753
S1-476688356	S2-135186216,S2-238176415,S3-378696698
S1-476736519	S2-462039789,S2-562335415,S3-838863068
S1-476820694	S2-133711429,S2-847832388,S3-385390463
S1-476936162	S2-526824761,S3-386654560,S3-772646387
S1-476955207	S2-124302100,S2-7566950,S3-789775319
S1-476979751	S2-606169333,S2-696436049,S3-665340122
S1-477194219	S2-457938225,S2-6902151,S3-239324200,S3-588203359,S3-956709926
S1-477215380	S2-719862963,S2-955225535,S3-527422578,S3-56214309,S3-729239968
S1-477388941	
S1-477455976	S2-619971965,S2-734465540,S3-204568858,S3-703131929,S3-932471365
S1-477529750	S2-293978361,S2-405302149,S2-865425312,S3-202033448
S1-477721313	S2-322080999,S2-901736667,S3-172337205,S3-740352946
S1-477879146	S2-500609706,S3-374646709,S3-954899363
S1-478031556	S2-337440597,S2-509124265,S2-987231071,S3-341378421,S3-455167374
S1-478226324	S2-316637466,S3-251502999,S3-402557858,S3-593262381
S1-478244320	S2-15678036,S2-168357946,S2-610235727,S3-230737499
S1-478302883	S2-906628273,S3-391859860,S3-761765069
S1-478449957	S2-335535251,S2-514228657,S2-789605582,S3-883890191
S1-478661142	S2-777264291,S3-568052804
S1-47883197	S2-769855083,S2-949099959,S3-376254481,S3-479312380,S3-642224661
S1-478951876	S2-295578688,S2-392283970,S3-204344299,S3-695975091
S1-479033114	S2-392684881,S2-518506467,S2-520843733,S2-806044007,S3-405844917
S1-479067475	S2-234287208,S2-377095826,S3-617036208
S1-479165045	S2-547322124,S3-579645192,S3-6247775
S1-47919031	S2-699356680,S3-708946368
S1-479295819	S3-842314689,S3-89143265
S1-479344773	S2-605053759,S2-775019279,S3-237860115,S3-30760966,S3-633072403
S1-479377375	S2-403294819,S3-94990412
S1-479524299	S2-340537755,S3-279027545,S3-458399499
S1-479547170	S3-814506439
S1-479548273	S2-190669059,S2-562518316,S3-10867847,S3-401085507
S1-479620472	S2-356957413,S2-689320399,S3-731070561
S1-479876148	S2-228898082,S2-369819064,S3-812193997
S1-479904316	S2-785027693,S3-494277307
S1-480049159	S2-181792283,S2-782298108,S3-103260340,S3-193420124
S1-480093343	
S1-480194063	S2-33336242,S2-704912732,S2-841669803,S3-17061274,S3-243940526,S3-360722511
S1-480234684	S2-994348197,S3-255986252,S3-257998200,S3-783703325
S1-480279222	S2-147579858,S3-136813384
S1-480312629	S2-134782078,S2-601746630
S1-480352283	S2-535420667,S3-301534897,S3-972668088
S1-480375001	S3-285382096,S3-346109932,S3-717105716
S1-480450270	S2-453409747,S2-760509478,S2-897691258,S3-42980756,S3-799378592
S1-480590585	S3-542441065
S1-480839416	S2-314920004,S2-513454717,S2-663908526,S2-943678080,S3-771846949,S3-981260323
S1-4808587	S2-442260800,S2-518427180,S2-726612062,S3-162806785,S3-838170837
S1-480987052	S2-106054520
S1-481011	S2-453607290,S2-585848251,S2-87407365,S3-158577829,S3-311610229,S3-394978858,S3-831509407
S1-481038102	S2-221202950,S2-415312052,S2-486792867,S2-517624218,S2-997389525,S3-862270498
S1-481128060	S2-28479316,S2-290383059,S2-669693500
S1-481266972	S2-100423963,S2-297187637,S2-486506396,S2-687359811,S3-180945580,S3-25154996,S3-522436997
S1-481422502	S2-861608228,S2-935209246,S3-982722711
S1-481642761	S2-160554845,S2-37314158,S3-133650912,S3-564411533,S3-784616411
S1-481684302	S2-225061643,S3-466838753
S1-481895289	S2-802262721,S2-816361600,S3-448926119
S1-481970208	S2-197351268,S2-304281213,S2-457676574,S3-247685353
S1-482034750	S2-601940829,S2-683903500,S2-894224273,S2-989330184,S3-118095598,S3-548554974
S1-482191088	S2-163462389,S2-949111144,S2-979980113,S3-759808405,S3-831511610
S1-482241071	S2-35337620,S2-459608350,S3-273846409,S3-326675598,S3-414572132
S1-482276510	S2-537052564
S1-48228501	S2-468415485,S2-640162956,S3-331568984
S1-482393231	S2-157226887,S3-188051322
S1-482402023	S2-183462722,S2-331920000,S2-454840643,S2-725442602,S3-405384244,S3-427553520,S3-549972271,S3-561997245
S1-482430147	S3-35822820,S3-713114354
S1-48247606	S3-45279021,S3-998372822
S1-482586413	S2-443568749,S3-145047249,S3-61080799,S3-655451541
S1-482632930	S2-447041363,S2-466036489,S3-335022110,S3-426126889,S3-521304055
S1-482732512	S2-57711721,S3-10683607,S3-164761098,S3-633903001,S3-796306777
S1-482886262	S2-413164451,S2-446867506,S2-723101903,S2-759611365,S3-957786582,S3-981318950
S1-482906662	S2-243345029,S2-511683282,S2-836418103,S3-632102429,S3-851828070
S1-482971020	S2-112540247,S2-247464587,S3-172645156,S3-54701255,S3-942777593
S1-483173184	S2-103401801,S2-181578584,S2-306232009
S1-483535682	S2-518909815,S2-851976424,S2-969514096,S3-215701107,S3-571410186,S3-733209763
S1-483570040	S2-56447265,S3-82485543
S1-483584059	S2-912733157,S3-283444704,S3-381394641,S3-400721292
S1-483646775	S2-31824369,S2-699005835,S2-823656158,S3-531603028
S1-483732459	S2-134475835,S3-716072813,S3-941628467
S1-483860923	
S1-483883375	S3-674140676
S1-483895007	S2-30003624,S2-722212356,S2-740536063
S1-48393603	
S1-48414553	S2-200825266,S2-564643554,S2-616268693
S1-484328240	S2-182657119,S2-854626895,S2-950207666,S3-278986877
S1-484429656	S2-501976625,S2-539967744,S3-426105359,S3-680530022,S3-950637626
S1-484465206	S3-146855058
S1-484532072	S3-229407619,S3-414027141,S3-71371404
S1-484590944	S2-178495003,S2-775201459,S2-825041095,S3-471021869
S1-484639780	S2-457645101,S2-492887336
S1-484685865	S3-949472283,S3-96444433
S1-484789479	S2-243083313,S2-515372491
S1-484970840	S2-318304124,S2-33487173
S1-485075881	S2-583626918,S3-297571798
S1-485170176	S2-376548115,S2-697146894,S3-517987310
S1-485257265	S3-444155720,S3-513596126
S1-485261757	S2-351383363,S2-439799047,S3-609963484,S3-813750987
S1-485443161	S2-717896658,S2-923030808,S3-770599947
S1-485458489	S2-780863006,S2-790396229
S1-485510689	S2-377156562,S3-241884103,S3-730762479,S3-830590140
S1-486071161	S3-794749061
S1-486096462	S2-422272726,S3-173936824,S3-544581858
S1-486141728	
S1-486185859	S2-990123775,S3-369569928,S3-399313596,S3-64539006
S1-486192442	S2-109861470,S2-214312429,S2-967521902,S3-57265264,S3-937885379
S1-486405623	S2-299815964,S2-343546257
S1-486576007	S2-985012106,S3-684405224
S1-486611515	S2-26246739,S3-332008079,S3-71465446
S1-48675147	S2-446447368,S2-736774283,S2-905122710
S1-486890610	S2-988174478,S3-867756813
S1-487156989	S2-584643516,S2-590495255,S2-898245176,S3-448720165,S3-931911752
S1-487168388	S2-669165671
S1-487319583	S2-367424206,S2-454567419,S3-440867752
S1-487385595	
S1-487391284	S2-434942780,S3-279912975,S3-364299917
S1-487509477	S2-335879223,S3-601884039,S3-999053426
S1-4875402	S2-28990865,S2-820595629,S3-296928072,S3-534596031
S1-487734577	S2-799477193,S3-39079141
S1-487827045	S2-820216126,S3-736360013
S1-487851092	S2-361083301,S2-585259121,S2-589341775
S1-4879645	S3-565313683
S1-488047176	S2-582646016,S2-77097645,S2-992353058
S1-488092607	
S1-488156242	S2-986968402,S3-688933911,S3-816834110
S1-488316127	S2-378325429,S3-794922754,S3-967277787
S1-488446606	S2-722413097,S2-735046060,S3-631507809
S1-488447925	S2-137044059,S3-862955129
S1-488479601	S3-630837799
S1-488493750	S2-216696938,S2-801921589,S3-592492354,S3-593127939
S1-488928548	S2-225325173,S2-320951240,S2-74178761,S2-962858675,S3-190794206,S3-647880751
S1-488933443	S2-126200548,S2-971062669,S3-297016375,S3-782517176
S1-489045363	S2-388878388,S3-147612972,S3-219529371,S3-703490282,S3-862877347
S1-489046632	S2-623377920,S2-965667768,S2-983218983,S3-354012841,S3-414558713
S1-489169236	S2-328661042,S2-363810584,S3-558824045
S1-489223003	S2-699832334,S2-745987265,S2-772583180
S1-489227738	S3-303737442
S1-489281546	S2-62131142,S3-384610891,S3-943312932
S1-489356776	S2-812993688,S2-964671694
S1-489358860	S2-323877240,S2-905292045,S3-551368666,S3-938504940
S1-489417537	
S1-489578121	S2-127278813,S2-180659147,S3-162483128
S1-489756229	S2-174443870,S2-507480555,S3-505802641,S3-676756520,S3-927664470
S1-489763153	S2-382621719,S2-49363408,S2-783475959,S3-206222501,S3-78811587
S1-489808466	S2-962537144
S1-490188815	S3-107994086,S3-281598665
S1-490332408	S2-628358143,S3-405758087,S3-841440749
S1-490356866	S2-586799308,S2-78901479
S1-490538326	S2-883178019,S3-367304244
S1-490852771	S2-459605178,S2-490606368,S2-508485752,S2-859589368,S3-169857007,S3-308627488
S1-491102712	S2-150227470,S3-124722235
S1-49129368	S2-413103330,S2-800947923,S3-288345540,S3-849905337,S3-931515172
S1-49144572	S3-343148204,S3-456384988,S3-498320786,S3-548897346,S3-572841484
S1-491477148	S3-687635117
S1-491584669	S2-153955613
S1-491611009	S2-949398415,S3-133062970,S3-957300057
S1-491641613	S2-538252662,S2-844468416,S3-231303629
S1-491710192	S2-562435512,S2-825508503,S3-102203132,S3-193908004
S1-491730882	S2-665301751,S3-788337730
S1-491746547	
S1-491837873	S2-183887008,S3-592027258
S1-491840949	S2-226101602,S2-489713465,S2-590747318,S3-192116088,S3-296238992,S3-301220732,S3-340115379,S3-5940537,S3-764469967,S3-904928377
S1-491933665	S2-395537298,S3-176916688,S3-204105516,S3-733918702
S1-492011912	S2-310344980,S3-157216741
S1-492061604	S2-288726160,S2-307620643,S2-448457385,S2-505729797,S3-907040757
S1-492115173	S2-540763738,S2-663985844,S3-252149255
S1-492170454	S2-771819040,S2-864692393
S1-492230869	S2-158408500,S3-863011415
S1-492235037	
S1-49224112	S2-693551301,S2-79281057,S3-100496465
S1-492516979	S3-277931993,S3-876171379
S1-492540354	S2-13216790,S2-565418428,S2-711669204,S2-828938770,S3-766447846,S3-773571226
S1-492608009	S2-376109187,S2-731778392,S3-335592073
S1-492913305	S2-283568620,S2-625711811,S3-132045388,S3-879719960
S1-493000691	S3-901412333
S1-493020071	S2-105295255,S2-886422554,S3-584730341,S3-823829449
S1-493064466	S2-724251372,S2-809135496,S3-349113791,S3-606052211,S3-677031513,S3-965653056
S1-493139207	S2-23440006
S1-493192469	S2-901031564,S2-918559067
S1-493934858	S2-498104528,S3-158720998,S3-590754354,S3-854292392
S1-494236196	S3-511166848,S3-531424724
S1-49435127	S2-498346545,S3-531154983,S3-873158881
S1-494357039	S2-902051561,S3-831531915
S1-494464554	S2-164280979,S2-857409049,S3-465689381
S1-494536952	S2-509756426,S3-238865984,S3-871810154
S1-494581213	
S1-494930410	
S1-494947139	S3-608814717,S3-769717391
S1-495046713	S2-381043096,S2-95417943,S3-138147775
S1-495100996	S3-457767059,S3-533181311,S3-608475288,S3-869160075
S1-495164936	S2-160314078,S3-569347742,S3-695237062
S1-495181370	S2-772849514,S2-952797237,S3-133672755,S3-217581264
S1-495242506	
S1-495312563	S3-96029166
S1-495365420	S2-387046845,S2-691043320,S2-730259657,S2-904233070,S3-265928077,S3-637062296
S1-495565134	
S1-495653069	S2-707680242,S3-351235550
S1-49567779	S2-196017519,S3-54664496
S1-495740999	S3-518194076,S3-744781138
S1-495775993	S2-297457638,S3-875886283,S3-988751539
S1-495782102	S2-693237032,S3-316148461,S3-525378448,S3-928403176
S1-496155461	S2-447137597,S3-444230161
S1-496211906	S2-440304563,S3-914157860
S1-49623138	S2-891693756,S3-13322836,S3-33520641
S1-496291341	S2-635891953,S2-830573478,S3-35500224,S3-695965822,S3-760842157,S3-772107630,S3-943166993
S1-496292106	S2-825385688,S2-890729096
S1-496352222	S2-322444095,S3-77653295
S1-496552026	S2-871867363
S1-496592466	S2-326457046
S1-496625773	S2-446753426,S2-783577246,S3-298831430,S3-847919888
S1-496802315	S2-371087906,S2-915252626,S3-418757166
S1-496827130	S2-73373332,S3-170133600,S3-290267196,S3-916539923,S3-989642488
S1-496895879	S2-748090766,S3-187505381,S3-544698147,S3-54757607,S3-820131423
S1-496937000	S2-371432149,S2-584966951,S2-824753370,S2-829202563,S2-874054561,S3-714245455
S1-497031887	S3-316883192,S3-605609072,S3-710494205,S3-962325702
S1-497062822	S3-440946858
S1-497070462	S3-345409038,S3-355422266,S3-5136216
S1-497071870	S2-395361198,S3-391921825
S1-497106856	S2-249283636,S3-361902290
S1-497176201	S2-149286106,S2-513176819,S3-100061734,S3-688332930
S1-497237538	S2-802611319,S2-823919752,S3-897984181
S1-497278770	S2-732958946,S3-385453943,S3-439930386,S3-962007601
S1-497392761	S2-703721702,S3-537207862
S1-49759208	
S1-497618205	S2-167417860,S2-262611965,S3-581391403,S3-628101998
S1-497707512	S2-800409384,S3-122680622
S1-497779081	S2-291993867,S2-534539842,S3-79133613
S1-497923202	S2-377795612
S1-497946740	S2-382788218,S2-421389860,S3-861327638,S3-876323814
S1-498030238	
S1-49804960	S2-478734163,S3-321418696
S1-498065587	S2-470812672,S3-186664819,S3-369473453
S1-498104612	S2-177142359,S3-537594637,S3-693228657,S3-769552752
S1-49816297	S2-474362033,S3-102670160,S3-523654585
S1-498207109	S2-273559039,S3-767927402
S1-498219902	S2-129632547,S2-909156533,S3-176288722,S3-452378254
S1-498453299	S2-931667929,S3-482639153
S1-498529652	S2-139752552,S2-439442524,S3-43343044
S1-498594123	S2-209253285,S3-110529387
S1-498818710	S2-144355983,S3-359213102,S3-888143728
S1-499173576	S2-226329944,S2-777077902,S2-858158212,S3-369139659,S3-375199583,S3-937317093
S1-499340882	S2-677396309,S2-691251810,S3-176522939,S3-390468196,S3-907269730
S1-499431933	S2-292221778,S2-927553940,S3-400823823,S3-740514938
S1-49951170	S2-609218503,S3-282736373,S3-545434974,S3-612536635,S3-700705702,S3-781754619
S1-499567943	S2-30169494,S2-92332390,S3-136978495,S3-1650769,S3-607192718
S1-499569373	S2-699371913,S2-73652098,S2-799405785,S3-124646711,S3-194383500,S3-94306890
S1-499746028	
S1-499777510	S3-260201275
S1-500141710	S2-206375656,S2-233067542,S3-118776978,S3-752866648
S1-500247724	S2-975697778
S1-500410647	S2-17348970,S2-189414126,S3-405209059,S3-423827422,S3-626827857,S3-96742384
S1-500523589	
S1-500753377	S2-731552822,S2-900979461
S1-500791885	S3-417485074
S1-500805242	S2-533038055,S2-625622940,S2-712833005,S3-189077583
S1-501039965	S2-337771880,S2-683291566,S3-119863746,S3-207550996
S1-501049620	S2-196462561,S2-978846806,S3-685870084
S1-501155781	S2-779068474,S3-165187624,S3-996834050
S1-501543892	S2-248167473,S2-266827228,S3-223394128
S1-50170523	S3-216044306
S1-501727512	S2-92631699,S3-357384412
S1-501744524	S2-340911430,S2-519123481,S3-245661649
S1-501784706	S2-678461918,S3-506991064
S1-501841690	S2-740231441,S2-915176746,S3-819774704
S1-50190196	
S1-50198892	S2-163280749,S2-305869209,S2-696490675,S2-778439334,S3-203679281,S3-962779565
S1-502039482	S2-708364396,S2-797257199,S3-68237486,S3-689635019,S3-870150585
S1-502214110	S2-291057763,S3-692364925
S1-502241174	S2-346406647,S2-446164359,S2-513325573,S2-596672371,S3-897941220,S3-925694422
S1-502682298	S3-451715531,S3-830291488
S1-502699793	S2-787938468,S3-479943053,S3-550128985
S1-502837183	
S1-502926085	S2-132605119,S3-712340833
S1-502930681	S2-833573141,S2-971360561
S1-502943536	S2-26188780,S2-427822675,S2-691431775,S3-555790396
S1-502972701	S2-158906598,S3-73366206
S1-503034943	
S1-503073042	S2-548882778,S2-646950564,S2-987796956,S3-23582858,S3-78168265
S1-503109914	S2-647597392,S2-83812900,S2-979509268,S3-163643207,S3-330588239,S3-39907289
S1-503124139	S2-114396646,S3-621058896,S3-689657943
S1-503146530	S2-825600622,S3-348536779,S3-80932015
S1-503406639	S2-19333494,S3-142356318
S1-503464356	S2-708020744,S3-76370940
S1-503524574	S3-470106508,S3-523748987,S3-607099375
S1-503601327	S2-402586221,S2-629841152,S3-300182403,S3-35459687
S1-503636982	S2-746233843,S2-775808134,S3-10646252,S3-140455376,S3-26666966,S3-553992680
S1-503695152	S2-384208615,S3-282208723,S3-543688748,S3-913600207
S1-50378138	S2-154506634,S2-712568729,S3-226198398,S3-595131196
S1-50380822	S2-306863261,S2-852839479
S1-503927960	S2-164411748,S2-609107321,S2-675636465,S2-890414323,S3-152529506,S3-478717592,S3-628536713,S3-694845430
S1-503928815	S2-334450119,S2-941919192,S3-169304309,S3-310934788,S3-395808399
S1-503989120	S3-997906241
S1-504003514	S2-42600585,S3-339753775
S1-504095310	S2-445200890,S3-602539014,S3-608164936
S1-504108677	S2-817611380,S3-466965061
S1-50437258	
S1-504558676	S2-140485600,S2-760893737,S2-841722497,S3-638330396
S1-504627734	S2-898343154,S3-145308507
S1-504668450	S2-797281843,S3-755895713,S3-913974867,S3-916692692
S1-504730603	S2-560401144,S2-562558651,S2-848262383,S3-151061089,S3-211591548,S3-315070351,S3-842416389
S1-504939523	S2-817237522,S3-315042732
S1-504986971	S2-404414591,S2-603427666,S3-576871355,S3-697461556,S3-772776678
S1-505076726	S2-320019107,S2-368107763
S1-505104254	S2-352925671,S3-307732465
S1-505137378	S2-462226062
S1-505421353	S2-320967517,S2-396464081,S2-520790494,S2-951878915,S3-907062649
S1-505475964	
S1-505543812	S2-412763155
S1-505611155	S2-254299542,S3-310557605,S3-364447390
S1-505616748	S2-181700542
S1-505704449	S2-197455938,S2-271722806,S2-677014697,S2-848263338,S3-207063431
S1-505916349	S2-563161295,S2-806814730,S3-147218498,S3-604938604,S3-954142830
S1-506017157	
S1-506024119	S2-681544205
S1-506033083	
S1-506079918	S2-334757565,S3-31947788,S3-517348849
S1-506135919	S2-641414210
S1-506228313	S2-468882530,S2-583774254,S2-988271520,S3-801630253
S1-506316451	S2-414363368,S2-581151779,S2-675785696,S2-711957222,S2-800171717,S3-565390149
S1-50641760	S2-728394821,S3-252578844
S1-506558799	S2-654442718,S2-788863043,S3-75787780,S3-77388889,S3-823298807
S1-50664386	S2-460821430
S1-506790033	S2-537348797,S3-356790033
S1-506860722	S3-314650448
S1-506956700	
S1-506989754	S2-694474840,S2-906716992,S3-290364764
S1-507021863	S3-322185045
S1-507159449	S2-785466739,S3-615454197,S3-93511946
S1-507247981	S2-850381106,S3-749393783,S3-79462768,S3-918496486
S1-507283878	S2-637298628,S3-146324956,S3-250122720,S3-76298792,S3-917925406
S1-507455917	S2-86131789,S2-950698322,S3-211059741,S3-865149279
S1-50749491	S2-535234616,S3-392056578
S1-50756577	S3-899873726
S1-507659762	S2-29945573,S3-176575553,S3-314285742
S1-507736033	S2-31696947,S2-614839891,S2-866100088
S1-507742173	S2-189519668,S3-42745828
S1-507780569	S2-297333842,S2-614490797,S2-937412893,S3-394557748,S3-688407157
S1-507864166	S2-685894338
S1-507911715	S2-128878040,S2-192248373
S1-507949708	S2-395075191,S3-389867142,S3-820480807
S1-508076446	S3-677140131,S3-728078427
S1-508143165	S2-759672392,S2-851893009,S3-914248269
S1-508233500	S2-679457035
S1-508312340	S2-128964237,S2-439167254,S2-628611877,S2-795014871,S3-474660578
S1-508406308	S2-19011990,S3-524066489,S3-758757856
S1-508553873	S2-630481742,S3-69476361
S1-50873803	S2-757663178,S2-808487812,S2-993854510,S3-866954299
S1-508962429	S2-322036110,S2-926194828
S1-509030837	S2-459461519,S2-542947724,S3-190355607,S3-543547353,S3-625771094
S1-50916387	S2-13710791,S2-513472933,S2-608833768,S2-767605541,S3-248009741
S1-509288861	S2-806055503,S3-594699435
S1-509333284	S2-362472410,S2-950140968,S3-349401739,S3-405047025
S1-509356298	S2-579063066,S3-239789466,S3-270407757,S3-574060457,S3-716037403
S1-509498169	S2-512182371,S3-601921872
S1-509522098	S2-625809180,S2-922980598,S3-270458498,S3-60076961,S3-666334507,S3-896153598
S1-509654999	S2-798714413,S3-529644519,S3-607523898,S3-715498030
S1-509692824	S2-543959598,S2-756656651,S2-949378312
S1-509766995	S2-338838393,S2-380990003,S3-33331235
S1-509830263	S2-155189540,S2-795151017,S3-455441227,S3-511485327,S3-724883123,S3-928141712
S1-509859051	S2-242916969,S2-889547058,S3-435423320,S3-69146257
S1-509905357	S3-963215154
S1-509961458	S2-39401740,S2-842050450,S3-381495437
S1-510005747	S2-269922724,S3-541824935,S3-750103395
S1-510042574	S2-150794312,S2-759378975,S3-112988459,S3-560861445,S3-757424879
S1-510160219	S2-210747227,S3-297144391,S3-405913794,S3-418048828
S1-510201172	
S1-510285205	S2-621232930,S2-977037421,S3-605196919
S1-510291152	S2-48773228,S3-260651603,S3-510911886,S3-848126690
S1-510314415	S3-245747380,S3-578106249,S3-587387556,S3-634944222
S1-510506543	S2-135612872,S2-66199047,S2-723728895,S3-589967013,S3-669709383,S3-802029272
S1-510699041	S2-572935256,S2-894544734,S3-374137723
S1-511167643	S2-98018956,S3-445990110,S3-956944947
S1-511252395	S3-296192632,S3-787501714,S3-86083366
S1-511411653	S2-643205757,S3-134304955,S3-306290040,S3-594100171
S1-511498273	S2-861890304,S3-230617652,S3-796670514
S1-511528362	S2-882112926,S3-295238189,S3-729779734,S3-860110962,S3-878527006
S1-511591390	S2-302064813,S3-100466590,S3-415915600
S1-511646965	S3-341487941,S3-936442721
S1-511687747	S2-196711604,S3-218090793,S3-289159713,S3-536970425
S1-511736067	S3-718941446,S3-822840457
S1-511824969	S2-899945153,S3-359215515
S1-511851242	S2-490163329,S2-825592060,S3-374913939,S3-429240664,S3-910518118
S1-511876979	
S1-511935574	S2-418879064,S2-463029986,S3-875573030
S1-511988666	S2-147582961,S2-284742404,S2-587099243
S1-512004837	S2-798015417,S3-317616102,S3-557240596
S1-512005880	S2-135136714,S2-502702850,S3-291556294,S3-384300282,S3-703838258,S3-749675092
S1-512048872	S2-254076169,S2-827722265,S3-961091352
S1-512084738	S2-382525631,S2-564012351,S2-576015784,S2-997910908,S3-296015779,S3-42764631,S3-985406242
S1-512224439	S2-465151292,S2-968770872,S3-289481857,S3-592637768
S1-512305382	S2-299747925,S2-984571934,S2-997750951
S1-512330593	S2-152085599,S2-869261625,S3-43895266
S1-512336251	S2-181556549,S2-710274201,S3-677328681,S3-76084152
S1-51237131	S3-100469485,S3-49522109
S1-512727241	S2-958770802,S3-52243524
S1-512788970	S2-779619094,S3-136300076,S3-196312385
S1-512889277	S3-647228282,S3-961936058
S1-512944500	S3-190819036
S1-513026447	
S1-513092616	S3-929686057
S1-513107379	S2-549806225,S2-961054109,S3-169145702
S1-513151405	S2-711991080,S2-759615390
S1-513246034	
S1-513281117	S2-793756815
S1-51333056	S2-638234291,S3-312558766,S3-382224072,S3-838977859
S1-513578004	S2-476547251,S3-150079237,S3-504053176,S3-608448522
S1-513881431	S2-46612602,S2-887679191
S1-513925929	S2-16305538,S3-170257675,S3-299609567,S3-504956619,S3-832983678
S1-514059871	S2-857440200,S3-448637357,S3-617126829
S1-514120189	S2-737606290,S3-150828937,S3-179732793
S1-51413507	S2-123644087,S2-407918506,S3-231605904,S3-460928872,S3-796096120
S1-5142067	S2-218129443,S2-727135221,S3-178509019
S1-514278589	
S1-514416811	S2-403292315,S3-893488642
S1-514563039	S2-201535180,S2-896911016,S3-215337748,S3-285164268,S3-853063
S1-514770006	S2-230455810,S3-33697537,S3-931665420
S1-514818053	S2-154938391,S2-461494274,S3-666204714
S1-514949547	S2-535533508,S3-172438618,S3-262214951
S1-515049672	S2-283419292,S3-340609389
S1-515107815	S2-487195789,S2-915072097,S3-237561404,S3-622498088,S3-692936829,S3-718724994,S3-805309629
S1-515130689	S2-32136971,S2-413213601,S3-403022127
S1-515353798	S3-642056818,S3-742941809
S1-515430211	S2-19531086,S2-832444351,S3-226400880,S3-763800797
S1-515492907	S2-23702271,S2-27082896,S2-524548052,S3-47965549,S3-680820234
S1-515606293	S2-418915829,S3-108666310,S3-285163848
S1-51563144	S2-846104619,S3-515829564,S3-689400957,S3-892735280
S1-515711455	S2-539410260,S2-64814376,S3-928658558
S1-515728854	S2-536587715,S2-599785722,S2-757258039,S3-210713347
S1-515848262	S2-412411104,S2-509918294,S3-723591179
S1-515946746	S2-628070057,S3-239397778,S3-680563185
S1-516027588	S2-26381645,S2-548248536,S3-256747985,S3-292618143
S1-516116042	S2-241803060,S2-54935685,S3-138700598,S3-484074074,S3-505022147
S1-516315374	S2-386602272,S2-636376299,S3-258729724,S3-771430278
S1-516416681	S2-850446074,S3-92271779
S1-51649696	S2-389610099,S2-50730371,S2-683803347,S3-6312165,S3-689060970
S1-516646740	S3-171644241,S3-606370858
S1-516673600	S2-308814946,S2-339579446,S2-846332415,S3-181364058,S3-351824025
S1-51675871	S3-287743212,S3-43311252,S3-819828963
S1-516892655	S2-263656807,S3-726247267
S1-516914537	S2-779616432,S2-785439195,S3-341232534,S3-985090752
S1-516935765	S2-753160403
S1-51696046	S2-319433903,S3-527740574,S3-880981441
S1-516975551	S2-352733279,S2-544314941,S3-940762704,S3-947547482
S1-517117304	S2-636387618,S2-91865381,S3-364817073,S3-70238597
S1-517118695	S2-665803577,S3-422811322,S3-804221697
S1-517202568	S2-824707948
S1-517272256	S2-155010209,S2-659457978,S2-66261901,S3-213525826,S3-59499518,S3-670954480
S1-517333114	S3-323152055
S1-517452809	S2-18151719,S2-661895145,S2-88743679,S3-393541769,S3-766735021
S1-51753713	S2-200082997,S2-386668888,S3-811910615,S3-976530251
S1-517561722	S3-193077323
S1-517656002	S2-805433505,S3-230973846,S3-401520491,S3-43339830
S1-517683305	S2-258719094,S3-475029927,S3-538952673,S3-919275552
S1-517718048	S3-762405306
S1-518247373	S2-187413645,S3-145104268
S1-518385859	S2-283583167,S3-27643093,S3-465047161,S3-687823918
S1-518545725	S2-83923618,S3-135798627,S3-364244626,S3-972339048
S1-5186327	S2-548915782,S3-795805024
S1-518839389	S2-270196890,S3-317765335,S3-419353795,S3-740558509
S1-518987614	S2-575713762,S2-633463476,S3-367043977,S3-430987079,S3-541436641,S3-824684643
S1-519011372	S2-216380911,S2-726225710,S3-374478893,S3-492239109,S3-69635121,S3-899443026
S1-519072499	S2-998610291
S1-519183090	S2-232679572,S2-726045308,S3-666888938,S3-941333290
S1-519206729	S2-347873221,S2-572540127,S3-297585142,S3-580779190
S1-51921085	S2-517067270,S2-656687070
S1-519328742	
S1-519547125	
S1-519548127	S2-3009505,S3-571677173,S3-892828851
S1-519630603	S2-60294010,S3-150254883,S3-328966193,S3-441613900,S3-826278538,S3-935786133
S1-519710472	S2-812923044,S3-287216,S3-857065839
S1-519712943	S2-211780442,S2-28936092,S3-282725737,S3-66950228
S1-51973329	S3-172202825,S3-291574538,S3-53884458
S1-519768485	S3-142079248,S3-208545283,S3-852201982
S1-519795175	S2-319992191,S2-324493650,S2-606962608,S2-870898636,S3-211040210,S3-512590498
S1-519812517	S2-846117696,S3-209429780,S3-492699983,S3-518274104
S1-519878511	S2-474740065,S2-665718299,S3-294396753,S3-815632334
S1-519896499	S2-59310459,S2-681105615,S3-31930571,S3-695029241,S3-731057786
S1-519951205	S2-759230434,S3-32754775,S3-353960379
S1-519973021	S2-710292320
S1-520013567	S2-904371335
S1-52007524	
S1-520380067	S2-429244031,S2-854535260,S3-258346030
S1-520459010	S3-418641335
S1-52052500	S2-988088249,S3-742218280
S1-52054281	S2-690041411,S2-927030238,S3-1336350,S3-256000545
S1-520576691	S2-11410475,S3-385302198
S1-520585861	S2-148936966,S2-230868003,S3-227091154
S1-520688521	S2-780521382,S2-889750204,S3-632485471
S1-520872046	S2-451563804,S3-378064183,S3-850262235
S1-520921993	S2-788479450,S3-751520196,S3-910807908
S1-520982788	S2-196857946,S3-183779399,S3-209119665,S3-245391063,S3-536343939
S1-521026477	S2-734396630,S3-520130814
S1-521322892	S2-457216418,S3-211811904,S3-678799065,S3-9872788
S1-521353163	S3-535964353,S3-558676216
S1-521413797	S2-142244456,S3-199091735
S1-521458401	S2-389947983,S2-40363498,S2-720708120,S3-49804313,S3-546652805,S3-550844652,S3-846939423
S1-521503919	S2-258210439,S2-272721598,S2-490878017,S3-608567797
S1-521560039	S2-695993350
S1-521687036	S2-596711197,S3-192298100,S3-429821870
S1-52180337	S2-331561950,S2-68909560,S2-833913510
S1-521884701	S2-329973894,S3-486839819
S1-521954556	S2-212826135,S2-606198072,S2-956736762,S3-6550220
S1-521987071	S2-825685441,S3-529400752
S1-522113264	S2-7679230,S3-627189015,S3-677013379
S1-522147537	S2-338073360,S3-224104624,S3-311998735
S1-522186597	S3-952230632
S1-522226892	
S1-522315583	S2-408263608,S2-504258612,S2-546218998,S2-830419844,S3-70691819,S3-919080502
S1-522528895	S2-795592811,S2-82469714,S3-513607841
S1-522537129	S3-210997352
S1-522596158	S2-84510255,S2-860753791,S2-943327103,S3-369255661,S3-594623622
S1-522995331	S3-402107084
S1-523025321	S2-337924239,S2-95682397,S3-177631447,S3-261037293,S3-94883190
S1-523041296	S3-189154967,S3-498112682
S1-523099624	S2-660541148,S3-5809212,S3-878079892
S1-523581447	S2-922315143,S3-277348173,S3-668045692
S1-523582511	S2-328884474,S3-729804800
S1-523658168	S2-446294352,S2-799411376,S3-129726482
S1-523674373	S2-581159943,S3-252114300
S1-523682412	S2-61825451,S2-703115194,S3-131048734,S3-528471074
S1-523733523	S2-700801986,S3-438394060
S1-523854072	S2-313899922,S2-431884093,S2-532027480,S2-752074730,S3-892600505
S1-52391592	S2-390211654,S3-134196902
S1-523974786	S2-263100487,S2-950334583
S1-52401741	S2-599452537,S2-967567068,S3-817137606,S3-907794421
S1-524084751	S2-762430078,S2-930822949,S3-95939324
S1-524096370	S2-179847545,S2-354896694,S2-750237062,S3-923691227
S1-52417798	S2-329676349,S2-366136113,S2-50523308,S2-604424690,S3-130772147,S3-723320857,S3-73536159,S3-747014118,S3-927233403
S1-524225188	S3-115859316,S3-183959729
S1-524288962	S2-185196851,S2-2188267,S2-614972473,S2-658374696,S3-111744523,S3-169695500,S3-460373711
S1-524455139	S3-247242480,S3-516226380
S1-524493862	S3-384698459
S1-524526704	S2-102161675,S2-824295531,S3-758974883,S3-921435251
S1-524840144	S3-146689487
S1-524919030	S2-994059927,S3-771327992,S3-859234490
S1-524951667	S2-491109593,S2-492054931,S2-768196280,S2-779458363,S3-571510255,S3-606271865,S3-874158445
S1-525027160	S2-169222919,S2-227202111,S2-743865975,S2-777437169
S1-525214604	S2-160223930,S2-888828925,S3-223046069,S3-818984713
S1-525252361	S2-228816035,S2-614660444,S2-999275690,S3-433494587,S3-525861756,S3-826549018,S3-975565484
S1-525605765	S2-560386842,S3-455835403
S1-525696388	S2-219326827,S2-748079665,S2-956745846,S3-4707922,S3-534819227
S1-525769323	S3-31106482,S3-455158289
S1-525850819	S2-411193578,S2-561103723,S3-986908157
S1-526063648	S2-191762408,S2-710206624,S2-996311327,S3-10920031,S3-869440155
S1-526190529	S2-372604627,S2-451567636,S3-313133493,S3-332490369,S3-575031464
S1-526197576	
S1-526396968	S2-558006833,S2-665115878,S2-942472497
S1-526460776	S3-240559714
S1-526482392	S2-923140807,S3-495219491
S1-52652794	S3-171021228,S3-382535507,S3-657803438
S1-526704556	S2-361754999,S2-60684242,S3-805768203,S3-929224291
S1-526716288	S2-301813326,S2-911982803,S3-148273007,S3-262644819,S3-503061742,S3-96473299,S3-971599589
S1-526717755	S2-296820778,S2-708971956,S2-883483102,S3-299717920,S3-699505126,S3-895941140
S1-526806586	S2-377388203
S1-52682573	S2-354790006,S2-807560550,S3-423380199,S3-767163228,S3-99673592
S1-526835600	S2-405700713,S3-502815275,S3-582171402,S3-716901860
S1-526978917	S2-828727580,S3-663231517
S1-527328101	
S1-52772877	S2-178716756,S3-684142321
S1-527867546	S2-221883543,S3-347570522,S3-744062866,S3-745306937
S1-528005005	S2-810167517,S3-615328513
S1-528333601	S2-218995991,S2-273073255,S2-589822508,S2-749705067,S2-795902316,S3-803149431
S1-528336024	S2-139405276,S2-803006285,S2-885743550,S2-904743800,S3-428944361
S1-528579785	S2-892237991,S2-930231166,S3-836956499,S3-996300503
S1-528580554	S3-874240974
S1-528614572	S3-168093377,S3-27292312,S3-634370791
S1-528640739	S2-579108866,S2-597758883,S3-479063383
S1-528709587	S2-279912981,S2-740498407,S3-726331827
S1-528869993	S2-62280854,S3-116404553
S1-528928547	S2-17614669,S3-101400181,S3-784146595,S3-823974965
S1-528945979	S2-306450392,S3-564042663,S3-587745237
S1-529030561	S2-468130725,S3-242364313
S1-529138338	S2-337434903,S2-427993802,S2-683714165,S3-36595651
S1-529141984	S3-64561495,S3-729826894
S1-529224205	S2-135570773,S2-263163429,S2-318896033,S2-81378213,S3-19329620,S3-263226149,S3-321946320,S3-596594416
S1-529296263	S2-956022766,S3-121456681,S3-334720519
S1-529334218	S2-574216619,S3-180967977
S1-529359399	S2-241223068,S2-52431759,S3-583617494
S1-529710246	S2-365036061,S3-762621162
S1-529823268	S2-680329566,S3-737593134,S3-741752145,S3-82878643,S3-983264574
S1-529952196	S2-639152911,S2-83532380,S3-123222256
S1-530068271	S3-445920124
S1-530087827	S2-208801361
S1-530155270	S2-302821477,S2-479393388,S2-991773354,S3-904400068
S1-530187331	S2-547917063,S3-184932301,S3-519117735,S3-762817480
S1-530292054	S2-680393095,S2-865966432,S3-107952044,S3-962261354
S1-530496673	S3-551193816
S1-530501885	S2-497750967
S1-530639460	S2-160221902,S2-765282118,S3-116575160,S3-619230254,S3-81271385
S1-530693944	S3-275128962,S3-329191712
S1-530787440	S2-632668096,S3-274633879
S1-530878502	
S1-530966759	S2-16703479,S2-909863156,S3-232760534
S1-531019800	S2-327388726,S2-839326622,S3-72952090,S3-904097224
S1-531035811	S2-726829234
S1-531107896	S2-577089889,S3-245654318,S3-707603412,S3-79513128,S3-951268820
S1-53117010	S2-541324003
S1-531293481	S3-28171939,S3-35367767,S3-800430690,S3-972025903
S1-531348974	
S1-531356632	S2-562115252,S2-769190539,S3-626237140
S1-531406118	S2-94894585,S3-251707758,S3-497305036
S1-531570254	S2-589118017,S2-738697539
S1-53160061	S2-111599452,S2-681550313,S2-861828161,S2-91530742,S3-839540108
S1-531660658	S2-546750610,S3-488712678
S1-531678758	S2-416451269,S2-851159882
S1-531690074	S2-242422619,S3-90648972
S1-531809282	S2-573402277,S3-108421481,S3-144514015,S3-572972822,S3-756215460
S1-531821671	S2-190105285,S2-416191553,S3-20767809,S3-250881591,S3-283160194,S3-361438421,S3-984131577
S1-531837855	S2-336884453,S2-402689406,S2-410214465,S2-632323311,S2-804048321,S3-798644208
S1-532023451	S2-153921787,S2-718836450,S3-544347843,S3-659332221
S1-532035113	S2-93653991,S3-263930243
S1-532209434	S2-305279620,S2-762375200,S3-794957167,S3-95629076
S1-532325191	
S1-5323375	S2-69006921,S3-202486151,S3-547911266
S1-532360490	S2-984126162,S2-98657324,S3-547541879,S3-990855440
S1-532538304	S2-231052811,S3-670952445,S3-957430117
S1-532552727	S2-176399777,S2-506072348,S2-609493326,S2-774804898,S3-960771356
S1-53267702	S2-806356897,S2-974450845,S3-558204111
S1-532777771	S2-508144670,S3-85682129
S1-532819632	S2-301477612,S3-643835756,S3-808268585,S3-966816565
S1-532964993	S2-309424552,S2-354133057,S2-37926855,S3-174486259,S3-420434882,S3-630665870
S1-532990420	S2-47795567,S2-5318889,S3-35256793
S1-533038199	S2-22833453,S3-878700108
S1-533202372	S2-716066595,S3-599173442
S1-533212689	S2-681916094
S1-533306969	S2-322211588,S2-399465351,S2-667705901,S2-798281099,S3-528398753,S3-705241381
S1-533366192	S3-360168398,S3-455659900
S1-533404387	S2-22248204,S2-225076391,S2-623858269,S2-852890602,S3-319990812,S3-452552770
S1-53348667	S2-725357421,S3-208590803,S3-658390935
S1-533520548	S2-47705533,S2-641557771,S3-657878322,S3-845540641,S3-877907506
S1-53356671	S2-453334141,S2-904412198,S3-996978203
S1-53369606	S2-16322950,S2-241027644,S2-576885332,S2-659926919,S3-476722711,S3-62467597
S1-53370780	S2-34052892,S2-363884386,S3-627430814
S1-533817128	S2-432677170,S3-213988904,S3-741303173
S1-53388664	S3-151970976,S3-262297294
S1-533936623	S2-91243853,S3-793686425
S1-533986314	S2-113947261,S3-341084142
S1-53407622	S2-147245787,S2-193083847,S3-289847329,S3-718908440
S1-534229336	S3-988712623,S3-992059780
S1-534291588	S2-303043430,S2-334729100,S3-365365182,S3-428433115,S3-632413554,S3-692529872
S1-534374829	S3-508768933,S3-656283142
S1-534427177	S2-383135524,S2-543784772,S2-931657723,S3-877409940
S1-534504837	S3-125051260,S3-618693071
S1-534594048	S2-359452567,S2-870974811,S3-339472103,S3-477379676
S1-534598667	S2-451639826,S2-494150322,S3-605478175
S1-534699451	S2-139660730,S2-254347243,S2-721185379,S2-785407529,S3-405473689,S3-869713840
S1-534799217	S2-642757383,S2-748937456,S3-14937058,S3-592869354
S1-534908249	S3-157443519
S1-534933201	S3-896028020,S3-938284160
S1-535302322	S2-593532504,S2-636759082,S3-6343910,S3-669051226,S3-776808110,S3-800359764
S1-53531780	S2-412482233,S2-889643433,S3-54850847
S1-535340304	S2-386482950,S2-720765888,S3-509859224
S1-535454615	S2-391766541,S2-710435384,S3-685519153
S1-535594135	
S1-535648096	S2-440784072,S3-125382422
S1-535656459	S3-58119359
S1-5357682	S2-242521842
S1-535792263	S2-352005273,S2-639744409
S1-535805954	S2-337497234,S2-706637298,S2-800567895,S3-588215021
S1-535873040	S2-110320107,S3-709786592
S1-535886508	S3-239794793,S3-681883685
S1-536006480	S2-258233839,S2-364212788,S3-176697396,S3-252364195
S1-536049489	S3-173620454,S3-332105316
S1-536236862	
S1-536247852	S2-196428853,S2-933398656,S3-142042782,S3-422046273
S1-536276365	S2-442283801,S3-486297945
S1-536332139	S2-188312066,S2-602289845,S3-973391465
S1-536414656	S2-101815437,S2-784738884,S3-134064777
S1-536438922	S2-570878514,S3-108551053
S1-536476434	S2-334453792,S2-854787424,S2-910362622,S3-345492495,S3-777960899
S1-536524919	S3-294919866,S3-401867320
S1-536605797	
S1-536615200	S2-306394656,S3-146547733,S3-716340658,S3-759518033
S1-536774777	S2-348396152,S2-502152295,S3-345659919,S3-365539244
S1-536795625	S2-658438294,S2-881253980,S3-144221047
S1-536990630	S3-674928541,S3-948996345
S1-537170947	S2-229498749,S3-439600087,S3-440775954
S1-53720588	
S1-537207462	S2-591064098,S2-831019819,S3-377583782,S3-581296443
S1-537252298	S2-715476943,S3-989331835
S1-537258022	S2-653699761,S3-678607085
S1-53737984	S2-635986627,S2-94437955,S3-170425538,S3-55908716,S3-637912941
S1-537637544	S3-269769066,S3-340480763,S3-475625732
S1-537649816	S2-178639372,S2-28139461,S2-942320690,S3-289717034
S1-537773444	S2-558010757
S1-537917628	S2-307894704,S2-468527741,S2-573306142,S3-526729454,S3-71984921,S3-879957826
S1-537969255	S2-511980696,S3-32982903,S3-469721379,S3-889439495
S1-538163795	S2-353042968,S3-594219020,S3-852588065,S3-901060684
S1-538186933	
S1-538210669	S2-267422322,S3-125863253,S3-198752568
S1-5382234	S2-300515121,S2-515544223,S2-655472702,S2-659155993,S2-708172587,S3-47475327,S3-627769033,S3-825687862,S3-870008529,S3-896179423
S1-538225479	S2-286925353,S3-241982431,S3-438742374,S3-539751243
S1-538398979	S2-40409322,S2-418951557,S2-725894034,S3-550898251
S1-538417393	S2-521338632,S2-889389380,S2-948056837,S3-493844116,S3-752826403,S3-999715859
S1-53848845	S2-228565340,S2-324562381,S2-774544293,S3-543921944,S3-76782539
S1-538575704	S2-302199102,S2-945806633
S1-538586549	S2-345417121,S2-520942847,S3-275793843
S1-538670874	S2-516014007,S3-705538473
S1-538761824	S2-428535145,S2-624955897,S2-7786079,S3-397605679,S3-838941180
S1-538886120	S2-18352546,S3-581289091,S3-616807505,S3-936166955
S1-539022076	S2-279982989,S3-228572531,S3-364342956
S1-539160111	S2-516598071,S2-60093469,S2-882779677,S3-147571624,S3-477413208,S3-921870174
S1-539167740	S2-886080703,S3-882185586
S1-539209837	
S1-539267438	S2-772280825,S3-97891762
S1-539360652	S2-419628755,S2-540940810
S1-539368599	S2-952228398,S3-853642458
S1-539393398	S3-837947053
S1-539586391	S2-149544096,S3-501288665
S1-539741486	S2-278881790,S2-457077718,S2-973043212
S1-539831584	S2-116964376,S3-501950744
S1-539832695	S2-373359779,S2-688301012,S3-561348742
S1-539858888	S2-226551273,S2-315032232
S1-539861824	S2-419646222,S2-637188478,S2-82841792,S2-833799272,S3-85327151,S3-973560135
S1-539871988	S2-806205158,S3-123995228,S3-151412421
S1-540194151	S2-613555444,S3-868416794
S1-540325970	S2-299510588,S2-449260253,S2-621963804,S3-245435541,S3-367770737,S3-437925854
S1-540359251	S3-902275967
S1-540486306	S2-261792187,S2-740043,S3-761191119,S3-878753461
S1-540502114	S2-144621488,S3-373399493
S1-540629228	S2-37812404,S2-465654361,S3-902169549
S1-540729585	
S1-54079202	S2-279010020,S2-380528124,S3-316791040
S1-540838400	S2-447451278,S3-309444899,S3-394409758
S1-540952154	S2-434299521,S2-589674210,S2-63058261,S3-343186971
S1-541184404	S2-790140329,S2-966828160
S1-541476514	S2-443796435,S2-649106132,S3-49145501,S3-926459060
S1-541500213	S2-605975670,S3-356870816,S3-435241008,S3-525071082,S3-951281805
S1-541528966	S2-275429037
S1-541564331	S2-806307778,S2-927829469,S3-635065272
S1-541785695	S2-280777255,S3-24651872,S3-755165934
S1-541843420	S2-9324554,S3-644794805
S1-54192434	S2-976550282,S2-987626310,S3-192786327
S1-542054414	S2-687590079,S3-405895997,S3-607896509,S3-882310784
S1-54206496	S2-683662713,S3-243248895,S3-588942763,S3-727169671,S3-87055120,S3-92390245
S1-542067369	S2-928916268,S3-204796287,S3-244028844
S1-54213473	S3-437755178,S3-788147226
S1-542154393	
S1-542308100	S2-558116376,S3-231061342,S3-713486237
S1-542316559	S2-300844188,S2-32100872,S3-113350099
S1-542318652	S2-359605420,S3-157062437,S3-68671888
S1-542362386	S3-859540000,S3-909337052,S3-998017573
S1-542407771	S3-100070397,S3-400891158
S1-542468704	S2-937309490,S2-999593762
S1-542485858	S2-613201642,S2-716842696,S3-344743622,S3-98432893
S1-542541927	S2-544617095,S2-751203036,S2-919727142,S3-131071241,S3-251027205,S3-855405151
S1-542587340	S2-221468144,S2-974421684,S3-539902485,S3-825492171,S3-839990684
S1-542660285	S2-44117246,S2-780251836,S3-267911465,S3-589103053
S1-542852833	S2-225740273,S2-548363514,S3-503950732,S3-84893637
S1-542856313	S3-754736847
S1-543104487	S2-285251440,S3-995692803
S1-543175571	S2-572742271,S3-284076758,S3-381669024,S3-400327597,S3-609122149
S1-54317748	S2-578900977,S3-277256735,S3-54197954,S3-648250719,S3-931545371,S3-93467202
S1-543210246	S2-411618293,S3-528949424
S1-54330789	S2-764037640,S2-854716704,S3-15147072,S3-578068939,S3-718751697,S3-961946823
S1-543366561	S2-870176945,S2-910319125,S3-102253728,S3-193250472,S3-195891828,S3-488805029,S3-897303553
S1-543453681	S2-452193877,S3-239619651
S1-543512477	S2-886526074,S3-49002194
S1-543537342	S2-568466813,S3-227038644
S1-543568304	S2-868167205,S3-65365167,S3-751761145
S1-5436180	S2-649425381,S3-478160048,S3-848293230
S1-54383817	S2-121279275,S2-268854853,S2-487650744,S2-926112367,S3-29039332
S1-543855497	S2-256590237,S3-445068823,S3-906189105
S1-544157026	S2-575180623,S2-768986000,S2-869210130,S3-37151677
S1-544185291	S2-122382201,S2-304408299,S3-689491235
S1-544342798	S2-436807197
S1-544367946	S2-794157021,S3-486266912,S3-939054480
S1-544555328	
S1-544585107	S2-146057469,S2-750951384,S3-487846649,S3-831314773,S3-939280737
S1-544679363	S2-110900511,S2-869604820,S2-992226265,S3-614003177
S1-544854581	S2-401967019,S2-440350533,S2-705907371,S3-188180690,S3-873890197,S3-925762732
S1-545027650	S2-288702254,S2-332777881,S3-395086851
S1-545045358	S2-974556758,S3-674698382
S1-545066663	S2-432525479,S3-22844075
S1-54507352	S2-115164664,S2-213738323,S2-312057382,S2-815452192
S1-545139894	S2-157174482,S2-566669662,S2-909191843,S3-155540639,S3-965502726
S1-545210025	S2-592903177,S2-632272610,S3-182376311,S3-706415193
S1-545228458	S2-365281592,S2-552469310,S3-303802505,S3-681438654
S1-54529870	S2-176822421,S2-266960503,S2-463498163,S2-797257293,S3-562158933,S3-918867188
S1-545308444	S2-552943916,S3-196794805,S3-447268244
S1-54532971	S2-845238183,S3-224385056,S3-276153134,S3-489769355,S3-502552821
S1-545370512	S2-389720379,S3-411785090,S3-533920971,S3-677243588
S1-545415383	S2-169456068,S2-31148872,S2-511961591,S2-613859819,S2-740628356
S1-545479624	S2-630495100,S3-137250621,S3-328105610
S1-545773475	S2-470249570,S2-701960136,S3-256235183,S3-871210099,S3-911474866
S1-545789017	S2-487620017,S2-786900870
S1-545809591	
S1-54581360	S2-607703909,S3-386730191
S1-545900392	S3-642984412
S1-545903784	
S1-545957447	S2-288119552,S2-429637778,S2-792764596,S3-264992045,S3-387704529,S3-639882451,S3-742217101
S1-546299332	S2-922862284,S3-774550761
S1-546339241	S2-161483830,S2-455834114,S3-168421064,S3-329183953,S3-652266805
S1-546344364	S2-921534171,S3-417592786
S1-546440538	S2-690932759,S3-243834574,S3-333068469
S1-546700909	S2-43303265,S2-449921182,S3-280952629
S1-546709626	S2-358290457,S3-482702788,S3-690319794,S3-819729158
S1-546713125	S2-321798343,S3-396830798
S1-546740592	S2-2659219,S2-520839915,S2-563359242,S2-574973829
S1-54687125	S2-244258659,S2-659250737,S2-758624409,S3-584210920
S1-546877187	S2-454301334,S3-756690102
S1-546882324	S2-280054842,S2-411645746,S2-476129223,S2-775267537,S3-209232240,S3-258705389,S3-881948506
S1-54692662	S2-855097923,S3-174977518,S3-682788715
S1-547000297	
S1-547066735	
S1-547083578	S2-724993123,S3-126586033
S1-547096546	S2-497605216
S1-547315193	S2-184254545,S3-387625598
S1-547587317	S3-524800257,S3-662289375
S1-547989908	S2-650239418,S3-176585084,S3-347238112,S3-721398649
S1-548142568	S2-190703271,S2-405492732,S2-67668795,S3-240645118,S3-257884328,S3-910076985
S1-548198501	
S1-548225273	S2-196696844,S2-623261222,S3-156578035,S3-795949384
S1-548244762	S2-209507573,S3-507418772,S3-602882023
S1-548488783	S2-250469958,S2-458847301,S3-541232592,S3-934072180
S1-548520932	S2-523790477,S2-88183560,S3-660497082
S1-548542840	S2-474354542,S2-64740154,S2-672608982,S2-931856933,S3-157929221
S1-548576225	S2-795730772,S3-551051182,S3-565726986,S3-780125339
S1-548647979	S2-882161857,S3-137726151,S3-478079733,S3-606719040,S3-628400274,S3-69413413,S3-850888444
S1-548791759	S2-973201092,S3-182770463,S3-470839242,S3-524673493
S1-54883032	S2-172805565,S2-970409247
S1-548983258	S3-232707450
S1-548993013	S2-939347620,S3-621939656
S1-549126346	S3-407459061,S3-61974326
S1-549155995	S2-708912866,S3-709496772
S1-549305063	S2-120236266,S2-653673679,S3-252694332,S3-289542669,S3-654193007,S3-768585252
S1-549392717	S2-576114785,S3-336497873
S1-549463542	S2-196067008,S3-35452843,S3-60614408,S3-891410786
S1-549608826	S2-148990843,S2-969681758,S3-501051496
S1-549657889	S2-313246395,S2-937909988,S3-849647747
S1-549758490	S2-145313016,S3-540087922,S3-754549411
S1-549911642	S2-610937907,S3-574540892
S1-550008351	S3-292407931,S3-322129402,S3-486266427,S3-771421595
S1-550156875	
S1-550186413	S2-695357996,S2-848325060,S3-225828108,S3-833537773
S1-550387012	S2-164844572,S2-517342467,S2-857670670,S3-347706778
S1-550428021	S2-419510875
S1-550555994	S2-235012179,S2-515453022,S3-703267279
S1-550565318	S2-750871496,S2-863201582,S3-53659530,S3-664348979,S3-73857426,S3-887214572
S1-550565480	S3-338091795,S3-632927246,S3-841171702
S1-550577251	S2-790718540
S1-550892861	S3-586502430,S3-688412239,S3-981447265
S1-551038182	S3-729492859
S1-551040441	S2-672365374,S3-33418012,S3-601506648,S3-95315775
S1-551197775	S2-423501316,S2-917844263,S2-981372647,S3-269443635,S3-4401568
S1-55120945	S2-840591741,S3-583278097,S3-679177433,S3-941686559
S1-551223749	S2-418574039,S3-276392245,S3-703777518
S1-551237487	S2-905765420,S3-484728686,S3-744600365
S1-551311684	S2-244783643,S3-773273595
S1-551425716	S2-513709464,S2-728345075,S2-960261625,S3-546576241,S3-926527365
S1-551562062	S2-440713640,S2-611646363,S3-29887321
S1-551566906	S2-287176002,S2-951597188,S3-60871498,S3-660680386
S1-551755941	S3-983122074
S1-551826817	S2-130336702,S3-718270291
S1-552010094	S2-577440822,S2-762699695,S3-466902227
S1-552049007	
S1-552235494	S2-100177599,S2-976945451,S3-230280837
S1-552307449	S3-320040626,S3-322398081
S1-552391945	S2-264826083,S3-274976685
S1-552647057	
S1-552702270	S2-107497901,S2-233600209,S3-559103550
S1-552758726	S2-16258291,S2-264435279,S2-749725244,S3-17415154
S1-552845229	S2-271190729,S2-672776198
S1-552984143	S2-715564481,S2-811776415,S3-418633486
S1-553017514	S2-473734566,S2-590705255,S3-54027748,S3-582961919,S3-969503317
S1-553133468	S2-481332324,S2-778026678,S3-309969589,S3-653329811,S3-997393637
S1-553184023	S2-785031597,S3-115034342,S3-178234352,S3-507150345,S3-975032766
S1-553220796	S2-254112969,S2-453288832,S3-638358088
S1-553295585	S2-255916,S2-290069644,S2-74403996,S3-496919431,S3-936269552
S1-553370062	S2-913194495,S3-739820072
S1-553418013	S2-167382466
S1-553440363	S2-205040258,S3-129225523,S3-299177136
S1-553621106	S3-382861036,S3-482005679
S1-553636348	
S1-553977197	S2-690782043
S1-554008436	S2-551080156,S2-969001667,S3-761542705,S3-925032136
S1-554041299	S3-804213499
S1-554293619	
S1-554333806	S2-701260623,S3-265187867,S3-339096238
S1-554479660	S2-136027334,S2-24363592,S2-825035376,S2-844924743
S1-554635539	S2-607146845,S2-817681656,S2-918550429,S3-701337784
S1-554699540	S2-280759262,S2-491560267,S3-219807391
S1-554931628	S2-107243986,S3-227432972,S3-27541686
S1-555070511	S2-705087584,S3-228509340
S1-555429107	S2-306072043,S2-374150020,S3-280549856,S3-623055856,S3-924819059
S1-555804385	S2-238550052,S2-350846596,S3-546293698,S3-885617528
S1-555831001	S3-496214273,S3-844669694
S1-555911004	
S1-55594665	S2-240736654,S2-328367051,S2-55535456,S3-725059369
S1-556082925	S2-620488791,S3-611296136
S1-556362249	S2-842687201,S2-91089810,S3-873362365
S1-556500584	S2-104339118,S2-624719434,S2-995500854
S1-556566315	S3-194729662,S3-294202227,S3-793373126
S1-556618088	S2-157186561,S2-502197358,S2-910122686,S3-208106622,S3-741278576
S1-556646501	S2-398157870,S2-67520398,S2-935267516,S3-276722664
S1-556674117	S2-223190098,S2-50226053,S2-535604697,S3-125055008,S3-320493599,S3-574486931,S3-976218867
S1-556723548	S2-48081256,S2-650505652,S2-777370407,S3-459130661
S1-55673572	S2-531447704,S3-359640330,S3-678656233
S1-556802804	S2-443847,S3-26455559,S3-794432626,S3-811084843,S3-982605299
S1-556914366	S2-684306913,S2-877205039,S3-246046758,S3-296869734,S3-415247461
S1-557022390	S2-480964368,S3-545968728
S1-557030494	S2-448829028,S2-847577821,S3-849649,S3-868935544
S1-55707786	S2-12522325,S2-396816520,S2-475071956,S2-853314022,S3-605270853,S3-625059142
S1-557144594	S3-587994843
S1-557318367	S2-374563400,S3-110751511,S3-188460352,S3-88232641
S1-55732863	S2-103838113,S2-737483383,S3-426798267
S1-557404949	
S1-557643925	S2-55250173,S2-975557814,S3-34305343,S3-588146175
S1-557851921	S2-234957810,S3-927311050
S1-557886640	S3-263391306,S3-810599306
S1-557896229	S2-338373593,S2-473019444
S1-557926513	S2-351696096,S2-485760414,S2-494174684,S3-174262035,S3-199968715
S1-557929338	S3-298727946,S3-5841837,S3-764363178,S3-88294615,S3-900228903
S1-557974043	S2-865412758,S3-59329297
S1-558100976	S2-71242072,S3-935883652
S1-558136934	S2-241534277
S1-558155386	S2-256054127,S2-60041137
S1-558366230	S2-417431328,S2-83475843,S2-986183999,S3-217245184,S3-240456203
S1-558526383	S2-373149567,S2-767912878,S3-370976882
S1-558621707	S2-20525122,S2-206836022,S2-588156225,S2-810347788,S3-296985848,S3-625854938
S1-558636660	S2-176831874,S3-202278287
S1-558944331	S3-148049411,S3-148312969,S3-695475801,S3-993052002
S1-558948767	S2-386066488,S2-777525236,S3-427405742,S3-65231181
S1-559084194	
S1-55918052	S2-290977833,S3-621518087,S3-626198626,S3-646412327
S1-559212071	S3-204573748,S3-754788930
S1-559388448	S2-591148884,S2-75027487
S1-559395449	S2-36478380,S3-21736943
S1-559584392	S2-41781713,S3-282997129,S3-890829936
S1-559631471	S2-666715650,S2-765538446,S3-61927957
S1-559635263	
S1-559756744	
S1-559839272	S2-107030510,S2-655982991,S2-754373529,S2-928818499,S3-189972221,S3-197944095,S3-513816236,S3-804335226
S1-559956372	
S1-560072773	S2-979505709,S3-279231925,S3-681981426,S3-868378713
S1-560238936	S2-205289991,S2-53170622,S2-936113490,S3-659347195
S1-560356893	S2-110493549,S3-322670419,S3-326210859,S3-620393847,S3-912014370
S1-560401807	S2-462421669,S2-631791008,S3-267328914
S1-560881393	S2-164955426,S2-979524427,S3-191378923,S3-668420643,S3-70245431,S3-928401381
S1-560917498	S2-121523034,S3-129468443
S1-560943552	S2-338985621,S2-774763499,S3-302440145
S1-561036116	S2-224448983,S2-237957834,S2-327412575,S3-400729578,S3-991034799
S1-561055789	S2-265880418,S2-872838268,S3-117557989,S3-527429482,S3-659138097
S1-561118340	
S1-561133566	S3-456403883,S3-666425190,S3-708732728,S3-821524379
S1-561259085	S2-230169022,S3-32818822,S3-939560057
S1-561297570	S2-368426551,S2-378210174,S3-18470010
S1-561408305	S2-720536698,S2-771073989,S3-854509277
S1-561467785	S2-508321025,S2-977679931,S3-615142369,S3-940350741
S1-561502928	S2-203644440,S2-749388460
S1-561549268	
S1-561586777	S2-869276217,S3-663244132,S3-835754647
S1-561619275	S2-252811837,S2-758860892,S3-428620569,S3-691433035
S1-561668452	S2-538451168
S1-561690473	S3-190053839,S3-984350408
S1-561693854	S3-238243242
S1-561700518	S2-381847535,S3-344711380,S3-801458167
S1-561838028	S2-88670656,S3-716078209,S3-756534891,S3-815744259
S1-561902846	
S1-561920370	S2-261623632,S2-578267519,S3-365843280,S3-94259040
S1-561944787	
S1-562065927	
S1-562093161	S2-697965125,S3-107654105,S3-152839714
S1-56223359	S3-515993322,S3-821824295,S3-926850766
S1-562275587	S2-561654076,S2-99294221,S3-448457548,S3-575547954
S1-562333701	S2-734629377,S3-48292197,S3-836646963,S3-854710630
S1-562399566	S2-430089816,S2-52466718,S3-308902727,S3-416178529,S3-478044386,S3-789887729
S1-562561715	S2-547913269,S2-68419298,S3-102890484,S3-166742744,S3-336403842,S3-35652962
S1-562577019	S2-689947323,S2-945640376,S2-995992542,S3-340938944,S3-451885839,S3-867100595
S1-562760036	S2-102517503,S3-101039214,S3-675059897
S1-562893956	S2-507841515,S3-96199565
S1-56293059	S2-126052908,S2-49453022,S2-548228695,S3-242583540,S3-818499553
S1-563242756	S2-99485886,S3-202869333,S3-662424833,S3-719742314
S1-563327750	S2-848235055
S1-56336349	S2-596100333,S2-73610432,S3-591564181,S3-741089505
S1-56344362	S2-393543093,S2-629120693,S3-363757381,S3-47405023
S1-563648342	S2-150842299,S2-510071944,S2-592528491,S2-757083616,S3-140726680
S1-563951833	S3-15466933,S3-916040778
S1-564306044	S2-585993612,S2-878276854,S3-588909202
S1-564350418	S2-786602541,S3-335890643,S3-739187096
S1-564528155	S2-156120291,S2-39728646,S2-860181323,S2-987205319,S3-236628511,S3-310878632,S3-494823792,S3-606643333,S3-643665366
S1-564543883	S2-315427422,S2-649968282
S1-564547318	S2-434134139,S3-302064949
S1-564866099	S2-443695182,S2-711535227
S1-565041778	S2-713196562,S3-119330380,S3-131174034
S1-565096950	S2-78201788
S1-565123271	S3-134408281,S3-656576484
S1-565257820	S2-307614096,S2-646545526,S3-500638834
S1-565275461	S2-27408437,S3-418098499,S3-984345301
S1-565476630	
S1-565521095	S2-323659952,S2-722292535,S2-945618796,S3-255529792,S3-653480618
S1-565640973	S2-304356131,S2-856615845,S2-858587254,S3-646068701,S3-702721901,S3-750300546,S3-991174374
S1-565691237	S2-262524850,S2-468586459,S2-519630732,S2-522872056,S3-166696133,S3-209102980,S3-404737658,S3-466515516,S3-586535428
S1-565760796	S2-955138923,S3-768320603,S3-812620604
S1-56577780	S2-37915192,S2-515806543,S2-721905876,S3-451635516
S1-565931399	S2-131269282,S2-827582166,S2-859760558,S3-344406745
S1-565944	S2-431972162,S2-516978121,S3-617253007,S3-690142204,S3-894833951
S1-566033416	S2-512174615
S1-56622125	S2-644437072,S3-279812093
S1-566401826	S3-478594857
S1-566616476	S2-179349930,S2-462123387,S2-479118197,S2-886115116,S3-381542585,S3-449495875
S1-56670121	S2-910129762,S3-402023353,S3-410201261,S3-423725550
S1-566800675	S2-973576451,S3-934338052
S1-566832963	S2-147329901,S2-68020071,S3-584531726,S3-681762606,S3-760666632
S1-566870028	S2-722175770,S3-161283242
S1-566917919	S2-561426618,S3-348241470
S1-566956963	S2-857078222,S3-384569332,S3-961234608
S1-567037715	S2-505533680,S2-847686964,S2-973352135,S3-756429764,S3-857732655
S1-567114272	S2-386816771,S2-563854156,S2-762471064,S3-926221740
S1-567156959	S3-175732936,S3-861069817,S3-872182834
S1-567255094	S2-100083378,S3-145203373
S1-567285306	S2-738123558,S3-216962560,S3-22908207,S3-42828091,S3-519539572,S3-850765363
S1-567304894	S3-163375297,S3-916101112
S1-567612121	S3-357387976,S3-993660399
S1-567620037	S2-667155781,S2-923792874,S3-297361717,S3-946741559
S1-567729937	S2-205271663
S1-567831861	S2-978417211,S3-338112715,S3-856208779
S1-567974440	S2-431425899,S2-445993060
S1-568003898	S3-151174731
S1-568064153	S2-1033113,S2-374420672,S3-101795103,S3-724570897,S3-823121914,S3-979400450
S1-568104900	S2-825251260,S3-327559435
S1-568180949	S2-123320322,S2-715468932,S2-76751803,S2-834204830,S3-244712028,S3-257206942
S1-568219575	S2-16011126,S2-869303449,S3-82241290
S1-56827242	S2-648099348,S2-886436644,S3-346114497
S1-568479597	S2-495569958,S2-861877630,S3-105600833,S3-784191187
S1-568565453	S2-41943099,S3-555098324,S3-628599815,S3-924672069
S1-56861799	
S1-568659830	
S1-56880127	S2-731469622,S3-396973697,S3-728884638
S1-568861685	S2-702433127,S3-213111418,S3-455789056,S3-742837485
S1-56887204	S2-259457701,S2-82340467,S3-272615849,S3-633011812
S1-568879147	S2-955775698,S3-461914844
S1-569125455	S3-244127419
S1-569189762	S2-199816902,S2-845859496,S2-954497984,S3-186152905,S3-599887272,S3-690609171
S1-569193611	
S1-569271531	S2-459728456,S3-212595573
S1-569444598	S2-39813938,S2-65900324,S3-834675129
S1-569535373	
S1-56989020	S2-192857282,S2-52372336,S2-775525047,S2-853245626,S3-142867134
S1-56998403	S2-329661022,S2-524041974,S3-489634292,S3-794790692
S1-570072717	S2-509214166,S3-453399514
S1-570087160	S3-696417274
S1-570121120	S2-271614379,S2-959452571,S3-469781692,S3-967361993
S1-570483177	S2-524781240,S3-10017329,S3-916341293
S1-570505903	S2-335129895
S1-570508363	S3-404053013,S3-764464316,S3-852171945
S1-570622431	
S1-570699770	S2-487506188,S2-620961950,S3-35398030,S3-365568526,S3-69126763,S3-857586440
S1-570779616	S2-676967940,S2-811637767,S3-308498438,S3-308550192
S1-57095223	S2-721223493,S2-779852579,S3-344613587
S1-570993238	S2-356467925
S1-57115279	S3-917036237
S1-571266030	S2-319681733,S2-714684684,S2-927041056,S3-921711812
S1-571280878	S2-522401882,S3-615273062
S1-571621888	S2-719031526,S3-707984440
S1-571637448	S2-432288646,S3-110644268,S3-127029157
S1-571638310	S2-18548998,S2-201956908,S3-587891896
S1-571794759	S2-158634485,S3-219592769,S3-303667030,S3-950902102
S1-571811295	S2-652316271,S2-74977557,S3-256919041,S3-54564734,S3-858037582
S1-571861038	S2-82917450
S1-572003471	S2-435257610,S2-580362936,S3-482017438
S1-572037718	S2-277184794,S2-488290505,S2-614495673,S2-743586614,S2-931100139,S3-785613,S3-849273945
S1-572069678	S2-141205683
S1-57216413	S2-721220410,S3-577439743,S3-936226011,S3-974971129
S1-572269345	
S1-572277104	
S1-572439010	S2-328719204,S2-377601591,S2-378180578,S3-198290484
S1-572584202	S3-930036387
S1-572624992	S3-745116639,S3-986277364
S1-572713208	S2-777134710,S3-289097275,S3-453579729,S3-828409110
S1-57272176	S2-427511930,S2-804565969,S3-381677854,S3-958849232
S1-573095143	S2-472555704,S2-556475222,S2-628380473,S3-813694594
S1-573095401	S2-260814492,S2-745224915,S3-463600183,S3-549107995
S1-573167741	S2-237635399,S2-715160489,S3-213963694,S3-659375646,S3-773699483,S3-850666517
S1-57318944	S2-528271968,S3-410260120,S3-649940568
S1-573198582	S2-166487182,S2-202128301,S2-98872189,S3-562968670
S1-573274554	S2-279797159,S2-31020812,S3-34943526,S3-894252323
S1-573284006	S2-109271466,S2-507089114,S3-144295663,S3-488712994
S1-573344512	S2-240582895
S1-573379757	
S1-573499383	S2-665914441,S2-814513399,S3-550831767
S1-573712280	S2-199336034
S1-573982555	S2-146615180,S2-217492736,S3-959115703
S1-574077637	S2-420917769,S3-207379161,S3-529588497
S1-574203832	S2-192516951,S3-905510526,S3-954264633
S1-574248213	S2-861108646,S2-92088880,S2-986299063,S3-203547660,S3-3653243,S3-844175103
S1-574597330	S2-353486049,S3-580335535,S3-619531009,S3-745396525
S1-574627029	S2-141296839,S2-271227165,S2-517508142,S2-575147641,S3-11548681,S3-150387642
S1-574664271	S2-869540806
S1-574771710	
S1-574964449	S2-42921634,S3-945044329
S1-57503264	S2-19632250,S2-989460934,S3-74191358
S1-575068211	S2-430057506,S2-501523805,S2-676766588,S3-518591553,S3-622951762,S3-830140421
S1-575219480	S2-180644777,S3-148576196,S3-309571856
S1-575318069	S2-278101029,S3-658507734
S1-57534102	S2-619184223,S3-163652690,S3-411549622,S3-870224736
S1-57552732	S2-369330503,S2-719440583,S2-971719998,S3-316417004
S1-575638136	S2-60006798
S1-575808267	S2-23393760,S2-393812427,S2-447188195,S2-580242782,S3-689646406
S1-575839968	
S1-575854731	S2-118006984,S2-305576814,S3-107948505
S1-576029367	S3-97356986
S1-576155282	S3-442129848,S3-914031013,S3-91975178
S1-576268925	S2-592943599,S2-904419542
S1-57637491	S2-193298379,S2-525676841,S2-759283565,S3-278651471
S1-576390677	S2-137390651,S3-399103792
S1-576472613	S2-110232027,S2-417471624,S2-436615618
S1-576489369	S2-130718761,S3-827784268
S1-576520237	
S1-576574556	S2-813815483,S2-996824496,S3-145537714,S3-839728376
S1-576626541	S2-535743421,S2-750495391,S3-331896170
S1-576675786	S2-57959166,S2-935723815,S3-329769899,S3-899559986
S1-576695490	
S1-576698243	S2-672189845,S3-822348376
S1-576824988	S2-612378663,S3-219371315,S3-434312949
S1-57693310	S2-150232100,S2-571846710,S3-249922964
S1-576935896	S2-952298008,S3-384950804
S1-576971445	S2-696039105,S3-743812640,S3-759003891,S3-90329182
S1-577197105	S2-375802250,S2-864728076,S3-107643198,S3-929475235
S1-577318470	
S1-577389825	S2-117308469,S2-441284593,S2-868542760,S3-261717023,S3-905492249
S1-577456739	S2-473188119
S1-577483087	S2-33008362,S3-846813935
S1-57760700	S2-278059830,S2-451505674,S2-957107269,S3-444139920,S3-903352447
S1-577671880	S2-137438435,S2-851973305,S2-855973817,S3-764959708
S1-577676560	S2-305675881,S2-472638175,S3-737550057
S1-577710053	S3-282404267
S1-577714788	S2-261786288
S1-57780742	S2-520545633,S2-99032502,S3-410657710
S1-577817081	S2-145598186,S2-478595488,S2-768684638,S3-899537273
S1-577845628	S2-588906924,S3-549304653,S3-633667355
S1-577865039	S2-828275625,S2-973062101,S3-105124349,S3-896748400
S1-577893248	S2-402007244,S2-800962351,S2-918712436,S2-940435380,S3-779119588
S1-577903375	S2-103207164
S1-578028970	S2-419645884,S3-369714721,S3-761884030,S3-836771026
S1-578122118	S2-684271506,S3-546807751
S1-578141853	S2-161321225,S3-313550216,S3-418394027,S3-471970157,S3-585314908
S1-578377767	S3-311415093
S1-578385106	S2-277847380,S2-556762821,S3-157016061,S3-378328933
S1-578462545	S2-791670382,S3-460798716,S3-979569531
S1-578489461	S2-201332624,S3-34331766,S3-632316688,S3-777174837
S1-578649144	S2-512686152,S3-401612964,S3-77121445
S1-578684257	S2-245007897,S3-253522647,S3-570685783,S3-707176533
S1-578716931	S2-382846011,S3-475203507
S1-579118731	S2-656703319,S3-151262119,S3-278984152,S3-47955274,S3-624514731
S1-579162503	S2-745543085,S3-465743171
S1-579173032	S2-182569287,S3-843511235
S1-579271392	S2-485201445,S2-597899212,S3-173757109,S3-277336063,S3-737701202
S1-579272896	S2-679244582,S3-224071454,S3-404726979,S3-428137550
S1-579303289	
S1-579314410	S2-126230309,S3-741222361,S3-806206859,S3-939233594
S1-579420182	S2-567447321,S2-657806735,S3-186530234,S3-286098845,S3-548065139,S3-913972538
S1-579502998	S3-560869129
S1-579620628	S2-486347935,S2-549375459,S3-457191681,S3-998354405
S1-579760213	S2-818280883,S2-884740644,S3-486639650,S3-78598291
S1-580063367	S2-592991684,S2-671436092,S2-812526464,S3-468933080
S1-580139448	S2-608842475,S3-513774169
S1-580181519	S2-13748469,S2-87056126
S1-580272158	S2-145516103,S3-361681105,S3-405883436,S3-66883254,S3-674574627
S1-580379341	S2-211535992,S2-430332176,S2-881659552,S3-188129705,S3-31662325,S3-344641523,S3-998211678
S1-580454506	S2-57863168,S2-896182065,S3-607545258
S1-580466136	S2-677619502,S2-72345254
S1-580487024	S2-150860029,S2-206574797,S2-345190920
S1-580800137	S2-267410377,S2-533435609,S2-661387015
S1-580893806	S2-553181905
S1-58108065	
S1-581221717	S3-505864903
S1-581388698	S2-682157142
S1-581514083	S2-301173013,S3-286495091,S3-941232720,S3-957846087
S1-581536346	S2-329266066,S2-444929711,S2-549335996
S1-581548241	S2-846562205,S3-185503586,S3-822969939,S3-88176614
S1-581773108	S2-601877511,S3-360550706,S3-438706799
S1-581898729	S2-877804964,S2-885578240,S3-622548135,S3-653401856
S1-581915034	S2-829312842,S3-401689579,S3-545399529,S3-999419517
S1-58199513	S2-606306453,S3-314025588
S1-58210615	S2-409434144,S3-231307372,S3-725085960,S3-963745606
S1-582291131	S2-307816156,S2-862211802,S3-568516129,S3-928285127
S1-582421540	S2-301089105,S2-534742785,S3-105512424,S3-622009073
S1-582482794	S2-136526581,S2-756551026,S2-778728184,S3-219801149,S3-776616755,S3-804438469,S3-955818485
S1-582646889	S3-278183886
S1-582700883	S3-127720698
S1-582738438	S2-125782144,S3-682779526
S1-58286748	S2-131948466,S2-137333949,S3-28522865,S3-510272608
S1-582868040	S2-184654564,S3-361196228,S3-72356361
S1-583145894	S2-286072895,S2-718468373,S3-436986669,S3-859783064
S1-583169259	S2-137810465,S2-235433556,S2-728597149,S3-406166261,S3-541801669
S1-583199466	S2-376987446,S3-980909820
S1-583235509	S2-871708551,S2-902311405,S3-332964612,S3-542916569,S3-581445930
S1-583364793	S2-825128553,S3-551628164
S1-583422276	S2-82721963,S3-640884162,S3-865651263
S1-58347643	S3-688612267
S1-583546197	S2-20563233,S2-401609439,S2-682551824,S2-747710392,S3-450770033
S1-583639746	S2-35466352,S2-752003290,S3-337160288,S3-911053206
S1-583778633	S3-420723900
S1-58402389	S2-161413200,S2-188723820,S2-243996492,S3-134556965
S1-58404501	S2-132388,S2-44546702,S2-60943917
S1-584120096	S2-111864374,S2-459760658,S2-590145852,S3-92165108
S1-584121250	S2-833835071,S2-977274062,S3-174936848,S3-694905172,S3-805963150
S1-584242163	S2-559616840,S2-769743938,S3-64952755
S1-584383682	
S1-584437620	S2-508262152,S3-14168554,S3-719143421
S1-584576620	S3-688349549,S3-853767728
S1-584702004	S2-477275499,S2-487302839,S3-489340524,S3-605205055,S3-670209395
S1-584801077	S2-213684229,S3-799821236
S1-584878591	S2-534125408,S3-444259257,S3-886412554
S1-585088276	S2-763602506,S3-67098000,S3-79836569,S3-942659811
S1-585118420	S3-14728235,S3-213250544,S3-758504797
S1-585160592	S2-191747733,S2-803799660,S3-878030154
S1-585317377	S2-872038734,S3-691108016,S3-737963784,S3-913155360
S1-585418993	
S1-585689499	S3-182475699,S3-849691502
S1-585799212	S2-600562825,S3-24283552
S1-58582905	S2-847630570,S3-408236985
S1-58585055	S2-712252816,S3-461250997
S1-586004357	S2-656736904,S2-700480247,S3-399455856,S3-725038062
S1-586068836	S2-34548633,S2-846756278,S3-534785111,S3-633082531
S1-586196756	S2-730191939,S2-940012827,S3-847180068
S1-586259530	S2-115661565,S2-206917412,S3-325599565
S1-586425894	S2-286253136
S1-586508791	S2-84176606,S3-142543683,S3-802952403,S3-81164707
S1-586678145	S2-234912285,S2-723287572,S2-847109146,S3-305358666,S3-626561719,S3-725864260,S3-825016811
S1-586719747	S3-102137315,S3-937803203
S1-58672727	S2-382445070,S2-430136905,S2-587790272,S3-101176615,S3-571676075
S1-586781791	S2-169067934,S2-565889650,S3-430328075,S3-765075981,S3-829141086
S1-586815587	S2-54768042
S1-586849845	S2-670028398,S3-230531425,S3-571486779
S1-586935402	S2-447629703,S3-662092510
S1-587016082	S2-256277134,S2-692750136,S2-944322291,S3-286255918
S1-587096573	S2-571022313,S3-654646064,S3-737626524
S1-587170059	S2-558865758,S2-629416197,S3-126786419
S1-587254698	S2-694146601,S3-475452824,S3-702066652,S3-83012815
S1-587279266	S2-706895966,S3-826130575
S1-587354205	S2-106910163,S2-502650439,S2-719577136,S3-296745235
S1-587393385	S2-522796202,S3-29335781,S3-616167200
S1-587412910	S2-181543581,S2-66889918,S2-74652093
S1-587458316	S2-448793791,S2-620626585,S2-83366295,S2-944607125,S3-747432584
S1-587484654	
S1-587668295	S2-418610952,S3-505809049,S3-652022302,S3-809737498
S1-587871007	S2-515594929,S2-551456688
S1-587970634	S2-725219681,S2-816509345,S3-763388852
S1-58810213	S3-318947739,S3-848775539
S1-58813473	S2-569069289,S2-773032837,S2-976625042,S3-760043371
S1-588225957	S2-747575632,S3-171910255,S3-381837220,S3-453259107,S3-459613034
S1-588296357	S2-667069807,S3-329853594
S1-588425251	S2-348185308,S2-536361115,S3-742308048,S3-777283420,S3-844913726
S1-588579374	
S1-588648301	S3-728876077
S1-588674569	S2-913097327
S1-588682450	S2-219265876,S2-428321923,S3-418691434,S3-515188918,S3-747406406,S3-803854824,S3-906132924
S1-588784320	S2-897010225,S3-299784470,S3-748222635,S3-807234571
S1-58879852	S2-623349044,S2-733392650
S1-588879910	S2-298718524,S2-867941158,S3-104090516,S3-784982621
S1-589057489	S2-279142893,S2-691970788,S3-310451519,S3-619049016
S1-589157321	S2-518152396,S2-623829788,S3-105002754,S3-836069892
S1-589273448	S2-137457448,S2-662032378
S1-589312519	
S1-589621329	S2-605066546,S3-252348322,S3-617865479,S3-735322955
S1-589737095	S2-105288426,S2-143909597,S2-599726571,S3-121309735,S3-290894022
S1-589756256	S2-976041158,S3-594911767,S3-814583027
S1-589826262	S2-208300638,S2-35559469,S2-606147961,S3-118933294
S1-590021452	S2-588936842,S2-896824156
S1-590074027	S2-42456970,S2-93636068
S1-590235596	S2-526373291
S1-590314492	S3-24384231
S1-590445874	S2-262372459,S3-411684663,S3-741128124
S1-590462097	S2-317291011,S2-852337800,S3-362395442,S3-376934412
S1-590469945	S2-990635352,S3-725079791,S3-900365124,S3-90986097
S1-590502827	S3-78252671,S3-957677004
S1-590712948	
S1-590916075	S2-675679111,S3-247351783
S1-590948347	S2-312750570,S2-330077414,S2-857236190,S2-876181766,S3-252545071,S3-807626046,S3-990540625
S1-591065025	S2-246543389,S3-16494029,S3-737598598
S1-591222318	S2-869407187,S3-636373809,S3-681964597,S3-817045566,S3-989428036
S1-591266819	S2-144076986,S2-213907554,S3-426875643,S3-904421800
S1-591295296	S2-476199387,S2-537877832,S2-883165799,S2-94579363,S3-398527202,S3-829766789,S3-914695339
S1-591723476	S2-278775496,S2-442764210
S1-591733817	S3-706147357
S1-591768260	S2-307075273,S3-271737459
S1-592113661	S2-499128437,S3-23978797,S3-756898895
S1-592180829	S2-293212903,S2-380041734,S2-885747158
S1-592229321	S2-401320733,S3-52162264
S1-592450442	S2-769738244,S3-238791934,S3-501025133,S3-619100597,S3-906086079
S1-592740254	S2-404433666,S2-506789618,S2-905158591,S3-68301002,S3-77766293
S1-592910122	S2-216377193,S2-428964904,S3-165214064,S3-936663803,S3-95640334
S1-593034184	S2-600395683,S3-381287258,S3-549551703
S1-593089045	S2-149091965
S1-593487186	
S1-593532142	S2-984191603,S3-815887944
S1-593590778	S2-599117797,S2-987494391,S3-171530464,S3-431770929
S1-59360305	
S1-593613411	S2-398370714,S2-860555670,S2-933664785,S3-631069354
S1-593728075	S2-621953144,S2-955809302
S1-593879269	S2-526623966,S3-207758425,S3-633581117
S1-594029823	S2-58073906,S2-689532938,S3-179493621
S1-594031723	S3-172114253,S3-396555250,S3-866423558,S3-87901804
S1-594044718	S2-129896422,S2-307566906,S2-650437039,S3-196752480,S3-856884217,S3-888249414
S1-594096016	S3-421039485,S3-796016726,S3-955681828
S1-594125631	S2-18372497
S1-594142271	S2-391743991,S2-449726231
S1-594154165	S2-247179959,S3-384043890,S3-509607814
S1-594264903	S3-403579752,S3-863435924,S3-91117484
S1-594380841	S2-291829261,S2-587680858,S2-612536955,S3-897307460
S1-594501267	S2-43787391,S3-596908168,S3-736061414
S1-594564026	S2-852041355,S2-85216671,S2-939883915
S1-594625202	S2-109101854,S2-997807967
S1-594654850	S2-431781321,S3-991898136
S1-594754999	S3-226755972,S3-476494079,S3-510131989,S3-531631963
S1-594774061	S2-105987279,S2-32226404,S2-775336121
S1-594851221	S2-196822860,S2-426090568
S1-595047010	S2-450305320,S2-600687720,S2-736290817,S3-153052615,S3-202637834,S3-699538525
S1-59510835	S3-597067174
S1-595280764	S2-385568526,S2-559127240,S3-550853878,S3-807917807
S1-595284088	S3-444698574,S3-679409179,S3-798252524,S3-847593708
S1-595545204	S2-495817825,S3-303735777,S3-568975467
S1-595558619	S2-460847085,S3-711664808,S3-756979148,S3-785922793,S3-84758919
S1-595836022	S2-202164001,S3-468562600
S1-596052825	S2-226977199,S2-922037358,S3-733067809
S1-596122896	S2-361448130,S2-818235892,S2-844073657,S3-342192731,S3-679770500
S1-596125058	S2-94894477,S3-417397240,S3-670171476
S1-596257763	S2-139420171,S3-607849189,S3-722741118
S1-596539630	S2-427589435,S2-7343509,S3-892277456
S1-596611679	S2-22730087,S3-208184675,S3-31073328
S1-596691183	S2-410301416,S2-510616440,S2-795167367,S3-222891898
S1-596815462	S2-976066302
S1-596940983	S2-338316248,S3-598911868
S1-596974538	S2-425666049,S2-571460745,S2-614160236,S2-739555131,S3-195271217,S3-223399596,S3-731448035,S3-841567490,S3-920120035
S1-597022934	S2-107267855,S2-627782346,S2-719955950,S2-842803158,S3-266221881,S3-406373514
S1-59710082	S2-256091245,S3-509086928
S1-597111300	S2-338823736,S2-803862726,S2-933729782,S3-148716699,S3-731487126
S1-597133570	S2-109047975,S2-151243434,S2-465863387,S2-713893412,S3-491063296,S3-573631537,S3-681414293
S1-597272539	S2-446276226,S2-470296207,S3-961284724
S1-597310258	S2-83178475,S3-882249410
S1-597426265	S2-236921114,S3-53548746,S3-767327158
S1-597429454	S2-127253065,S2-591047706,S2-606268918,S3-31901178
S1-597503642	S2-120477286,S2-329412016,S3-147550495,S3-650106953,S3-947996315
S1-597520725	S2-62009299,S2-778466133,S3-716598299,S3-967612232
S1-597572309	S2-551789690
S1-59773373	S2-218163531,S2-646511004,S3-342583923,S3-597076434
S1-597807972	S2-824736697,S2-956307538,S3-320708230,S3-842659458
S1-597819412	S2-850592657,S3-867283969
S1-597878290	S2-121138162,S2-66484810,S3-251945797
S1-598028715	S2-285562980,S2-370525680,S2-982337206,S3-115572452,S3-496912593
S1-59804242	S2-103649182,S2-714048618,S2-778536835,S3-443914479,S3-695938146
S1-598252636	S2-129245716,S2-986519910,S3-809213295
S1-59830765	S2-550080263
S1-598552396	S3-575729126,S3-907215762
S1-598560699	
S1-598565690	S2-21903355,S2-9678491,S3-821757828
S1-598611432	S2-237194176,S2-456821595,S2-483528153,S3-557603026
S1-598839231	S2-295298217,S2-433184170,S2-761202810,S3-561113200
S1-598985879	S2-518593370,S2-549783304,S2-65836917,S3-674652854
S1-599045538	S2-317670621,S3-22535081,S3-363556572,S3-743861442
S1-599153546	S2-52246340,S3-269589273,S3-318739300
S1-599379358	S2-200505013,S2-849672552,S3-314711780,S3-544639252
S1-59939428	S2-436205644,S2-443288108,S3-124430833,S3-199501399,S3-905186017
S1-599426082	S2-78391122,S2-798206312,S2-87464556
S1-599788723	S2-193190138,S3-381936445,S3-801750106
S1-599956985	S2-493993772,S3-994835363
S1-599976536	S2-616104321,S3-24369574,S3-650357250
S1-599983495	S2-129786795,S2-219128605
S1-600012647	S2-555257118,S3-131939206
S1-600114705	S2-384456264,S2-434690841,S2-837267440,S3-357542404,S3-570549696
S1-600143038	S2-861754803,S3-25714872,S3-481062843
S1-600230640	S2-132934473,S2-58668497,S2-664989162,S3-159981371,S3-643659067
S1-60037546	S2-24424631,S2-252090284,S2-383159030,S2-46737757,S3-407829548,S3-966424596
S1-600396973	S2-127086601,S2-212199321,S2-799497733,S2-892846123,S3-834910400
S1-60052166	S2-424922649,S2-579491071,S3-12503504,S3-248174213,S3-368593984,S3-389746772
S1-600545391	S2-102185504,S2-795331105,S3-793041420
S1-600618279	S2-301011268,S2-430792955,S2-520228461,S2-748022305,S3-784006564
S1-600663022	S2-619524043,S3-156114474
S1-60076204	S2-26287251,S3-14912900
S1-600960125	
S1-601055823	S2-804717741,S3-130698355,S3-690422782
S1-601172743	S2-183441978,S2-520165916,S3-184384928,S3-886631046
S1-601443781	S2-756068383,S3-143543157,S3-688279677
S1-601452822	S2-47917442,S2-757765194,S2-842395239,S2-856671277,S2-85940015,S3-649364001
S1-601535461	S3-425789199
S1-60155483	S2-125016566,S2-323024696,S3-691572894,S3-709030919
S1-601842047	S2-159914606,S2-221306279,S2-598134248,S3-526674431,S3-77025911
S1-602005489	S2-421780271,S3-554782540,S3-67180619
S1-60208955	S2-52889765,S3-785777416,S3-801913599,S3-944042811
S1-602135768	S2-204644055,S3-49139341,S3-967467501
S1-602148550	S2-18784258,S2-825967409,S3-394726023,S3-915803749
S1-602168044	
S1-602508483	S3-396630258
S1-602636473	S2-95435963,S3-177796963
S1-602775718	S2-441605405,S3-37330973,S3-531625263
S1-602968915	S2-31951627,S3-464039850
S1-603180790	S2-584402978,S2-910546271,S3-189435417,S3-19344675,S3-59097753,S3-639133581,S3-709185068
S1-603253132	S2-817263262,S3-258452361,S3-35475958,S3-965940763
S1-603318661	S2-26698978,S2-968267662,S3-674994242
S1-603322568	S2-677488503,S3-501898784
S1-603414772	S2-185176418,S3-297665707,S3-867702360
S1-603485049	S2-237279073,S3-424769868,S3-474010375,S3-538322252,S3-640115025,S3-685030028
S1-603547872	S2-398579933,S3-251610105,S3-39169294
S1-603569563	S2-404588799,S2-798624212,S2-835625030,S3-211307612,S3-562929485,S3-921642548
S1-603946476	S2-201209881,S2-348476219,S3-299034873
S1-60394812	S2-427757754,S2-631425322,S3-528965768
S1-604094456	S2-223771251
S1-604199224	S2-128720069,S2-264835596,S2-887393619,S3-370401309,S3-763935790,S3-784336169
S1-604240541	
S1-604593290	S2-115208898,S3-150120613
S1-604602503	
S1-604731478	S2-988065737,S3-382103135,S3-390990928
S1-604738689	S2-251745684
S1-604777741	S2-595906871,S3-784936553
S1-604907734	S2-228712988,S2-250016681,S2-458404098,S2-718212299,S3-23456708,S3-590252517
S1-605049469	S2-815531471,S3-179593009,S3-594590059,S3-984442798
S1-605100650	S2-7032765,S2-815723444,S3-220057908,S3-740474524
S1-60516537	S2-277381388,S3-37826045,S3-56711699
S1-605214051	
S1-605255142	S2-258696353,S2-46314479,S2-551051989,S3-950001531,S3-999671845
S1-605266094	S2-219007441,S3-146458688,S3-554266577
S1-605356215	S2-803186989
S1-605636759	S2-801157568,S3-6269407
S1-605707143	S2-459687163,S3-292494805,S3-737456367
S1-605894359	S2-86029563,S3-186474661,S3-2901539,S3-909369862
S1-606043102	
S1-606133495	S2-30857209,S2-564250929,S3-512225623,S3-800711756
S1-606181290	S3-292501262,S3-963479335
S1-606201145	S2-732689721,S3-322939948,S3-346971451,S3-574382238,S3-943132405
S1-606241806	S2-624460533,S3-362857961,S3-892278859
S1-606541764	S2-301085351,S2-58428358,S3-268387314,S3-290151609,S3-78349716,S3-970850240,S3-996867278
S1-606568823	S2-882571147,S3-25476728,S3-340647469,S3-343436361,S3-499315506,S3-576530163
S1-606686546	S3-18110656,S3-387163224,S3-92272063
S1-60671501	
S1-606777529	
S1-606782085	S2-14486167,S2-351533707,S2-780832383
S1-606850710	S2-459305004,S2-540262237,S2-819891384,S2-927760082,S3-961546763,S3-995481579
S1-606943260	S2-555844649,S3-397340339
S1-606991465	S2-368934711,S2-955017874,S3-202336592
S1-607205390	S2-277168095,S3-192393358
S1-607289974	S2-706927012,S3-121082567
S1-607312695	S3-558439466
S1-607338209	
S1-607352171	S2-922614192,S3-322449253,S3-607985461
S1-607356382	S2-650447162,S3-400233421,S3-618873879,S3-796208709
S1-607432577	S2-151982427,S2-568582838
S1-607700629	S2-312500888,S2-339896429,S2-651252677,S2-833590439,S3-347336659,S3-436966871
S1-607735851	S2-470933977,S3-133165377,S3-183552696,S3-400206257,S3-61176446
S1-608054330	S2-855417901,S3-636918404
S1-608071405	S2-32137312,S2-65226910,S3-293508394,S3-915250842
S1-608199710	S2-433198170,S2-624426428,S3-436720698
S1-608200248	S3-114115332,S3-190382154
S1-60823411	S2-260026808,S2-486098610,S2-52265545,S3-223742508,S3-357344248,S3-601941917,S3-952640420
S1-608492767	S3-563871283
S1-608548021	S2-361127897,S2-509483636,S2-619445104,S3-566605004,S3-67040810,S3-739807973
S1-608904754	S3-610802103
S1-609013061	S2-275565409,S3-243534148,S3-851814913
S1-609157967	S2-522169855,S3-1549124
S1-609169992	S2-734187125,S3-228694573
S1-609519691	S2-141963933,S3-446055017,S3-532774571,S3-734748700,S3-841329326,S3-860931670
S1-609520452	S2-446934312,S2-57816783,S3-158942726,S3-545255725,S3-840508908
S1-609530912	S2-161032304,S2-194651515,S2-870092283,S3-241271032
S1-609603419	S2-183946831,S2-499511987,S2-693116846,S3-820224646
S1-609668039	S2-400417930,S2-44382860,S2-850679873
S1-609887483	S2-800522175,S3-309180136,S3-339553517,S3-481593919
S1-609896085	S2-244629535,S2-6507834,S2-92311361,S3-268719753,S3-854366440
S1-609936091	S2-22037711,S2-52178115,S2-794025901,S3-153810023
S1-609975442	S2-737086094,S3-38513563,S3-546641496,S3-969232054
S1-610010510	S2-513116973,S3-981197216
S1-610028373	S2-783710176,S3-149310437,S3-594646907,S3-595083965,S3-76407358
S1-610038101	
S1-610377690	S2-171559398,S2-305602113,S2-832949598,S3-257974177,S3-267150491,S3-311620170,S3-465690324
S1-61043471	S2-14317298,S2-733906538,S3-228822159,S3-251739057,S3-361221419
S1-610772723	S2-138048656,S3-529293904,S3-963879351
S1-610882982	S2-861385517,S3-822475186
S1-610942994	S2-458336448,S3-512777762,S3-601619624,S3-713541522
S1-611056999	S2-247834818,S2-354065704,S3-247662006,S3-783657023
S1-611198592	S2-303120555,S2-655043090,S2-999577193,S3-348201273,S3-591593662
S1-611362962	S2-454763886,S2-522830129,S2-631709870,S3-50415591,S3-647439485,S3-705628198
S1-611376515	S2-422552419,S3-652927807
S1-611541123	S2-855237308,S3-793889443
S1-611548160	S2-853864429,S2-905459688,S3-819444277
S1-611586959	S2-133951868,S2-536232216,S2-643532228,S2-820144482,S3-514709732,S3-569229080
S1-611733041	S2-931105238,S3-26646600,S3-419733741,S3-702149864
S1-611749158	S2-327677443,S3-192606463,S3-900233712
S1-612076198	S2-506339677
S1-61218128	S2-359459627,S3-70952845
S1-612243347	S3-212423666,S3-387634597,S3-550617020
S1-61235097	S2-197720034,S2-367379640,S3-240709516,S3-667114555
S1-612379044	S2-296348403,S2-303399807,S2-994365108,S3-600826626
S1-612389570	S2-461780464
S1-612411178	S2-125638781
S1-612436778	
S1-612647439	S2-390647502,S2-634068026,S2-713294574,S3-507745643,S3-619138134,S3-682219061
S1-612790240	
S1-612833345	S2-152367499,S2-760263053,S2-926993238,S3-354723352,S3-606732484
S1-612894094	S2-711906718,S2-929490192,S3-317719966,S3-611079674
S1-612982890	S2-345017905,S2-952806108,S3-369286589,S3-387399320,S3-700586475
S1-613102197	S2-713902903,S2-877963415
S1-61339898	S2-867470251,S3-105842886,S3-112271228,S3-180404539,S3-573808347
S1-613510252	S2-380371544,S2-54719706,S2-686854403,S3-295248274
S1-613661750	
S1-61379260	S3-269066253
S1-613887112	S2-841587525,S3-737671166
S1-613975790	S2-340212637,S3-311482025,S3-313366637,S3-868065401
S1-614197373	S2-170157518,S2-527934206,S2-562953031
S1-614867295	S2-875449254,S3-196754961,S3-82767797
S1-615060004	S3-752497568
S1-615109612	S2-596816288,S2-614599306,S2-746187797,S3-214535760,S3-453361573,S3-530046177,S3-682994164
S1-61516276	S2-22860642,S2-995410763
S1-615200324	
S1-615341660	S2-224107389,S3-668285454,S3-953178281
S1-615473917	S2-119700356
S1-615811318	S3-22422371
S1-615954597	S2-756966786,S2-904544751,S3-869110690,S3-876780801,S3-949015383
S1-615974360	S2-121047892,S2-679686088,S3-592659240,S3-668277186,S3-934427387
S1-616041191	S2-557881735
S1-616135631	S2-628972846,S3-411619308,S3-714877408
S1-616189584	S2-406913293,S2-843900218,S3-89792071
S1-616208761	S2-43202959,S2-517181406
S1-616336240	S2-578460796,S3-742231049,S3-753496129,S3-961118152
S1-616455066	S2-141435953,S3-190736217,S3-366611839
S1-616475804	S2-579645614,S2-697305117,S2-976236968
S1-61648577	S2-216568858,S2-729915122,S3-542676419
S1-616632221	S3-964774635,S3-966769740
S1-616643810	S2-386363701,S2-447428501,S3-172992648,S3-28449698,S3-923327655
S1-616692477	S3-27879818
S1-616764852	S2-167187919,S2-499092477,S3-153695649,S3-839792168
S1-616855575	S2-69235349,S3-707495956
S1-616898528	
S1-616936423	S2-331720019,S2-34535504,S2-445999711,S3-441160529,S3-966798258,S3-981470240
S1-616977860	S2-739518233,S3-525696557
S1-61699228	S2-540973227,S3-393335226,S3-733410810
S1-61707333	S3-368512361
S1-6170913	S2-204012798,S2-247271104,S2-42623930,S3-788574372,S3-801364577,S3-94118048
S1-617195023	S2-654293055,S2-913449686,S2-916530579,S3-260002460,S3-568383399
S1-617196537	S2-651460334,S2-934706236,S3-836091575
S1-617202718	S2-34525361
S1-617279160	S2-203953995,S3-310395064,S3-7329366
S1-61729727	S2-259382183,S2-540936081,S3-223620002
S1-617330341	S2-289654928,S2-801119053,S3-179356259,S3-497292148,S3-691067118
S1-617815291	
S1-617856841	S2-948681507,S3-18999049,S3-490614321
S1-617980209	S2-16640769,S2-623253345,S3-155839706
S1-61829385	S2-606523464,S3-196764206
S1-618341431	S2-114646552,S2-488648748,S2-941348406,S3-136119396,S3-368428439,S3-835902087
S1-618423483	S2-994488795,S3-189463933,S3-712600301
S1-618538334	S2-184179569,S2-283837322,S2-593002359,S3-642873055
S1-618623581	S2-261115091,S3-617147023,S3-863264217
S1-618704174	S2-629206912
S1-618887356	S2-903204992,S3-235228336
S1-618944719	S2-245735884,S3-160963929,S3-450123029,S3-599599511
S1-619073430	S2-853094841,S3-468024923,S3-489780057,S3-660859334
S1-619203482	S2-956706107,S3-124346825,S3-713630346,S3-75825496
S1-619204821	S2-429832320,S2-710512735,S3-986044242,S3-987533896
S1-61933106	S2-437964117,S3-260256200,S3-623660503,S3-725551852
S1-61935196	S2-685020596
S1-619540391	S2-124865471,S3-295494079,S3-795688720
S1-619568421	
S1-619630659	S3-632266840
S1-6196517	S2-162907714,S2-965299261,S3-170433338,S3-866209422,S3-877474578
S1-619656585	S2-450123358,S2-53461691,S2-629961303,S3-633418058,S3-67718839
S1-619773488	S2-415927521,S3-563377497
S1-619802067	S3-149164296,S3-889631569
S1-62000347	S2-188488679,S2-525498778,S2-837445168
S1-620072179	S3-564370634
S1-620113276	S2-5086485,S2-80769141
S1-620192375	S2-511029854,S3-230610819
S1-620262701	S2-408917894,S2-523803259,S3-745882629,S3-74759057,S3-840038552
S1-620299762	S2-697568515,S3-17315129,S3-644413851,S3-815490616,S3-858967866,S3-895679376
S1-620319130	S2-45869231,S2-630482990,S2-817196901,S3-178566447
S1-620402902	S2-239634113,S2-511501532,S3-236426865
S1-620423328	S2-652781984,S3-449361289,S3-896050901
S1-620430439	S3-220888161,S3-689517670
S1-620577533	S2-360643444,S3-419735291,S3-802455673,S3-944024165
S1-620784453	
S1-620787839	S2-780515242,S2-939893104,S3-323515499
S1-620788290	S3-654967761,S3-843961147
S1-621017956	S2-629252401,S2-70708210,S3-84114971
S1-6210714	S3-376081221
S1-621207870	S2-226553410,S2-291615624,S2-633065101,S2-838673872,S3-143802519,S3-574449603
S1-621214493	S2-491234854,S2-520231345,S2-817990136,S3-205094841,S3-677255097
S1-621242872	S3-287606211
S1-621314733	S2-814125010,S3-959066928
S1-621356949	S2-486546719,S3-477022778,S3-925176603
S1-621379910	
S1-621383009	S2-616550533,S2-748151455,S3-368902221,S3-456342398,S3-492398881
S1-621476889	S2-730151247,S3-118103341
S1-621523964	S2-593714389,S3-168321032,S3-425755855,S3-731615415,S3-960409272
S1-621535340	S2-397698150
S1-62154947	
S1-621889206	S2-25307746,S2-622327647,S3-24141172,S3-38384853,S3-554434761,S3-611404109
S1-621955642	S2-239162370,S2-527241289,S3-187878779
S1-622059719	S2-514707485,S2-845573717,S2-892529724,S3-483720431,S3-704280735,S3-970262515
S1-622071442	S2-70487025,S2-914104358,S3-155006087,S3-53797028
S1-622228015	S2-142345611,S2-352134945,S2-402411739,S3-411965501,S3-881631187
S1-62224410	S2-611162608,S3-365711425,S3-799444938
S1-622433994	S2-156777844,S2-293175796,S2-30929648
S1-62248851	S2-316333993,S3-568709097
S1-622584442	S2-276789839,S2-543255690,S2-646770280,S2-913535954,S3-61146615,S3-90581436
S1-622660156	S2-228964916,S2-832508602,S3-292092809
S1-622672478	S2-175930156,S2-629738622,S3-50689890
S1-62274574	S2-933453063,S3-49358938,S3-597048591
S1-62274829	S2-528105348,S3-402466441,S3-501703690,S3-859195594,S3-993378705
S1-622751119	S2-649333577,S2-797009817,S3-132376919,S3-22807868,S3-489823076
S1-622923436	S2-261707944,S2-587840922,S2-810252019,S2-880279769,S3-358118055,S3-462202069
S1-622953750	S2-743817766,S2-881380389,S3-679024278
S1-622976650	S2-210694253,S2-532828213,S3-962023731
S1-623115224	S2-110354210,S2-809941179,S2-970000048,S3-267566198,S3-375487017,S3-910880935
S1-623162068	S2-749658295,S3-558375322
S1-623241332	S2-233796685,S2-680213012,S3-150664484,S3-493329471,S3-813727409
S1-62336906	
S1-623393923	S2-238127847,S2-516144428,S3-415915163
S1-623432511	S2-15953762,S2-815207242,S3-541950413
S1-623475769	S2-461264956,S2-521267627,S3-269194036,S3-639010776
S1-623476100	S2-39275210,S2-720809707
S1-623502162	S2-921258777,S3-670080834,S3-766105525,S3-981831152
S1-623507613	S2-262184666
S1-623516827	S2-530567492,S2-716374781,S3-770122837,S3-939947553
S1-623562219	S2-544120233,S2-709771552,S3-225378886,S3-673311170
S1-623656504	S2-476419425,S2-577567622,S3-727484483
S1-623780297	S3-474613583,S3-745736062
S1-623804601	S2-812959767,S2-842489354,S3-483877510,S3-993225755
S1-623950534	S2-16296825,S2-958883889,S2-967541915,S3-99565999
S1-623993543	S2-358855638,S3-155968076
S1-62414539	S3-207183977,S3-964407430
S1-624326938	S2-268978964,S2-704788273,S3-395049706,S3-785978929
S1-624617756	S2-673197555,S3-153356327,S3-35457182,S3-364875392,S3-61990246
S1-624693356	S2-686828630,S3-397222416,S3-691085500,S3-720537116
S1-624706819	S3-108456628,S3-807168929,S3-918907214
S1-624707149	S2-487878035,S2-728965395,S2-916803374,S3-624867519
S1-624714972	S3-206141879,S3-618219116,S3-987685972
S1-625050775	S2-102215338,S2-17447555,S2-408702246,S2-612119613,S2-834724039,S3-869544932
S1-625118733	S2-211091572,S2-567078341,S3-269508140
S1-625274731	S2-626626482,S3-13394370
S1-625356268	S2-217766403,S3-74001493
S1-625412923	S2-16321269,S2-22002577,S2-29327996,S2-386522303,S3-27198933
S1-625665387	S2-681061851,S3-481585260,S3-525432068,S3-687595679
S1-625725917	
S1-625991986	
S1-626426504	S2-311034646,S2-424463689,S2-896454809,S2-925731710,S3-742780639
S1-626552488	S2-779399546,S3-719679687
S1-626573685	S2-720792676,S3-292906228
S1-626585879	S2-334078210,S2-838368506,S3-113430986
S1-626667987	S2-746233273,S3-276944029,S3-835595068
S1-626679057	S2-668959951,S2-688928131,S3-347753484,S3-405627199,S3-411330127,S3-577318782
S1-626699430	S2-603522945,S2-918658367,S3-27304253,S3-290210035,S3-431928799,S3-432251762,S3-545200815,S3-845426336
S1-626976426	S2-269571804,S2-574130666,S3-31466193
S1-62706584	S2-652123001,S2-791985144,S3-429395570,S3-521923793
S1-627172599	S2-750650005,S2-780659621
S1-627278122	S2-299676521,S2-631763448,S3-335524536,S3-466394674
S1-627328054	S2-537935718
S1-627404242	S2-888317351,S3-14615798,S3-873301907
S1-627932094	S2-349198438,S3-308065712,S3-574421017,S3-671958043
S1-627944097	S2-775955553,S2-782636648,S3-109406744,S3-286719970,S3-36109444,S3-589532579
S1-627950012	S2-945603176,S3-160104582,S3-2911640
S1-627970239	S2-80660336
S1-628064556	S2-315561021,S2-368885518,S2-515857270,S3-616977914
S1-628116466	S3-19300128,S3-320311196
S1-628121510	S2-69030122,S2-805119379,S3-713395892,S3-843627060
S1-628162511	S2-457462535,S3-156763039,S3-291438903,S3-437438355
S1-628175025	S3-164391653
S1-628245995	S2-36617327,S2-841405712,S3-240614916,S3-321866549,S3-876569759
S1-628270315	S2-213052052,S2-307708902,S2-406880318,S2-599773726,S2-798650355,S3-39669485,S3-535817560
S1-628416601	S2-102216635,S2-632032109,S2-711281705,S3-106299452,S3-319736293
S1-628637045	S2-2231705,S3-360489132,S3-464542594,S3-506166405,S3-639415239
S1-628744612	S2-102705211,S2-189643511,S2-320686121,S3-447729052,S3-527593908,S3-771957158
S1-628791405	S3-28261890,S3-538543413
S1-629038568	S2-574751304,S2-605243209,S2-901806009,S3-354065784,S3-960098412
S1-62928617	S2-577940025,S2-586324245
S1-629353652	S2-102835509,S3-187808676
S1-629357692	
S1-629621362	S2-787764564,S3-102691912,S3-656699215
S1-629700629	S2-463869080
S1-629787295	S2-568360397,S2-942426082,S3-151179408,S3-644315577
S1-62984326	S2-416045242,S2-907513608,S3-499190119
S1-629905388	S2-615752483,S2-706905064,S2-798722157,S3-321933475,S3-553705233,S3-577064214
S1-629916453	S2-64075727,S2-73327256,S3-582250075,S3-594137154,S3-87985196
S1-629950591	S2-548907439,S3-696677829,S3-997340728
S1-629976593	S2-430293191,S2-434730333,S3-463878730,S3-629855802
S1-630005235	S2-204572841,S2-400364673,S2-998760931,S3-537476164
S1-630013963	S2-40259906,S2-637721586,S2-774270353,S3-297960075,S3-828153518
S1-630148168	S3-68563218
S1-630149953	S2-138839775,S2-229301244,S2-981531199,S3-518479504,S3-728742174
S1-630175224	
S1-630257849	S2-820492235,S2-891918323,S3-675465231,S3-916884023,S3-961331087
S1-630262124	S2-105271790,S3-789375614
S1-630339850	S2-174474102,S2-254764512,S2-582279337,S3-329378240,S3-704219661
S1-63047328	S2-351163752,S2-694164511,S3-133818486,S3-25622455,S3-307141817
S1-630494536	S3-117524287,S3-78735580
S1-630507636	S2-496998623,S3-253587966,S3-666638324
S1-630516474	S2-167764112,S2-33757247,S2-401527427,S2-579617090,S2-655691019,S3-571315391,S3-784293754
S1-630623416	S2-695835444
S1-630745348	S2-577124415,S2-939137213,S2-988481459,S3-266235642
S1-63076756	S2-1579342,S2-466545493,S3-215642983,S3-404918422,S3-761814099
S1-631181864	S2-347194694,S3-109257781,S3-903238028
S1-631188910	S2-767517251,S2-889117718,S3-142426635
S1-631240158	S3-522737878,S3-751165967
S1-631474521	S2-861925537,S3-181043428,S3-521587714,S3-880136809
S1-631478130	S2-679161908,S2-736400580,S2-893456662,S3-37813083,S3-83429616
S1-631569262	S3-446499334
S1-631621013	S2-869737272,S3-359143386,S3-665795961
S1-631790497	S2-322501819,S3-288649627,S3-638625272
S1-631793351	S3-497538237
S1-631871379	S2-696959078,S2-811003339
S1-631982137	S2-795977103,S3-645104193,S3-822192313,S3-843507728
S1-632088756	S2-180876391,S3-44171274,S3-581108700,S3-668907666
S1-632165053	S2-947609056,S3-164283251,S3-172767565
S1-632217740	
S1-632257784	S3-868480069
S1-632282959	S2-232556856,S2-411155884,S3-787080524,S3-789993505
S1-632335101	S3-956809419
S1-632351052	S2-101984485,S2-470451896,S2-902108195
S1-632351529	S3-172494124
S1-632546550	S2-161543716,S2-810225865,S3-150837446,S3-239771263,S3-272327790,S3-725556966
S1-632556616	S2-237746695,S3-22159143,S3-560357925
S1-632639415	S2-4824532,S2-55245140,S2-627177449,S2-810616242,S3-956957599
S1-632642733	S2-160573371,S2-656836036
S1-632796750	S2-315508047,S2-654661214,S3-640646800,S3-986614395
S1-632803507	S2-394778990,S3-423138817,S3-816773822
S1-632805675	S2-41091131,S2-54418359,S2-686417052,S2-711303251,S2-763179155,S3-981794565
S1-632991429	S2-109120070,S3-942299951
S1-633140360	S2-67937589,S3-415087477
S1-633199567	S2-140784224,S2-610671769
S1-633201612	S2-157260490,S2-619308390,S2-937356563,S3-84294330
S1-633227537	S2-972003975
S1-633338206	S2-148604891,S3-12601663
S1-633408378	S2-789782671,S2-92538883,S2-960114799,S3-454076906,S3-688654850,S3-957039356
S1-633503124	S2-504184698,S3-135026497,S3-252104680,S3-315356001,S3-790702866
S1-633509379	S2-342345185,S3-486252459
S1-63359662	S2-624231076,S2-744930483,S2-826040018,S3-439794654,S3-820396343
S1-63360875	S2-430514149,S2-468901800
S1-633624443	S2-116658253,S2-601125899,S3-481603032
S1-633802730	S2-195669074,S2-423204963,S2-533551183,S2-649208249,S2-969723989,S3-895714362
S1-633921988	S2-292139529,S3-728870677,S3-791816766
S1-634246764	S2-573624350,S2-903664407,S3-197968601,S3-30800438,S3-37877993
S1-634253052	S3-310159505,S3-550017517
S1-634319666	S2-141856533,S2-232549652,S2-368255082,S2-868051845,S3-8741429
S1-634332926	S2-245035642,S2-536994156,S2-585859136,S3-523026014,S3-922092124
S1-634340370	S2-406919142,S2-762408431,S3-413915905
S1-634434182	S2-532539765,S3-261352133
S1-634437578	S2-784355216,S2-985460307,S3-879920087
S1-634723888	S2-218605301,S2-271498899,S3-104390089,S3-169418860,S3-609566284
S1-634755654	S2-137182768,S3-887582075
S1-634844175	S2-217134653,S2-487388642,S2-494178838,S3-872115360
S1-634973660	S2-878383884,S3-793439222
S1-63511399	S2-317986464,S2-383153505,S2-786890827,S3-282837994,S3-29746505,S3-352295871,S3-35990050,S3-786231979
S1-635403083	S2-484396801,S3-270996046,S3-429077637
S1-635492356	S3-372479954,S3-843788322
S1-635588686	S2-42311607,S2-493700119,S3-570031989
S1-635607678	S2-404544677,S3-392439528,S3-73745056
S1-635918264	S2-705559048,S2-714517497,S2-921933536,S2-961665240
S1-635933585	S2-643349596,S2-768838296,S3-895009992
S1-635955644	S2-192917208,S2-530380174,S2-565808817,S3-365224278,S3-576167309
S1-636005845	S3-570323953
S1-636251135	S3-314754174,S3-889106133,S3-989733300
S1-63637916	S2-67685715,S3-461228158,S3-823864629,S3-823888767
S1-636384946	S2-614102864,S3-4909357,S3-557417390,S3-836549978
S1-636560224	
S1-636657295	S2-776607794,S3-246393784
S1-63667775	S3-511484394,S3-847210028,S3-882979327
S1-636842170	S2-513722971,S2-616902754,S2-768325786
S1-636849864	S2-377573868
S1-636999841	S2-465458494,S3-614492117
S1-637052828	S2-634079845,S2-882876174,S3-612645692,S3-719284610
S1-637120067	S2-312950343,S2-439587828,S3-213481386,S3-38002823,S3-588877740,S3-878468185
S1-63735802	S3-217957888
S1-637536867	S2-502488611,S3-175241583,S3-36342858
S1-637557417	
S1-637610786	S2-982465980,S3-168495201,S3-206509536
S1-637845168	S2-812715933,S3-130545697,S3-272284301
S1-638078434	S2-236650233,S3-314443449
S1-638281052	S2-802869484,S3-145725751,S3-46249355
S1-638437872	S2-422489296,S3-613575644,S3-624473981,S3-62616105
S1-638508407	
S1-638615315	S2-4676753
S1-638626431	S2-180572375,S2-379322854,S2-952175038,S3-85241445
S1-638648696	S2-442342799,S2-920021335,S3-477040156
S1-638694668	S2-16497578,S2-314344453,S2-34304723,S2-840370681,S3-497599798,S3-941514124
S1-638696052	S3-291563633,S3-555756673,S3-884471725
S1-638877705	S2-77593355,S3-945858759,S3-973832153
S1-639137572	S3-232451273,S3-298367329,S3-958545661
S1-639145511	S2-257639025,S2-848734902,S3-978936017
S1-63917669	S2-138464279,S3-171694544,S3-176112772
S1-639211535	S2-591835292,S2-953573825,S3-216575789,S3-568976302,S3-675171302
S1-6392394	S2-545849197,S2-949720275,S2-974607455,S3-24994050,S3-749526070
S1-639247346	S2-661927222,S3-703945511
S1-639334826	S2-237111226,S3-46592208
S1-639448087	S2-965648748,S3-153151250,S3-199577159,S3-258046542
S1-639492065	S2-353699708,S2-916266816
S1-639495144	S2-178299874,S2-472046600,S2-539522335,S2-576083730
S1-639587883	S3-647633262
S1-639674181	S2-368927945,S2-461735181,S2-473560939,S3-788550476
S1-639716132	S2-400732060,S3-577985910
S1-639918214	S3-442344257
S1-640044387	S2-415415592,S2-629154483,S2-920866545,S3-237162289
S1-640155222	
S1-640323175	S2-364155385,S2-484603668,S2-56260404,S2-997976075,S3-303216720,S3-835519932,S3-84576828
S1-640349340	
S1-640428581	S2-798141709,S3-522673597,S3-626243203
S1-64046408	S3-375547159,S3-988758101
S1-640509621	S2-950747002,S3-118468743,S3-301095655,S3-326001245,S3-480715558,S3-91679505
S1-640584022	S2-664683182
S1-640686076	S2-484000743,S2-559321188
S1-640777559	S2-457575006,S3-123055317,S3-78281098
S1-641024957	S2-570484369,S3-104696386,S3-346714872,S3-535130168,S3-726360586
S1-641236003	S3-615698795,S3-618523012
S1-641450774	S2-547585980,S2-965019177
S1-641542841	S2-915716032,S2-948802473,S3-313673027,S3-917607888
S1-64159529	S2-427747954,S2-692545928
S1-641634328	S2-111970177,S2-22140586,S2-45808637,S3-437532288,S3-787798477
S1-641678128	S2-584970088,S3-243666575,S3-767880116
S1-641834265	S2-121088480,S2-197961863,S2-29428256,S2-394237588,S3-119500695,S3-44048507,S3-910105293
S1-641885923	S2-666154989,S3-188612803,S3-950646105
S1-642022451	S2-290348024,S3-145437816,S3-512583869
S1-642444075	S2-417507906,S3-195363385
S1-64245376	S2-636245197,S3-126737050
S1-642582392	S2-940908104,S3-523878811,S3-725122178
S1-642631384	S3-679245579
S1-642828290	S2-749991792,S3-44845873,S3-76190742
S1-64295924	S2-281946846,S2-61999340,S2-911583684,S3-173861307,S3-718858169
S1-642965332	S2-132964328,S3-150970774,S3-507730753,S3-887066333
S1-642992053	S2-294940007,S2-305604691,S3-898846258
S1-643023296	S2-136612094,S2-792362956,S3-984544511
S1-643047623	S3-212347077,S3-91081418
S1-643156288	S2-718618792,S3-326490827,S3-363134109,S3-575287419,S3-890105290
S1-643178916	S2-868141412,S3-596312197,S3-767619976
S1-643298142	S2-492890307,S2-656461689,S2-735370576,S2-993914112,S3-534997280
S1-64345142	S2-168131577,S2-350739011,S2-468039922,S3-233442645,S3-858304260,S3-872703649
S1-643482871	S2-106277987,S2-570330887,S3-317618572,S3-722096216
S1-643527890	S2-146359230,S2-57551388,S3-186071836,S3-472511870,S3-889133266,S3-938112443
S1-643570691	S2-222886895,S2-440434939,S2-488094283,S3-103867611,S3-469599990,S3-959415895
S1-643663232	S3-635080966,S3-64981105,S3-721821
S1-643679011	S2-714859443,S3-48745025,S3-786568872
S1-643688568	S2-681426880,S2-772515516
S1-643722274	S2-191175841,S2-26338434,S3-173278689
S1-64377514	S2-729332668,S3-20369712,S3-476691210
S1-643786153	S2-205343005,S3-157253745
S1-643857991	S2-999241502,S3-544379400,S3-704414952
S1-643906011	S2-735375390,S3-952593677
S1-643926653	S3-19480234,S3-72803374,S3-781237355
S1-643981735	
S1-644166912	S2-177209635
S1-644168930	S2-263724220,S3-314641192
S1-644205497	S3-577816595,S3-666932875
S1-644214745	S2-291256385,S3-78599811
S1-644272887	S2-919964322,S3-322356469
S1-644326851	S3-457649157,S3-53347011
S1-64445482	S2-239322574,S2-50908469,S3-95933176
S1-644483533	S2-572460954,S2-627798203,S3-153371431,S3-173977704
S1-644650475	S2-640575510,S3-319525611
S1-644848357	S2-483135154,S3-852248114
S1-644879770	S2-723426905,S3-152743
S1-644935880	S2-581910664,S2-613266620,S2-852247975,S2-957198412,S3-142652040,S3-434597933,S3-742289683
S1-645192101	S2-566620320,S2-819239569,S3-11519818,S3-211163025
S1-645263944	S2-306944075,S2-364906405,S3-673494298,S3-71956462
S1-645290592	S2-623578654,S2-931042814,S3-801301787
S1-645314119	S2-954647882
S1-645314860	S2-102636714,S2-325379652,S3-578649293
S1-645401382	S2-428484783,S2-843565967,S3-360103059,S3-752476277
S1-645423519	S2-405345782,S2-567300998,S2-909885380
S1-645494673	S3-375744778
S1-645504157	S2-328990123,S3-285276607,S3-877187347
S1-645525755	S3-53527483
S1-645865742	S2-955137045,S3-449538077
S1-646112513	S2-470071150,S3-447636736,S3-937741493
S1-646129682	S2-141781692,S2-858771749,S2-932935679,S3-805762859
S1-646358723	S2-54797100,S3-81659219
S1-646564479	S2-897642534,S3-409564005
S1-646597465	
S1-646632445	S2-152206556,S2-212139102,S2-414379993,S2-436373787,S2-786381784,S3-137585733
S1-646680608	S2-834783968,S3-14309087,S3-683625929,S3-785863533
S1-646795490	S2-163356241,S2-43556122,S2-892673380,S3-32140619
S1-646871699	S2-297506724,S2-577885202,S2-638218118,S3-317010600,S3-828017261
S1-646897091	S2-203867504,S2-927628983,S3-688304562,S3-84476939
S1-64706730	S2-310801169,S2-959084955,S3-221801662
S1-647120992	S2-770913198,S3-635491447
S1-64721398	S2-785224421,S3-7879855
S1-647235818	S2-63450335,S2-973222394,S3-256622849,S3-798686596,S3-849831564
S1-647364493	S2-422688969,S3-391260070,S3-92889457
S1-647428349	S2-352299922,S2-480916517,S3-236478460,S3-452924249,S3-872123932
S1-647475248	S2-561344911,S3-140511123,S3-218330660
S1-647551394	S3-371141892
S1-647616040	S2-223668516
S1-647617053	S2-992597263
S1-647841222	S2-540249499,S2-634139279,S3-241382121,S3-620862967,S3-893901496
S1-647854981	S2-877768893,S3-76557979
S1-647887672	S2-392890504,S3-348541209,S3-650772019,S3-862744914
S1-647926529	S2-126345917,S2-598062597,S3-680797050,S3-751501592,S3-962038731
S1-648093036	S3-23297953,S3-39215350
S1-648113369	S2-755706864
S1-648174610	S2-257571177,S2-265942721,S3-299524613,S3-540218155,S3-926217986
S1-648175045	S2-524362072,S3-336159282,S3-87894310,S3-97149745
S1-648214771	S2-7925547,S3-284757184,S3-717992893,S3-838632836
S1-648292179	S2-301481363,S2-843481606,S3-404328219,S3-593759513
S1-648301527	S2-644431258,S3-810483296
S1-648537214	S3-396271701
S1-648661297	S2-921850997,S3-666142750
S1-648734488	S2-49032529,S2-785385725,S3-767855134
S1-648834232	S2-220482291,S3-145917852,S3-75602124,S3-949425648
S1-648837953	S2-670001322,S3-26399568,S3-460790712
S1-649080047	S2-313037164,S2-378315001,S3-564152066,S3-883658512
S1-649231996	S2-241699319,S3-94270868
S1-649238538	S2-109380656,S2-241271291,S2-389881931,S3-168733158,S3-804472385
S1-64931562	S2-766874454,S2-973748864,S3-839166058,S3-868623212
S1-649351683	S2-389260632,S2-463707662,S2-469546655,S3-259946800,S3-280253054,S3-509988075,S3-650337996,S3-6587104
S1-649398737	S2-353592774,S3-607788133,S3-646781776,S3-726835867,S3-971572127
S1-649448969	S2-775900176,S3-424994971
S1-649493003	S2-826265181,S3-323418920,S3-795446434,S3-811823113
S1-649703714	S2-363099669,S2-451517222,S2-580714199
S1-649771683	
S1-649865032	S2-297130105,S2-485371272,S3-213668985
S1-649869079	S2-774764419,S3-46244940,S3-791579686
S1-650117724	S2-326816695,S2-350029179,S3-277954780,S3-591604582
S1-6502694	S2-915330546,S3-926794837
S1-650309082	S2-721605565,S3-385006512,S3-725564317
S1-650438733	S2-322318528,S2-517957087,S2-548355013,S3-603616564,S3-605697058
S1-650544757	S2-789180270,S3-19827764
S1-650676739	S2-817105711,S2-921510532,S3-506515650,S3-718637388,S3-794627637,S3-944486454
S1-650750004	S2-47647754,S3-16347982,S3-584552701,S3-73590375
S1-650886240	S2-826009890,S3-155787643
S1-650978426	S2-350976058,S2-525141773,S3-429233309
S1-650990191	S2-625443118,S3-672162643
S1-651052016	S3-256560315,S3-59913085
S1-651100599	S2-848350980
S1-651338650	S2-102090220,S3-48670334
S1-651423289	S3-255820339
S1-651437138	S2-323435638,S2-468687899,S2-566901992,S2-923007783
S1-651439776	S2-397667057,S3-548074553
S1-651483834	S2-453351217,S3-424949927,S3-809549272,S3-836599150
S1-651658647	S2-192594588,S2-694464021,S3-391556170
S1-651660358	S2-275330923,S2-515716318,S2-814381511,S2-98663223,S3-251238351,S3-845320926,S3-885985620
S1-651698104	S2-18238848,S2-285934637,S2-722373034,S2-771279535,S3-258581636,S3-28499784
S1-651861333	S2-342334095,S2-889447275,S3-130350418
S1-651915759	S2-243461286,S2-413693019,S2-844136737,S3-128654452,S3-310236413,S3-370157908,S3-550481762,S3-860351651
S1-651928066	S3-432737997,S3-782023017,S3-880861444
S1-651985783	S2-487076938,S2-516343647,S2-756787664,S3-270160036
S1-652258822	S2-142979125,S2-400126978,S3-115255582,S3-37609876,S3-499401145
S1-65260507	S2-218232017,S2-506018427,S2-654388921,S3-321544381,S3-346373832,S3-49203082,S3-511461350,S3-53647954
S1-652774003	S2-15148194,S2-234100371,S2-434457805,S2-855548186
S1-652887403	S2-786217479,S3-186269669
S1-652889996	S2-619178126,S3-220513306,S3-842222969
S1-652934586	S2-395264040,S3-357281982,S3-545512393,S3-897082651
S1-653239512	S2-217997157,S2-79044580,S3-111427976,S3-441212640,S3-731956563
S1-653411414	
S1-653562425	S2-107634926,S2-520893323,S2-734254411,S2-996914301,S3-724261165
S1-65358366	S2-353155603,S2-72407647,S3-373439935,S3-881526023
S1-653818016	S2-391982323,S2-658291680,S2-670288808,S2-920112802,S3-921256903,S3-951857806
S1-65390558	S2-657218747,S2-978662771,S3-860738426
S1-653961414	S3-596277104
S1-653980991	S2-176915437,S2-626303039,S3-321700394,S3-724125775,S3-780469027
S1-654385537	S2-118845255,S2-175101489,S2-240627375,S2-35877567,S3-142146526,S3-552631234,S3-802188105
S1-65439714	S2-211584644,S2-224346307,S2-45094817,S2-817493357,S3-119935201,S3-396426952,S3-547156227,S3-561300311
S1-654427472	S2-610439774,S3-63972869,S3-916070960
S1-654522299	S2-248058975,S2-254283822,S2-420882444,S2-744477763,S3-897351219
S1-654576491	S3-254897989
S1-65457985	S2-187714512,S3-424430360,S3-786179133,S3-927477363
S1-654698726	S2-289970482,S2-715913304,S3-198291720,S3-388015580
S1-654867199	S2-766382183,S2-798359597,S3-34420197,S3-784443404
S1-655117282	S3-101926920
S1-65513764	S3-155035731,S3-421570715
S1-655152276	S2-49698836,S3-163960865,S3-227144085
S1-655249506	S2-419708270,S2-713880995,S2-906450844,S3-197518838,S3-253062797,S3-420703435,S3-53636005,S3-735037047
S1-655278337	S2-672605639,S3-10164434,S3-350782947,S3-51053003,S3-904686273
S1-655392623	S2-402908427,S2-711613099
S1-655420763	S2-314175863,S2-809873360,S3-311908173
S1-655445260	
S1-655565459	S3-597996077
S1-655778592	S3-855889118
S1-655952444	S2-280583994,S3-120685325
S1-656057670	S2-135328427,S3-385607529,S3-521269408
S1-656225644	
S1-656269744	
S1-65663427	S2-335769904,S2-733678680,S3-541600408
S1-656690778	S2-605234978,S2-616383106,S2-840608010,S3-196632582,S3-608223390
S1-656719861	S2-882350536,S3-344572782,S3-412543395
S1-657016857	S2-257311833,S2-74492389,S2-92026506,S3-734892128
S1-657149723	S2-309030755,S3-676977669
S1-657157317	S2-894058591,S3-941895295
S1-657179451	S2-245748021,S2-344782627,S2-457934921,S3-872043910
S1-657342131	S2-163029340,S3-869359005
S1-657519036	S2-331920032,S2-544458156,S2-95774315,S3-264563120
S1-657556498	S2-656556488,S2-903579554,S3-256545009
S1-657565645	
S1-657723235	S2-921571839,S2-930957864,S3-476343308
S1-657729138	S2-614452057,S3-14574163
S1-657765374	S2-359755166,S2-587169616,S3-440336756,S3-957881543
S1-657953752	
S1-6579586	S2-536125703,S2-964830422
S1-658071802	S2-139899953,S2-159351767,S2-507299390,S3-151905415,S3-215966596,S3-49045330
S1-658162757	S2-594264557,S2-801197768,S3-679426154
S1-658174581	S2-76055807,S3-340442266,S3-604580355,S3-638816003,S3-984835631
S1-658175779	S3-455915723,S3-714076376,S3-957123253
S1-658208289	S2-17867340,S2-269489197,S2-91436911,S2-934774615,S3-108675623,S3-222559619,S3-379414587,S3-391764080
S1-658289625	S2-507133946,S3-910367059
S1-658530673	
S1-658681423	S2-28514653,S2-689280037,S2-899104091,S3-263345720
S1-658760698	S2-724878342
S1-658861971	S2-315680175
S1-65888034	S2-428001044,S3-28269323,S3-469517378
S1-658913107	S2-194280905,S2-846862739
S1-658971271	S2-882856385,S3-263317224
S1-659200900	S2-22917169,S2-792565679
S1-659297956	S2-469549305,S2-572367773,S3-448694078
S1-659370112	S2-295406854,S2-854964650,S2-884472245,S3-173933971,S3-868044874
S1-65947148	S2-792446517,S2-888754497,S3-17824772,S3-518297349
S1-659475289	S2-237592020,S2-688521954,S2-704265085
S1-659685573	S2-491561982,S3-280349714
S1-659761244	S2-865153673,S3-223768612,S3-553582142
S1-65978194	S2-63140650,S2-881716268,S3-154101210,S3-21902665
S1-659818013	
S1-659866412	S2-660611166,S2-745384033,S2-831160222,S3-401520889,S3-673172356
S1-659991613	S2-58625507,S3-24782287,S3-394694105,S3-535951401
S1-660019394	S2-111340550,S2-260239107
S1-660056330	S2-727698136,S3-268055054
S1-660311557	S2-862697140,S3-173254943
S1-660351749	S2-656615624,S2-856662533,S3-427463590,S3-896116242
S1-660576686	S2-337512763,S2-675305776
S1-660594883	S2-470206585,S2-517202730,S3-160232318,S3-354010450,S3-366956228,S3-556770682,S3-642578812
S1-660692068	S2-794525242,S3-216959189
S1-661039614	S2-132372498,S3-498405529,S3-861839345
S1-661260226	S2-413004721,S2-908223076,S3-421389473
S1-661407716	S2-229173711,S2-886274721,S3-291252384
S1-661453536	S2-145475615,S2-778909994,S3-278893372,S3-330246671
S1-661602242	S2-780010389,S3-530434904,S3-808487850
S1-661675873	S2-451440712
S1-661795732	S2-389912300,S2-709890188,S2-783009631,S3-233317426,S3-288514098
S1-661814492	S3-444335954
S1-66207309	S3-236849528,S3-417955891
S1-66226838	S2-18605175,S3-993930929
S1-662324052	
S1-662409165	S2-322959714,S2-716130165,S3-539870203
S1-662438354	S3-148664799
S1-662724533	S2-799757414,S3-112974101,S3-305053531,S3-983964475
S1-662780037	S2-37868745,S3-162952343
S1-662913168	
S1-663039275	S2-296517692,S2-465992679,S2-483099918,S3-269804908,S3-435216490
S1-663254060	S2-342248824,S2-387111071,S2-757259798,S3-406693746,S3-98616315
S1-663290660	S2-531411228,S2-537689344,S2-612039237,S2-715749990,S3-937956692
S1-663381950	S2-620563699,S3-112028154,S3-485766902,S3-512769770,S3-514497562
S1-663762195	S2-325041022,S3-550340522,S3-973733189
S1-663897758	S2-30309818,S2-569693458
S1-663932185	S2-788886945,S2-790191788,S3-658512059
S1-663945162	S2-167564003,S3-276686348,S3-3626863
S1-664042588	S2-551727952,S2-614416666
S1-664199074	S2-701917114,S2-955936956,S3-11295423
S1-664234164	S2-241313319,S2-380749958,S2-655773169
S1-664281444	S2-136875555,S3-725986706
S1-664299199	S2-41550333,S2-437702754,S3-774744423,S3-804787784
S1-6643598	S2-239250884,S2-289494128,S3-38078622,S3-39989940
S1-664365929	S2-953424614,S3-184324134,S3-185465263,S3-218727575
S1-664506656	S2-486269465,S2-568479697,S3-217862324,S3-500251957,S3-635758866
S1-664623339	S3-715770669,S3-776506285
S1-664702709	S2-162861328,S3-388285104
S1-664712757	S2-97912062,S3-480639563,S3-734500330,S3-807952955
S1-664714682	S3-465869781,S3-586061313,S3-890661260
S1-664773844	S2-266156127,S3-792416034
S1-664812857	S2-352652163,S2-592854370,S2-803519997
S1-665253199	S2-646249186
S1-665303057	S2-234377533,S2-235531893,S3-250780388,S3-29374263,S3-516069517
S1-665377597	S2-117315730,S3-352469473,S3-638568795
S1-66561263	S2-682052159,S2-834801457,S2-951014214,S3-13175638,S3-708199563,S3-736032949
S1-665924519	S2-524726238,S3-337241457,S3-674474898,S3-835286174
S1-665924966	S2-557865357,S2-748572703,S2-791075542,S3-423840075,S3-52510339,S3-536596851
S1-665948553	S3-298694265,S3-863604645,S3-883609334
S1-665952258	S2-696351837
S1-666210809	S2-384512166,S2-687804165,S2-696242167,S2-93740395,S3-327519096
S1-666246237	S2-797152096,S3-577331748
S1-666249874	S2-615939475,S3-338454195,S3-972581877,S3-992930361
S1-666331152	S2-236596877,S2-566141734,S3-240708450,S3-600957054
S1-666517142	
S1-666616226	S2-160526903,S2-861142582,S3-909594757
S1-666640564	S2-552526788,S2-994856303
S1-666733463	S2-404729837,S3-8059813
S1-666747349	S2-129048253,S3-575933734
S1-666795287	S2-239009070,S2-567004414,S2-579952009,S3-759038558,S3-858782517
S1-666934040	S2-420912419,S2-890976865,S3-280883006,S3-361232527,S3-999564706
S1-666940771	
S1-666960312	S2-116494410,S3-117338572,S3-640524750
S1-667017397	
S1-667045239	S2-497452791,S3-271451796,S3-601662311,S3-956127365
S1-667079316	S2-431867450,S2-448617801,S2-751570249,S3-695077710
S1-667243445	
S1-667272138	S2-843931806,S3-408279920
S1-667283698	
S1-667347758	S3-280073350
S1-66746049	S2-118943971,S2-244085699,S2-391935611,S3-583531687
S1-667594268	S2-727666581,S2-982479887,S3-889246242,S3-926285834
S1-667666264	S2-275260165
S1-667862537	
S1-667906650	
S1-667949337	S3-809979470,S3-82176785
S1-667999260	S2-265174852
S1-668033796	S2-38230639,S2-924353744,S3-177994684
S1-668049315	S2-408280598,S2-54388156,S3-116148108,S3-24392078,S3-986479823
S1-668410014	S2-608409100,S2-995462521
S1-668525331	S2-314679931,S3-276332444
S1-668543004	S3-175988661,S3-362129779,S3-523559680,S3-621415698
S1-668662929	S2-587071093
S1-668873721	S2-401531299,S2-640975655,S2-721308598,S2-870615254
S1-668895250	
S1-668911710	S2-240589254,S3-749749431
S1-668975552	S2-244114248,S2-434711310,S2-698954067,S3-775998895
S1-669236215	S3-509559301,S3-827256489
S1-669236944	S2-432620088,S2-473596884,S2-653074331,S3-523968122
S1-669263698	S2-2971098,S3-384395999,S3-80729115
S1-669277244	S2-766466479,S2-920271928,S2-920277423,S3-811090131,S3-829246956
S1-669301074	S2-322109738,S3-481016328
S1-669547993	
S1-66956816	S2-997373992,S3-584239581
S1-669579103	S2-178017582,S2-251288707,S2-514965919,S2-608482651,S3-153213360,S3-231489017,S3-584882285
S1-669788774	S2-647181178,S2-88405214,S3-544595096,S3-635641245
S1-669809156	S2-580716245,S3-928830090
S1-669978267	S2-278246663,S2-333998056,S3-222699008,S3-59041183,S3-595288361
S1-67003706	S2-592817525,S3-286438099,S3-567809077
S1-670178977	S2-226497560,S2-573361445,S2-747617733,S2-868366374,S2-955774226,S3-574553774,S3-932352894
S1-670272646	S2-650720647,S2-777123389,S3-198907311
S1-670638081	S2-444680611
S1-670702081	S2-483972929,S2-555649831,S3-390082375
S1-670743878	S2-192418781,S3-916964247
S1-670748624	S2-336328282,S3-315667543
S1-670750774	
S1-670778904	S2-814259543,S2-946989934,S3-865690815
S1-670818527	S2-181943491,S3-106334135,S3-570065911
S1-670883073	S3-398113872
S1-670920771	S3-133781764
S1-670992004	S2-55673000,S2-62534694,S2-713036076,S3-325893086,S3-504202722,S3-77537933
S1-671071076	S2-174511934,S2-991227428,S3-383776336
S1-671133406	S2-463986046,S2-49538873,S3-17238636,S3-601925102,S3-99279352
S1-671140314	S2-657189453
S1-671150005	
S1-671179567	S2-159914259,S2-303210243,S2-516856632,S2-666943475,S3-259309685,S3-460371350
S1-671261988	S2-523557674,S3-34072403,S3-998407434
S1-671301358	S2-522694006,S2-686218021,S3-656026357,S3-765110248
S1-67133357	
S1-67136053	S3-793932788
S1-67151840	S2-491997060,S2-517901842,S3-774162095
S1-67157809	
S1-671593444	S2-230082376,S2-806397411,S3-740080125
S1-67172922	S2-269893352,S2-732885452,S2-842862139,S3-101722157,S3-156982941
S1-671768877	S2-825110150,S3-195345423,S3-763251987,S3-782825282
S1-671872962	S2-156105726,S2-946747995,S3-634698165,S3-841667889
S1-671877668	S3-127747520,S3-690342728,S3-93712699
S1-671905259	S2-227699195,S3-769790151
S1-67191828	S2-616026535,S3-307241004
S1-671940238	S2-292083849,S2-479456727,S3-232335543,S3-397831598
S1-671941551	S2-493819491,S3-291450161,S3-83135710
S1-671999551	S2-756231279,S3-98197868
S1-672080094	S2-812383956,S3-298665542
S1-672150061	S3-147606312
S1-672174624	S2-910569958,S2-994147491,S3-737583293
S1-672212822	S2-301844437,S3-212139812,S3-370478706,S3-996095907
S1-672270938	S2-458629927,S2-714136402,S3-484443459,S3-65360469
S1-672377198	S3-415394488
S1-672410046	
S1-672467716	S3-36019669
S1-672524407	S2-264773467,S2-509797132,S3-374133836,S3-9448637
S1-672563653	S2-509752393,S2-931397271
S1-672629814	S2-327930239,S3-601721924
S1-672876662	S2-546479857,S3-201342083
S1-673007062	S2-15412924,S2-288614274,S2-813876208,S3-295837547
S1-673074014	S2-258415058,S2-337685349,S2-739311452,S3-78566691
S1-673089980	S3-226123499
S1-673209802	S2-238167511,S3-278897538,S3-608953018,S3-700297829
S1-673320160	S2-710364890,S3-199251320,S3-39321622,S3-80786373,S3-819266522,S3-882918349
S1-673335211	S2-335187937,S2-380612293,S2-982348654,S3-404013056
S1-673367190	S2-67009750,S3-349271161,S3-784936277
S1-673389539	S2-593727304,S2-934672338,S3-282977616,S3-666574325
S1-673392601	S2-76893440,S2-816725355,S2-928007877,S2-993656010,S3-357876915,S3-536638905,S3-935067982
S1-673602603	
S1-673689319	S3-810951594
S1-673996736	S2-424813401,S3-211472097,S3-329114887
S1-674244352	S2-455512303,S2-761651132,S3-298227753,S3-400570618
S1-674505881	S2-41123229,S3-405726448,S3-469524227,S3-726746990
S1-674583713	S2-391041148,S2-66231733,S3-457595901,S3-584668731,S3-801599206
S1-675044887	S2-736996381,S3-124949262,S3-41765423,S3-624615641,S3-726124417
S1-67511740	S2-240690520,S3-452277754
S1-675334975	S3-822628847
S1-67539245	S2-379912493,S2-534194696,S3-286525524,S3-677388493
S1-675447424	S2-549769160,S2-562632013,S2-809986000
S1-675694926	S2-505690168,S3-685513833,S3-996416231
S1-675795916	S2-299574066,S3-174437607
S1-675879673	S2-472082268,S2-623680730,S3-461017142,S3-515004686,S3-974057532
S1-676079822	S2-617223414,S3-306340402
S1-676087768	S2-112273598,S2-915948774
S1-676311844	S2-236449299
S1-676368645	
S1-676405554	S2-373378920,S3-327490178
S1-676523706	S2-169950347,S2-910026378,S3-749267095
S1-676624311	S2-197242788,S3-394168060,S3-82574720
S1-676871506	S2-591220728,S3-524759127,S3-894239315
S1-677146180	S2-280374843,S3-353840012,S3-361228067,S3-647949519
S1-677254794	S2-774117747,S3-187716290,S3-467241221,S3-534820972
S1-677435181	S2-565995949
S1-677539908	S3-349050243,S3-996213208
S1-677577431	S2-734471678,S2-974181350,S3-302208337,S3-491929753,S3-703348450
S1-677635323	S2-283801967,S2-559042716,S2-777886961,S2-819262019,S3-287478566,S3-50809758,S3-773226770,S3-965821516
S1-677655440	S2-558463228,S3-149644290,S3-236113480,S3-55361941
S1-678426756	S2-218448153,S2-745651820,S2-832889803,S3-184898038
S1-678682360	S2-968154811,S3-323128138
S1-678755848	S2-38173442,S2-639409083,S3-141590091,S3-745003417
S1-678856341	S3-679035553,S3-827733607
S1-678898601	S2-201273498,S2-432574433,S2-467095467
S1-67891635	S3-831222438
S1-679101498	S2-16911080,S2-774230103,S3-656110861,S3-945795122
S1-679161696	S2-109954301,S2-354513407,S2-782266238,S3-519138981
S1-679340480	S2-38290987,S2-572867652,S3-563058369,S3-920344864
S1-679355928	S2-273711114,S3-247752431,S3-594200605
S1-679511877	S2-831402923,S3-708747433
S1-679532161	S3-7950217,S3-806852200
S1-679647261	S2-396627464,S2-656394986,S3-97336325
S1-679720844	S3-597534746,S3-665302826,S3-874880690,S3-910774005
S1-679740412	
S1-679933174	S3-831232020
S1-679990146	S2-19744649,S2-735015721,S2-860173275,S3-975247307
S1-68000837	S2-460204497,S2-578573747,S3-143337593,S3-264198627,S3-290759959
S1-680090813	S2-532172982
S1-680102034	S2-387325807,S2-666923671,S2-677933119,S3-216829021,S3-519120109
S1-6801584	S2-371017323,S2-607773870,S3-19642982,S3-52129484,S3-635281375
S1-680228858	S2-722908310,S2-95913951,S3-467813994
S1-680242782	S2-350205598,S3-220499795,S3-270832156
S1-680249942	S2-755647788,S2-768217092
S1-680274489	S2-154000051,S2-583010850,S3-1153530,S3-241083666
S1-680278632	S2-522201899,S2-778406751,S3-190087902,S3-856173306
S1-680348466	S2-409123572,S3-238613986
S1-68039483	S2-467257181,S2-569910580,S3-135789784
S1-680518272	S2-614018455,S3-382945317,S3-931200567
S1-680655630	S2-489004366,S3-30974419
S1-680683447	S2-139217181,S2-22043325,S2-745151320,S3-275318428,S3-390900220,S3-529575674
S1-680738926	S2-496957034,S3-44968360,S3-842646985
S1-681069299	S2-78306709,S3-88358174
S1-681098662	S2-972487412,S3-185836145,S3-690117229,S3-946742405
S1-681167451	S2-140704261,S2-583139520,S2-626957519,S3-166936409,S3-824730103
S1-681211154	S3-754976669
S1-681441889	S2-717439968,S3-266995474
S1-681516850	S2-911261230,S3-964960762
S1-681565736	S3-464009963
S1-681577740	S2-432837183,S2-506811733,S3-821589983
S1-68161416	
S1-681625071	S2-272024173,S2-598178470,S3-705703928
S1-681680616	S2-323209741,S2-892444326,S3-748604016,S3-903704173
S1-681914239	S2-733814111,S3-454399402,S3-799027478,S3-93372965
S1-68193181	S3-216840182
S1-682017771	S2-23603936,S2-695559566,S3-224163669,S3-51264591
S1-682035216	S2-380794982,S3-244466041
S1-682105398	S2-756158302,S3-505870333,S3-962163888
S1-68211452	S2-215239926,S3-407748314,S3-814198621
S1-682306208	S2-881094091,S2-927297220,S3-237341573
S1-682334499	S2-254616947,S2-38319191,S2-62320019,S2-858850993,S2-909438538,S3-185931956,S3-564750230,S3-738609201
S1-682350775	S2-336171933,S3-32182840,S3-562609460
S1-682397715	S2-665982049,S3-333868912
S1-68255800	S2-215215090
S1-682645511	S2-816677057,S3-114230225
S1-682746685	S2-143541332,S3-245779291
S1-682828443	S2-582247633,S3-176374100,S3-2740050,S3-548510748,S3-608086198
S1-682844169	S2-614739100,S2-971786365,S3-311772041,S3-863172260
S1-68289406	S2-603733621,S3-186769372,S3-848373328,S3-865993768
S1-682913148	S3-583441072
S1-683072344	S2-891032762,S3-188733729,S3-881114099
S1-683081860	S2-386051235,S2-544445281
S1-683127950	S2-281350674,S3-202331575,S3-656718851
S1-683133182	S2-849379823,S3-254500685
S1-683148514	S2-138543047,S2-213035417,S2-737123387,S3-782687128
S1-683161563	S2-109111251,S2-469032362,S2-810604255,S3-173836264,S3-396295326
S1-683164864	S2-184997775,S2-386846911,S2-87977433,S3-65759820,S3-974516169
S1-683239030	S2-214941160,S2-923449243,S3-606994481
S1-683599830	S2-688093782,S2-952437053,S3-294431034
S1-683630028	S3-408295675
S1-683677212	S2-120709833,S2-904658602,S2-965654849,S3-43676054,S3-454382777
S1-683730586	S2-139651649,S2-381183867,S2-42662603,S3-245240910,S3-741881098,S3-910139401
S1-683858141	S2-431012078,S3-776967553
S1-683880166	S2-381836524,S2-746399333,S3-168570600,S3-72767986
S1-683961445	S2-238529701,S2-35795115,S2-553429695,S2-832452321,S3-469423416
S1-684097299	S2-192298507,S2-505852465,S2-770723338
S1-684213140	S2-706325332,S3-24590085,S3-497617134
S1-684270140	S2-603720978,S2-930139953,S3-357230243,S3-40049409
S1-684282886	S2-116567645,S2-344391388,S2-574662633,S3-462014061
S1-68433804	S2-205404584,S2-519826081,S3-729228169,S3-787770777
S1-684451576	S2-677641888,S3-70529025
S1-684531114	S2-426949439,S2-804770483,S3-525394300
S1-684543023	S2-238394447,S2-954086395,S3-340411858,S3-825680309
S1-684594352	S2-432274033,S2-68579742,S3-226951811
S1-684854293	S2-144295677
S1-685093344	S2-584599535,S2-893866841,S3-170618971
S1-685188046	S3-858664764
S1-685189570	S2-7507153,S2-889326717,S2-931858819,S3-466015627,S3-660025981,S3-920436125
S1-685372248	S3-524993579
S1-685437516	S3-581867587,S3-603362700
S1-685621188	S2-358747542,S2-485665900,S2-635879278,S3-123958063,S3-867983270
S1-685676366	S2-528020128,S2-848463766,S3-621656368,S3-676140862,S3-823694778
S1-685713145	S2-579465337,S3-325149265,S3-753550106,S3-772062439,S3-805249
S1-685794557	S2-534841501,S2-901320416,S3-137530997,S3-708328358
S1-685802393	
S1-686010330	S2-140896434,S2-195823973,S2-781076579,S3-211605449
S1-68603920	
S1-686076622	S2-247599765,S2-268011926
S1-686120950	S2-993830432,S3-539240283
S1-686134226	S2-892762939,S3-425104851
S1-686222356	
S1-686272247	S2-703387861,S3-547615104
S1-686460476	S2-182653343
S1-686474484	S2-329937519,S3-247604772
S1-686547775	S3-693107191
S1-686574066	S2-938827282,S3-468463512,S3-576230223,S3-766211131,S3-986244003
S1-68662819	S2-278235418,S2-481511664,S2-788955138,S2-992061973
S1-686631869	S3-34513666,S3-369799588,S3-855725238
S1-686900142	
S1-687040920	S2-311844369,S3-698539761,S3-780028809
S1-687083581	S2-557392764,S2-855623065,S3-162520991
S1-687188808	S2-695221344,S3-467989723,S3-602492582,S3-876784136
S1-68724676	S2-458698656,S2-963269439,S3-92814616
S1-687296718	S2-247531963,S2-889022942,S3-189474151
S1-687341730	S2-100012946,S2-973507963,S3-440189762
S1-687383377	S2-130525948,S2-373861035,S3-153183501
S1-687676720	S2-563280651,S3-258003811,S3-763189762
S1-687814957	S2-861863054,S3-791718018,S3-881254986
S1-687918809	S2-357948732,S2-771119405,S2-923860674,S3-832213589,S3-944090108
S1-687942987	S2-251105974,S2-760604855,S3-227240401,S3-283274518,S3-53084841,S3-840961719
S1-687967252	S2-48426649,S2-649033004,S2-962111004,S3-37515036,S3-616096306
S1-688083761	S2-395095612,S2-690810935,S2-767881310,S3-297713204,S3-547630693
S1-688110929	S2-474035543,S2-545866175,S2-972253556,S3-48050946,S3-646120184
S1-68811572	S2-918302972,S2-976038594,S3-862295149
S1-688156522	S2-787981612,S3-448628121
S1-6882632	S2-275976136,S2-414179241,S2-483481019,S2-684214129,S3-210866162
S1-688358230	S2-145075570,S3-175333684,S3-266168792,S3-34339687,S3-437641857,S3-912622365
S1-688506782	S2-596827262,S2-675064559,S2-879228052,S3-584863713
S1-688588036	S2-885197357,S3-776804773
S1-688616160	S2-143927607,S2-198028285,S3-698087276
S1-688626316	S2-447072833,S2-622430522,S2-892560296,S3-459711709
S1-68890383	S2-178845545,S2-384039640,S3-801485757
S1-688935728	S3-150049835,S3-849783925,S3-920112252
S1-68901145	S2-205755069,S3-163979747,S3-416621774,S3-528457895,S3-888165384
S1-689068434	S2-683620903,S3-944922157
S1-689123078	S3-163283321,S3-528931129
S1-689151034	S2-299860520,S3-976019794
S1-68923248	S2-120454012,S3-39654312,S3-688153911
S1-689439137	S2-508271688,S2-557632345,S2-902118429,S3-15357705,S3-490150328
S1-689463185	S2-380979522,S2-857151457,S3-107337202,S3-357547341
S1-689483196	S2-522142495,S3-735030940
S1-689616522	S2-137744182,S2-233894134,S2-283921615,S3-350947779
S1-689773403	S2-470933719,S3-636510123,S3-794979304
S1-690000613	
S1-690122386	S2-194945560
S1-690162023	S2-151136047,S2-305185630
S1-690273615	S2-360948203,S3-343216077,S3-37668094
S1-690289942	S2-365765292,S3-115727376
S1-690363442	S2-612348224,S2-625616360,S3-115713849,S3-772182105
S1-690422104	S2-483485427,S2-894695793,S3-575307559
S1-690441144	
S1-690462203	S2-4867072
S1-690473005	S2-703707506,S2-994546259,S3-541361182
S1-69069569	S2-577255727
S1-690774450	
S1-690819457	S2-563316156,S3-337307372
S1-690874475	S2-419522053,S2-440950749,S2-81621463,S2-919699781,S3-391602053,S3-698941031,S3-77604497,S3-809369276,S3-8436345
S1-690885313	S2-506175796,S2-966747965,S3-201085797,S3-259865477,S3-330747084
S1-690944967	S2-542956168,S3-268333646,S3-315638349
S1-690988053	
S1-690992413	S3-496799407,S3-593152395
S1-691002685	S2-665892826
S1-691065654	S2-196744218,S3-514520808,S3-561358056,S3-822360003
S1-69111210	S2-370645667,S2-70538417,S2-837571961,S3-353664754
S1-691444971	S2-479027646,S3-34032466,S3-385826572,S3-879696746
S1-691480151	S2-128632453,S2-171201203,S3-289299358,S3-297371026,S3-401738632
S1-691565085	S2-569247089,S2-717611677,S2-950951401,S3-656018075
S1-691602814	S3-32298298
S1-691606154	S2-170022323,S3-99793363
S1-69162493	S2-399580208,S3-526978734,S3-626748410
S1-691697799	S2-22513464,S2-672330172,S3-370077691,S3-673767059
S1-691704037	S2-508888323
S1-691770385	S2-923467781
S1-691776503	S2-184916027,S3-256487156
S1-691900793	S2-476482289,S3-700623997
S1-692036120	S2-375921756,S3-679744415,S3-910656451
S1-692059049	S2-27916004,S2-338104458,S2-572067729,S2-927210749,S3-119237197,S3-945053841
S1-692161132	S3-433875761,S3-476818000
S1-692468761	S3-758607741,S3-849674021
S1-692593244	S3-610330860
S1-692624432	S2-962218730,S2-994926610,S3-136365890,S3-171470182,S3-313028158,S3-479562478
S1-692688580	S2-937606764
S1-692809136	S3-340924191,S3-391132456,S3-696760849,S3-794484076
S1-69297341	S2-114310339,S2-351585246,S2-537633352,S3-303746041,S3-987902943
S1-692975415	
S1-693175301	S2-835367366,S2-982926355,S3-151967551,S3-565648713
S1-693235891	S2-144349713,S2-788615223,S2-952333735
S1-693249051	S3-1506983,S3-373441608,S3-902401113
S1-693274893	S2-193139013,S2-481600130,S2-529617095,S3-187246351,S3-739617301,S3-852884706
S1-693318	S3-142161259,S3-235771547
S1-693612958	S2-652827730
S1-693621903	S2-174230056,S3-224505264,S3-236898231,S3-350003912,S3-377442265
S1-694101810	S2-436284156,S3-284376487,S3-437634565,S3-873586485
S1-694393233	S2-446853832,S2-623433989,S2-944839252,S3-65784305,S3-936208293
S1-694530971	S2-21249719,S2-865036829,S3-168205354,S3-55832374
S1-694726562	S2-245030138,S2-499693243,S3-269826216,S3-516733331
S1-69479202	S2-48509315,S2-830711022,S2-856157301,S3-522630565
S1-694851027	S2-696032694,S3-116976722,S3-584953639
S1-694885629	S2-671498941,S3-492784649
S1-694949666	S2-47474801,S2-924649204,S3-166479596
S1-695013416	S3-288643806,S3-534016604
S1-69511500	S3-832684551
S1-695199482	S2-786140841,S2-896221693,S3-224237899,S3-456903168,S3-728369358
S1-695230352	S2-184161503,S2-319861232,S2-459073801,S2-477280596,S3-428747984
S1-695254163	S2-909273050,S3-307424412,S3-748645926
S1-695263849	S2-139286491,S3-126477605,S3-779276838
S1-695335793	S2-115104179
S1-695489411	S2-180752617,S3-489722709
S1-695507211	S2-175380376,S2-953328342,S3-116101323,S3-254642063,S3-601520798,S3-718780452
S1-695533598	S2-28284935,S2-383131301,S3-532946440,S3-5743255
S1-695569543	S2-147577602,S2-297078960,S3-392875999,S3-664702188,S3-888042390
S1-695714042	S3-476613833
S1-695776300	S2-658479260,S3-825214076
S1-695798871	
S1-695823225	S2-161399012,S2-271474082,S2-41779981,S2-672277782,S2-772873494,S3-637900339
S1-69582597	S2-599357599,S3-264751343,S3-457550519,S3-61539221
S1-695924937	S2-427124710,S2-9677524,S3-13374711
S1-695957457	S2-170289892,S2-247278252,S2-556377597,S3-340050108
S1-69626514	S2-515524257,S3-834532287
S1-696325711	S3-360074124
S1-696399681	S2-557817340,S2-664121194,S2-994513430,S3-552417841,S3-949496139,S3-981124948
S1-696447653	S2-213133800,S2-5738239,S2-704460457,S2-999592107
S1-696467789	
S1-696479295	S3-178255526,S3-356437999,S3-595814945,S3-973352316
S1-696721748	S2-196606637,S3-930173906
S1-696767222	S3-871981923
S1-69683275	S2-304106203
S1-696839015	S2-847262591
S1-696844711	S2-408869974,S2-84026685
S1-696872905	S3-266504952,S3-600110083,S3-673439670
S1-697138545	S2-243239635,S2-583581365,S3-176929729
S1-69717943	
S1-697239711	S2-156552757,S2-382339383,S2-771405468,S2-820061096,S3-379360875,S3-50377347,S3-67560234,S3-73813846,S3-954956959
S1-697434118	S2-474625308,S2-811639150,S2-872829248,S3-633869685
S1-697579704	S2-565318249,S2-959010142,S3-288574341,S3-486166640
S1-697588657	S2-147114008,S2-698223544,S3-144589768
S1-697930503	S3-650315952,S3-904557761
S1-698011993	S3-478382759
S1-698152206	S2-329848427,S2-897332100,S3-698089445,S3-72231678,S3-955148765
S1-698232418	S2-616604375,S3-995048147
S1-698264772	S2-993634389
S1-698491965	S3-50152006,S3-609640913,S3-900753384
S1-698516305	S2-252131424,S2-886581567,S3-653629252
S1-698545790	S3-439941598
S1-698689485	
S1-698759400	
S1-698888067	S3-801653843,S3-895237296
S1-699053137	
S1-699079879	S3-854238775
S1-699154822	S2-805653572,S2-874999035,S2-970832912,S3-647549837
S1-699423332	S2-122385757,S2-375077791,S2-407923000,S3-550814531
S1-699461990	S2-65320831,S3-285806057,S3-652055642
S1-699513541	S2-145605983,S3-151790858,S3-427086658,S3-54142525,S3-81453605
S1-699538869	S2-220201640
S1-699780766	S2-622984187,S3-379008106,S3-390522869
S1-699874755	S2-33145047,S3-710938198
S1-699975239	S2-978264653,S3-17096895,S3-19083528,S3-987925985
S1-700070808	S2-530506142,S3-570683715,S3-680153525
S1-700357663	S2-783501343,S3-853313277
S1-700383051	S2-460986271,S2-996620656,S3-662987550
S1-700696930	S2-223441830,S3-11362741,S3-132433027,S3-973779209
S1-700789055	S2-163992673,S2-354559016,S2-859839012
S1-700941291	S2-202055333,S2-238137153,S3-355053624
S1-701095575	S2-693576589,S3-138376408,S3-906145387
S1-701126646	S2-354119563,S2-768536757,S3-42481319
S1-701169246	S2-368036199,S2-833642595,S3-720851413,S3-756457392
S1-701381706	S3-978807643
S1-701406042	S2-595665211,S2-656459813,S3-684102705
S1-701583396	S3-327922333
S1-701627644	S2-237824078,S2-553949156,S2-966769454,S3-338487873
S1-701813730	S2-393384406,S3-403290946,S3-54082620
S1-701820879	S2-360445054,S2-514137690,S3-283680752
S1-702039324	S2-451065133,S2-603255278,S2-696590275,S3-608200885
S1-702100914	S2-196595442,S3-293833887,S3-642619432,S3-733656266,S3-740523602,S3-795767847,S3-98733087
S1-702195897	S2-899876432
S1-70219954	S2-486831429,S3-663167072
S1-702367921	S2-35997468,S2-650798642,S2-757962164,S3-482272954,S3-62632381
S1-702385297	S2-262432080,S2-493492919,S2-927361066
S1-702491441	S2-655836583,S3-576168062,S3-79936502
S1-702492919	S2-116318661,S2-399510700,S3-380698987
S1-70270002	S2-47315010,S2-772443385,S3-314008475
S1-702804278	S2-569732381,S3-489196306,S3-644967984
S1-702817258	S2-884654659,S2-919213168,S3-913742792
S1-702938959	S2-262292613,S3-484042354
S1-702945418	S2-1502724,S2-190057588,S2-50990492,S2-986163241,S3-509174190,S3-525428988,S3-534473696,S3-623549781
S1-702988588	S2-138890570,S2-517870048,S3-313532096,S3-737426472
S1-703045329	S2-381883981,S2-469398335,S3-760231211
S1-703174498	S3-313347595,S3-611467776,S3-692448430,S3-955561956,S3-982252280
S1-703186492	S2-312726069,S2-450491339,S2-809534941,S3-485122052,S3-887568099
S1-703249510	
S1-703289878	S2-955000389,S3-990971743
S1-703361726	S2-123349469,S2-268900067,S2-958614326,S3-201373479
S1-703469575	S2-189339911,S2-58965460,S2-659407001,S2-75172765,S2-94562583,S3-829951322,S3-972780448
S1-703513943	S2-101319817,S2-269761104,S2-432872912,S2-55364171,S2-928351448,S3-503178
S1-703533156	S2-445643670,S3-45508163,S3-524811440,S3-973823826
S1-703606151	S2-368014655,S2-991869213
S1-703690744	S2-122952079,S2-217366919,S2-695282787,S3-29348666,S3-442642541
S1-703749158	S3-208036331,S3-291555673,S3-657836571
S1-703866970	S2-216219836,S2-805077501,S2-981127451,S3-556398183
S1-7040620	S2-638651381,S2-767357275,S3-985596293,S3-989414560
S1-704224973	S2-669020839,S2-876244590,S3-957398777
S1-70422791	S2-33950431,S2-392796558
S1-704279313	S2-68379855,S2-768737351,S2-770959195,S3-554053834,S3-912763841,S3-940117972
S1-704654315	S2-890400580,S3-73524737,S3-790985986,S3-793647638
S1-704679649	S2-475030495,S3-802843781
S1-704940361	
S1-704987540	S2-252377578,S2-461348386,S2-603249299,S3-654415709,S3-778121039
S1-705001282	S2-592352813,S2-92536543,S3-256747333,S3-804178579
S1-705048374	S2-814689684,S2-881512613,S2-886794092,S3-535933616,S3-573553097
S1-705118055	S2-574977697,S3-377565070
S1-705167994	S2-28955050,S2-649578697
S1-705185820	S2-297611117,S2-406011263,S3-245774026,S3-647703610
S1-705206246	
S1-705217124	S2-620828426
S1-705348814	S2-536753448,S2-791065197,S3-548680220
S1-705537888	S2-549625889,S3-580431085
S1-705541736	S2-710180891,S3-106669277,S3-449943379
S1-70559167	
S1-705636627	S2-53231788
S1-70578895	
S1-705800294	S3-381512763,S3-564736455,S3-672957918,S3-801324832
S1-70580308	S2-667010778,S3-303690358,S3-894115649
S1-705853551	S2-131918510,S2-566425132
S1-70586330	S2-845646213,S3-353863494,S3-408509096
S1-705866713	S2-359771763,S2-974072064
S1-705874032	S3-358540616,S3-863780407
S1-705915203	S3-226001620
S1-705933245	S2-751232004,S3-248179314,S3-918522411
S1-705952997	S2-286109400,S2-88988455
S1-706171686	S2-286080286,S2-644822298,S2-848332818,S3-609710144,S3-91345926
S1-706174262	S2-57068657,S3-530984476,S3-611638825,S3-644597045
S1-706179678	S2-627149600,S3-154264753,S3-268001384
S1-70625653	S2-647925518,S3-676680014,S3-932211433
S1-706398202	S3-154274806
S1-706447760	S2-142263721,S2-243865848,S2-349236022,S3-483800951,S3-959934393,S3-977242345
S1-706519178	S2-142383903,S3-141313783,S3-220886969,S3-602911717,S3-840912707
S1-706539608	S2-142044389,S3-124413571,S3-215287639,S3-635875615
S1-706683564	S2-331237398,S2-911812624,S3-371933010,S3-411528918,S3-518835423,S3-655927459,S3-726002189
S1-706716068	S2-577091971,S2-81210086,S3-558301290
S1-706774135	S2-562932646,S3-710322916
S1-706970785	S2-102031558,S2-315460492,S2-738912095,S2-919913096,S3-585352325
S1-707118758	S2-511352615,S3-268549342,S3-412893289
S1-707236603	S2-368578825,S2-492695139,S3-387707450,S3-428108050
S1-70727123	S2-56358072
S1-707310292	
S1-707323452	S3-207134032
S1-707326597	S2-31386686,S3-102986625,S3-484259538,S3-936869829
S1-707350749	S2-649684729,S2-86334777,S3-516377907,S3-646684256,S3-789028661
S1-707826661	S2-816197041,S3-264501355,S3-30519466,S3-348803699,S3-486343307
S1-707882345	S2-53768149,S3-234497762,S3-261984527,S3-459141456
S1-707925694	S2-531789591,S2-889551859,S3-621795100
S1-708064862	S2-626214901,S3-714863846
S1-708356071	S2-925970727,S3-233441572,S3-80230637
S1-708400226	S2-11447624,S2-737021373,S3-508757891,S3-614607391,S3-654593788,S3-729109395,S3-952283138
S1-708498753	S2-224769876,S2-709891747,S2-908720487,S3-422681749,S3-452194201
S1-708514008	S2-231104588,S2-550438363,S2-645754785,S3-679878604,S3-92565825
S1-708743517	S2-919631724,S3-465820714,S3-574370723
S1-708821640	S2-325812699,S2-667449794,S3-163768610,S3-373024020,S3-448636550,S3-759730071
S1-708881962	S2-316565635,S2-882654737,S3-197437635,S3-250656347,S3-481072638
S1-708900957	S2-857950251,S3-208169071
S1-709052577	S2-276860978,S3-297506627,S3-759631004
S1-709075265	
S1-709110806	S2-526022330,S3-137733101,S3-758801088
S1-709199798	S2-435389615,S3-567396935
S1-709254162	S2-255354563,S2-450885880,S3-164741693
S1-709401	
S1-709416337	S2-706673502,S2-932466435,S3-147438294,S3-744662818,S3-943002442
S1-709544181	S2-449932008,S2-850404670,S3-139915982,S3-320933671,S3-39096039,S3-549481014,S3-701370617
S1-709589814	
S1-709663206	S2-522595922,S2-69603587,S3-239212097,S3-438388863,S3-975217902
S1-70986046	
S1-709884793	S2-511171206,S2-809810025,S3-176973964
S1-709920344	S2-153281343,S2-504123011,S2-806492350,S2-938353632,S3-112125118
S1-709928369	S2-258564758,S2-321900180,S3-182599775,S3-672900545,S3-86270204
S1-710100465	S2-49361204
S1-710298315	S3-276503973,S3-328152202,S3-756012413
S1-710349519	S2-800534216,S3-392254624,S3-922860773
S1-710513409	S2-448442212,S2-568316716,S2-920826391,S3-420209766,S3-565789117
S1-710550483	S2-581567277,S2-92088654,S3-100821784
S1-710638648	S2-711460282,S2-845167117,S3-600425862
S1-710740183	S2-694844247,S2-986940855,S3-511912108,S3-891221431
S1-710777044	S2-405733798,S3-103347637,S3-647888735,S3-672382931
S1-710777516	S2-737669047,S2-752373539,S2-925735540,S3-857573603
S1-710952442	S2-66735668,S2-98375465,S3-429272423,S3-779359928
S1-711104351	S2-980194489,S3-692005776,S3-704725611,S3-821311861
S1-711124058	S2-487450930,S2-675034135
S1-711238407	S2-440654751,S2-618268661,S3-791419165
S1-711355756	S2-440153356,S3-235147989,S3-409545164,S3-691309988
S1-711484228	S2-115919500,S2-365324856,S2-760046103,S3-481874416
S1-711512044	S2-375925166,S2-391819305,S3-19104122,S3-679168620
S1-711537196	S2-238109628,S2-338545229,S2-586367455,S3-217519939,S3-353408498,S3-813637263
S1-711608327	S3-222861995,S3-388510241,S3-695931888
S1-711612398	S2-109681949,S3-244705776,S3-263067475
S1-711725825	S2-394441318
S1-711771700	S2-243407261,S3-612534162
S1-711874657	S2-897560174,S2-912541580,S2-93284651,S3-487822244,S3-616759420
S1-711905392	S2-997843191,S3-195007446,S3-433017453,S3-484326901,S3-629142654
S1-711913014	S2-602246574,S3-279131654,S3-758340503,S3-787461569
S1-711985251	S2-295206730,S2-345461567,S3-618371355
S1-712370106	S2-801158478
S1-712541938	S2-127788772,S2-748738663,S3-426437567
S1-712793399	S3-682854497,S3-714902805,S3-72928416
S1-712862968	S2-642266139,S2-651830604
S1-713009186	S2-208470382,S3-434331330,S3-71794324
S1-713124942	S2-994918828,S3-144083108,S3-220213515
S1-713152970	S3-575631513,S3-59747470,S3-612957113
S1-713190514	S2-133661829,S2-144980754,S3-341365439,S3-6761440
S1-713318559	S2-707467863,S2-958666403,S3-145593985,S3-862113660
S1-713335726	
S1-713337973	S2-136118851
S1-713620049	S2-132812782,S2-400960876,S3-696039691,S3-915037390
S1-713967550	S2-516306372,S3-361607493
S1-71410781	S3-258372609,S3-551788623
S1-714109705	S2-448018585,S2-44841833,S2-745897553,S3-184879640,S3-44129662,S3-605288171,S3-649152429,S3-973332098
S1-714183085	S3-133029252
S1-714200343	S2-426815440
S1-714234193	S2-588266552,S3-2812745,S3-40208015,S3-40914090,S3-468951595
S1-714378179	S2-985344080,S3-246510856
S1-714755992	S2-275037465,S2-596550907,S2-603124244,S3-59893590,S3-816434252,S3-949772436
S1-71475851	S2-303868019,S3-390152182,S3-437577785,S3-498686971,S3-669700485
S1-714802110	S3-288964719,S3-958908133
S1-714832869	S2-672952961,S2-984120785,S3-223114829
S1-714842745	S3-278856052,S3-342824210,S3-763250386,S3-790810805,S3-806075186
S1-714878436	S3-291360628,S3-584706047
S1-714982105	S2-876570544,S3-577074124,S3-735610353,S3-825981134
S1-715176314	S2-104184531,S3-23124920,S3-698437397,S3-839996728
S1-715207848	S2-949865426,S3-550196670,S3-737358111,S3-744103791
S1-715387966	S2-10664438,S3-656875771,S3-689892123
S1-715637625	S2-408783246,S3-726416625
S1-715761305	S2-295322093,S2-865393240
S1-715872910	S2-180152099,S2-489469195,S3-961805066
S1-716024722	S3-97586276
S1-716117717	S2-657110400,S2-942063538,S3-127329610,S3-6747286,S3-802519972,S3-855624272
S1-71616517	S2-367018543,S2-393698113,S3-537502627,S3-776758455
S1-716365874	S2-340901188,S3-43122532,S3-496505048,S3-666064312
S1-716392353	S2-428202719,S2-579753595
S1-716571117	S2-282320178,S2-562870768,S2-762051020,S3-606656838,S3-842028638,S3-869327073
S1-717116284	S2-117791944,S2-840780663,S3-569112096
S1-717258369	S2-478607331,S3-259898610
S1-717258734	S2-552662255,S2-89531176
S1-717269768	S2-947571297,S3-351488734,S3-686627067
S1-717273309	S2-57735661,S2-67952805,S2-900576737,S2-957710950,S3-557796016,S3-627086551,S3-843258855,S3-844466110
S1-717299901	S2-695978488,S3-173733161
S1-717411646	S2-128614978,S2-224611586,S2-7305283,S3-156032317,S3-472733190
S1-717439238	S2-704343260,S3-262284131,S3-664002389,S3-766104733
S1-717439453	S2-936144922,S3-121709606
S1-717512453	S3-70172112
S1-717578802	S3-54236134
S1-717587421	S2-158700894,S2-740221618
S1-717665412	S2-277051342,S2-731791632,S3-517967817,S3-687470394
S1-717670616	S2-537460063,S2-916125459,S3-217571974
S1-717721951	S2-728365603,S3-547183566
S1-717725748	
S1-717809273	S2-180143555,S2-470829425,S3-509689894,S3-651430598
S1-717810156	S2-237141666,S2-247137375,S2-564072874,S3-33866016,S3-480731429
S1-717810231	S2-165820640,S2-878661120,S3-266375095,S3-65615030
S1-717817979	S2-120036478,S2-567944063
S1-717842846	S2-223466435
S1-717843012	S2-424644210,S2-859356035,S3-972431803
S1-717892122	S2-356993909,S2-448758173,S3-163130333,S3-812579490,S3-85111458
S1-718197427	S2-462910510,S2-688452509,S2-907856444,S3-491418967
S1-718295226	S3-425178401,S3-971138592
S1-718340143	S2-924742781,S3-897374796
S1-718361707	S2-904570596,S3-326325380,S3-934395964
S1-71858740	S2-16435074,S3-408820414,S3-573278530
S1-718693417	S2-840651177,S3-232699197,S3-235122820,S3-369128003
S1-718815948	
S1-718853623	S2-705605295,S3-71963429
S1-718926762	S2-306414806,S2-59302312,S2-942179295,S3-224835557,S3-254806542,S3-561465477,S3-717978448,S3-803285173
S1-719040593	S3-12503125,S3-381225231,S3-849699003,S3-999186557
S1-719078018	
S1-719262488	S2-796531268,S3-466560345,S3-657731043,S3-683856394,S3-787952093,S3-920451818
S1-719344259	S2-171245191,S2-962139148,S3-547944103
S1-71939682	S2-607012763,S2-613540175,S3-194604803,S3-599884934,S3-645827821
S1-719521345	S2-171912704,S2-941785710,S3-472129275
S1-719787690	S2-492175821,S2-7988904,S2-814306830,S3-175003377,S3-440350324,S3-499673162
S1-719889314	S2-487758784,S3-212199171
S1-720066676	S2-54007010,S2-545264730,S2-822017849,S3-394843127,S3-527708030
S1-720071285	S2-535659913,S2-884881707,S3-865138612
S1-720169877	S2-389420340,S3-302604322
S1-720215401	S2-345896150,S2-855531672,S2-931203506,S3-546939983,S3-6264738
S1-720236824	S2-254095038,S2-469878647,S2-859998049,S3-983016957
S1-720249328	S2-301176145,S2-585185566,S2-96358533,S3-7213495
S1-720395929	S2-343816365,S2-652140306,S2-69913807,S2-950717160
S1-72045433	S3-812254840
S1-720619362	S2-199239989,S2-540211512,S3-104430212
S1-72097992	
S1-721150565	S2-94346890,S3-179352639,S3-440545170,S3-572712462
S1-721327298	S2-152979103,S2-249820183,S2-968367352,S3-419987935
S1-721399178	S2-292334427,S2-934340795,S3-694870004
S1-721475344	S2-793643198,S3-340117317,S3-998105830
S1-721598903	S2-196535530,S2-464708354,S3-26655221,S3-472932270
S1-721723082	S2-144111804,S3-102484740,S3-46686742,S3-488781523
S1-72180744	S2-361671338,S2-47139414,S3-623562525,S3-647140426
S1-721844465	S2-160584996,S2-96642903,S3-584639509
S1-721860837	S2-914691365
S1-722041766	S2-169908959,S2-298021281,S2-998042095,S3-455813411
S1-722113478	S2-465077455,S3-252915978,S3-529558612,S3-572185486,S3-657142755
S1-722137142	
S1-72224480	S2-283757545,S2-893101355,S2-987171296,S3-388325169
S1-722354593	S2-140019916,S2-194916364,S2-242393126,S2-436375132,S3-935637601
S1-722440473	S2-31592296,S2-405846964,S3-831878849
S1-722607682	S2-525543147,S3-381723938,S3-625981459,S3-64292319
S1-722801103	S2-404990945,S2-816617416,S3-216844577,S3-286298314,S3-848684799
S1-72281536	S2-292254072,S3-904319926
S1-722858902	S3-265552278
S1-722991632	S2-391909857,S3-192035346,S3-492597631,S3-575020285,S3-883432615
S1-723034203	
S1-723116531	S2-544282850,S2-782392364,S3-242727708,S3-762827457,S3-872990676
S1-723296796	S2-11661194
S1-723441198	S2-242643209,S3-642408559,S3-835362492
S1-723746406	S2-785920145,S2-849401720,S2-906217970,S3-233615620,S3-242397105,S3-667156259
S1-724078683	S2-155871482,S2-25840898
S1-724265976	
S1-724389070	S2-38565878,S3-162242619,S3-287645962,S3-89606804
S1-72448437	S2-162692691,S2-602307909,S2-681930116,S3-353315349,S3-774578693
S1-724608342	S2-587748873,S3-868149099
S1-724719872	S2-217959220,S2-819358782,S3-234491870
S1-72476441	S2-405746269,S3-130387753,S3-168736955
S1-724962967	S2-210512071,S2-723071717,S3-363261484
S1-724970812	S2-57319272,S3-213835616,S3-234882594,S3-842154250,S3-863793742
S1-725115418	S2-339604971,S2-3801926,S3-661822738,S3-734700820,S3-995855297
S1-725115887	S2-322383807,S2-589394553,S2-989814102
S1-725150587	S2-105013721,S2-197115311,S2-273826442,S3-2391537,S3-733467042,S3-742073903
S1-725284847	S2-943428244
S1-725309828	S2-410127489,S2-517842420,S2-606906063,S2-869213941,S3-754749956
S1-72539931	S2-454051556
S1-725522374	
S1-725540710	S2-657902660,S2-671195116,S3-874832190
S1-725763017	S3-734738341,S3-773745303
S1-725764289	S2-213656610
S1-725786214	S2-532271455,S2-585997068,S2-687850197,S3-63534876,S3-652202181,S3-672932355,S3-855432578,S3-931480528
S1-725816305	S2-731632103,S3-681176996
S1-725868315	S2-137477945,S2-274308450,S2-446935797,S3-703178696,S3-972289583
S1-726039329	S2-307839462,S2-693640200,S3-305556047,S3-885799220
S1-726248190	
S1-726299029	S2-595976468,S3-854429564,S3-901219203
S1-726430197	S2-443118823,S2-927770138
S1-726599835	S2-663302597,S2-753131125,S2-820407863
S1-726619436	S3-863072993
S1-7266968	S2-185836926,S2-19384531,S2-901003647,S3-31575587
S1-726766008	S2-401791912,S3-823587505
S1-7267757	S2-28978286,S2-514650006,S3-136630651,S3-380250657,S3-733441801
S1-726810064	S2-347524299,S2-463743415,S3-67807872
S1-726858005	S2-748046799,S3-307503160
S1-726865305	S2-358521899,S2-738674749,S3-549951272
S1-72698459	S2-495475058,S3-471428653,S3-650266800
S1-727292749	S2-173884657,S2-188747718,S2-856957857,S3-238046816,S3-370952101
S1-727466604	S2-195685976,S2-548394261,S2-910667329,S3-500883363
S1-727471118	S2-555772736,S3-268285645,S3-531098713,S3-737442786
S1-727555464	S3-295422730,S3-35480969
S1-727588343	S2-772095423,S2-964532609,S3-205916803,S3-237978885,S3-547527675
S1-727693682	S2-749313848,S3-255358991,S3-28921905
S1-727705810	S2-647937979,S3-301990620
S1-727882566	S2-335268,S2-812751961,S2-910764167,S3-172223017
S1-72788395	S2-352208890,S2-448919618,S2-960382341
S1-728039853	S2-179054001,S3-518394364,S3-553847834,S3-804855129
S1-728111465	S2-989549700,S3-27247602
S1-728248974	S2-174755206,S3-642260753,S3-902076161
S1-728314894	S2-252993030,S2-282499842,S3-884793002
S1-728382573	S2-103012514,S2-962200864,S3-119857625,S3-14890867
S1-728562964	S2-253547602,S3-970650681
S1-728640011	S2-700333537,S3-582531817,S3-620776386
S1-728836336	S2-13995392,S2-291862093,S2-489971959,S3-150588674,S3-829617899
S1-729060492	S2-416522216,S2-540007443,S2-587339293,S2-980317152,S3-848083212
S1-729091282	S2-210964463,S2-588758808,S2-878505662,S3-428926443,S3-749005558,S3-757218674
S1-729130593	S2-708623325,S2-978478490,S3-125688661,S3-439968727,S3-700491279
S1-729274655	S2-232579177,S2-430195226,S3-965874791
S1-729291327	S2-475085468,S2-712577048,S3-136052123
S1-729433233	S2-699384669,S2-72178368,S3-315182423,S3-851432629,S3-859698340
S1-729446667	S2-568778187,S2-59448766,S2-693513974,S2-80562548,S3-255746923
S1-72952799	S2-259533608,S2-726632577
S1-729855996	S2-219660971,S3-245366348,S3-563677175,S3-810624597
S1-729861148	S2-298427361,S2-564723085,S2-711635442,S3-712248320
S1-729874529	S2-46602997,S2-780158459,S3-242363679,S3-737621302
S1-730004112	S2-850961094,S3-823621000
S1-730063622	S2-346523429,S3-376687762,S3-726331476
S1-730180263	S2-362797919,S2-379155287,S2-76553807,S3-226906037
S1-730383340	
S1-730410865	S2-74931067,S2-944856748,S3-229500533,S3-449729898,S3-534847287
S1-73042441	S2-458498856
S1-730629056	S2-514277460,S3-253950596,S3-826257294
S1-730671728	S2-981886079,S3-817345275,S3-977718030
S1-730912693	S2-249117552,S2-894158914,S3-199489165,S3-377265315
S1-731199984	S2-93377294
S1-731218135	S2-146302050,S2-443298181
S1-731346361	S2-373420878,S2-714214800,S2-863218835,S3-392899348,S3-573366361
S1-731410268	S2-451944562,S2-753827209,S3-408072107
S1-731419961	
S1-731477779	S2-752166804,S2-88036453,S3-412247208,S3-82235899
S1-731612651	S2-476886257,S3-64501098
S1-731661799	S2-601531539,S3-404861938
S1-731758924	S2-238505630,S2-422884529,S3-496947609,S3-608405244
S1-731843033	S2-464153785,S2-707633111,S2-855111402,S3-117594063,S3-264575142
S1-731844507	S2-493205975,S3-162110097,S3-405273779,S3-758793513
S1-731905607	S2-248477807,S3-624187057,S3-642394887,S3-820480466
S1-731972020	S2-363262649,S2-477868604,S2-690153918,S3-577434896
S1-732008692	S2-535877147,S3-19356617
S1-732046316	S2-290435403,S2-359027936,S2-896214043,S3-231631837,S3-747363191
S1-73206886	S2-258644341,S2-564296299,S2-762303408,S3-896544215
S1-732073347	S2-298080571,S2-846648075,S3-339863664
S1-732131980	S2-763287871,S3-137490703,S3-424677761,S3-795255199,S3-878423792
S1-732132344	S2-187991508,S2-278650047
S1-732141297	S2-326206912,S2-504930466,S3-114481754,S3-290186394,S3-761855916
S1-732170369	
S1-732170590	S3-485294734
S1-732247224	S2-477913488,S3-223337434,S3-676603715
S1-732296506	S2-74093875,S3-67009351,S3-768853214,S3-854021914
S1-732351917	
S1-73236344	S2-102833436,S2-530580510
S1-73263451	S2-542576977,S2-573732590,S2-603618294,S3-379516403,S3-391602430
S1-732658076	
S1-732659837	S2-368721538,S2-450168092,S3-766690863,S3-804736938
S1-732742308	S2-89099428,S3-161931855,S3-206513166,S3-585145986
S1-73282192	S2-90232391,S3-213299846,S3-949944708
S1-732861316	S2-707423157,S2-751451678
S1-732866713	S2-400145503,S2-917535359,S3-207805673,S3-362060381
S1-732935210	S2-995431612,S3-285676440,S3-684451481,S3-820833767
S1-733010254	S2-223016110,S2-226515164,S2-908296009,S3-588723734
S1-733025081	S2-918633396,S3-192900175,S3-209604450,S3-78832834
S1-733133868	S2-595642293,S3-230581387,S3-509722108
S1-733284933	S3-342325306,S3-546362398
S1-733315894	S2-345371426,S2-638986628,S3-38242424
S1-733329314	S2-166234402,S2-617792903,S3-552516130
S1-733363215	S3-570199283,S3-702371572
S1-733455847	S2-639677589,S3-787088356,S3-792094184
S1-733655859	S2-128127019,S2-374842320,S3-661403414
S1-733657388	S2-229366606,S2-349986631,S3-3272879,S3-841601911
S1-733775896	S2-128039820,S2-179893996,S2-49496745,S3-914778476
S1-733871857	
S1-734051451	S3-704811199
S1-734134927	S2-156034488,S2-334782482,S2-749595684
S1-734432433	S2-43614302,S2-59247462,S2-796735834,S3-84014356
S1-734482498	S2-386046797,S2-903686332,S3-852724192
S1-734485132	S2-753740922,S2-981878548,S3-640650807
S1-734659562	S2-319906760,S2-544231705,S3-733360341
S1-734676571	S3-918972601
S1-7348890	S3-320544021,S3-456954752
S1-734894999	S2-515816866
S1-73525686	S2-122573233,S2-913108868,S3-597825726
S1-735312988	S2-259560677,S2-730840268,S3-102500501,S3-448486705,S3-851763174
S1-735360427	S2-210541120,S2-301007760,S2-628497276,S2-760304612,S2-791901792,S2-926014937,S3-67862629,S3-742364644,S3-976590995
S1-73540711	
S1-73545787	
S1-735476553	S2-10623177,S2-177824382,S2-271016766,S2-685180694,S3-562156227
S1-735530515	S3-817527714
S1-735598249	S2-584527330,S3-567395934,S3-613779902,S3-890267095
S1-735712818	S2-26899451,S3-450444469,S3-545339625,S3-884802007
S1-735906026	S2-880143561,S3-36897033
S1-735909153	S2-531862825,S2-58555877,S3-414547203
S1-735977019	S2-615787030,S2-698075427,S3-630319152
S1-735977273	S3-379706462
S1-736054446	S2-501369818
S1-736070413	S3-191758198,S3-215778108,S3-444524513,S3-671523015
S1-736173340	
S1-736208973	S2-579561038,S2-825272169,S3-363106692
S1-73624488	S2-455808142,S3-761052553,S3-802143649,S3-867632792
S1-73649334	S2-551074395,S3-452462452,S3-721803630
S1-736629823	S2-60724814,S3-633041272
S1-736656342	S2-860101156
S1-736688335	S2-711858413,S3-446135726
S1-736689901	S2-222568744,S2-304940889,S2-726052151,S3-451400195,S3-536122847
S1-736737185	S3-258562171,S3-919405112
S1-736882728	S2-162966660,S2-793458428,S3-626977507,S3-843022666
S1-736969873	S2-510042048,S2-695759722,S2-920398532,S3-618524114,S3-910481787
S1-737037773	S2-333466027,S3-279675853,S3-555345545
S1-737067744	S2-77162910,S3-544538698,S3-702931298
S1-737069137	S2-739684413,S2-756060084,S3-724174132
S1-737256711	S3-547612684
S1-737421150	S2-197840341,S2-70752927,S3-797871918
S1-737454971	S2-304810414,S2-437766130,S3-168844036,S3-330568302,S3-93314951
S1-737456391	S3-338888505,S3-94449680
S1-737517529	S2-499696434,S3-308439541
S1-737598637	S2-171431198,S2-936974113,S3-302537260
S1-737651333	S2-209838061,S2-335950470,S2-742534551,S3-185620424,S3-51351556,S3-551397444,S3-554187289
S1-737715108	S2-356726496,S3-302847744,S3-738418879
S1-737768510	S2-805521819,S3-511625778,S3-659237429
S1-737866874	S2-411559734,S2-422359021,S2-545477020,S3-556073759
S1-738011401	S2-176185815,S2-919292561,S3-404945007
S1-738069331	S2-347853819,S2-791851107,S2-830092510,S2-833949486,S3-262793890
S1-738100366	S2-318861482,S2-516858048,S3-155810961,S3-531587902
S1-738203185	S2-169007811,S2-602763425,S2-715773823,S2-727313208,S3-22437747,S3-44401346,S3-649074748
S1-738231078	S2-156122714,S2-185938606,S3-582986608,S3-84904655
S1-738260744	S2-646628261
S1-738356586	S2-883197601,S3-115487209,S3-774875255
S1-738548345	
S1-738611511	S2-376726690,S2-724244866,S3-736096816,S3-926147688,S3-992013581
S1-738635225	S2-136662074,S2-610659930,S2-660330352,S3-149650710,S3-364720586,S3-469244995
S1-73870191	S2-473305931,S2-651656522,S2-844051211,S2-868545991,S3-889245623
S1-738790294	S2-474618329,S2-706888235,S3-109786548,S3-338013382
S1-738838975	S2-27535226,S3-217717948,S3-28804837,S3-447493708,S3-679433694
S1-738862834	S2-803504846,S2-923482698,S3-221821418,S3-922189112
S1-739078905	S2-223764248,S2-373668508,S3-982695437
S1-73915562	S2-70170907,S3-667345220,S3-998598180
S1-739282	S3-930410033,S3-996541929
S1-73937903	S2-175661723,S2-200482731,S3-7659240
S1-739725666	S3-257433394,S3-552559985
S1-73975688	S3-563179325
S1-739760170	S3-863850182
S1-739823396	S3-583896027,S3-595337512,S3-90899598
S1-739989060	S2-283349300,S2-355194608,S2-922518287,S2-973264739,S3-282703222
S1-740044256	S2-434964384,S3-134024912,S3-221744541,S3-685012178
S1-740055735	S3-425435489,S3-616506227,S3-749738522
S1-740231168	S2-270337840,S2-499277689,S3-137341573
S1-740253847	S3-971798864
S1-740371515	S2-338407571,S3-40099593,S3-543648627
S1-740462600	S2-170861837,S2-893141478,S3-315792740
S1-740535799	S2-334336989,S2-460673056,S3-147307912,S3-556135899,S3-693910345
S1-740635906	S2-843827343,S3-767480915
S1-740845908	S2-500358164
S1-741109383	S2-469234178,S3-216268216,S3-540138451,S3-616502284
S1-741109929	S2-325280007,S2-767105227,S2-972222331,S3-27159399,S3-921729173
S1-741117290	S2-37843527,S2-432480129,S2-839668055,S3-321777475
S1-741126250	S2-160657000
S1-741206873	S2-94574541,S3-561667581
S1-741207444	S2-517721639,S3-171263704,S3-216152217,S3-69796274,S3-734891931,S3-864839638
S1-741238355	S2-13070724,S2-227591847,S2-786735083,S3-310126232
S1-741362054	S2-841066220,S3-867123271
S1-741451564	S2-564904971,S3-184358096,S3-314091277,S3-401967887,S3-839662732
S1-741485442	S2-421346664,S3-798183019
S1-741501458	S2-571423959,S2-900427596,S3-610216657
S1-74164440	S3-148377580
S1-741677549	S3-796140773
S1-741708650	S2-685502600,S3-47012081,S3-764256684
S1-74175485	S2-911602105,S2-958423564,S3-227499466,S3-285501731,S3-420595411
S1-74175571	S2-93776171,S3-280420529
S1-741763939	S2-606849083,S2-760821394,S3-20113447
S1-741812061	S3-249277269,S3-56233614,S3-684878855
S1-7419790	S2-191994679,S3-636090837
S1-742048930	S2-840097302,S2-952151758,S3-794635247
S1-74209590	S2-259044431,S2-648274438,S2-679267033,S3-577935753
S1-74227807	S2-238645758,S3-271508775,S3-782543905,S3-89021457
S1-742278457	S2-197349615
S1-742300610	S2-424903760,S3-584917012
S1-742323620	S2-231005069,S2-914543891,S3-458672681
S1-742455260	S2-950733397
S1-742476477	S2-720478526,S3-268850501
S1-742598457	S2-292366705,S3-348772039
S1-742617559	S2-289450729,S2-734751578,S2-98644460,S3-198944271,S3-202304120,S3-522892038
S1-742674814	S2-378640576,S2-743507250,S3-915225553
S1-743144602	S2-155609965,S2-756914479,S2-994907184
S1-743210642	S2-269196576,S2-779094960,S2-92756304,S3-40942700,S3-459060024,S3-656797594
S1-743284950	S3-521068001,S3-582254506
S1-743299091	S2-670222196,S3-640617694
S1-743435744	S2-76448699,S3-206786359,S3-915408710
S1-743485548	S2-452376154,S3-193154350
S1-743664243	S2-675645279,S2-728566332,S3-363526966,S3-761779918,S3-943480014
S1-743728565	S2-799683074,S3-170119480,S3-42114660,S3-47882218
S1-743911868	S2-679603557,S2-708869019,S3-140393059,S3-186908252,S3-711691551,S3-829627244
S1-744055075	S2-584258242,S2-704969863,S3-770872953
S1-744106637	
S1-744203039	S2-131647303,S2-51579109,S2-564253405,S3-330109105,S3-462505655
S1-744418606	S2-26319994,S2-830550317
S1-744442994	S2-953878451,S2-958861251,S3-294504842
S1-744552537	S2-268163717,S2-5869818
S1-744564508	S2-570302937,S2-886176934
S1-744794557	S2-540392654,S2-633431835
S1-74492728	S2-561296324,S2-628538198,S2-847689131,S2-939882834,S2-956170600,S3-156522996,S3-33922516,S3-439926958,S3-73536684
S1-745170704	S2-462392473,S2-54081370,S3-644259689,S3-757994433,S3-873346421,S3-891288820
S1-745238561	
S1-745245715	S2-559748161
S1-745266077	S2-875911337
S1-745323629	S2-482299703,S3-247956214,S3-709742627,S3-966155793
S1-745325629	S2-526441983,S2-925675639,S3-417160153,S3-578797790
S1-745367323	S2-735312457,S3-260441190,S3-736602143,S3-865841448,S3-942706030
S1-745441746	S2-552098247
S1-745478909	S3-540352934
S1-745575118	S2-237798284,S2-455663325,S2-84794407,S3-682213005,S3-968169316
S1-745580267	S2-780557336,S2-78096397,S3-100236823
S1-745583121	S2-799742255,S2-817859270,S3-383072027,S3-64948791,S3-753900559
S1-745598954	S2-211157432,S2-880787109
S1-745738595	S2-320670540,S2-746582059,S2-787404353,S3-207418140,S3-598823337
S1-745913179	S2-156903417,S2-362352924,S3-112061612,S3-577309568,S3-696095149,S3-830280835
S1-746273674	S2-590111149,S2-756707467,S3-157213984
S1-746406853	S2-515026314,S2-952748681,S3-743642866
S1-746472200	S3-624753676,S3-972417741
S1-746473729	S2-431282313,S2-729234031,S2-815357120,S3-493709691,S3-919361395
S1-746486529	S2-450421836,S2-552319504,S2-938684521,S3-229441918
S1-746564966	S2-526454700,S2-574585486,S2-695251433,S2-928273766,S3-412249646,S3-910398560
S1-746607896	S2-430651608,S3-763656377,S3-915277186
S1-746821848	S2-511248917,S2-556471840,S3-261547054,S3-322957923,S3-565665220
S1-746828150	S2-870439766,S3-721682578
S1-746903165	S2-135068579,S2-751630052,S3-392950823,S3-684186621,S3-978222613
S1-746914207	S2-128437463,S3-101487503,S3-470314722,S3-537994406,S3-889959304
S1-746952303	S2-123024524,S2-449819927,S2-638816948,S3-271071713,S3-272828689
S1-746990489	S2-398565833,S3-232638452,S3-813755687
S1-747054703	S2-856669128,S3-683953472
S1-747057057	S2-668980965,S2-777817549,S2-794334239,S3-426059797,S3-63067698
S1-74712169	S2-254197613,S2-752098277,S3-181937292
S1-747173855	S2-166345826,S2-682311941,S3-531495526,S3-686288778
S1-747178937	S3-847064588
S1-747242390	S2-248991742,S2-563177050
S1-747284162	S2-28013759,S2-39221757,S2-635974414,S3-187023204,S3-428872306,S3-857032985
S1-747314363	S2-514283483,S2-83026162,S3-332128109,S3-39774373,S3-470341278,S3-512800621
S1-74739083	S2-165229101,S2-44381065,S2-490541590,S2-554044464,S3-811114671
S1-747442617	
S1-747450380	S2-417070476,S2-643010992,S2-698889050,S2-983596342,S3-392455685,S3-501683284,S3-708686809
S1-747562440	S2-354893435,S3-264325008,S3-501957753,S3-529860066
S1-747596861	S2-786141672,S3-296623125,S3-824507469
S1-747707981	S2-573081603,S2-810208062,S3-193736348,S3-63391879
S1-747739490	S2-140641641,S2-460519715,S2-957709047,S3-483926390
S1-747814982	S2-767002303,S3-471839802
S1-747858888	
S1-747889968	S2-984131669,S3-879003308
S1-747905526	S3-299386513,S3-502228237,S3-658607067
S1-747915654	S2-163717695,S3-73516578,S3-742776346
S1-748074375	S2-255598817,S2-647291998,S2-82126443,S3-469863769,S3-697719335,S3-747886746
S1-748087817	S3-14225314,S3-276897473,S3-478253914,S3-568631472,S3-702763318
S1-748102883	S3-283999374
S1-748122149	S2-492304664,S3-382180862,S3-826363211,S3-900041161
S1-74816280	S2-764252964,S3-614175819
S1-74863753	S3-529716095
S1-748672539	S3-576454592,S3-584017035,S3-723489504
S1-748801724	S2-371466552,S2-698956471,S2-995836248,S3-378477890,S3-452100535,S3-706986404
S1-748974167	S2-397947898,S3-584227927
S1-749035343	S2-378530134,S3-951264617
S1-749067273	S2-147597700,S2-737523787,S2-967249485,S3-774132357
S1-749100810	S2-129326563
S1-749116534	S2-206320874,S3-2478084,S3-955277403
S1-749317342	S2-216818540,S2-752696955,S3-222185867,S3-817984086
S1-749509166	S2-408662585,S2-412598896,S2-931198230,S3-210416480
S1-749612556	S2-87658639,S2-893356080,S3-101036526,S3-579399794,S3-788449381
S1-749662468	S2-998866309,S3-48275634
S1-749889236	S2-100190770,S2-49663890,S3-792163292,S3-874636210,S3-909706684
S1-750158682	S2-329945798,S2-610769370,S2-817676798,S3-778793614
S1-750184720	S2-196253491,S3-515243867,S3-605775065,S3-9295409
S1-750239667	S2-74290399,S3-122543352,S3-145891472,S3-615748549
S1-750287856	S3-326622891,S3-738186354
S1-750290069	S2-408331513,S2-558374307,S3-212746485,S3-85655583,S3-932423812
S1-75039753	
S1-750467676	S2-181171323,S2-331110146,S2-93655938,S3-600782254,S3-787975596
S1-750574139	S2-637766925,S3-429640990,S3-475975140,S3-493498134
S1-750684271	S2-102113877,S2-248262278,S2-408128499,S2-726943889,S3-751093438,S3-895642242
S1-750721192	S2-446811432,S2-617648989,S3-120761685
S1-750750738	S2-784982316,S3-908284748
S1-750762549	S2-441579407,S3-664120851,S3-675287768
S1-75113774	S3-632252910
S1-751197147	S2-621006848,S3-558889319
S1-751395750	
S1-751691886	S2-923440015
S1-751720510	S2-525201016,S2-910486,S3-973458832
S1-751810712	S2-351740165,S2-97782342,S3-862843506
S1-752271595	S2-29198947,S2-897654280,S2-984686684,S3-406505886,S3-819283311,S3-898672958
S1-752310666	S2-872143373,S2-915788299
S1-752418982	S2-467266995,S2-507340368,S2-712551105,S2-753708576,S3-356307595,S3-575560082
S1-752463954	S2-789523673
S1-752529804	S2-225231449,S2-604011507,S3-294790170
S1-752603630	S2-141580055,S3-214609248,S3-512890574,S3-705180180
S1-752641310	S2-756421205,S3-956516590
S1-752684022	S2-39435579,S2-47104220,S2-489311542,S2-823000592,S3-147675724,S3-332939601,S3-371913711,S3-483562447,S3-561373425
S1-752860376	S2-178803199,S3-423529296,S3-846358729
S1-752924399	S2-123080765,S2-656076313,S3-830690270
S1-752989217	S2-657086781,S3-887534069
S1-753014201	S3-104168841,S3-122271033
S1-753163391	S2-101889325,S2-132560556,S2-710242013,S3-422413238
S1-753215033	S2-485363807,S3-835620206
S1-75325037	S2-103158669,S2-113690638,S2-287219455,S3-49471986
S1-753273350	S2-552135597,S2-685282694,S3-356524919,S3-864852390,S3-983749545
S1-753287382	S2-184021331,S2-243792702,S3-647221801,S3-733184755,S3-842439636
S1-753495958	S2-272344331,S3-508880827
S1-753693012	S2-255132581,S3-207278694,S3-619174723
S1-753778299	
S1-753796977	S2-443105934
S1-753817453	S2-361707395,S2-947761515,S3-757293963
S1-753823351	S2-106415161,S2-381293601,S2-914878917,S3-819481876,S3-902747962
S1-753828617	S2-448218293,S3-538882962,S3-840391313,S3-880156408
S1-75398068	S3-116471031,S3-567867325
S1-754007686	S2-314361387,S2-331549420,S3-362286309
S1-754067009	S2-953946744,S3-380466971,S3-900972191
S1-754088750	S2-236177869,S2-301454225,S2-671125754,S3-968715037
S1-754098663	S2-296541564,S2-72524841,S3-920307887,S3-975117354
S1-754114088	S2-127145684,S2-869924904,S3-260961569,S3-392103771
S1-754281571	S3-958023001
S1-754466130	S2-271207705,S2-31896800,S2-76097925,S3-186878195,S3-694719635
S1-754726627	S2-866851671,S3-141226743,S3-413853710,S3-963499564
S1-754780567	S3-931766998
S1-75486473	S2-326539781,S3-125924902,S3-589447824
S1-755004020	
S1-755051700	S2-505826104,S3-79495917
S1-755102610	S2-287167813,S2-696755979,S3-628593320,S3-94196180
S1-755323321	S2-600714402
S1-755380892	S2-43809618,S2-687858077,S2-854409820,S3-966196147
S1-755416326	S2-382296676,S3-207089384
S1-755647064	S2-408751321,S3-299168253,S3-54835658
S1-755666142	S2-988836165,S2-993404130,S3-484167330,S3-880191484
S1-755825682	S3-199720018
S1-755840979	S2-126990351,S2-305716551,S2-87630027,S3-595470096
S1-755896368	S2-319941230,S2-931261379
S1-755937082	S2-949546132,S3-230396067,S3-773330175
S1-755971384	S3-272350403
S1-755983782	S2-254088028,S3-343929965,S3-805105207
S1-756006891	S2-228614701,S2-330481105,S2-897031392,S3-635034714
S1-756024457	S2-688138710,S3-503935641
S1-756053257	S2-695956369,S2-983335515,S3-125836414,S3-186785560,S3-903025136
S1-756077995	S2-184172112,S3-474252501
S1-756202204	S2-239315353,S2-478750865,S3-215911475
S1-756227385	S2-623502628,S2-646429739,S2-724835750,S3-895031653
S1-756340780	S3-234901986
S1-756458628	
S1-756488720	S2-741697106,S3-994649185
S1-756532295	S2-220702891,S2-291052369,S2-643237415,S2-660432026,S3-838888736,S3-870310984
S1-756615565	S2-768357,S3-197388177,S3-730683376
S1-756719701	S3-87113903
S1-756984251	S2-503782180,S2-560014651,S3-277897290,S3-512910266,S3-604190764,S3-75253190
S1-757025063	S3-635906408,S3-816107862
S1-757090359	S3-44320109,S3-823296172,S3-838613051
S1-757254176	S2-104517647,S2-256341662,S2-726695317,S3-500499310
S1-757257953	S3-302300314,S3-42558953,S3-851165404
S1-757327548	S2-510964956,S2-997018082,S3-100917021
S1-75749239	S2-449149168,S2-631595447
S1-757524300	S3-760655328
S1-757626229	S2-192475259,S2-951850940,S2-98243384,S3-469435520
S1-757666986	S3-163495015,S3-583108301,S3-668940681,S3-820184886
S1-757677714	S2-883234053,S3-510487152,S3-869215202
S1-757758177	S2-924667718,S3-217774065,S3-401799617
S1-757982123	S2-640909421,S2-885643069,S3-140477314,S3-465992655,S3-759156492
S1-758032930	S3-238304553,S3-316375565,S3-888475859
S1-758095286	S2-809477907,S3-570811421,S3-809353003
S1-758149231	S3-566075211,S3-893990812
S1-758239660	S2-309407130,S2-423347549,S2-535808885,S2-943277536,S3-751809055,S3-790474804,S3-85546312
S1-758259904	S2-103988123,S2-298149585,S2-524786799
S1-758318999	S3-228486634,S3-558729197
S1-758321085	S3-131833000,S3-383560166,S3-821128544
S1-758346529	S2-118591828,S2-865766261,S3-207632332,S3-259596102
S1-758462212	S2-21719549,S2-511197436,S2-711009577,S3-198589091,S3-746686004
S1-758516063	
S1-758577091	S3-2194288,S3-236516250
S1-758738200	S2-326892803,S2-650638128,S3-740702264,S3-759779201,S3-91529200
S1-758739501	S2-622867424,S2-856070631,S3-845850060,S3-927025470,S3-995783148
S1-758995528	S2-276518408,S3-411772221
S1-759057578	S2-388740477,S2-515156178,S2-593175569,S2-650987676,S3-102806667
S1-759171270	S2-511221422,S2-642901779,S3-480076924,S3-546034779
S1-759172871	S2-709367105,S3-164646400
S1-75923599	S2-44312769,S2-991992397,S3-139270367,S3-881554920
S1-759243379	S3-244417192,S3-793566389
S1-759349544	S2-864219295,S3-587069953,S3-588289726
S1-759908133	S2-180379403,S2-812852147,S3-979259694
S1-759999406	S2-162567272,S2-559415775,S2-798695993
S1-760094221	S2-693265533,S2-800512026,S3-121167347
S1-760110146	S2-878720166,S3-165515878,S3-552443301,S3-982733451
S1-760199167	S2-561769343,S3-586012011
S1-760271271	S2-480536148,S3-385839173
S1-760289957	S2-222157362,S2-642614549,S3-168548706,S3-464826325
S1-760409304	S2-347581811,S2-670161379,S2-70317194,S3-758999244
S1-760519823	S2-492301763,S2-555218053,S3-670453983
S1-760574958	S3-535345145
S1-760579618	S2-469598639,S2-548127752,S3-168873779,S3-366076748,S3-762072894
S1-760631854	S2-470088598,S2-694373521,S3-170575186,S3-262420010,S3-62144437,S3-981362113
S1-760816501	S2-470305748,S3-17797979
S1-760831274	S2-386696089,S2-474817029,S2-817061411,S3-876062195
S1-760994452	S2-619371960,S2-673594133,S2-918861522,S3-390559754,S3-861661959
S1-761059840	
S1-761077575	S2-14855918,S2-740739641,S3-549568787,S3-669016670
S1-761161330	S2-303693856,S2-312541461,S3-703408595
S1-761171273	S2-220650874,S2-573927556,S2-834853898,S2-99621290,S3-50560762,S3-867808784,S3-934399527
S1-761262312	S2-829824878,S3-917056243
S1-761268826	S2-174460052,S3-152936271,S3-793889190
S1-761302024	S2-39306900,S2-495920585,S3-36415413,S3-61669149,S3-756583792
S1-761335071	S2-870869855,S3-223775385,S3-242014754,S3-507429248
S1-761513876	S2-340807976,S2-364723574,S2-459271302
S1-761539137	S2-5524277
S1-761609525	S2-239813856,S2-880711402,S3-200103392,S3-543290957
S1-761828931	S2-39331280,S3-909234940,S3-95140353
S1-761858661	S2-384209394,S2-569810174,S2-577018304,S3-507017185,S3-539096604,S3-94192520
S1-761868377	S2-271809352,S3-219542501
S1-762140024	S2-827597892,S3-478479488
S1-762179869	S2-269266039,S2-68755513,S3-597004468
S1-762237129	S2-287024487,S2-542936396,S2-954445730,S3-819116681
S1-762282020	S2-440905999,S2-795920375,S2-99610597,S3-231322626
S1-762341474	S2-134925275,S2-714174781,S3-503256907,S3-97940486
S1-762470084	S2-419734435,S2-858853726,S3-581880327
S1-762488049	
S1-762534727	S2-772694055,S3-796312064,S3-922542783
S1-762596987	S2-103002157,S2-794081319,S3-507035885
S1-762617781	S3-336107896,S3-922007260,S3-949911206
S1-762653908	
S1-762668536	S2-78834767,S3-487915495,S3-594573583
S1-762714635	S2-364038197,S3-345118208,S3-786506661,S3-957738195
S1-763044464	S2-637807676,S3-385212564,S3-49983228,S3-593792202,S3-730234424
S1-763114307	
S1-76320237	S2-786071499,S2-857761878,S3-570055806,S3-597122420,S3-671479398,S3-973203131
S1-763243191	S2-793145211
S1-76330420	S3-476423565
S1-763450941	S2-58842938,S3-958094787
S1-763700090	S2-452792981
S1-763840417	S2-197998757,S3-230707696,S3-80537780
S1-763861465	S2-566127109,S2-784825247,S3-24942150
S1-763940479	S2-140425809,S2-155985774,S2-316056576,S2-425514775,S3-575989896
S1-763974285	S2-213666543,S3-22902574,S3-535653125,S3-748557822
S1-764114843	S2-226483266,S2-335456808
S1-764245076	S2-228404268,S2-254465593,S2-839799664,S3-774338320
S1-764522943	S3-377253144,S3-59766797
S1-76459107	S2-897653127
S1-764596233	S2-450438707,S2-743259794,S2-883703402,S3-779910768
S1-764681131	S3-270632812
S1-764961730	S2-352148731,S3-784437129
S1-765157293	S3-142456806,S3-788524119
S1-765276313	S2-682518659,S2-704527796,S2-931838278,S3-707011951
S1-765278034	S2-167645126,S2-183253507,S2-938375590,S3-178101614,S3-23125776,S3-667480591
S1-765389240	S2-11896013,S2-211017827,S3-233301896,S3-915679791
S1-765495473	S2-158373513,S2-385757223,S3-150036446,S3-325101349
S1-765506801	S2-454712575,S3-19509788,S3-842146529
S1-765548308	S3-133496442
S1-765614483	S2-97506343,S3-244657431,S3-607701908
S1-765632148	S2-808442858,S2-884049098,S3-895525987
S1-765690318	S2-203429538,S2-800664104,S3-215155033,S3-465782777,S3-466696473,S3-734020216
S1-76616526	S2-269453594,S2-837012795,S3-579535525,S3-781986372
S1-766177133	S2-355778339,S2-399637811,S3-183933013,S3-998323758
S1-766306929	S3-362495544
S1-766433958	S2-109583677,S2-926322595,S3-104518823
S1-766731929	S2-189176028,S2-763972933,S2-905772947,S2-971996562,S3-126680014,S3-232706245
S1-766757096	S2-94721401,S3-429766232,S3-618140780,S3-633873859
S1-766802888	
S1-766867373	S2-608516589,S3-140792086,S3-686436330,S3-764226727
S1-767109221	S2-220187982,S2-880495050,S3-390927321,S3-397236550
S1-76717659	S2-172506960,S2-986134072,S3-322256361
S1-767198972	
S1-767339234	S2-335903695,S2-967190468,S2-999408914
S1-7673468	
S1-76746472	S2-784117094,S3-257663279
S1-767848141	S3-720761312
S1-767934955	S2-222939040,S3-788159926
S1-767943012	S3-151633736,S3-18732764,S3-618607052,S3-907244448,S3-987907879
S1-767981213	S2-601830828,S2-779805465,S3-469926125,S3-498182337,S3-512547828,S3-716268325
S1-768006927	S2-66715463,S3-608471907,S3-782107333
S1-768293581	S2-252560096,S2-418463706,S3-161673218
S1-768409150	S2-293761537,S2-402333467,S2-690088064
S1-768937662	S2-1595785,S2-917342976,S3-46321476,S3-902036797
S1-769074881	S2-692469906,S2-773978681,S2-799369072
S1-769179696	S2-154188632,S2-431709246,S2-87538231,S3-162169727,S3-509948530
S1-769585937	S2-367298222,S3-313607234,S3-590970866
S1-769619488	S2-137951905,S3-983711437
S1-769639906	
S1-769653337	S2-731076068,S2-907815001,S3-201949526,S3-508252519
S1-769881964	S2-698351585,S3-571657092
S1-769895763	S2-156376684,S3-153606851,S3-559099364,S3-747857255
S1-769950881	S2-469735556,S2-750733077,S3-233021417,S3-754664897
S1-770003348	S3-34940691
S1-770161946	S2-971635250,S2-992063814,S3-286533049,S3-632176219,S3-943473276
S1-770238852	S2-539331682,S3-493688608
S1-770273767	S2-529259186,S2-667540363,S2-994635701,S3-677350132
S1-770366654	S2-353005850,S3-463568008,S3-554205811
S1-770443182	S2-657264074,S3-205714049,S3-725428984,S3-894700872
S1-770459182	S2-173528288,S3-240734188,S3-358856118,S3-366960684
S1-770521367	S2-493238786,S2-9071791,S3-387997437,S3-670397911
S1-770679359	S2-525173525,S2-572183841,S2-787310225,S3-109893529,S3-322371164,S3-892064018,S3-939382400
S1-770706536	S2-237731541,S2-618726001,S3-760367886
S1-770868189	S3-82994679
S1-770911012	S2-187883517,S2-525846812,S2-875208976,S2-933836684,S3-486721158
S1-770997307	S2-122748115,S2-390736230,S2-765389698,S3-152204700,S3-461439669
S1-771063642	S3-160010648,S3-345009571,S3-875450080
S1-771103510	S2-172072573,S2-456413649,S2-711579070,S2-792748387,S3-52922142
S1-771329325	S2-399623127,S2-6629843,S3-494321437,S3-562552717,S3-886743055
S1-771367954	S2-852467950,S2-873086283,S3-573789742,S3-679511562
S1-771372493	S3-480311535,S3-589202279,S3-659097208
S1-771392690	S2-343482836,S2-985317813,S3-912875100
S1-771439459	S2-232721599,S2-557097934,S2-873481180,S3-340584234,S3-504510564
S1-771560274	S2-530338668,S3-22215584
S1-771573645	S2-904345119,S3-133080631,S3-928220821
S1-771581029	S2-265769110,S2-402581676,S2-851331803,S2-959095521,S3-537296071,S3-620083131,S3-625916340
S1-771611908	S2-674940914,S3-64864013
S1-771731475	S2-928637541,S2-93448208,S3-140864853,S3-859250869,S3-917533854
S1-771855495	S2-620201141,S2-766785982,S2-894903514,S3-871352585,S3-884020758
S1-771881733	S3-613748469,S3-972751891
S1-771991064	S2-488073891,S2-50865994,S2-531658890,S2-701041675,S3-913526753
S1-772043995	S2-103977629,S3-227874031,S3-745792678,S3-798106297
S1-772064865	S2-781275516,S2-960025479,S3-219048462,S3-582956281
S1-772067851	
S1-77232931	S2-865788361,S3-741006971
S1-772468309	S2-658941147
S1-772533244	S3-27043306,S3-947634695
S1-772672075	S2-273688678,S2-732283075,S3-463388963,S3-544829615,S3-592252455
S1-772775613	S2-609804269,S3-225711365,S3-229596235,S3-642999045,S3-964560295
S1-772954153	S2-407933248,S2-587522055,S2-788068971,S3-563359685,S3-675565694
S1-773428201	S2-127446765,S3-518574229,S3-991921468
S1-773457783	S2-132966123,S3-78234860
S1-773545269	S3-408888071,S3-515303156,S3-69752076,S3-738215030
S1-773584905	S2-408413652,S2-745571252,S2-751238012,S2-845326660,S3-350595689,S3-477245674,S3-886320701
S1-773594825	S3-968106719
S1-773670983	S2-212056035,S3-482809538,S3-539962318,S3-705377098
S1-773716519	S2-60907884,S3-136521625,S3-30261227
S1-773741184	S2-404493286,S2-613772457,S2-677580327,S3-299092270
S1-773838928	S2-341661199,S2-859443590,S3-448461101,S3-555829779
S1-77394095	S3-127332228,S3-331380394,S3-378749905
S1-774003459	
S1-774057033	S2-353651346,S2-761357896,S2-801360128,S3-67602984,S3-935907046
S1-774133637	S2-120874395,S2-702974158
S1-774249108	S2-942242671,S3-488346839,S3-751644206
S1-774320629	S2-868959934,S2-887926827
S1-774567826	S2-195127348,S2-343297247,S2-382783125,S3-357405884,S3-651941755
S1-774702040	S2-132082825,S2-297048776,S3-500787469
S1-774710077	S2-21461957,S2-243258318,S2-849971331,S3-146598321
S1-774735237	S2-488967262,S3-255070379
S1-774949611	S2-779904244,S3-428023001
S1-775133882	S2-508726123,S2-938434720,S3-249311610
S1-775138058	S2-193218256,S2-208011725,S2-439450862,S2-866336619,S2-952945950,S3-33048494,S3-924290514
S1-77513911	S3-186284018
S1-775205697	S3-20975416
S1-775263678	S2-276981698,S3-912614201
S1-775479559	S2-305344790,S2-312913539,S2-853942530
S1-775603395	S3-393467333,S3-472821394
S1-775807799	S2-368098437,S3-611056717,S3-926295579
S1-775889398	S2-14480944,S2-620027920,S3-372010271,S3-597572013,S3-950204307
S1-775890613	S2-638307315,S2-85420193
S1-775891854	S2-87377221,S3-119397404
S1-776068217	S2-166244743,S2-631871254,S2-768642533,S3-733831802
S1-77625067	S2-170486295,S3-909232590
S1-776299347	S2-635928764,S3-200247997,S3-675593800
S1-776476104	S2-15776361,S2-330217659
S1-776521497	S2-440797596,S2-639596120,S2-831691137,S3-313009746,S3-398939090,S3-631960112
S1-776676254	S2-333745428,S2-925550784
S1-776677252	S2-876927152,S2-977166565,S2-99893197,S3-177405477,S3-272237247,S3-337512477,S3-852796547
S1-776719139	
S1-776783499	S2-521776862,S3-313201057,S3-477316877,S3-878887399
S1-776964652	S2-128287639,S2-367993685,S2-677587922,S3-157574194,S3-895012205
S1-777049563	S2-367098349,S2-481072559,S2-70539143,S2-914673881,S3-421059743
S1-777050027	S3-323599485
S1-777050567	S2-155591060,S2-242313704,S3-996623365
S1-77719302	S2-447299180,S2-931735174,S3-233839215,S3-492421738,S3-551137223
S1-777219728	
S1-777238344	S2-359063557,S2-619001106,S3-774262860
S1-777283329	S2-429928183,S2-682043834,S2-717879229,S2-917835040
S1-777430857	S2-816737149,S2-901459477,S3-306960020
S1-777541625	S2-620343980
S1-777609304	S2-506191912,S2-674116213,S3-234368842,S3-878666891
S1-777637550	S2-242924025,S2-280302200,S2-378381252,S2-664754019,S2-887217069,S3-187656321,S3-367519272
S1-777705013	
S1-777766536	S3-229225825,S3-476240687,S3-753577920,S3-777540100,S3-924593337,S3-964688028
S1-77778017	S2-108913129,S2-127622358,S2-634462627,S2-748200523,S3-10929840,S3-212927758,S3-624124031
S1-777799536	S2-143743145,S2-261862821,S3-294630335,S3-912345759
S1-777938929	S2-259547744,S3-866877463
S1-778083733	S2-750607207,S3-973214786
S1-778104450	S2-307067447,S2-4514115,S2-932311116,S3-482383805,S3-571924970
S1-778194046	S2-881172877,S2-991112390,S3-571901383
S1-778303031	S3-538084251,S3-70065888
S1-778412557	S2-148974008,S2-461317036,S3-309225150,S3-406827404,S3-69525281
S1-778428469	S2-706998164,S2-711227333,S3-561613765,S3-953630281
S1-778694907	S2-982346722,S3-216311914
S1-778797444	S2-787250385,S2-900427849,S3-516924319,S3-726817866
S1-778878335	S3-1244311,S3-613170691
S1-778930127	S2-132978910,S2-578763761,S2-649517800,S3-240405347,S3-368011417
S1-778944695	S2-351782720,S2-464679512,S2-8375328,S3-299353741
S1-778947697	S2-241683798,S2-790713696,S2-883759758,S2-969125441,S3-111063056,S3-147968205,S3-864516894
S1-779014555	S2-658026626,S3-203964603,S3-74920390
S1-77901778	S2-663989207,S2-929118086,S3-378034104,S3-383011625,S3-671518403
S1-779164953	S2-650124887,S3-370807846,S3-929458860
S1-77923091	S2-361277015,S2-606501463,S3-110395201
S1-779273226	S2-11880422,S2-392458061,S3-788759725
S1-779292517	S2-177556503,S2-365746923,S2-721466168,S2-751219565,S2-994338321,S3-325256318,S3-418950176
S1-779484964	S2-522348182,S3-55876677,S3-747953609
S1-779502832	S2-323451383,S2-329972760,S2-391874565,S2-439760445,S2-786971866,S3-415555463,S3-697145872,S3-702640706,S3-787323474,S3-942588499
S1-77958584	S2-272058938
S1-779642650	S3-301692709,S3-429966661,S3-534169117
S1-779943025	S2-227614167,S3-712955427,S3-768147381
S1-779954871	S2-317665841,S2-812505364
S1-780346803	S2-644465955,S3-914625205
S1-780411270	S2-273989702,S2-736390163,S2-794136748,S3-914091612
S1-78062172	
S1-780688001	S2-53201560,S2-725780856,S2-783494163,S3-817279907
S1-780779256	S2-675325954,S3-237886882,S3-245303649
S1-781037652	S2-144256726,S2-165815830,S2-308843549,S3-704435890,S3-986125287
S1-781048233	S2-383624316,S2-486325875,S3-592262902
S1-781104227	S2-559523836,S2-943187156,S3-210769090
S1-78123112	S2-392085334,S3-455049484,S3-527442981,S3-811804182
S1-781243951	S2-232409690,S2-540471779,S2-990641424,S3-187820469,S3-27373325
S1-781378145	S2-234741963,S2-587005161,S2-943439734,S2-951512793,S3-236571281
S1-781413986	S2-891697361,S3-455069603
S1-781454810	S2-144441138,S2-734933167,S2-851731662
S1-781770595	S2-250843527
S1-781818108	S2-321536207
S1-781876030	S2-223367091,S2-739197966
S1-782010082	S2-623349167,S2-936306253,S3-60977312,S3-665708578
S1-782036621	S2-405959468,S3-466656558,S3-876633871
S1-782042652	S2-357473269,S3-223918337,S3-316061262,S3-789932558,S3-789974495
S1-782223818	S2-337763773,S2-531635575,S2-88705479,S3-494439965
S1-782360177	S2-652368239,S2-718294731,S3-298250553,S3-962645812
S1-782392659	S2-122566190,S2-347112532,S2-720973404,S3-596422071
S1-782538595	S2-202516561,S3-333852278
S1-782662275	S2-920328720,S3-63430982
S1-782691735	S2-601185123,S3-156961947,S3-245784220
S1-782812627	S2-521018765,S2-63003740,S2-821501635,S3-671291703,S3-814108100
S1-782871985	
S1-782948121	S3-884900936
S1-782997399	S2-125602053,S2-681553934,S3-453484868
S1-783042314	S3-233628900,S3-923687636
S1-783195656	S3-29516155
S1-78332309	S3-308546345,S3-82735233
S1-78332490	S3-500532483,S3-638909804,S3-91658826
S1-78340602	S3-652232043
S1-783437430	
S1-783453713	S2-838151638,S2-876017044,S3-248437729,S3-771806661,S3-874488794,S3-999695260
S1-783575736	S3-326004007,S3-96577428
S1-783693202	S2-641018660,S3-318665103
S1-783739729	S2-464804123,S3-226087701,S3-652150620
S1-783812084	S2-15675914,S3-376952435
S1-7839112	S2-469914468,S2-714084542,S3-198463127
S1-783930177	S2-693193772,S2-923598925
S1-78394684	S2-412730422,S2-500598454,S3-531935035
S1-783950001	S2-802038905,S2-824280764,S3-143400792
S1-784051675	S2-599512599,S2-873335392,S2-899339680,S3-18726658,S3-622995391
S1-784070329	S2-560664551,S3-612191583
S1-784144577	S2-248363578,S2-989068026,S3-865162688
S1-784201906	S2-623864961,S2-963585071,S3-111249568,S3-559506301,S3-785619898,S3-87850510
S1-784301504	S2-585031115
S1-784401415	S2-217449743,S3-430478356,S3-582584127
S1-784542298	S2-157741116,S2-619139270,S3-598249739
S1-784629531	S2-235699856,S2-506582537,S3-171939080
S1-784647301	S2-564880122,S3-225749488,S3-960059976
S1-784848716	S2-936067206,S3-166978049
S1-784870468	S2-694075760,S2-706631940,S3-541184028
S1-784901160	S2-219084136,S2-531646313,S3-180576497,S3-45595808,S3-573958777
S1-784976271	S2-144535542,S2-502874827,S2-916624931,S2-979671509,S3-860097249
S1-785068118	S2-165490490,S2-292642695,S2-88128946,S3-114300826,S3-312806713,S3-682138270
S1-785141597	S2-808043751,S2-970771892,S3-177142058,S3-88066364
S1-785237512	S2-87461071,S3-111246001
S1-78530283	S2-514991136,S3-105374353
S1-785502440	S2-808048398,S3-548026197
S1-785741365	S2-274569873,S3-701076172
S1-785755051	S2-273055361,S3-139644798,S3-193707322
S1-78577038	S2-212179482,S2-822411279
S1-785872210	S2-671050987,S3-329929277
S1-786129568	S2-136121007,S2-868349364,S3-302225107
S1-786297397	S2-900387656,S3-123259974
S1-786394724	S2-787416921,S2-877902932,S3-513058449,S3-859831933
S1-786417550	S2-36383935,S2-982000651,S3-486028937,S3-557859488,S3-563149399
S1-786648961	S2-193469585,S2-789368307,S3-139717537,S3-328700408,S3-342899716,S3-958978216
S1-786728456	S2-675849947
S1-786765084	S2-315258176,S2-501522025,S2-881452548,S3-227377807,S3-635643395,S3-770428021,S3-888355223
S1-786819975	S2-45429128
S1-786848399	S2-174692521
S1-786913296	S2-207732214,S2-802279370,S2-83410438,S3-152704099
S1-78695800	S2-292621134,S2-387440331,S2-487737170,S2-665509151,S2-985658875,S3-342749544,S3-49493329,S3-683325170
S1-786960722	S2-567867071,S2-846627130,S3-576553148
S1-787043095	
S1-78728332	S2-520440285,S3-16732654
S1-787368960	S2-223314070,S2-999951743
S1-787371501	S2-694312415,S3-480644635
S1-787402624	S2-54768233,S2-997423570,S3-95502516
S1-787416690	S2-608819444,S2-710051444,S2-760477298,S3-123544540,S3-613847886,S3-641197012
S1-787467861	S2-796935783,S3-82452881,S3-839829335
S1-787661422	S2-320083669,S2-591137774,S3-80848983
S1-787677269	S2-233935163,S3-206322688
S1-787719241	S2-858354524,S3-703197377
S1-787804501	S2-116922947,S2-805450386,S3-847852305,S3-982827211
S1-787925005	S2-525639658,S3-359757334,S3-497678617,S3-94373304
S1-78793254	S2-333891515,S3-502928897,S3-580499068
S1-788113049	S2-280317045,S3-737830081
S1-788142965	S2-740810393,S3-238214886
S1-788333186	S2-243702003,S3-262889425,S3-387517032
S1-788347995	S2-500026889,S2-650837982,S3-128997492,S3-170976007,S3-276474413,S3-721635309,S3-785325120,S3-989678167
S1-788362353	S2-129121838,S2-538132139,S3-927020764
S1-788368959	S2-642090788,S3-185254855,S3-465355563
S1-788453778	S2-301430413,S3-386208470,S3-61003452
S1-788463675	S2-252018139,S2-44782033,S2-505411312,S3-394027023
S1-788692389	S2-281685554,S2-831913923,S3-531871876
S1-788728015	S2-883115912,S2-922027498
S1-788748881	S2-499836113,S3-234607123,S3-616095924
S1-788760360	S2-944238551,S3-963417818
S1-788825681	S2-144519650,S3-350989486,S3-585791004,S3-92375769,S3-931582841
S1-788848769	S2-184052938,S2-227836394,S3-578086777
S1-789105900	S2-155873165,S3-433230868,S3-578467976
S1-789145548	S2-216141998,S2-473804961,S2-844110791
S1-789202847	S2-525740507,S2-733221463,S3-5878527
S1-789279299	S2-135303546,S2-304096934,S2-887675651,S3-308703491
S1-78932633	S2-479747197,S2-986820200
S1-78937825	S2-461091947
S1-789768659	S2-876261927,S3-270233852,S3-49062854
S1-789819132	S2-628315925,S3-392442397,S3-969043323
S1-789822696	
S1-789844585	S2-333602062,S3-110688918,S3-772064903
S1-790068274	S2-198879589,S2-26805339,S3-278518013,S3-807769181
S1-790078354	S2-319650956,S3-529790401
S1-790148012	S2-740640210,S3-166524313,S3-429079360,S3-615625220
S1-790198781	S2-116795361
S1-790234366	S2-603364050,S2-770471889,S3-236234332,S3-250247378,S3-365351837
S1-790282663	S2-973380037,S3-110576117
S1-790341823	S3-569473593
S1-790502	S2-423587320,S2-839637767,S3-55120367,S3-776909038
S1-790587310	S2-147166225,S2-37334192,S2-39548983,S2-482268413,S3-927156510
S1-790601199	S2-881975340,S3-649329366,S3-680181170
S1-790618512	S2-470590371,S3-392997863
S1-790719629	S2-686633418,S2-850178940,S3-340437285,S3-479788726
S1-790727309	S2-132712589
S1-790746242	S2-257280656,S2-667644606,S3-107428417,S3-520098809,S3-638202035
S1-790751898	
S1-790839984	S2-206311275,S3-344923138
S1-790901880	S2-588283082,S2-932043650,S3-186312342,S3-753471409,S3-761069821,S3-783942069
S1-790995641	S3-818916975
S1-791061504	S2-934883209,S3-444497665,S3-922091258
S1-791085591	
S1-791184879	S2-19256834,S2-274371733,S3-461190059,S3-486300550
S1-791219581	S3-517132792
S1-791222794	S2-122009218,S3-231312986,S3-322611486,S3-61977051,S3-992182481
S1-791688846	
S1-791695085	S2-511795202,S2-549070210,S2-833262026,S3-24791079
S1-791733107	S2-674036020,S2-944256652,S3-997706351
S1-791779339	S2-999772232,S3-799790033
S1-792029598	S2-696593874,S2-851785184
S1-792085006	S2-61215122,S3-406050076,S3-960809097
S1-792273072	S2-350231372,S2-863121697,S3-383784325
S1-792364715	
S1-79240024	S2-454901881,S2-73436958,S3-426652023,S3-501700443
S1-792435938	S2-151403438,S2-940758073,S3-961788559
S1-792773808	
S1-792879922	S2-240253782,S2-81923653,S2-902360986,S3-224337020,S3-228991496,S3-264178898,S3-818402830
S1-792910958	S2-176033838,S2-956706543,S3-34479902
S1-792914850	S2-968322119,S3-538264229
S1-793111538	S2-245176618,S2-412778090
S1-793179454	S2-103407964,S2-192370603,S2-729493315,S3-430015627,S3-446991404,S3-617806294
S1-793241363	S2-379970503
S1-793266651	S2-647459500,S2-995841614
S1-793339426	S2-833515183,S3-377554452
S1-793438971	S2-413686850,S3-111438581,S3-157287214
S1-793442753	S2-535384651,S2-973552592,S3-218657007
S1-793548922	S2-107160855,S2-339615771,S3-297404125
S1-793693878	S2-813104998,S3-272092113,S3-92383924
S1-793735285	S2-184959383,S2-45092170,S2-762098931,S2-787597575,S3-901576087
S1-793745665	S2-640900799,S2-92057459,S3-54606603
S1-793768461	S3-909481763
S1-793828857	S2-377299754,S2-485618116,S2-773571145,S3-549870310
S1-793857835	S2-5086485,S2-890586326,S3-379202882,S3-511458381
S1-793868447	S2-423948110
S1-794046247	S2-167179323,S2-702949564,S3-117380617
S1-794048022	S2-83397789,S3-287255749,S3-573654741
S1-794083904	S3-97007042,S3-988540028
S1-794129388	S2-163083067,S2-93748204,S3-298917441,S3-311554959,S3-458512548,S3-741101266
S1-794286249	S3-133424912,S3-312334935
S1-794349038	S2-686853285,S2-70643622,S3-122775067
S1-794385934	S2-134991417,S2-477379411,S2-581000066,S3-720944859
S1-794559944	S2-720262264,S2-868772917,S2-914655718,S2-965530381,S3-678690999,S3-822007655
S1-794608523	S3-377404591,S3-407054258,S3-591022754
S1-794699853	S2-597177819,S2-931460565,S3-682734167
S1-794743011	S2-829676994,S3-316088956,S3-571564156,S3-933833918
S1-794849884	S2-836794389,S2-879812163,S3-134676785,S3-206769629
S1-794882229	S2-236454267,S2-240238190,S2-412512197,S2-708972830,S3-685163257
S1-795082525	S2-49843970,S2-503630205,S2-997604752,S3-418595350,S3-624779830,S3-953239796
S1-795093736	S2-114456936,S2-445783914,S2-6573103,S3-326775102,S3-72033713
S1-795103985	S2-537401817,S2-750103200,S3-928188611
S1-795153201	S2-405070703,S2-7338655,S3-102420840,S3-474911207
S1-795255806	S2-47089502,S3-26571724,S3-271403695,S3-532165873
S1-795502974	S2-781335921,S3-261879373
S1-795625724	S2-192309434,S3-430297094
S1-795773645	S2-692484090,S2-840655497,S3-944707811
S1-796137720	S2-939180741,S3-5898816,S3-698536488,S3-826897629,S3-837992630
S1-796168118	S2-894258233,S2-927409959,S3-12401596,S3-275043105,S3-653702728
S1-796195130	
S1-796199937	S2-245683573,S3-539764137,S3-74217288,S3-974368650
S1-796438373	S3-191956771,S3-3777056,S3-734139113
S1-796466972	S2-70469320
S1-796865788	S2-359902673,S2-724466973,S3-937327392
S1-796872198	S3-564969845
S1-796956871	S2-332243982,S2-996569880,S3-13111425
S1-796991002	S2-526984744,S2-721449799,S2-895313582,S2-936869065,S3-190564922,S3-526773774,S3-674235263,S3-99839095
S1-797053191	S2-44099609,S2-448166259,S2-510277590,S3-10129580,S3-389002100,S3-838559413
S1-797104874	S2-162485018,S2-749152623,S2-826601880,S3-171832404,S3-410778292,S3-683394125,S3-95183382
S1-797155215	S2-40768003,S2-695319204,S3-270064022,S3-295525912
S1-79721927	
S1-797326545	S3-375014036,S3-768579198,S3-883250766
S1-797450965	S2-267140255,S2-413310639,S3-347968415
S1-797459177	S2-27544730,S2-33326290
S1-797525155	S2-450319004
S1-797528344	S3-304026389,S3-608268082,S3-965848078
S1-798050459	S2-220622203,S2-698318003,S3-528804384,S3-71223505
S1-798223827	S2-305407187,S2-892192458,S3-110616256
S1-798240468	S2-770761704,S3-431408257
S1-798347278	S2-51552200,S3-516278605
S1-798588756	S2-97815947,S3-322435140,S3-401055956,S3-57313597
S1-79888590	S2-59134003,S2-763405384,S3-128359909,S3-818146704
S1-798938658	S2-281289056,S3-722692538
S1-798965603	S2-847642219
S1-798981986	S2-883555171,S2-927602599,S3-522625968
S1-7990969	S2-191076214,S2-92516006,S3-597652391
S1-799097253	S2-633151184
S1-79922348	S3-276670491,S3-353248191
S1-799473191	S2-356759296,S2-711900720,S3-296069520,S3-430679049,S3-927363233
S1-799757293	S2-689326747,S3-841636200
S1-799964596	S2-324959884,S2-696303725,S2-771071047,S3-497478879
S1-800059456	S2-212526489,S2-656378157,S3-487498984
S1-800092153	S2-582403911
S1-80010032	S3-706959144
S1-800132386	S3-28035784
S1-800141653	S3-868910498
S1-80014912	S2-232427150,S2-420057569,S3-141178224,S3-682726085
S1-800211209	S3-318736661
S1-800222249	S2-123839047,S3-629466866,S3-710772083,S3-734538607
S1-800222906	S2-12702983,S3-287613358
S1-800296221	S2-80995206
S1-800309662	S2-472906346,S2-638410967,S2-965586426,S3-551329518,S3-985357235
S1-800508956	S2-248515779,S2-382521158
S1-800696183	S2-814228173,S3-725553117,S3-967648665
S1-800766628	S2-631100383,S2-813290201,S3-788883776,S3-93223835
S1-800875133	S2-66987424,S2-896297745,S3-138692829,S3-463093564,S3-514780895,S3-803426957
S1-800941243	S2-266252426,S2-299887436,S3-129138682
S1-801062757	S2-20837104,S2-360450547,S3-660062860,S3-834422858,S3-996741522
S1-801126664	S2-297618690,S3-256617796,S3-444991548,S3-941630254
S1-80116545	S2-223644525,S2-448667313,S2-984899071,S3-49121619
S1-801196278	S2-178533233,S2-471278204
S1-801381444	S2-253859379,S2-547301102,S3-831602250,S3-837594357
S1-80142402	S2-526781216,S2-555460840,S3-692501561
S1-80147610	S2-873843919
S1-801589821	S2-797419863,S2-896591457,S2-934533677
S1-801648921	S2-391049512,S2-836717230,S3-17433080,S3-187551660,S3-607056097
S1-801944357	S2-532569675,S3-387032063,S3-44009504,S3-680708825,S3-765573332
S1-801997365	S2-685944522,S3-155096023,S3-856359801
S1-802313675	S2-324927591,S3-452017888,S3-565469258
S1-802349207	
S1-802756977	S2-304028541,S2-504437282
S1-802862021	S2-261948915,S2-317971551,S2-585455209,S2-752755772
S1-802880515	S2-823974587,S3-630483219
S1-802936393	S2-878833587
S1-802991096	S2-369037,S2-381622555,S3-223067469,S3-553983500
S1-803007604	S2-634856984
S1-8030498	S2-227297774,S2-358514596
S1-803050361	S2-187534771,S2-789598504,S3-26005907,S3-799044657,S3-896369440
S1-803243762	S2-820569199,S3-517046772,S3-982100724
S1-80326512	S2-703010836,S3-579132292
S1-803287233	S2-200637229,S2-234760336,S3-500608959
S1-803297813	S2-318486847,S3-547830535
S1-803491095	
S1-803549170	S2-305931137,S2-600533939,S2-998806800,S3-818603103,S3-990703179
S1-803766431	S2-448146689
S1-803967425	S2-216779791,S3-162790951,S3-172003882,S3-245949096,S3-543570120
S1-804134860	S2-412558156,S2-82971678,S3-173502827
S1-804291064	S3-186972024,S3-596767045,S3-62012134
S1-804311925	S2-29419519,S2-986670821,S3-519527869
S1-804366045	S2-504765249,S3-481234811,S3-597963826
S1-804387343	S2-467097555,S2-515146222,S2-586715189,S2-688668871,S3-277715330
S1-804564985	S2-705139998,S2-783140922,S3-326803437,S3-526629436,S3-961806733
S1-804676384	S2-100387040,S2-361356308,S2-91188478,S2-974733012
S1-804962166	S2-204588944,S2-816713995,S3-18842658,S3-45082893,S3-743770454,S3-820843521
S1-805011601	S2-998872840
S1-805264643	S2-457060037,S3-131029519,S3-131293976,S3-881565999
S1-805406605	S2-209524224,S2-492292375,S2-809167887,S3-227003694,S3-579368906
S1-805416428	S2-1901118,S2-962510021,S3-404190201
S1-805465027	S2-293488780,S3-462198263,S3-587120651
S1-805492295	S2-196508246,S2-513157412,S2-519909765,S2-687647036,S3-74072609,S3-90439026
S1-805578290	S2-516982579,S2-797297639,S2-977033924,S3-114464310,S3-494996803,S3-609972765
S1-805604208	S2-145458462,S2-45971130,S3-166693906,S3-256148605,S3-273230657,S3-371075180,S3-915296190
S1-805612510	S2-238544687
S1-805809247	S2-44255498,S3-712809728
S1-805828797	S3-159090718
S1-805897146	S3-204675548,S3-502161991,S3-57793714
S1-805968820	S2-225564967,S2-425691006,S2-856760981,S3-351440454
S1-806030186	S2-531000585,S3-174355977,S3-781679225
S1-806030842	S2-345485907,S3-476976393,S3-813401356
S1-806032435	S2-627638258,S3-685621601,S3-967353955,S3-985223860
S1-806049988	S2-332983274,S3-240887451,S3-677280892
S1-806112938	S2-928687601,S2-956761302,S2-994620290
S1-806256651	S2-671364802
S1-806259701	S2-628021173,S3-480608768,S3-703812697,S3-929998882
S1-806324466	S2-224584743,S2-811483209,S2-94606328,S3-5002178
S1-8063942	S2-533302462,S2-593120794,S2-876734980,S3-616357858
S1-806761066	S2-619115875
S1-806934545	S2-554110010,S2-713903876,S2-780432221,S2-886492352,S3-844265467
S1-806984471	S2-864382846,S3-855855715,S3-927478118
S1-807054088	S2-328359111,S2-822965394,S3-380758034,S3-84012802
S1-807067146	S2-803577839
S1-807150777	
S1-807273749	S2-809098161,S2-820673015,S2-903780495,S3-536166140
S1-807344474	S2-221455779,S3-248063663,S3-364000673
S1-807375408	
S1-807590124	S2-50297039,S2-580054089,S3-132401560
S1-807974036	S2-101716348,S3-203034942
S1-807990988	S2-109410959,S3-359179503,S3-378195972
S1-808007622	S2-344722337,S2-675800437,S2-752576870,S2-872072063,S3-524640907,S3-956328939,S3-97617489
S1-808231019	S2-187931962,S2-203290974,S2-364060008,S3-191399282
S1-808437924	S2-279655399,S2-341237290,S2-497420998,S3-162937346,S3-356727800,S3-39603969,S3-95838459,S3-992853611
S1-80847232	S2-40898363,S2-452912788
S1-808616096	S2-625089175
S1-808788835	
S1-80920813	S2-110750603,S2-459854101,S2-953054652,S3-725494035
S1-809211094	S3-827093112
S1-8092433	S2-139810284,S3-207583340,S3-317666229
S1-809396717	S2-158320596,S2-618627550,S2-929389778,S3-323772879
S1-809496664	S2-169531316,S3-890339652
S1-80955775	S2-13690735,S2-777382563,S3-256473470,S3-278712543,S3-507038513
S1-809616925	S2-529566955,S2-931839130,S3-177714785,S3-194252472
S1-80963076	
S1-809683743	S2-439087669,S3-674214373
S1-809829200	S2-546103490,S2-581149743,S2-732313909,S3-392933305
S1-80983688	S2-337028542,S2-373967240,S2-497280540,S3-615975009,S3-941220829
S1-80986636	S2-790688726,S3-49460468,S3-53126531,S3-553467686
S1-809866526	S2-961290947,S3-747840543
S1-809912692	S2-482681889,S3-626273262
S1-810076945	S2-336138067,S2-685349243,S2-900808775,S3-365416031
S1-810142271	S2-935928166,S3-901940579,S3-984391803
S1-8101495	S2-893234340,S2-931554865,S3-184582493,S3-736771510
S1-810183687	S2-159322601,S2-928766575,S3-246109957
S1-810475453	S2-168963559
S1-81062747	S2-130817136,S2-338374674,S2-457783695,S2-820453067,S3-304529006,S3-979729878
S1-81064302	S2-375158971,S3-495154081,S3-517088075,S3-913326956
S1-81075103	S2-301864950,S2-580864044,S2-941670083,S3-307782119,S3-413745584,S3-425332977
S1-810776573	S2-335211962,S2-852490278,S3-125689054,S3-237702539,S3-340524163,S3-38769884
S1-810787165	S2-98572744,S3-143145959
S1-810896534	S2-802637797,S3-208439420,S3-253021898,S3-424900436,S3-481886639,S3-506366694
S1-810941043	S2-170735876,S2-372932693,S3-146480183,S3-468132646,S3-499011276,S3-794829358
S1-810954708	S2-96662618
S1-810962623	S2-210381624,S2-571700196,S3-625469386,S3-890718422
S1-810976218	S2-602673600,S3-837937787,S3-863346859,S3-992684986
S1-810981466	S2-14611812,S3-231400263,S3-384265150,S3-684945024
S1-811085404	S2-264958080,S2-8921172,S2-946981827,S3-228952031,S3-569222158
S1-811124756	S2-395744561,S3-205535517
S1-811593823	S2-342975916,S3-385192105,S3-587312043
S1-811652453	S2-308937972,S3-722491604,S3-86196784,S3-925556193
S1-811690814	S2-51001950,S2-54771112,S3-273572807,S3-518925582,S3-857407105
S1-811802593	S2-59690758,S3-383838433,S3-651221995,S3-772385681
S1-811904920	S2-181063137,S2-65214894,S2-684810181,S3-268892150,S3-72575721
S1-811925133	
S1-81199726	S2-327432133,S3-230942147,S3-299576387,S3-780713062
S1-81214617	S2-355784718,S3-325329753
S1-812234889	S2-186896050,S2-686392931,S3-174557481
S1-812274502	S2-587004569,S2-679670109,S3-373743304
S1-812441622	S2-264959247,S2-776593284,S2-89366228
S1-812569092	S2-320392864,S2-742766073,S3-118441054,S3-392113167,S3-85049691
S1-812655347	S2-59957875,S2-855189417,S3-720975264
S1-812664987	S2-261813379,S2-516749964,S2-774899789,S3-677062573
S1-812748456	
S1-81286338	S2-14532372,S2-434234825,S2-462226643,S2-643764211,S2-711498301
S1-813065186	S2-11691553,S3-727290591
S1-813070433	S3-362586330,S3-439170513,S3-741338230,S3-957259851,S3-973432714
S1-813206674	S3-698108729,S3-88214934
S1-81321607	S3-1480700
S1-813343644	S2-139272719,S2-298585232,S2-42818596,S2-587172106,S3-163993533,S3-755969761
S1-813581750	S2-352006005,S3-310219922,S3-992436196
S1-813670512	S2-443646341,S3-695231647
S1-813704733	S2-499007709,S3-159849721,S3-596759529,S3-601323508
S1-813848006	S2-830959238
S1-813861074	S2-264252362,S2-384309476,S3-198531236,S3-817437215,S3-849895917
S1-814171791	S2-41656348,S3-76235507
S1-814305094	S2-107882426,S2-58873509
S1-814329361	S2-597108717,S2-80554322,S2-917548885,S3-76617274
S1-814383685	S2-708511381,S3-384052941,S3-51215681
S1-814692979	S2-290088354,S3-195415534,S3-808030730
S1-814721430	S2-344258606,S2-387839924,S2-849407275,S3-747858646,S3-748572441,S3-851671680
S1-814750638	S2-896576864,S3-143635138,S3-500749880,S3-514322653
S1-814777346	S2-220471767,S2-756826096,S3-353533824,S3-833177562
S1-814825607	S2-780264944,S3-441289294
S1-815211628	S3-669886948
S1-815834388	S2-109770818,S2-561394472,S3-763373220
S1-815982510	S2-12757944,S3-120612320
S1-816107183	S2-536510378,S3-185679541,S3-392308541
S1-816203648	S2-44323819,S2-95734870,S3-221994157,S3-403762728
S1-816211522	S2-291193869,S2-89535981,S3-421186887,S3-893918985
S1-816276493	S2-12142227,S3-10253337,S3-479142569,S3-744044534
S1-816295650	S2-549309140,S3-202666903
S1-816316892	S2-904521802,S3-72014339,S3-995912779
S1-816342961	S2-509022234,S3-241791933,S3-57769568
S1-816380864	S2-19021152,S2-248307504,S3-304230000
S1-816551923	S2-252708319,S3-402873466,S3-606955625
S1-816593745	S2-358794936,S2-886631371
S1-816687854	S2-225589303,S3-153509422
S1-816844407	S2-476388130
S1-816851805	S2-234003339,S2-357856323,S3-627967888,S3-642162983
S1-816996465	S2-188550537,S2-944935138,S3-383839738,S3-596817754
S1-817024871	S2-281066731,S3-272180709,S3-597551542
S1-817125150	S2-252991095,S2-439692979,S2-677712750,S3-835760486,S3-960497076
S1-817130146	S2-330080960,S3-227637405
S1-817203941	S2-361436357,S2-514846981,S2-622849000,S3-906854476
S1-817241067	S2-405361757,S3-521168090,S3-689805027,S3-815761558
S1-817242922	S2-449152937,S2-862427307,S2-9285309,S3-160371430
S1-817296091	S3-279656256,S3-388363569,S3-446851626
S1-817357479	S2-636056139,S3-617125565,S3-738421719,S3-991973836
S1-817418781	S2-135865696,S2-167434584,S2-962481227,S3-151851526
S1-817520364	S2-27605594,S3-278354699
S1-817553801	S2-606244528,S3-598933477,S3-661242483
S1-81756223	
S1-817605826	S2-17499148,S2-254675898,S2-380817585,S2-381517481,S3-846595043,S3-87561052
S1-817660217	
S1-81767994	S2-5059607
S1-817845092	S2-122571876,S2-913612161,S3-221245978,S3-938106179,S3-961580160
S1-817966357	S2-468172729
S1-817999329	S3-1006844,S3-613564422
S1-818063597	S3-574178733
S1-81808679	S3-347908132,S3-791857768
S1-818103531	S2-238204553,S2-318190128,S2-471933130,S3-470822197
S1-818195880	S2-116506530
S1-81820931	S3-263559677,S3-567949085,S3-634632564,S3-730074983
S1-818319903	S2-495302015,S3-883080851,S3-991282007
S1-818371280	S2-738666659,S2-755214034,S3-584759598,S3-719256010
S1-818394625	
S1-818438654	S2-222628031,S2-452625151
S1-818439358	
S1-818562010	S2-879432257,S3-576769002,S3-751063626
S1-818688277	
S1-818781716	S2-142161989,S3-409580868,S3-53267608
S1-818815394	
S1-818962515	S2-683817829,S2-799204608,S3-229592797,S3-857061077
S1-819361387	S2-194652238,S2-710570604,S3-18130002,S3-941256411
S1-819507370	S3-968224278
S1-819633702	S2-268257704,S2-699506786,S2-919277959,S3-873804395
S1-819644905	S2-651884888,S2-675360154,S2-802602720,S3-284183405,S3-33694496
S1-819905581	S2-135209164,S3-232316726,S3-291549582,S3-775888637
S1-819980199	S2-946024273,S3-761303907
S1-820002639	S3-414310645
S1-82021948	S2-181941255,S2-471228705,S2-633589075,S2-998604363,S3-323490053
S1-820315143	S2-546166702,S2-590724802
S1-820324022	S2-36445470,S2-50015696,S2-93097681
S1-820566568	S2-107374596,S2-604816886,S3-102084367,S3-774193641
S1-820591522	S2-653663186,S2-697141053,S2-784662422,S2-932422137
S1-820769250	S2-21665370,S2-534835800,S3-190545398,S3-608223550
S1-820784044	S3-391498267,S3-954918714
S1-821019740	S2-191044217,S2-517709905,S2-761624455
S1-821022222	S2-86293669,S3-409555784
S1-821198629	S2-519315101,S3-956702962
S1-821305941	S2-242367827,S2-247621649,S2-899146711,S3-129229237,S3-288507763,S3-842747004,S3-877794307
S1-821483042	
S1-821509192	S3-359547581
S1-821870416	S2-263600032,S2-985523750,S2-986395051,S3-276250388,S3-363580130,S3-44347435
S1-821931704	S2-251470882,S2-336225541,S2-571522265,S2-588495812,S3-370011183,S3-744202898,S3-747813008
S1-821980952	S2-786978696,S3-144824002,S3-156484562,S3-343957353
S1-822014181	S3-653738078,S3-762007393,S3-913304156,S3-99565601
S1-822505614	S2-338375213,S3-553566582
S1-822535019	S2-827784342,S3-677288513,S3-726881801
S1-822548240	S2-311952042,S3-278089488,S3-788054641
S1-822606824	S3-197741434,S3-676907815,S3-755777328
S1-822639900	S2-466940515,S2-702594452,S3-234962096
S1-822788356	S2-134003290,S3-115729692,S3-523179087
S1-822796303	S2-505271385,S2-52009240,S2-714615685,S3-393042637,S3-554760807
S1-822813020	S2-252913044,S2-581923700,S3-518572675,S3-597863903
S1-822832467	S2-864261065,S3-145464629
S1-822864809	S2-230419925,S2-347708438,S3-875223514
S1-8229767	
S1-823064633	S2-200473028,S2-322277751,S2-524254769,S2-835411443,S3-674545255,S3-92009829
S1-823110939	S2-765865668,S2-92305783,S3-568802827
S1-823156670	S2-103995398,S2-126214597,S2-214267089,S2-563874894,S3-52706493,S3-906690832
S1-823215723	S2-16199462,S2-523364508,S2-854533033,S2-99204626,S3-151004830
S1-823232941	S2-903746573,S3-622922836
S1-823328456	S2-311435383,S2-514327894,S3-322027077
S1-823461270	S2-160367558,S2-25891200,S3-819793549,S3-95426284
S1-823479275	S2-751501775,S2-815654589,S3-158196485,S3-210086848,S3-590585449,S3-73291934
S1-823496498	S2-141142999,S2-220134794,S2-832016126,S2-976232831,S2-982811792,S3-462007471,S3-940114967
S1-823570664	S2-152014916,S2-807015720,S3-439941895,S3-634344978
S1-823672019	S2-685362884
S1-823724013	S2-183459954,S2-843762492,S3-510661088,S3-67415046,S3-80141558
S1-8238245	S2-116822476,S2-933200550,S3-64053308,S3-91870737,S3-946514240
S1-823918386	S2-954485660,S3-667350479
S1-824000061	S2-144628229,S2-390598338
S1-824168072	S2-516833895,S2-994023769,S3-598565961,S3-703809612
S1-824230429	
S1-824231316	S3-585755590
S1-824238534	S2-362379451,S3-298856538
S1-824383603	S2-933310309
S1-824441952	S2-160651509,S2-388467948,S2-803353216,S2-886746374,S3-343874640
S1-824473381	S2-346811576,S3-357770703
S1-824507382	S2-992505468,S3-390863258,S3-529281079,S3-539881281
S1-824540925	S2-519775612,S2-663512936,S3-4367712,S3-77569184
S1-824584439	S2-640812002,S2-879178736,S3-730036644
S1-82463811	S3-965261675
S1-825004042	S2-645894895,S3-256570218
S1-825284348	S2-594102274,S2-678126485,S2-834675214
S1-825327077	S2-186040059,S2-391841611,S2-849131882,S2-884702951,S3-110311811,S3-678421685
S1-825379156	S2-504107672,S2-67681677,S2-973513355
S1-825422522	S2-290261443,S2-459906081,S2-761647531,S3-850087288
S1-825551849	S2-13082439,S2-144373642,S3-399849987,S3-684916106,S3-795007520,S3-903527207
S1-825593267	S2-709401873,S2-999200106,S3-732084262
S1-825814211	S2-542261777,S3-252886850,S3-741755442
S1-825902850	S2-411149233,S2-934100979,S3-126777786,S3-214188975
S1-825955407	S2-861894369,S3-147885270,S3-989724792
S1-82604707	S2-675078489,S2-852287890,S3-60778376
S1-826120372	S2-283137053,S2-562012720,S2-89897407,S3-464076757,S3-741599070,S3-794886341,S3-914745533
S1-826178692	S2-403193430,S2-9768658,S2-994015803,S3-264090366
S1-826539792	S2-124942169,S3-614462669
S1-826589791	S2-662474935
S1-826602717	S3-173282223,S3-849470115
S1-826613229	
S1-826661077	S2-981680096,S3-780326125
S1-826723988	S2-242114303,S3-139493484,S3-429718789,S3-432237286
S1-826729499	S2-486252658,S3-83179505
S1-826855078	
S1-826880522	S2-129185477,S3-176899673
S1-827110400	S2-102453066
S1-827257295	S2-676026586,S3-157131821,S3-579810055
S1-827350518	
S1-827438660	S2-370481080
S1-827665028	S3-161306997,S3-53383918,S3-883857792
S1-827751814	S3-657910845
S1-827812753	S2-224736877,S3-717716291,S3-762060618
S1-828081772	S2-409234157,S3-407969490,S3-592037078
S1-828149378	S2-635051033,S2-754773662,S3-277467777,S3-715130776,S3-916179212
S1-828194858	S2-902356109,S3-166938121,S3-264191948,S3-671481972
S1-828328103	S2-43369335,S3-902697093
S1-828396699	
S1-828449611	S3-350932760,S3-750751740,S3-83816813,S3-906703656
S1-828539088	S2-725669471,S2-845997984,S3-80577611
S1-828579696	S2-410327117,S3-253816825,S3-413771196
S1-828656483	S2-285369486,S2-641757427,S2-715701100,S2-872975901
S1-828668211	S2-505008525,S2-670434110,S2-941936711
S1-828732403	S3-327534631
S1-828914430	S2-400664278,S2-662733668,S3-322968207,S3-743495508
S1-828921772	S2-337818811,S3-232752805
S1-829115726	
S1-829203713	S3-720970495
S1-829205335	S2-840061577,S3-573884155
S1-829464022	S2-445893269,S3-578811751,S3-784171347
S1-829538384	S2-20093659,S3-870955044
S1-829606026	S2-238436758,S3-909913329,S3-919780466,S3-98145212
S1-829615235	S3-23714509,S3-786081767
S1-829875408	S2-353505316,S2-454976503,S3-320661584
S1-829950377	S2-321878061,S2-49462333,S3-8102390
S1-82995347	S3-470128511,S3-778809966
S1-830092071	S2-845585685
S1-830222615	S3-591175303,S3-642476319
S1-830293679	S2-861341829,S3-341384227,S3-416325803
S1-830400955	S3-208862295
S1-830446820	S2-9237604,S3-901663541
S1-830452367	S3-142427084,S3-216180379
S1-83050106	S2-616575679,S2-793756061,S2-806470444,S2-894174287,S3-611209277,S3-841467091
S1-830511392	S2-1457780,S2-583830496,S2-636853635,S3-77866460,S3-926761047
S1-830519988	S3-72182360
S1-830559649	S2-211366416,S2-278446832,S3-994124923
S1-8306734	S2-252854639,S2-638342275,S2-827905395,S2-846627970,S3-510459934,S3-890883648
S1-830747406	S2-388084443,S3-15615594,S3-712441840,S3-943009291
S1-830849041	S2-112913442,S2-661537758,S3-204101346,S3-273611695,S3-772624260
S1-830900508	S2-121268555,S3-291558617
S1-831091169	S2-972657753,S3-548957513
S1-831134491	S2-673026967,S3-259926988,S3-675378504,S3-747942414
S1-831317803	S2-400541070,S3-185571094,S3-290600317,S3-317171049
S1-831318420	S2-171343541,S2-751309392,S2-908682024,S2-970241329,S3-838529588
S1-831331846	S2-708595230,S2-773895447,S3-414894620
S1-831347519	S2-192880796,S2-446646869,S3-294017884,S3-57871437,S3-584421967,S3-732615946,S3-768573045
S1-831395242	S3-291995734,S3-459906065,S3-797035951
S1-832103205	S2-98064686,S3-402447197
S1-83223242	S2-12699882,S2-443609651,S2-453744702,S2-87475065,S3-317535092,S3-633369069,S3-970512646
S1-832248649	S2-481320568,S3-697430970
S1-832394514	S2-146202426,S2-598920697,S2-617338443
S1-832582716	S2-270928116,S2-416439782,S3-480628508,S3-759039238
S1-832639493	S2-556250683,S3-67246076,S3-683084359,S3-817901827,S3-859129736
S1-832678042	S2-248504824,S2-316731023,S2-718640483,S3-324190578,S3-372371100,S3-543063760
S1-832712245	S3-415105366
S1-832725381	S2-988569221
S1-832807052	S2-397298716,S2-592961179,S2-622713906,S3-475641609
S1-832812934	S2-253548883,S2-543231815,S2-908235965
S1-83281322	S2-274400711,S3-427872068
S1-832845914	S2-204606416,S2-330567113,S2-337155636,S2-699852760,S3-70935155
S1-832856641	
S1-832889250	S2-116826076,S2-448358006,S3-642727397,S3-717029181
S1-832965184	S2-121221739,S2-531886740,S2-654407854,S3-262000818,S3-723596204,S3-744252596
S1-833418397	S2-662116959,S3-892604309
S1-833495035	S3-288764665,S3-45384705
S1-833505680	S2-280950208,S2-525915309,S3-297906422
S1-833561647	S2-206242649,S3-254524842,S3-481817423,S3-654223356
S1-833718074	
S1-833763040	S2-816688999
S1-83393542	S2-20195539,S2-811070022,S3-609381193,S3-884975114
S1-833953203	S3-283385605,S3-658800003
S1-834082056	S2-358330796,S2-52969232,S3-169266522,S3-261599912,S3-948150127
S1-834137756	S2-289363504,S2-316185510,S3-278901359,S3-955713968
S1-834302491	S3-639803744,S3-804533504,S3-942975381
S1-834350425	S2-347526208,S2-722533729,S3-425767413
S1-834408491	S2-412652268,S3-466912529
S1-83457893	S2-328061513,S2-910049326,S3-587319379
S1-834736324	S2-690173418,S2-733839863,S3-126366767,S3-253903122,S3-505752129,S3-539748935,S3-997917141
S1-83476409	S2-340425343,S2-457232752,S2-53315823,S3-268555886,S3-810802877
S1-834864420	S2-439776720,S2-503381842,S2-651524412,S2-873433740,S3-412507701,S3-692422930,S3-857179791,S3-89638034
S1-834956545	S2-63093466,S3-111934891,S3-959731418
S1-835078966	S2-78010584,S3-802503218,S3-957234305
S1-835142155	
S1-835234361	S2-634096547,S3-105250034
S1-835276556	S3-499191657
S1-835328005	S2-187713924,S2-699566149
S1-835363614	S2-184972806,S2-628875009,S2-673225641,S2-971180886,S3-101606958,S3-29458045
S1-835388437	S2-101594528,S2-888538167,S2-906836737,S3-249755625
S1-835434598	S2-771471052,S3-16200777,S3-563252456,S3-922993674
S1-835440635	S2-446576796,S2-503883157,S2-518466834,S2-632671857,S3-819991609
S1-835543026	S2-772062736,S3-189480506,S3-320495604,S3-720082160
S1-835618767	S2-497122748
S1-835747116	S2-203727082,S2-57580199,S3-370864667,S3-493616894,S3-760827906
S1-835799395	
S1-835799704	S2-132747569,S2-37581155
S1-835803057	S2-126205016,S2-237978006,S2-332732463,S2-428232113,S3-375962716
S1-83604410	S2-166834609,S2-472285726,S2-617955793,S2-727238791,S3-475973393
S1-836094372	S2-710676898,S2-910148435,S3-310294189,S3-971210722,S3-99790358
S1-836120213	S3-293344845,S3-499289702,S3-599687869
S1-836136577	S2-26324509,S2-721046282,S3-641098033,S3-656900196
S1-836164049	S2-134307954,S3-100737636,S3-393847868
S1-836198465	S2-685413484,S2-852412526,S3-424443544,S3-73241000,S3-832211056,S3-847865149
S1-836263522	S2-261144816,S2-413789363,S3-302208452,S3-940528396
S1-836469253	S2-137125826,S2-145626261,S2-306228638,S2-839664869,S3-320908118,S3-444796129,S3-665496403
S1-836573248	S2-278487700,S3-206488390,S3-779036837
S1-836631685	S2-767600201,S3-827526629
S1-836638689	
S1-836699071	S2-492385974
S1-836761698	S2-250050280,S2-539384691,S3-482491462,S3-860213182
S1-836917004	S2-312134043,S2-537436971,S2-875630063,S3-302801568
S1-83693004	S2-756335656,S3-250979372,S3-265192901,S3-459418270,S3-839123174
S1-837113864	S2-266132854,S2-884978274,S3-375225665
S1-837414053	S2-69129756,S2-899353402,S3-215995167
S1-837439007	S3-157710925
S1-837519441	S2-370025951,S3-877114852
S1-837542024	S2-628363363,S2-99354847,S3-404575689
S1-837573278	S2-386730477,S2-520158797,S2-79523662,S2-821503625,S3-919431652,S3-957321704
S1-837622579	S2-568820208
S1-837682108	S2-711351414,S2-765010599,S2-846768497,S3-716744639,S3-945916747
S1-837940598	S2-187452600,S2-209625654,S3-143436495
S1-838004787	S2-597505087,S2-672411199,S3-124097560,S3-443834252,S3-581696429
S1-838114007	S2-18194540,S3-147918801
S1-838284294	S2-471831700,S2-889695914,S3-804909009,S3-831819716
S1-838458342	S2-358800615,S2-621020548,S2-917382670,S3-284224443,S3-564943501,S3-668172265,S3-670319345
S1-838577369	S2-143075159,S2-566578026,S2-863040482,S3-353658869,S3-762554692
S1-83865017	
S1-838986773	S2-57710406,S2-964955113
S1-839027913	S2-501866869,S3-323018721,S3-818830238
S1-839161299	S2-916963798,S3-324828872,S3-962572298
S1-839244643	S2-268181358,S2-948667755,S3-570621837
S1-839309137	S3-683073829
S1-839411273	
S1-839441458	S2-827118610,S3-388687406,S3-672539496,S3-818981234
S1-839573616	S2-557124127,S2-842474506,S3-241589917,S3-27217398,S3-99052202
S1-839662317	S2-369264345,S3-886466059,S3-988511346
S1-839969512	S2-204222025,S2-565407878,S2-687104223,S2-884048799,S3-176792604
S1-839989338	S2-909102580
S1-840090553	S2-22783245,S3-331656388
S1-84017783	S2-34527223,S3-297325539,S3-333038457,S3-905055899
S1-84037102	S2-21789491,S2-2648855,S2-941723122,S3-592644670,S3-807483966
S1-840399119	S2-861011650,S3-532641192,S3-588732365,S3-732873098,S3-902028461
S1-840418698	S2-667639513,S3-777009146
S1-840525034	S2-840846389,S3-582251183
S1-840559318	S2-588624530,S2-749159354
S1-840588115	S2-165247716,S2-948375122,S3-14705099,S3-910351993
S1-840712480	S2-495775355,S3-24662437,S3-812774303
S1-840748570	S2-513977394,S2-779798070,S3-169183546,S3-269221431
S1-84080634	S2-860631749,S3-81591628
S1-840853418	S2-424653241,S2-723336783
S1-840869411	S3-471358235,S3-527666720,S3-887152318
S1-840884561	S2-265353308,S2-877354205,S3-202754731,S3-582288566,S3-920645650
S1-84100108	S3-209713822,S3-248601649,S3-85253314,S3-929822720
S1-841066452	S2-560144157,S3-225233584,S3-575090352,S3-737668335
S1-841088236	S2-775465875
S1-841116633	S2-459758355,S3-145864100,S3-594311978
S1-841218606	S2-220018271,S2-790690009,S3-346135458
S1-84128728	S2-497058889,S2-632569972,S3-261079643,S3-276343469
S1-841597528	S3-760394652,S3-982171116
S1-841597717	S2-439378322,S2-500555274,S3-927410588
S1-841632792	
S1-841818002	S2-169994855,S2-546593904,S3-11050411
S1-841890892	S2-122121258,S2-162366512,S2-349725500,S2-561376428,S3-139262605,S3-468905686,S3-957121453
S1-841905348	S2-768332946,S3-726089413
S1-842019434	S3-151921058
S1-842048672	S2-109154750,S2-203602352,S2-376371401,S2-441068231,S3-388529043,S3-642323716
S1-842455334	S2-150836645,S2-80602116,S2-824874440,S3-510421898
S1-842635543	S2-967948961,S3-524691481,S3-68343960,S3-749660329
S1-842640588	S2-271766405,S3-750772894,S3-877531948
S1-842641628	S3-168873118
S1-842844514	
S1-842900315	S2-682168635,S3-73456580
S1-842918893	S2-245417240,S2-270136142
S1-842971575	
S1-84299693	S2-138551146,S2-52285776,S2-951019558,S3-180384050
S1-843019530	S2-442621944,S2-50264144,S3-20167622
S1-843160177	S2-245328613,S3-140379687,S3-543836478
S1-843301865	S2-792891114,S2-88848979,S3-345061441,S3-407100536
S1-843338624	
S1-843469344	S2-138504458,S2-302778862,S3-441388116,S3-975341302
S1-843565077	S3-878396033
S1-843633709	S2-4939715,S2-773508920,S3-704631195,S3-83463564
S1-843698941	S3-883799212
S1-843706488	S2-221605928,S2-377841318,S2-705620570,S2-791263123
S1-843713407	S2-948280122,S3-174400671
S1-843915557	S2-280714980,S3-303058204
S1-844005338	S2-82658949,S2-940052495,S3-751819296
S1-844138818	S3-902579749
S1-844252699	S2-43771186,S3-360399069,S3-68860269,S3-906986250
S1-844394561	S2-582279421,S3-296528995
S1-844547263	S3-595831574
S1-844612571	S2-627899420,S3-520494241,S3-79711927,S3-850164481
S1-844646956	S2-396550783,S2-995220745,S3-293570946,S3-496955416,S3-762364324
S1-844667339	S2-319946057,S2-774740103,S2-889324596,S3-619004696,S3-658502089,S3-909216795
S1-844668482	S2-661371967,S3-306239412
S1-844870867	S2-937792025,S3-596110393
S1-84504247	S2-105365684,S2-398333019,S2-421527222,S2-794368381,S3-442082801,S3-722960591,S3-919633586
S1-845200009	S2-559765930,S3-963348135
S1-845230700	S2-120339364,S2-186695509,S2-553172907,S3-396256707,S3-70800760
S1-845287951	S2-297842315,S3-297531846,S3-824464244
S1-845332118	S2-355912458,S3-64225716,S3-759533989
S1-845522274	S2-250512226,S2-319049444,S3-127091046,S3-205467537,S3-310770759,S3-972593387
S1-845565241	S2-320878252,S2-700269859,S3-190206816
S1-845873036	S2-862374889
S1-845934238	S3-324648385,S3-719811410
S1-845978541	S2-12806228,S2-197288273,S2-838123687,S3-570619085
S1-846160250	S2-905288790
S1-846263345	S2-372595620,S2-390428813
S1-846547162	S2-599971244,S2-607496071,S2-629998626,S2-642382967,S3-116022365,S3-224744886,S3-77900877
S1-846713154	S2-217422383,S2-596904494,S2-826083830,S3-917659114
S1-846732355	S3-289770840,S3-319771083
S1-8467431	
S1-846758239	S2-619694903
S1-846905115	S2-783759362,S3-838016140
S1-847041898	S2-497761453,S2-672129144,S3-140364446,S3-581757636,S3-654412402
S1-847107331	S2-932030143,S2-974722386,S3-668477700,S3-68471338,S3-800024335
S1-847123785	S3-308124906,S3-44574412
S1-847203756	S2-121546781,S2-4758429,S2-960254466,S3-461031939
S1-847301825	S3-593857623,S3-70470377,S3-903757022
S1-847314671	S2-767122526,S2-96211847,S2-994931475,S3-2613215
S1-84744998	S2-358952607
S1-847505280	S3-352907681
S1-847734465	
S1-847783698	S2-340635388,S2-886716528,S2-934719773,S3-553813877
S1-847812203	
S1-847909009	S2-19434208,S2-664510810,S3-172969272,S3-315941286
S1-84798093	S3-413253791
S1-848116554	S2-385563032,S2-964260679
S1-848269777	
S1-84841701	S2-338884287,S2-632127154,S2-682059462,S2-722726831,S2-793624505,S3-697011263
S1-848438080	S2-201694885,S2-55509783,S2-913385175,S3-899012028
S1-848483747	S2-265098135,S3-532003448,S3-684266495,S3-820466183
S1-848535752	S2-427644618,S2-902623054,S3-276903654,S3-571132811,S3-591339272,S3-837298905
S1-848578207	S3-910112336
S1-848967441	S3-569750090,S3-644563866,S3-748035818,S3-961217715
S1-849026492	S3-487146079,S3-694611000
S1-84910058	S2-28412920,S2-947466483
S1-849131087	S2-119163669,S2-991207971,S3-895895195
S1-84920133	S2-164287684,S2-232423079,S2-381034150,S3-126405270,S3-234207211
S1-849221043	S2-132994620,S2-7142648,S2-986192518,S3-351194201,S3-352045219,S3-664803619,S3-666925931
S1-849248238	S2-32034833,S2-376083953,S3-629869336,S3-696147474
S1-849251648	S2-891452776,S3-570388765
S1-849258796	S2-459648285
S1-849289899	S3-850718658
S1-84953270	S2-244098330,S3-144959840,S3-505615638
S1-849534573	S2-287642648,S3-472734844
S1-849562290	S2-278803082,S2-321768199,S2-392339408,S2-408651355,S2-610545446
S1-849635248	S2-806805290,S3-160593967,S3-538262732
S1-849723327	S2-143384560,S2-453325202
S1-849728490	S2-541003429,S3-444533262,S3-651042287,S3-883308089,S3-944404045
S1-849735804	S3-331268853,S3-467980015,S3-509853798,S3-95460167,S3-985551107
S1-849821477	S2-289084425,S2-624290837,S3-448178969
S1-849886484	S2-342148922,S2-797712442,S3-279365748
S1-849900810	S2-139792665,S2-237700686,S3-20093439,S3-248451689,S3-26043663
S1-849940098	S3-174264602,S3-183240278,S3-31737229
S1-849959938	S2-178011783,S2-661603214,S2-816780704,S3-455386429,S3-546581981,S3-690903802,S3-959517177
S1-850002375	S2-278879940,S2-347016653,S2-845774983,S3-223494407
S1-850137736	S2-197440234,S2-436547212,S2-592515355,S2-62792356,S2-739188272,S3-716108863
S1-850142165	S2-327240112,S2-384386693,S2-414368226,S2-893468534,S3-815931815,S3-850042091,S3-858500942
S1-85015717	S2-274833210,S2-308165147,S2-800941321,S3-833199373
S1-850381365	S2-595279704,S2-674084664,S3-441580593
S1-850460610	S2-31369769
S1-850557740	S2-50999182,S2-829846509,S2-973233117,S3-202350568,S3-271759976,S3-481627209
S1-850648026	S2-620763322,S2-881865157,S2-959624438
S1-85065162	S3-95006471
S1-850871822	S2-413081004,S3-534924958
S1-851051313	S2-102743925,S2-616064436,S3-590110449,S3-60530210,S3-853781828,S3-863114139
S1-851211350	S3-892735676
S1-85131885	S2-770837258,S2-876102462,S2-893433957,S3-434594028,S3-70765632
S1-851330127	S2-439185382,S2-707978790,S2-86339863
S1-851369900	S2-583924677,S2-817792751,S2-872181829,S2-990362807,S3-379917177,S3-796691287
S1-851397969	S2-504635131,S3-253765022,S3-328888525,S3-544035785,S3-986124525
S1-8514233	S2-229563669,S3-230643800,S3-600419807,S3-977148463
S1-85167625	S2-849317317,S2-992462684,S3-543034434
S1-851722840	S2-695424773,S3-689425204,S3-836578169,S3-889020886
S1-851745951	
S1-851804680	
S1-85187254	S2-824184411,S3-247600505
S1-8519776	S2-208595044,S3-265652941,S3-500030645,S3-907372210
S1-85200279	S2-574266109,S2-752805537
S1-852066288	S2-156070678,S3-207134025
S1-852089267	S3-771099481,S3-977557593
S1-852106826	S3-439278923,S3-472708947
S1-85216431	S2-506859741,S2-961851418,S3-596110134,S3-887744421,S3-950671359
S1-852169048	S2-71326408,S2-983968685,S3-864245042,S3-958260717
S1-852277185	S3-192740506
S1-852488065	S2-336108554,S3-256551280
S1-852490093	S2-845253716
S1-852646447	S2-787185106,S2-796843000,S3-30009411,S3-403518404,S3-763209721
S1-85276220	S2-542098330,S2-57140441
S1-852833958	
S1-852869281	S3-558560367,S3-884118886,S3-910137365
S1-852879337	
S1-853098506	S2-761319764,S3-534139145,S3-738649842
S1-853197193	S2-789685786
S1-853316693	S2-571647827,S2-684588404,S3-458287900,S3-601418459
S1-853515629	S2-650648581,S2-767290837,S2-978877003,S3-300634460,S3-960692911
S1-853519891	S2-214035823,S2-265965115,S3-112834985,S3-524991145,S3-601446770
S1-853543783	S2-920748531,S3-67889751
S1-853777830	S2-163418333,S2-686518506,S3-503520212,S3-723048305
S1-853794144	S2-88699201,S2-971142813,S3-451639141
S1-853833872	S3-665595431
S1-853835757	S2-312784332,S3-594616540
S1-853863544	S2-358827161,S2-490126710,S2-820728042
S1-853921589	S2-276983988,S2-590160883,S2-697855976,S3-155634428,S3-540007039
S1-854007776	S2-336375732,S2-469483911,S2-820495315,S3-709068161,S3-742891298,S3-801601257
S1-854011861	S2-986654414,S3-117519868,S3-617648525
S1-854014049	S2-151783748,S2-528742512,S3-128961575,S3-378805328
S1-854034391	S2-419105835,S3-189283543,S3-772813583
S1-854036212	S2-457526483,S2-734604884,S3-244231811,S3-575194231,S3-855106699
S1-854063113	S2-314605924,S2-389613812,S2-638364090,S3-274133370
S1-854481954	S2-101957466,S2-413072201,S2-753901973,S3-433072620
S1-854507166	S2-614649644,S3-4924576,S3-531604164,S3-740023423
S1-854553877	S3-538373374
S1-854562992	S2-939493676,S3-864207766
S1-854613949	S2-486363918,S2-776541683,S3-441502352,S3-55560738
S1-854631362	S3-333772893,S3-47832056,S3-624457416
S1-85468880	S3-150940023,S3-218661316,S3-411462605
S1-854816513	S2-11513345,S2-351715470,S3-185857462
S1-854987450	S2-315877680,S2-660411550,S3-627101712,S3-673829699
S1-855081775	S2-127606860,S2-472981589,S3-268441596
S1-855166293	S2-230436100,S2-360118018,S3-161530961,S3-794927205,S3-927368494
S1-855332693	S2-34576194,S2-862015696,S3-197717948,S3-950240164
S1-855349972	S2-648454478,S2-727458132,S3-265116498,S3-714666250
S1-85545078	S2-38515503,S2-517547305,S3-976207174
S1-855452330	S3-127726169,S3-135993543
S1-855457860	S2-530637241,S2-625168901,S3-438642024,S3-538537038
S1-855590462	S3-147091202
S1-855598915	S2-979285606,S3-692645284,S3-841162600,S3-882507923
S1-855613011	S2-365855339,S3-409564388,S3-478292586,S3-480024338
S1-855737446	S2-140595975,S3-658420905
S1-855741393	S2-153085082,S2-371659763,S2-849582770,S3-261200898,S3-472638371,S3-733044467
S1-855759065	S2-858522316,S3-747242590
S1-855777661	S2-35327393,S2-470912673,S2-519718887,S2-836198144,S3-979956009,S3-994585491
S1-855856028	S2-716545858,S3-513833369,S3-73183759,S3-811995301
S1-855908242	S2-42272690,S2-718797016,S3-810676198
S1-855919312	
S1-855978436	S2-643745838,S2-825286806,S3-36455327
S1-856009103	S2-591408807,S3-134995160
S1-85612049	S2-364207071,S2-491447112,S2-952373823,S3-652844955,S3-969351383
S1-856256130	
S1-856355597	S2-208334024,S2-77189673,S2-880276174,S2-926254283,S3-472930036,S3-965089445
S1-856530191	S2-177420814,S2-312620105,S3-422940431,S3-775165583
S1-856532497	S2-610838384,S2-776263008,S2-83344530,S3-679488942,S3-833598668
S1-856703629	S3-191188723,S3-409466987,S3-547694672,S3-759386650
S1-856866453	S2-401320493,S2-875985636,S3-551538681,S3-772375256
S1-856895252	S2-632029478,S2-79746959,S3-204682958,S3-900512594
S1-856896940	S2-789110666,S3-266810409,S3-47072592
S1-856986445	S2-284694951,S3-73853908
S1-857064178	S2-467554182,S2-669842362,S2-833279477,S2-884120337,S3-450805457,S3-488865109
S1-857100990	S2-277520456
S1-857206278	S2-359757070,S2-956012420,S3-814422833
S1-857273380	S2-511669720,S2-580751514
S1-857604108	S3-407215406
S1-857640562	S2-217477248,S3-460531594,S3-997187112
S1-85769553	S2-786053973,S3-196821898,S3-731434718
S1-857703276	S2-661337727,S3-181657390,S3-44285017
S1-857705512	S2-907460878,S3-148532645,S3-406633394
S1-857750022	S3-279172933,S3-506738089,S3-605564191
S1-857914329	S2-190767876,S2-203382647,S2-524442422,S2-550692446,S3-88480019
S1-857935894	S2-770515697,S2-979431758
S1-8581177	
S1-858132268	S2-517905790,S3-301573766,S3-88770611
S1-858227616	S2-660302087,S2-835689810,S2-841214454,S3-431060597,S3-659543809
S1-858268896	S2-222293892,S3-340059206,S3-818772402
S1-858363407	S2-143203478,S3-73999648
S1-858400483	S2-461492151,S2-738718601,S3-540600560,S3-705538458,S3-775616836
S1-858427791	
S1-858432256	
S1-858504658	S2-949714782,S3-396737392
S1-858598167	S2-599574684,S3-109147973,S3-98061682
S1-858711816	S2-105450928,S2-529883680,S3-2157634,S3-256537658,S3-641071019,S3-885843021
S1-858801089	S2-717556624,S3-11018274,S3-843930248,S3-88826034
S1-858827076	S2-220379526,S2-395612540,S3-256643598,S3-835268925
S1-858853601	S2-498761919,S2-592092404
S1-858880541	S2-897509547,S3-629691889
S1-858908062	
S1-85952154	
S1-859546550	
S1-859581563	S2-527221864,S3-512399640,S3-581007238,S3-934585354
S1-859673586	S2-150069016,S2-646141544,S3-780697917,S3-825307991
S1-85973311	S2-3848254,S2-858273595,S3-155752252
S1-86001088	S2-114943766,S2-79956365
S1-860403048	S2-86302112,S3-800534777,S3-858119938
S1-860433421	S2-256707715,S2-924927751,S3-756188441
S1-86049261	S2-103396207,S3-126718940,S3-371134015,S3-687427916,S3-819033602
S1-86063849	S3-161940156,S3-745388437,S3-879995710
S1-860698976	S2-954747351,S2-997924870
S1-860972242	S2-931088265,S3-118492260,S3-848783208
S1-860973264	S2-776849582,S3-557417924,S3-710530845
S1-860986972	S2-504404303,S3-982007173
S1-861048370	S2-233336680
S1-861063231	S2-908548514,S3-175279781
S1-861065971	S2-955742059,S3-26105252,S3-349890846
S1-861075418	S2-592450086,S2-658757982,S3-298693694
S1-861121110	S2-601470778,S3-796079354
S1-861282833	S3-160404452,S3-728162262
S1-861370746	S2-514699481,S3-120840956,S3-440722398,S3-480409778,S3-716532016
S1-861534283	S2-352393559,S2-983481063,S3-948694806
S1-861540900	S2-467637813,S3-398631544,S3-769750893
S1-861643993	S3-662991609
S1-861818409	
S1-861858319	S2-793266631,S3-2486625,S3-409938569,S3-542891742,S3-685086053
S1-86203586	S2-373998997,S2-55739659,S2-827971036,S2-923229289,S3-602576472,S3-942031425
S1-86209385	S2-258990987,S3-110846942,S3-387925619,S3-790125570,S3-881253412
S1-862207745	S2-311945840,S2-978874918,S3-707667451,S3-756465809
S1-862235520	S3-237180962,S3-551947144
S1-862274544	S2-403385166,S2-874704556,S2-884846367,S2-956274927,S3-87499309
S1-862342334	S2-334980096,S2-69688892
S1-862371502	S2-845601200,S2-952327973,S3-115696660
S1-862430378	S2-841575857,S3-988904558
S1-862514107	S3-112649154
S1-862653197	S2-932425304,S2-944490556,S3-602077214,S3-794355130,S3-897005061
S1-862838467	S2-644531746,S2-740756710,S2-74407222,S2-97370269,S3-941115274
S1-862876083	S3-158256989,S3-268657413,S3-318858542,S3-698717524
S1-863025141	S2-420842425,S3-136218983,S3-446250007,S3-55006267
S1-863047853	S2-108298219,S2-536301361,S3-134057441,S3-272265748,S3-557399510
S1-863169447	S2-982425168,S3-735232610
S1-863290910	S2-866139492,S3-632326211
S1-863310270	S3-203499282
S1-863314205	S2-436763821,S2-468963681
S1-863337752	S2-392395130,S3-379104319,S3-395326941,S3-868840796,S3-934399986
S1-863350435	S2-473893099,S2-647233598,S3-655623422
S1-8633549	S3-442062078,S3-796618024
S1-863366133	S3-553989404
S1-863495222	S2-198455181,S2-247542326,S2-348668903,S3-747888590,S3-878577005
S1-863788119	S2-143347385,S2-538697247,S2-939831259,S3-570754532
S1-863873241	S2-257167232,S3-131721676,S3-346407755,S3-879674866
S1-863943434	S2-4600679,S2-699078712,S3-51788559
S1-864173263	S2-24221185,S2-381115032,S3-315922939,S3-94364076
S1-86441125	S2-425523866,S2-548486958,S2-581061201,S3-168671974,S3-363640650,S3-413464455,S3-95863556
S1-864561817	S3-990214839
S1-864572798	S2-129521688,S2-146044820,S2-707832003,S3-3732926,S3-863030336
S1-864851565	S2-526931634
S1-864901804	S2-279133770,S2-352774303,S2-761268642,S2-965152044,S3-926333245,S3-952996093,S3-963446267
S1-86491325	S2-952877189,S3-973237728
S1-864931299	S2-754268815,S2-837159090
S1-865049225	S2-230895517,S2-252195077,S3-576360515,S3-902078281
S1-865083717	S2-290405250,S2-486556332,S3-153500227,S3-449144823
S1-86520329	S2-800447760
S1-865224448	
S1-865261365	S2-486362315,S2-518349564,S2-582503482,S2-84918349
S1-865351338	S2-214229079,S2-425281876,S2-820488398,S3-164121772,S3-796783393
S1-865366827	S2-498376706,S3-162203658
S1-865400800	S2-210894050,S2-211034073,S2-43063043,S2-551279541,S2-755635034,S3-105782984,S3-317933936
S1-865456029	S2-585022583,S3-339037006,S3-726218985,S3-758883495
S1-865519815	S2-178053293,S2-41058105,S2-554189021,S2-933648033,S3-216795907,S3-767171148
S1-865636290	S2-300337112,S2-498649506,S2-9052492,S3-24011454,S3-558324770
S1-865658285	S3-362644740,S3-587923614,S3-843888160
S1-865661253	S2-36768423,S3-46564017
S1-865713443	
S1-865781907	S2-34879381,S2-558434759,S2-583397842,S3-220782585
S1-865801460	S2-708930791,S2-974530474
S1-865811556	
S1-866208753	S2-537497692,S2-836747183,S2-996944264,S3-59720816,S3-686727225,S3-724584920,S3-726330438
S1-866389554	S2-577629436,S2-765981604,S2-911686298,S3-261086142,S3-3059006,S3-698006576
S1-866445183	S2-112693075,S2-786761888,S3-646417536
S1-86654495	
S1-866547441	
S1-866559306	S3-117349052,S3-342130495,S3-904988802,S3-95403340
S1-866595469	S2-420789021,S2-683551463,S2-800913463
S1-866607408	S2-262149506,S3-195004455,S3-710814857
S1-866820376	S2-717836403,S2-812652503,S2-915313416,S3-204987320,S3-236184089
S1-866865030	S2-296848267,S3-855901341
S1-866961080	S2-225693790,S2-425446921,S2-562817336,S2-862293549,S3-391588821
S1-866984882	S2-246648761,S2-867993791,S2-981475163,S3-612809819
S1-867195332	S2-151354801,S2-302799041,S2-579456495,S3-642227806
S1-867438553	S2-888037658
S1-867448629	S2-863310489,S2-920049526,S3-454709253,S3-955887022
S1-867462279	S2-900106608,S3-706509982
S1-867630452	S2-322576259,S2-549013803,S2-906738119,S2-999034595,S3-264689394,S3-268297938,S3-588184825
S1-86768273	S2-516582522,S2-726962769,S3-827731755,S3-92304305,S3-929227438
S1-867978139	
S1-868054757	S2-21231388,S2-778495202,S3-375147053,S3-646981701
S1-868110774	S2-221740347,S3-901039753
S1-868239942	S2-872325550,S2-933219961,S3-119189310,S3-423818181,S3-98349235
S1-868327750	S2-269119880,S2-299782202,S2-821544262,S3-313002315
S1-868338981	S3-102031130
S1-868346115	S2-414508932,S2-88930633,S3-407530943,S3-561825400
S1-868399392	S3-943182532
S1-868440158	S2-295554403,S2-539165675,S2-634746905,S2-865564728,S3-126795113,S3-153166526,S3-666637889
S1-868471506	S2-245876871,S2-265289216,S2-506142890,S2-948866139,S3-186087343,S3-447995743,S3-482454759
S1-868534636	S2-102009837,S3-701467166,S3-816866891,S3-828041254
S1-868559245	S2-458045794,S2-535114672,S2-932711380,S3-29833715,S3-75365667,S3-830996366
S1-868622550	S2-523029136,S2-781456721,S3-34876325
S1-868629577	S2-18835273,S3-288580132,S3-600086035
S1-868645953	S2-135368763,S2-329107601,S3-435721680
S1-868646077	S3-328476843,S3-734665741
S1-86875650	S2-419363075,S3-23631969,S3-598220820
S1-868876484	S2-819836696
S1-868994916	S2-212993219,S2-854873904,S3-369717465,S3-608533567
S1-869162161	S2-614588466,S2-833859053,S3-792944836,S3-798980766
S1-869190020	S3-358005825
S1-869244214	S3-946770959
S1-869309933	S2-163213141,S2-963413115,S2-99161558,S3-322654732
S1-869319064	S3-790191261
S1-869323079	S2-26594980,S3-229151912
S1-869355796	S2-452815868,S2-734079207,S3-323372116
S1-869360801	S3-134045870,S3-659024871,S3-735008070,S3-769099161,S3-897850517
S1-869438983	S2-26684998,S2-622816293
S1-869591625	S2-15811414,S2-716571980,S2-868777197,S3-609876179
S1-86978474	S3-34977588
S1-869849978	
S1-869880798	S2-369539803,S2-867133479,S2-910953451,S3-228253508,S3-955532729
S1-869912298	
S1-869984526	S2-800566305,S3-461195324,S3-824605626
S1-870157197	S2-617998790,S2-757069892,S3-383043852
S1-870238804	S2-313743573,S3-300882884,S3-698835702
S1-870414930	S2-431288104,S2-453719841,S2-56366893,S3-349402985,S3-830807911
S1-870491100	S3-108118963
S1-870648820	S2-626370494,S2-845340221,S3-220650094,S3-281472200
S1-870815269	S2-12443266,S2-561006396,S2-588709785,S2-724199706,S3-9301179
S1-870888243	S3-333974818,S3-839307829
S1-87091322	S2-327101716,S2-61972406,S3-555950090,S3-562300358
S1-870973673	S2-881849989,S3-850152763
S1-871033938	S2-581358527,S3-75058837
S1-871038304	S2-266898868,S3-431164396,S3-469650021
S1-87117987	S2-454225779,S3-653782933,S3-703492720,S3-797806025
S1-871180623	S2-394988212,S3-390326845
S1-871204469	S2-110726178,S2-751225045,S3-616143053,S3-688106613
S1-871305019	S3-261369670,S3-546152884
S1-871380077	S2-639481062,S2-839466792,S3-112746484,S3-214287859,S3-426826515,S3-430060456
S1-871555262	S2-44022147,S2-52486720,S3-890832937
S1-87173790	S2-165988572,S2-308006652,S3-870839738,S3-95256272
S1-871785372	S3-196362105
S1-871926704	
S1-872104318	S2-229371516
S1-872174630	S2-196396058,S3-681774042,S3-842079846
S1-872273596	S3-787149716,S3-805969607
S1-87237836	S2-234970861
S1-872466554	S2-371609378,S2-634505273,S3-130006525,S3-537132280
S1-872521409	S2-103785428,S3-45728912,S3-484169865,S3-956663684
S1-87253419	S2-681040017,S2-974162395,S3-120942437,S3-364325978,S3-608887603,S3-766561817
S1-872582544	S2-147323084,S3-682997232
S1-872601867	S2-296871618,S2-85162210,S2-941541808,S3-220412663
S1-872679346	S2-534800125,S3-844891884
S1-872819654	S2-28139814,S3-384944604,S3-391850407
S1-872830687	
S1-872870071	S2-330168733,S2-568967734
S1-873095070	S3-50683650,S3-950642752
S1-873369409	
S1-873416271	S2-112965162,S3-472511969
S1-873467597	S2-164017135,S3-196655089,S3-254570188,S3-513107699,S3-86968044
S1-873491817	S2-150959408,S2-796850101
S1-873502087	S2-560737136,S3-596661835
S1-873507217	S2-387432463,S2-443163097,S2-849230746,S3-423120828,S3-737660657
S1-873608559	S2-676529108,S3-170068435,S3-644632552
S1-873683865	S2-13821696,S2-795722103,S3-579179325,S3-879032882,S3-919081868
S1-873753008	S2-121685326,S2-868957576,S2-90195571,S2-949102909
S1-873774367	S2-280766428,S3-377266751,S3-531522292,S3-564158077
S1-874014999	S2-539383291,S2-625815508,S3-875524781,S3-972192488
S1-874257599	S3-109878099,S3-588384989
S1-874488870	S2-290428277,S3-426717548,S3-461559369
S1-874550053	S2-980076677,S3-683075880
S1-874558295	S2-701713704,S2-8681213
S1-874719842	S2-51543224,S2-58822412,S2-722262441
S1-874726138	S3-295998005,S3-609879006,S3-795204373
S1-874769487	S2-253379547,S3-229325429,S3-242874696,S3-291080338,S3-291107922,S3-620344870
S1-875010560	S2-93437913,S3-845879076
S1-875156669	
S1-875198574	S2-146342961,S3-189210389,S3-558658736,S3-69430759
S1-875203584	
S1-875219761	S2-145484495,S2-774313241,S2-867761085,S3-636200285,S3-706037969
S1-875253025	S2-714869613,S3-130192161,S3-718041093
S1-875318042	S2-346266790,S2-46299969,S2-948124925,S3-325562161,S3-654918502
S1-875395837	S2-786653605,S3-741056975
S1-875400059	S2-129409180,S3-233829660
S1-875565655	S2-889209938,S3-364775125
S1-875641402	S2-139035122,S2-741141793,S2-807651476,S3-675983703
S1-875672601	S2-159617606,S2-552666530,S2-5596577,S3-276399679,S3-503127426,S3-686158778,S3-971676871
S1-875877363	S2-82622273,S3-111575121,S3-931919564
S1-876109868	S2-956809272,S3-379604192,S3-431994956,S3-585391791,S3-671202939
S1-876248168	S2-485332331,S3-327586504,S3-3402589
S1-876283433	S2-912893484,S3-750804646
S1-876300718	S2-972731435,S3-143942138
S1-876382213	S2-743131370
S1-876400765	S2-215808654,S2-559876591,S3-411223646
S1-87641560	S2-268940125,S3-430556859
S1-876437615	S2-175761697
S1-876506471	
S1-876555385	
S1-87673236	S2-228913483,S2-956540179,S3-197111707,S3-435717051,S3-459424346
S1-876765755	S2-575141378,S3-127709162,S3-162472977
S1-876823267	S2-254591714,S2-750422163,S3-280804224,S3-976529569
S1-876826204	S2-659428094,S3-714957566
S1-876979732	S2-350206371,S2-540062580,S2-943801211,S3-315038089,S3-612591860,S3-70450487
S1-877031369	S2-349182469,S2-523117066,S2-657696192,S2-733680638,S3-392853904,S3-512367515
S1-877063526	S2-493863380,S2-592578707,S3-501786247
S1-877123595	S2-652273828,S2-831469121,S3-402727371,S3-463402863
S1-877174297	S2-409829114,S2-897101966,S3-884616449
S1-877194334	S2-720810281,S3-180530573,S3-790131533
S1-877277068	S2-3152408,S2-903254231,S3-745752854
S1-877335187	
S1-877466472	S2-81841048,S3-464919493
S1-877469341	
S1-877581533	S3-377852429,S3-723201319
S1-877622084	S3-288303359,S3-975149343
S1-877626817	S2-571833508,S2-630859701,S3-507636111,S3-650839426
S1-877702945	S2-474429529,S2-494960240,S2-970979142,S3-705306909,S3-8265640
S1-877817926	
S1-877943952	S2-743314067,S3-198638818
S1-877992101	S2-543740467,S3-437541226
S1-878036819	S2-306781674,S3-263247410
S1-878125500	S2-323185318,S3-60311976,S3-610705456
S1-878130687	S2-637254325,S3-532356298,S3-806999463,S3-812407221
S1-878174512	S2-231560556
S1-878741225	S3-323530234,S3-332039679,S3-976786592
S1-878931700	S2-274599870,S2-58063033,S3-379967776,S3-783752202
S1-879007946	S2-187321378
S1-879043766	S2-194544289,S2-322088340,S3-170018067,S3-390868885,S3-924231535
S1-879169082	S2-236603860,S3-904869305
S1-879368836	S2-149585943,S2-269813980,S2-525910150,S3-296230295,S3-745054255
S1-879397051	S2-268367790,S2-275695977,S2-681840335,S2-683730034,S3-34728904
S1-879431559	S2-19438194,S2-625739952,S3-555398488,S3-986275163
S1-87949521	S2-174234761,S2-522111952,S3-455056804,S3-783959082
S1-879523144	S2-15395888,S2-376762133,S2-489600280,S3-558365621,S3-836344080
S1-879684008	S2-233745959,S3-821405497,S3-957345449
S1-880042800	S3-539515273,S3-957981966
S1-880098103	S2-140797256,S2-516332119,S2-689056523,S3-892852155
S1-880200267	S2-925837998,S3-605650478
S1-880384829	S3-322748497,S3-637560385
S1-880511720	S2-527543308,S2-715575732,S2-864979548,S3-118211931,S3-657811797,S3-700755821,S3-716577294
S1-880549593	S2-904823680,S3-12488580,S3-567870325
S1-880561678	S2-130875855,S3-143280710,S3-58751681
S1-880571659	S2-952349621,S3-786991214,S3-920096650
S1-8808574	S2-639032054,S2-8948649
S1-880954846	S2-352877847,S3-251837206,S3-277943212,S3-317835542,S3-659634822
S1-881297493	S2-695221431,S3-25622146
S1-881307893	
S1-881316729	S2-107820862,S2-329998519,S3-97380370
S1-881662682	S2-598748519,S2-742329186,S3-636068409
S1-881663468	S2-662197402,S3-382782046
S1-881753450	S2-49648605,S3-577873719
S1-881767188	S2-959481918,S3-521025335,S3-846969511
S1-881799075	S2-694817544,S2-838837481
S1-881982969	S2-582250066,S2-814754404,S2-82349770,S3-164705476,S3-464455394,S3-881427670
S1-882183315	S2-260058771,S2-946428744
S1-882311691	S2-52318330,S2-911479704,S3-62014293
S1-882343229	S3-40954721,S3-433123334,S3-474287480,S3-996318920
S1-882500450	S2-153850348,S2-682057782,S3-505770743
S1-882544780	S2-33364696,S3-208405017,S3-473310064,S3-979833501
S1-882546163	S2-124446083,S2-153924414,S2-659965665,S3-130305655,S3-256378963,S3-710445160
S1-882580959	S3-203666772,S3-521012008,S3-645861678,S3-760425037
S1-88259379	S2-401528231,S3-509824105,S3-747989983
S1-882733953	S2-201280980,S2-272088723,S2-950672313,S3-455699841,S3-633368184,S3-758332442
S1-882756454	S2-18708183,S3-56265769,S3-919008849
S1-882843579	S2-547143014,S2-691843139,S3-619703617
S1-883050955	S2-311177814,S3-801752423,S3-991519388
S1-88306065	S3-605063083
S1-883169096	
S1-883213554	S2-396946264,S2-799557968,S3-117624969,S3-848990269
S1-883292335	S2-596451615,S3-196829690
S1-883388409	S2-135547159,S2-222278643,S2-854958213
S1-88339037	S2-366696305,S3-725898881
S1-883487221	S3-200854998,S3-460378772,S3-807754675
S1-883493075	S2-279985899,S2-463985146,S3-283214385
S1-883530300	S2-162704135,S2-552342256,S3-718778064,S3-97033479
S1-883610448	S2-358061627,S3-231807440
S1-883825532	S2-685074324,S3-751484171
S1-883840369	S3-794821050,S3-801926837
S1-883947653	S2-785244181,S3-210938556
S1-883951986	S2-553539720,S3-520228118,S3-79767526
S1-884088663	S2-388775089
S1-88432571	S2-313729960,S2-993258335,S3-456943507,S3-72067528,S3-776756473
S1-884462200	S2-344031078,S2-537060694,S3-156676329
S1-884502139	S2-203695253,S3-343607319,S3-416688506
S1-884611909	S2-300567807,S2-887939832,S2-959117694,S3-628914514
S1-884635029	S2-776696451,S3-28980883,S3-755679657,S3-848124312
S1-884686435	S3-288580109
S1-884762238	S2-370606643,S2-651988935,S2-720452305,S3-277943006,S3-52227506
S1-884780979	S2-135243978,S2-58299016,S3-174345718,S3-509229065
S1-884873183	S2-218642508,S2-364925241,S2-879670780,S2-95307455,S3-563818146,S3-892096602
S1-885117316	S2-199717847,S2-522962741,S2-848561039,S2-901609875,S3-171305448,S3-607594199
S1-885184733	S2-882528144,S3-70294138,S3-880165270,S3-882069655
S1-885195583	S2-191561242,S2-604522279,S2-917381180,S3-314071239,S3-996735370
S1-885229730	S2-267698059,S3-6489854
S1-88523803	S2-937596442,S3-452549946,S3-715576100,S3-728028707
S1-885405986	S2-511029235,S2-915977132,S2-968107039
S1-885540521	S2-104183424,S3-479645521,S3-52988711,S3-742184092
S1-885689164	S2-354963759,S2-359266094,S2-835180831,S3-36656667
S1-885718734	S2-568748862,S2-797083983
S1-885794558	S2-204448368,S2-43947603,S3-142488487,S3-43315553
S1-885854629	S2-188106524,S2-655317917,S3-359847810,S3-541162622
S1-885938849	S2-290918210,S2-447854810,S3-392236834,S3-805137952
S1-885978262	S2-118486455,S2-688368418,S3-683488150,S3-884435347
S1-88600121	
S1-886092474	S2-126459909,S3-888443569
S1-886103434	S2-784326364,S3-106716035
S1-886373239	S2-284718833,S2-803298761,S3-289702707,S3-638612460,S3-928920096
S1-886472018	S2-115764658,S2-364314685,S3-323596612
S1-886492287	S2-546364502,S2-705181661,S3-360158718,S3-8683021,S3-906353433
S1-886567669	
S1-886604310	S2-737929684,S2-830140549,S3-665564553
S1-88673957	S2-317445582,S2-416665363,S2-986566877,S3-123462892,S3-177609050
S1-886934019	S2-100447949,S2-333570932,S3-561165748,S3-589163675,S3-668148084,S3-997481975
S1-887282693	S2-510361264,S2-646985496,S3-767406857
S1-887420723	
S1-887573264	S2-623403230
S1-887715408	S2-135942276,S2-352440118,S2-749668240,S3-171949846,S3-331434549,S3-43379870
S1-887781357	S2-697415522,S2-712690454,S3-22718232,S3-486171290
S1-887797550	S2-811612131
S1-88791573	S2-571973319,S2-746635424
S1-887961449	S2-171673064,S2-321549863,S2-422419022,S3-430357328,S3-63261020
S1-888233017	S2-304137320,S3-380800767
S1-888289655	S2-604919668,S2-853160970,S3-683956949
S1-888374355	S2-616038947,S2-88632096,S3-25547412,S3-481850669
S1-888381188	S2-296230885,S2-883500980,S3-286781624,S3-562400437,S3-7222235
S1-888459471	S2-625575553,S3-656815387,S3-792055281,S3-907010027,S3-940173523
S1-888517149	S3-104152271,S3-317727954,S3-789862514
S1-888990090	S2-210866007,S2-625176897,S2-72650291,S3-564799433
S1-889035041	S2-755908995,S3-34336320,S3-982662656
S1-889372471	S2-349484706
S1-889428540	S2-167836721,S2-589193982,S3-916154786
S1-889743272	S2-731615008,S3-314694817,S3-911140087
S1-889805190	
S1-889838676	S2-103069153,S2-325112464,S2-653785216,S2-856153749,S3-598602477
S1-889969130	S2-930579669,S3-356697710
S1-890192535	
S1-890305155	S2-243977207,S3-547943175,S3-807772783
S1-890363172	S2-575290831
S1-890446999	S3-912434041,S3-933143011,S3-97685916
S1-890602827	S2-917410578,S3-898886173
S1-890693481	S2-295393702,S3-68716273,S3-966936955
S1-8908100	S2-399781424,S3-173441889,S3-231523670,S3-339395683,S3-362611946
S1-89096509	S2-109712676,S2-398629616,S2-94508094,S2-953557438,S3-278889131,S3-336048741,S3-700924611
S1-89096884	S2-13000745,S2-409096059,S2-469610093,S2-917225616,S3-51176055,S3-6554557
S1-890977155	S2-587530775,S2-829939303,S2-834918275,S3-325509732,S3-598361136
S1-891062002	
S1-891103834	S2-580043287,S2-743076870
S1-89121147	S2-478049604,S2-794227865,S3-550361637,S3-623108098,S3-731104138,S3-740583843
S1-891271087	S2-122713896,S2-230963559,S2-600188004,S2-948986100,S3-731318565
S1-891396760	S2-947378830,S3-327703087,S3-413949710,S3-793117252
S1-891429728	S2-735461223
S1-891461657	S2-591939002,S2-68983877
S1-891475900	S3-452067037
S1-891544390	S2-183855118,S2-80917252,S2-84934776,S3-102097692,S3-33294646
S1-891622450	
S1-891661220	S2-609581270,S2-941402398,S3-13892241,S3-422785599,S3-556067599,S3-704063620
S1-891783054	S2-244249616,S2-370698792,S3-204039956,S3-636375478
S1-892004712	S2-762886616,S3-266365279,S3-985305846
S1-892087098	S3-581515098
S1-892146554	S2-135388305,S2-312914438,S3-205119435,S3-315762556
S1-892177364	S2-440296721,S3-342647920,S3-654994160
S1-892179315	S3-362861568,S3-548276938,S3-61376589,S3-979726506,S3-999008536
S1-892182845	S2-918657717,S3-997056347
S1-892264947	S2-823232240,S2-967221963,S3-180439597,S3-915312861
S1-892371126	S2-608020904,S2-649758043,S3-510135490,S3-72946617
S1-892433901	S2-668355097,S3-360666537,S3-442007,S3-87185889
S1-892452503	S2-338381348,S3-536912109,S3-843520587
S1-8924690	S2-22170883,S3-410415658,S3-935923372,S3-993224562
S1-892695964	S2-156737369,S2-344624486,S3-388251511,S3-825826828
S1-892882239	S2-273500889,S2-529315727,S3-42401369
S1-892903013	S2-144169620,S3-707351514
S1-89296656	S2-8468079,S3-49047170,S3-976751989,S3-996639188
S1-892975053	S3-292082363,S3-870224720,S3-946917352
S1-893102479	S2-282156273,S2-569539801,S2-817079871,S2-963434317,S3-259359540,S3-291762062
S1-893109679	S2-552848458,S2-821218758,S2-857881359,S3-574561303,S3-739765074
S1-893134323	S2-620444045,S3-614758688,S3-624808411,S3-769734398
S1-893405870	S2-91672833,S3-329765010
S1-893452805	S2-806611408
S1-893559758	S3-686163877,S3-920858708
S1-893577225	S2-42983608,S2-469238583,S3-336703381,S3-839824573
S1-893695964	S2-388378003,S2-662437427,S2-87864763,S3-492199341
S1-893706007	S2-381869440,S3-387468096,S3-52514931
S1-893775312	S2-365182905,S2-980623203,S3-408379377
S1-893975055	S2-593658621,S3-223304619,S3-614873326
S1-894083819	S2-129506665,S3-798465391,S3-9134781
S1-894096494	
S1-894174892	S2-281614527,S2-627789448,S3-192672045
S1-894323057	S2-183726282,S3-175501948
S1-89433334	S3-106197889,S3-184930154,S3-278239383
S1-894392309	S2-446372689,S2-777621612,S3-242704467,S3-347408339,S3-808651490,S3-929310646
S1-894414661	S2-347574061,S2-4055521,S2-566579437,S3-197895541,S3-400016575,S3-447311659
S1-894668375	S2-159311131,S2-288335900,S3-761069047
S1-89467755	S2-161716573,S2-29583534,S2-512776766
S1-894709946	S2-378237933,S3-228465030,S3-923381751
S1-8947641	S2-322307425,S3-162558898,S3-628469242
S1-894876716	
S1-894886854	S2-222885400,S3-211066042,S3-389882711
S1-894960066	S2-381940372,S3-249675012,S3-68479502,S3-918249415
S1-895281693	S2-343154800,S2-501012931,S2-840609495,S3-934135325
S1-895404471	S3-393173627
S1-895424220	
S1-89547789	S2-22442609,S2-586222822,S2-623678609,S3-546711919,S3-611747359
S1-895544010	S2-808497221,S3-196539597,S3-835893538
S1-895559613	
S1-89567903	
S1-895806207	S2-186306945
S1-896141111	S2-320759077,S3-290492356
S1-896152374	S2-886162528,S2-959646686,S3-287218439
S1-896247379	S2-661601085,S3-507700243
S1-896275165	S2-442624484,S3-465793196,S3-697795273,S3-810949810
S1-896279535	S2-379434396,S2-690343607,S3-730120388
S1-896458790	S3-272372820,S3-356548797,S3-572621507
S1-896489930	
S1-89655058	S2-494583084,S3-83876113,S3-994809057
S1-896609752	S3-46599029,S3-787208505
S1-896710930	S2-278210011,S2-411476519,S2-756441987,S3-152599549
S1-896793775	S2-229223923,S3-534812009
S1-896912292	S2-258492021,S2-850449932,S3-525007536,S3-608530760
S1-896968807	S3-28426163,S3-369294574,S3-406138873
S1-897184423	S2-465213018,S3-163558976,S3-241307537
S1-897230623	S2-817116121,S3-136926119
S1-89735300	S2-612617322,S3-391427568,S3-788291223
S1-897489996	S2-287151777,S2-507181273,S2-979421278
S1-897602754	S2-634855103,S3-275378613,S3-94832978
S1-89762378	S2-222861440,S2-564323261,S2-620334492
S1-897786861	S2-213376437,S2-518683750,S2-637891452,S3-212371299,S3-274361601,S3-845728573,S3-914418569
S1-897793769	S2-325740057,S2-787286069,S3-455869326
S1-897858581	S2-920154578,S2-997033753,S3-775469400
S1-898234504	S2-237684320,S2-433700953,S3-150624133,S3-5937151
S1-898244678	S2-208698202
S1-898296069	S2-365998912,S2-674700141,S3-225331896
S1-898367677	S2-882740925
S1-898441565	S2-238151482,S3-836611175,S3-872476467
S1-898469364	S2-92289360,S3-378529023,S3-546069196
S1-898578566	S3-310104780,S3-991456820
S1-898659006	S2-22250988,S3-252939354,S3-373155583,S3-777487976
S1-898724071	S2-279969706,S2-377562168,S2-534808387,S3-274032785
S1-898758607	S2-100623279,S2-409326337,S3-224996812,S3-600697697
S1-898786682	S3-587455832
S1-898834470	S2-847815955,S3-114074909,S3-745914248
S1-899000804	
S1-899032362	S3-926424529,S3-982549771
S1-899076631	S2-743556903,S3-556875079,S3-625504309,S3-66395080,S3-939814677
S1-899085539	S3-955879616
S1-899092910	S2-325252267,S2-883667654,S2-936648669,S3-215082954
S1-899202605	S2-377833359,S2-733322042,S2-763827303,S3-682361352,S3-733568398
S1-899333738	S2-44668622,S2-538551976,S2-564977543,S3-410484869
S1-89943114	S2-523631489,S3-111418978
S1-899463990	S2-204330190,S2-825046111,S3-609738946,S3-663797186
S1-899469792	S2-122000047,S2-188190432,S3-825361288,S3-978135499
S1-899561076	S2-231605998,S2-470855571,S3-673644052
S1-899635368	S3-822946954,S3-958528811
S1-899652072	S2-445492606,S2-585154167,S3-837113142
S1-899729103	S2-936492235,S3-405859529,S3-666173776,S3-804758850,S3-890122829
S1-899742812	S2-295259812,S2-338740167,S3-29607335,S3-374525376,S3-600602070
S1-899760225	
S1-899767826	S2-380946849,S3-157999151
S1-899788840	S2-194866582,S2-362713481,S2-907971827,S3-347919774
S1-899883051	S2-827184953,S3-143747145,S3-388460873,S3-399013051,S3-831772950,S3-848419959
S1-89999788	S2-106220628,S2-113046405,S3-12249459,S3-752276731
S1-90000376	
S1-900143476	S2-766877055
S1-90019447	S2-323522966,S2-39065844,S3-311332455,S3-374510118
S1-900266870	S2-367315504,S2-494407778
S1-900345399	S2-243441974,S2-680785310,S2-914262908,S3-183683725,S3-211832642
S1-900369281	S3-331346891,S3-540270760,S3-606569165
S1-900401333	S2-144092321,S2-483944901,S2-543933766,S3-305642014,S3-780911403
S1-900491159	S2-593185625,S2-659937217,S3-771631203,S3-989238094
S1-900509553	S2-203299004,S2-865614412,S2-982740877,S3-762759273
S1-900926647	S2-91446586
S1-900984299	S2-20061965,S2-209485835,S2-844187409,S3-382066418,S3-567898548,S3-951760101
S1-901002229	S2-373791384,S2-47069218,S3-155364827,S3-200435466,S3-228355516,S3-61824322
S1-901036993	S2-791379881
S1-901058414	S2-942122165,S3-353554420
S1-901076896	S2-177893733,S2-84085567,S3-541107113,S3-682846275,S3-818604079
S1-90117352	S2-12719867,S2-752099654,S2-764621995,S3-465350021
S1-901519400	S2-270181197,S2-501778754,S2-839465653,S3-44277065
S1-901528117	S2-383110713,S3-533647254,S3-609918623
S1-901550022	S2-618885929,S2-757479937,S2-759930780,S3-662502132,S3-753805500,S3-756639851,S3-888932774
S1-901629069	
S1-901740043	S2-499458124,S2-839245100,S3-371755151
S1-901921878	S2-446198855,S2-511017328,S2-83644662
S1-902036770	S3-559011858
S1-902212841	S2-587547195,S2-732845460,S3-105714046,S3-570396210,S3-791462026
S1-90235806	S2-638670069,S2-71204710,S3-816961372
S1-9024499	S2-425458798,S2-927226803,S3-288223668,S3-396194073
S1-902486752	S2-967498708,S3-81798710
S1-902771716	S2-454680777,S2-471808394,S2-8724818,S3-204670039,S3-854241785
S1-902824777	S2-499885480,S2-90565107,S3-265112990,S3-283466469,S3-918702130
S1-902835502	S3-505968765,S3-803545325,S3-901516052,S3-927744978
S1-903024079	S2-649703671,S3-118659358,S3-236904295,S3-949314884
S1-903237651	S2-128026848,S2-556679054,S3-231115051,S3-750721914
S1-90356345	
S1-903589150	S2-174754063,S3-702589872
S1-90370319	S2-222456407,S2-397673422
S1-903847319	S3-314709160
S1-903870016	S2-295019513,S3-626556321,S3-9620785
S1-903891141	S3-28095076,S3-391479020,S3-864223432
S1-903920949	S3-985256090
S1-903985116	S2-456863828,S3-254072854
S1-90399954	S3-812765001
S1-904431637	S2-385306549,S2-967674545,S3-423768570,S3-780100904
S1-904449640	S2-576179369,S3-63016096,S3-879773644
S1-904617913	S2-431972666,S2-437258716,S3-18654688,S3-263647811,S3-493115519
S1-905106118	S2-13697242,S2-247019341,S2-377070115,S2-876895397,S3-584869045,S3-777420378,S3-985090512
S1-905180055	S3-426465081,S3-523939114,S3-856678592
S1-905326669	
S1-905358401	S2-251795855,S2-533445225,S2-949656733,S3-385758885,S3-953038851
S1-905408010	S2-668758734,S2-924584095,S3-906621834,S3-935558753
S1-905462176	S2-639934783,S2-947080014,S3-801506401,S3-878928136
S1-905496764	S2-110344985,S2-631901697,S2-737238636,S3-28663228,S3-519572471,S3-814481986,S3-875253551
S1-905506576	S2-833519258,S3-197169339,S3-500079927
S1-905669585	S2-782363613,S2-889472323,S3-35698310,S3-413805808
S1-905798301	S2-919146982,S3-711852644,S3-764903381
S1-905809638	S2-239589082,S3-232073569,S3-984630065
S1-905902616	S2-76605612,S3-139010078
S1-906273834	S2-48977995,S3-877583031
S1-906292229	S2-33053384,S2-757287044,S2-872514446,S3-361813628
S1-906375395	S2-420712846,S2-587815076,S2-862494905,S3-764092197
S1-906422691	S2-485486683,S2-707093364
S1-906476802	S2-773553524,S2-868428999
S1-906691254	S2-203719245,S2-233161947,S2-37263336,S2-564864066
S1-906731367	S2-799207189,S3-517069008
S1-906944592	S2-257317888,S2-391892914
S1-907002252	S2-229790784,S2-481044955,S2-582989162,S2-58664509,S2-735030550,S3-698631251
S1-907003120	S2-10832634,S2-919582634,S3-709881113
S1-907157135	S2-529956319,S3-550010013
S1-907458926	S2-596801605,S3-685335727
S1-907493847	S2-173056598,S3-43142935
S1-907531181	S2-118521942,S2-470132145,S2-475971885,S3-373812233,S3-522481635,S3-968529161
S1-907706596	
S1-90774651	S2-555134356,S2-900988164,S2-971535757,S2-973804445,S3-220675757,S3-711038122
S1-907753748	S2-296513772,S3-924168106
S1-907813441	S2-581752959,S3-305161478,S3-417005158
S1-907838365	S2-420695081,S2-78063467,S3-545413491
S1-908236513	S2-224616933,S2-814959693,S3-186910928,S3-235309268,S3-42054421,S3-529484197
S1-908259334	S2-267626167,S2-42990341,S2-999552480,S3-53856453,S3-615118958,S3-86454121
S1-90828954	S2-119502377,S3-466728261,S3-819784216,S3-984748502
S1-908392083	S2-35936874,S2-400150886,S2-982719926,S3-269253179
S1-908406217	S2-654828080,S3-104470480,S3-108782251,S3-533961143,S3-557332667
S1-90852299	S2-589000266,S3-603510201,S3-67316851
S1-908743255	S2-411771039,S2-491176474,S2-740028426,S3-196203440
S1-908986683	S2-466386738,S3-652373999,S3-660774765
S1-909000833	S2-606471707,S3-649751925,S3-656330624,S3-735127267
S1-909065814	S2-351400618,S2-632174727,S3-659628830
S1-909130738	S3-317341762,S3-964283756
S1-909136555	S2-353423222,S2-518400541,S2-706586765,S3-290890178,S3-419728471,S3-736881338
S1-909182632	S2-408516998,S2-750026762,S2-792653909,S3-194228472
S1-90929548	S3-118338493,S3-571801587
S1-909346923	S2-905785169
S1-909544323	S2-242685258,S2-388330276,S3-298207559,S3-474215419,S3-677197249
S1-909628557	S2-123694581,S3-359109850,S3-64373370,S3-920551805
S1-909649883	S2-545987799,S2-597183512,S3-379544212
S1-909764482	S2-433919367,S2-780993766,S3-364536293
S1-909801025	S2-795879296,S2-820640684,S3-477497102,S3-572946466,S3-587744280,S3-615793630,S3-948422474
S1-909858537	
S1-909869249	S2-510811612,S3-665152
S1-910027357	S2-334804213,S2-679478434,S3-518635228,S3-59146895,S3-677520029
S1-910199810	S2-629758600
S1-910304460	S2-843028669
S1-910408879	
S1-91047279	S2-405687652,S3-315013350,S3-542918814,S3-620348343
S1-910709775	S2-440067017,S3-492569936,S3-814587285
S1-910733557	S3-308344814
S1-910862292	S2-185735957,S2-605749325,S3-919003030
S1-911011312	S2-814948406
S1-911119482	
S1-911301347	S2-262493004,S3-576807276
S1-911423520	S2-988493084,S3-534880626,S3-921880174
S1-911565136	S2-299384792,S3-157975612,S3-835541621
S1-911640834	S2-578385274,S2-878364928,S3-599221955,S3-825208417
S1-911648487	S2-188613386,S2-67343608,S3-368189346,S3-378053548,S3-894973864
S1-911652339	
S1-911666848	S2-379497074,S2-513686624,S2-988085664,S3-432347023,S3-712349480
S1-911683524	S2-186112533,S2-37373703,S3-120441575,S3-562267985
S1-911760796	S2-303848101,S3-804989321
S1-911819615	S2-342617606
S1-912084747	S2-769867794,S2-818958185,S2-989537850
S1-912098668	S2-121982361,S2-126808551,S2-484807360,S2-966197660,S3-32743924
S1-912419585	S2-128303870,S2-155813868,S2-891136389,S3-230166752,S3-306459957,S3-352082716,S3-993899479
S1-912433000	S2-451781452,S2-454613735,S2-990923977,S3-126732135,S3-435319348,S3-965249087
S1-912569986	S2-294341180,S3-349917877
S1-912629360	
S1-912638067	S2-900639226,S3-901002055
S1-912638967	S2-549557514,S2-835795323,S3-49732820,S3-802189198
S1-912696279	S3-17977573
S1-912833573	S2-942394448,S3-360658140,S3-717181235
S1-912948315	S2-195989445,S2-425571363,S2-900978763,S3-721292492
S1-912960373	S2-695609493,S3-640447267
S1-912991887	S2-29312169,S3-993991292
S1-913267518	S2-451013888,S2-557191384
S1-913520662	S2-377263272,S2-392699657,S2-403720550,S3-23092418,S3-736627981,S3-751047717
S1-913611857	S3-44106966,S3-804771561
S1-91364163	S2-125096928,S3-421864164,S3-897850762
S1-913651998	S2-28242561,S2-499315231,S2-709092094,S3-727299786,S3-94087470
S1-91376895	
S1-913860291	
S1-91393800	S2-648796144,S2-991714467,S3-274915911,S3-906017203
S1-913955923	S2-273501977,S3-169594935,S3-586415936
S1-914017834	S2-472268430,S3-708801921,S3-860650907
S1-91406315	S2-234054403,S3-135267145,S3-248689431
S1-91416445	S2-586452211,S2-662812603,S3-245952948,S3-481220165,S3-718301021
S1-914199557	S2-185023182,S2-783046182,S2-836441382,S2-907548123
S1-914291467	S2-107043378,S2-394362578,S2-53341047,S2-71414690,S3-985552901
S1-91430100	S3-609059877
S1-914302536	S2-87632075,S3-651399018
S1-914331543	
S1-914331736	
S1-914355031	S2-632055489,S2-678673237,S3-423505688
S1-914360928	S2-692678537,S3-32760771,S3-587823819,S3-625835423
S1-914420136	S2-420368529,S2-520090142,S2-937027516,S3-300035957,S3-358573388,S3-900651654
S1-914463308	S2-590043457,S2-596432842,S2-691824815,S3-256632915,S3-363964247
S1-914512584	S2-388536622,S2-66599841,S2-747794583,S3-274033382,S3-944626315
S1-914625150	S2-323292586,S3-550986289
S1-914793412	S2-513905655,S2-932456801,S2-934674505,S3-103025773
S1-914905342	S2-892545747,S3-478039534
S1-914923630	
S1-914928658	S2-175895883,S3-468468975
S1-915429474	S2-476301698,S2-663572682,S3-191936261
S1-91543807	S3-863605673,S3-928815841
S1-91544583	
S1-915479738	S2-683956252,S3-591691238,S3-993195190
S1-915653405	S2-246369052,S2-258411654,S2-543546326,S3-148518737,S3-869105599,S3-908943520
S1-915729746	S2-454341002,S3-122306574,S3-820147251
S1-915904600	S2-239091031,S2-729619070,S3-227565767,S3-528593396,S3-573037583
S1-915956925	S2-124571106,S2-865093811,S3-288121377,S3-482936405,S3-95819973
S1-916011822	S2-409163549,S3-831370507
S1-916255139	S2-963677106,S3-271364806,S3-363079881,S3-616449740,S3-79271326
S1-916287424	S2-377907776,S2-44249588,S3-252441999,S3-800987343,S3-868486814
S1-916290557	S3-737927241
S1-916342165	S2-403753487,S2-873822756,S3-606488393
S1-916370214	S2-742937238,S2-890619428,S3-184484203
S1-916370958	S2-608697400,S2-7491382,S2-834981190,S2-984000485,S2-995113221,S3-496333423
S1-916383469	S2-761204639,S2-778869083,S3-100333861,S3-241947527
S1-91646506	S2-509013322,S3-186651762,S3-327808564,S3-881324999
S1-916570710	S2-447250802
S1-916659178	S2-835226992,S3-518620495,S3-797560028
S1-916679619	S2-126328730,S2-872675976,S3-43178981,S3-699909838
S1-916742485	S2-302605160,S2-80246623,S3-484735647,S3-57838742
S1-916894936	S2-317675658,S2-343972902,S2-399636958,S3-36120016
S1-916924087	S2-452127965,S2-887980893,S3-534379052,S3-989648873
S1-916971760	
S1-916977337	S2-249729261,S2-475505579,S3-355002254,S3-425216564
S1-917232975	S2-326264467,S2-564620084,S2-894092694,S3-325898886
S1-917450276	S2-791322027,S3-692290931,S3-95740209
S1-917458183	S2-842611818,S2-889090888,S3-483910673
S1-917467694	S2-337066892,S2-870945485,S3-396346165
S1-917531428	S3-196656471,S3-317649586
S1-917780454	S2-16825371,S3-782298385
S1-917889996	S2-202271536,S2-796491750,S3-307208158,S3-438393052,S3-450929602,S3-518646908,S3-695102725
S1-91792051	S2-61054287
S1-917937587	S3-606841048
S1-918007528	S2-379757101,S2-439111381,S2-492563552,S3-557563194,S3-979359741
S1-918012486	S2-684372072
S1-918125630	S2-241255519,S2-429853353,S2-872884146,S3-151240131,S3-681793439,S3-992937701
S1-918178376	S2-46554086,S3-66844482
S1-918415855	S2-331944489,S2-557288992
S1-918540734	S2-103192072,S2-8101395
S1-918574988	S2-741896051,S2-776798019,S3-192888581,S3-450796852
S1-918621024	
S1-918621730	S2-430503628
S1-918713810	S2-561824231,S2-736137170,S2-83057284
S1-918908391	S2-200565643,S2-542269082,S2-617887597,S2-931232812,S3-539111576
S1-919128236	S2-428447768
S1-919165160	S2-109414699,S2-173741606,S2-816719529,S3-32866218,S3-936599683,S3-946877808
S1-919200401	S2-309993453,S2-362468218,S3-379983705,S3-595482268,S3-645747626
S1-919360795	
S1-919448048	S2-168928390,S2-322631637,S2-367282912,S2-811587872,S3-349600382
S1-919504229	S2-114552865,S2-77294789,S2-865463921,S3-266084099
S1-91960493	S2-822419584,S3-551291070
S1-919613945	S2-451370442,S2-581706313,S2-737914505,S3-40662164
S1-919750282	S2-214837895,S2-951414308,S3-363435812,S3-46484309,S3-516417565
S1-919769811	S2-566644901,S2-7980772,S3-941382656
S1-919802318	S2-600156194,S3-189407236,S3-45098424,S3-714774982
S1-919839639	S3-338884894
S1-919899901	S2-104812416
S1-919975093	S2-157580176,S2-453047302,S3-276818488,S3-682951296,S3-760510785
S1-920026349	S3-442001159,S3-727251740
S1-920135371	S2-891782499,S3-352375232
S1-920210928	S2-971642891,S3-173622678
S1-920263294	S2-781405440,S2-81618436,S3-201073809,S3-471070702
S1-920411696	S2-622904174,S2-637523509,S3-545547646,S3-601381021
S1-920620245	S2-551533921,S3-160610375,S3-451005371
S1-92062279	
S1-920654517	S2-173983764,S2-623856839
S1-920678899	S2-994331703,S3-399282660,S3-650936536,S3-931493685
S1-920696286	S2-21292124
S1-920768912	S2-499720031,S2-684326439,S3-567630651,S3-70346002,S3-729220726
S1-920813840	S2-203905486,S2-982702498
S1-920846391	S2-449856692,S3-337200488,S3-399558242,S3-692801976
S1-92085003	S2-219584211
S1-920917716	
S1-921083683	S2-844029362,S3-43103675,S3-665130915,S3-951527924
S1-921116413	S2-589640390,S3-474640759
S1-92120184	S2-182383493,S3-151495685,S3-253044377,S3-883421394
S1-921245650	S3-907796967
S1-921524485	S2-600088076,S2-782316614,S3-343013562,S3-365458937
S1-921578762	S2-418725764,S2-748474368,S2-986109458,S3-119368489,S3-316577586,S3-72632547,S3-799926309
S1-921630856	S2-219494053,S2-444841126,S3-431375614
S1-921647710	S3-107194606,S3-33692021
S1-921755997	S2-961245941,S3-27896273,S3-430918778,S3-519504384
S1-921946760	
S1-921954325	S2-144659368,S2-512120736
S1-922050865	S2-721354685,S3-225792773,S3-75258234
S1-922117099	S2-413859191,S2-430473410,S3-558107897
S1-922314603	S2-20532050,S2-487864107,S3-237566568
S1-922364403	S2-881880651,S3-137608904
S1-92237404	S2-270779818,S2-391355374,S2-563630426,S3-213412670,S3-872137912
S1-922644534	S3-38820390,S3-964447224
S1-922746036	S2-35712968,S2-436237859,S2-862831133,S2-894138365,S2-988512013,S3-157945901,S3-902807921
S1-922848638	S2-322134394,S2-391280645,S2-747081773,S3-66639372
S1-922890080	S2-406636025,S3-343513348
S1-923006040	S2-16236683,S3-127239255,S3-301676179,S3-677068190
S1-923256319	S2-376168724,S3-793420201
S1-923384017	S2-510463221,S2-691489437,S3-240428214
S1-923419531	S3-125548923,S3-361625391,S3-573198159
S1-923468975	S2-284318684,S2-728167484,S2-905696722,S3-682445574,S3-718231812,S3-773670976,S3-944778183
S1-923512701	S2-137417345,S2-662178338,S2-773060717,S3-341637403,S3-94386258
S1-923717673	S2-290466572,S2-360431629,S2-830454631,S2-893669096,S3-685903377
S1-923756639	
S1-924039714	S3-56652558
S1-924059449	S2-645947087,S2-966244062,S3-782076893
S1-924229154	S2-532051658
S1-924713655	S2-664498855,S3-681250801
S1-924736862	S2-141463465,S3-628116710,S3-706136876
S1-924955441	S2-761014563,S3-679486529
S1-925215321	S2-351539924,S2-49598963,S3-620671298,S3-8801633
S1-92535982	S2-286946769,S2-798923493,S3-544091552
S1-925368068	S2-793138938,S3-160562043,S3-288564308
S1-925397124	S2-946698041,S3-153381165
S1-925528246	S2-108469692,S2-532105228,S2-677510185,S3-546905092,S3-67498865
S1-925619095	S2-169084020,S2-306322674,S3-281560991
S1-925840718	S2-315563123,S2-94888764,S3-415842997,S3-679652465
S1-925885613	S3-495036295,S3-509918755,S3-528312664
S1-925900687	S2-366607329,S3-324932555,S3-825180405
S1-926068336	S2-129761407,S2-167443320,S2-737715104,S3-477092002,S3-71785875,S3-809609110
S1-926072008	S2-272801962,S2-398255909,S2-757402706,S3-180354723,S3-805776373
S1-926096865	S2-229741669,S2-29661284,S2-369105076,S2-491714947,S3-305994569
S1-926137315	
S1-926147490	
S1-926237993	S2-819908894,S2-986820616,S3-615506772
S1-926338791	S2-327518276,S3-343735705,S3-495349984
S1-926365439	S3-238345610
S1-926581583	S2-799764736,S2-890475335,S2-901050163,S3-229685612,S3-278296132
S1-926924101	S2-49453617,S2-558396555,S3-143657455
S1-927001058	S2-200210712,S2-750306623,S3-20210027,S3-266069963,S3-313611208,S3-517602691,S3-970227095
S1-927121205	S2-988829431
S1-927268818	
S1-927408167	S2-753899214,S3-644017489,S3-731815477,S3-88486454
S1-927491332	S2-523800991,S2-617863198,S3-217968908
S1-927631446	S2-252028684,S2-727135153,S2-88756448,S3-506102113
S1-927881293	S2-204573122,S2-650014991,S2-905641557,S3-466436859
S1-927890642	S2-213511079,S2-260081146,S2-69166309,S3-377612764,S3-424428470
S1-927976153	S3-31050449
S1-928093487	S3-42211680
S1-928144773	S2-358899632,S3-611741141
S1-928224306	S2-560674811,S2-590468774,S3-340337460
S1-928413637	S2-147852322,S2-270745019,S2-511255305,S3-404598959,S3-624010318,S3-655361031
S1-928418052	S2-348655548,S2-778505523,S2-87014493,S2-998262585,S3-556358730
S1-928599207	S2-235582462,S2-464787700,S2-683888969,S3-197902687
S1-928605607	S3-230062751,S3-952608880
S1-928672616	S2-215470278,S2-457376532,S2-634213726,S2-651956459,S3-321087143,S3-97011237
S1-928698490	
S1-928724354	S2-370265483,S3-73679747,S3-907943676
S1-928789019	S2-59447064
S1-928836119	
S1-928847444	S3-743727023
S1-929019637	S3-14098538,S3-149202891,S3-387018291,S3-905705205
S1-929219191	S2-508789794,S2-542754043,S2-572210588,S3-327517223,S3-735847346
S1-929250030	S2-615224322,S2-902685526,S3-374473844,S3-508479466,S3-783066462
S1-929268369	S2-43608295,S2-492288235,S3-557248388
S1-929291098	S2-590925382,S2-629709850,S2-846491270,S3-406736429,S3-514548087
S1-929295019	S2-663078526,S2-990346710,S3-245297018
S1-929428803	S3-311296226,S3-357071530,S3-534002702,S3-793561875
S1-929430395	S2-615060563,S3-654453830
S1-929455408	
S1-929565562	S2-921187374,S3-16923308,S3-822416158,S3-940793859
S1-929586811	S2-590580334,S3-254337762
S1-929729599	S2-593434149,S2-852382494,S3-212066139,S3-331694343,S3-472780251,S3-537942989,S3-814077647
S1-929756417	S2-528580775,S3-201085334,S3-65492509
S1-929769719	
S1-929908727	S2-973663913,S3-322391115
S1-929942182	S2-301474176,S2-570942256,S2-657203244,S2-977110147
S1-930158144	S2-564143998,S2-985065420,S3-391726044,S3-632092105
S1-930217004	S3-142859753,S3-200536162,S3-541090082,S3-583316468
S1-930476840	S2-544703177,S2-64249264,S3-511040955
S1-930581879	S2-36841259,S3-775113540
S1-9306136	S2-974698805,S3-443109061,S3-77975299,S3-784338339
S1-930625292	S2-457873149,S2-597516447,S2-913963814,S3-6734820
S1-930651637	S3-291028837,S3-47454161,S3-856466343
S1-930687036	S2-201768430,S2-821744751,S2-902875002,S3-119164903,S3-323123798
S1-930804442	S2-16841898,S2-870043979,S3-719887091
S1-931092787	S2-628975613,S2-633134048,S2-939351939,S3-271486528,S3-666713916,S3-689200159,S3-801696062
S1-931123781	S2-54952302,S2-794322320,S3-164404191,S3-611874607,S3-902428106
S1-931381800	S2-670029025,S3-658128879,S3-80922546
S1-931586510	S2-535232690,S3-223127426
S1-931737402	S3-688886374
S1-93187385	S2-131730121,S3-474721791
S1-932042223	S3-464400677
S1-932198430	S2-311143203,S2-342252389,S3-201432378,S3-283778900
S1-932379443	S2-840729070,S2-905904344,S3-138185065
S1-932464983	S3-353449376,S3-38836254,S3-861701762,S3-948445485
S1-93273761	S2-54479719,S2-566655564,S3-352854582,S3-436628790,S3-594300545,S3-634657615
S1-932746471	S2-564278918,S2-941297927,S3-95800921
S1-932882891	S2-226990507,S3-352167658
S1-932893321	S2-490172963,S3-663980445
S1-933045425	S2-183522702,S2-512564102,S3-209903768,S3-578466716
S1-933078559	S2-298795770,S2-746036003,S3-187576019,S3-834532415
S1-933099860	S2-903929328,S3-488221215,S3-575105647
S1-933103615	S2-10041556,S2-279066510,S3-143651753
S1-933172058	S2-420738053,S3-431988568
S1-933249613	S2-491703246,S2-700377779,S3-202811045,S3-595698548
S1-93327457	S2-932799101,S3-45376780,S3-82550998
S1-933459637	S2-253132391,S3-675555674,S3-824193235
S1-933589924	
S1-933720637	S2-964684180,S3-248938774
S1-933737770	S2-319010797,S2-500807586,S3-865873067
S1-933787314	S2-206728264,S2-801891713,S3-619464736,S3-819849041
S1-933834320	S2-106166670,S2-773599595,S3-680302876
S1-93398062	S2-976076969,S3-273438066,S3-374520763
S1-934051930	S2-351747257,S2-833092674,S3-511137215,S3-984601999
S1-934119013	
S1-934221465	S2-268274384,S3-104524933,S3-772783021,S3-844661598
S1-934276478	S2-809791431,S3-282121268,S3-887639673
S1-934439785	S2-733635956,S3-730984474
S1-934449218	S2-647633283,S2-663897669,S2-967544412,S3-870758909
S1-934519921	S2-337978250,S2-972387548,S3-330970117
S1-934612173	S2-111018058,S3-692620289,S3-902982953
S1-934676676	S2-752573027,S3-430047540
S1-934708557	S2-47200385,S2-673616933,S3-101810324,S3-347764147,S3-777441691
S1-934716141	S2-779919148,S2-796706766
S1-934779264	S3-206508823,S3-323743778,S3-53031458,S3-566736492
S1-934786000	S3-207244360,S3-791398714
S1-934869635	
S1-935284182	S2-210806818,S3-448231412
S1-935481995	S2-344887666,S2-433200298,S2-680829171,S3-736351358
S1-935579518	S2-405529779,S2-808879751,S3-312778689,S3-590494912
S1-935590087	S3-204006449,S3-209063167,S3-276580699,S3-284014531,S3-498408274
S1-935667510	S2-232149706,S2-813182102,S3-496069230
S1-935706456	S2-461676551,S2-478528483,S3-743294353,S3-915148775
S1-935771640	S2-582182438,S2-650189632,S2-68492938,S2-955387190,S3-595181186,S3-662650922,S3-818413300,S3-836823691,S3-866919174
S1-935885424	S2-18335631,S2-613961560,S3-290086986,S3-898081975,S3-971411083
S1-936135764	S2-832014674,S3-146673572,S3-392737331,S3-819829185
S1-936169945	S2-269074561,S2-737481981,S3-358421298,S3-635950257
S1-93663690	S2-200137901,S2-829277570,S3-288958089,S3-995705611
S1-936654231	S2-320616045,S3-15037391,S3-437627665,S3-689068542
S1-936714127	S2-85202372,S3-213896441
S1-93698862	S2-547140320,S3-602415700,S3-948190752
S1-937081708	
S1-937138970	S2-345977974,S3-599005200
S1-93719993	S2-226713081,S2-30338441,S2-698625583,S2-808163185,S3-534757808
S1-937221239	S2-249206787,S2-333140850
S1-937495543	S3-611672006
S1-937504459	S2-900212916,S2-991433408,S3-167873497,S3-663388478
S1-937662403	S2-704699272,S2-912196414,S3-366187841,S3-849986283
S1-937705090	S2-152504054,S2-845364038,S3-900526154
S1-937761138	S2-299952202,S2-866585716,S2-992485755,S3-39925184
S1-937935548	S2-804774274,S2-908401810,S2-998792549,S3-644432843
S1-938016600	S2-548895024,S3-588819105
S1-938025222	S2-418526864,S2-660070456,S2-873736894,S3-345745884,S3-659996729
S1-938083028	S2-188733365,S2-898983567,S3-633000298,S3-889700057,S3-892710449,S3-915007517
S1-938095362	S2-767990899,S2-946178072,S3-247563617
S1-938110183	S2-190033796,S2-27499827,S2-343496541,S2-500313990,S2-618863728,S3-472483140,S3-790963436
S1-938168520	S2-264734759,S3-127198618,S3-667391594,S3-712602559
S1-938189179	S3-624829408
S1-938242587	S2-3672233,S3-523353424,S3-56622918
S1-938258299	S2-436367170,S2-560596722,S3-426482163,S3-584647688,S3-909145047
S1-938310421	S2-423300926,S2-582019019,S2-659831458,S3-383317629,S3-808696517
S1-938341060	S2-972439814,S3-456278776
S1-938361498	S3-123040114,S3-392455266,S3-451398646,S3-580080769
S1-938389418	S2-784711386,S3-399631320
S1-938449498	S2-849146694,S3-443511435,S3-961173247
S1-938500490	S3-845212020
S1-938653973	S2-917812264,S3-22788970,S3-403627997,S3-710350010,S3-966026537
S1-938848060	S2-8505349,S3-17592229,S3-196600168,S3-341995220
S1-938860308	S2-304126945,S2-366495674
S1-938941077	S2-449767462,S3-792619020,S3-992442735
S1-939092636	S2-931503964,S3-323715165,S3-679304131,S3-843287231
S1-939115713	S2-521647089,S2-52928256,S2-93080027,S3-265105466,S3-378268694
S1-939190617	S2-573868761,S3-114147514
S1-939256016	
S1-939272137	S2-80246501,S3-349547757
S1-939277789	S2-275037011,S2-618213703,S2-661372085,S3-736657491
S1-939302359	
S1-93939118	S2-308303636,S2-614537284,S2-902451073,S3-461330172,S3-618874178,S3-83356968,S3-926083452
S1-939490688	S2-510278810,S2-681141945,S3-940133236,S3-942354631
S1-939715212	S2-449874078,S2-578025983,S2-792246654,S3-194247263,S3-593651623,S3-843380249
S1-939722991	
S1-939751483	S3-114289172
S1-939754716	
S1-93988423	S3-393646273,S3-609377880,S3-81054143
S1-940050789	S3-792966350
S1-940092329	S2-443449441,S2-752777114,S3-385348051
S1-940176975	S2-854464217,S2-879360254,S3-74019747,S3-896683013
S1-940252328	S2-285876704,S2-715960591,S3-709587619
S1-940366047	S2-660195444,S2-698234868,S3-232236877,S3-587250561
S1-940405996	S3-432133796,S3-844094540
S1-940417429	S2-346795738,S2-691343001,S3-387653994
S1-940432082	S2-216920689,S2-291480468,S3-699873582
S1-940575228	S2-504425400,S2-900242995,S3-404978427,S3-741535209
S1-94061967	S2-907067592,S3-157088710,S3-331323135
S1-94082753	S2-150512842,S2-553550779,S2-716049701,S3-444050748,S3-994155402
S1-940914898	S2-518279068,S2-654704907,S3-121870417,S3-218171834,S3-75217567
S1-940930402	S2-336864740,S2-531025942,S2-608374446,S2-883740158,S3-268814715,S3-742678264
S1-940949278	S2-273520923,S3-866785467
S1-941108817	S2-148325253,S2-455871992,S2-524514857,S3-130183293,S3-962950016
S1-941261133	S2-83203538,S3-192129105,S3-738953043,S3-827821346
S1-941273775	S2-771038923
S1-941487742	S2-971874856,S3-35750372,S3-507474348
S1-941547004	S3-192346388
S1-941604409	S2-150580031,S3-32115818,S3-363723702,S3-364218094
S1-941624670	S3-28426329
S1-941629797	S3-694829418
S1-941766531	S2-401448838,S2-85035639,S2-971445829,S3-12446910,S3-263409204,S3-722710933,S3-806729069
S1-941787511	S2-68200878,S3-857558074
S1-941800012	S2-483086119,S3-1482603,S3-282744073
S1-941881145	S2-36849999,S3-325575551,S3-351426206,S3-986916248
S1-941948678	
S1-94201597	S2-541453995,S3-851110464
S1-942054675	S3-231518507,S3-649657896
S1-942081618	S2-287946775,S2-445219995,S2-941943629,S3-407523834
S1-942283958	S2-539548825,S3-124534807
S1-942384126	S2-324934680,S2-365894137,S3-110868255
S1-942387320	S2-175424779,S3-32175340
S1-942508918	S2-143212121,S2-199855237
S1-942653361	S2-108906822,S2-475029893
S1-942744422	S2-788259672,S3-114615815,S3-798410597,S3-897608658
S1-942834968	S2-416591664,S2-703485218,S2-811923652
S1-94302757	S2-385367836,S3-440371143,S3-501972468,S3-940922445
S1-943074504	S3-360971707
S1-943222847	S2-58984861,S3-43533878,S3-640564757
S1-943236353	S2-415314166,S3-591668810,S3-623103542,S3-772135567
S1-943287497	S2-366053415,S3-12056014,S3-124565864
S1-943521566	S2-605884384,S3-245833870,S3-291891963
S1-943549671	S3-488380363
S1-943650318	S2-354764908,S3-50678903,S3-601136910
S1-943851539	S2-205750175,S2-79433045,S3-343434997
S1-943898438	S2-769602344,S3-93261033
S1-944014171	S2-272185138,S2-852667702,S2-982466654,S3-457873295
S1-94403235	S2-335692919,S2-56609599,S3-318672758,S3-519870747
S1-944056222	S2-101295192,S2-972742745
S1-944103207	S2-520439180,S3-258846367,S3-801597044,S3-953930450
S1-94427972	S2-798806333,S3-59342700,S3-705224821
S1-94462914	S2-428212602,S2-919080460,S3-241482517,S3-904671668
S1-94474311	S2-946882288,S3-753356651
S1-944865625	S2-399599537,S3-110386004
S1-944922232	S2-358413635,S2-705632527,S3-284677769,S3-611185282,S3-90029872
S1-944981320	S2-764070240,S3-278790756
S1-945037506	S2-861259394,S3-163000717
S1-945163293	S2-194037265,S3-586549413,S3-792139989
S1-945223695	S3-565549404,S3-578149391
S1-945302141	S2-147270721,S2-41141496,S3-33057248,S3-544386253
S1-945338541	S3-646761979,S3-681919199
S1-945381654	S2-336235726,S3-139233218,S3-731454267
S1-945691117	S2-666457182,S3-431492549,S3-812739556
S1-945828426	S2-18574959,S3-626577942
S1-945829261	S2-516734193,S3-416863860,S3-420775438,S3-511477255
S1-945905019	S2-359604617,S2-767116866,S3-153962249,S3-573859716,S3-874342753,S3-904771916
S1-945939710	S2-807855761,S3-162277955
S1-94595653	S2-269958378,S3-148990552,S3-224270360,S3-27953046,S3-635902686
S1-946082930	
S1-94613802	S2-398362264,S2-957601378,S3-572337457,S3-966485580
S1-946298808	S2-728837629,S3-146023625,S3-911062778
S1-946382681	S2-819571699,S2-850778509,S3-774904866
S1-946433236	
S1-946516283	
S1-946539441	S2-13761335,S2-456157936,S2-586942955,S2-887490233,S3-203822587,S3-585942351
S1-9465719	S2-817143668,S3-354576169,S3-517310285
S1-946621007	S2-723332106,S3-701748168
S1-946625551	S2-364941826,S2-908767926,S3-239304438
S1-946772815	S2-430990982,S3-124942706
S1-946780862	S2-455420084,S2-500051383,S2-677389313
S1-946786490	S2-290492280,S2-809080809,S3-414173338
S1-94683792	S2-298430941,S2-595732538,S2-710518465,S3-774280033,S3-88647213,S3-907727305
S1-947145387	S2-129872713,S2-324719218,S2-45923144,S3-51202789,S3-751638744
S1-947200453	S2-563523186,S3-103609260,S3-160203803,S3-343298602,S3-387758486
S1-947224084	S2-389085982,S2-432822967,S2-887756649,S3-439134230,S3-733598009
S1-947227817	S2-447345175,S2-505237561,S2-704951977,S2-723214824,S3-307332414,S3-694799619
S1-947254204	S2-163107604,S2-374940255,S2-738685477,S3-520463551
S1-947431685	S3-80759209
S1-947524703	S2-356869592,S2-400129845,S2-641916618,S2-935005710
S1-947708911	S3-43074711
S1-947712031	S2-521312723,S2-786903740,S3-495721314
S1-947816892	S2-609832995,S3-115013813
S1-947820786	S2-891813388
S1-947825514	S2-706894124,S3-343831327,S3-811249096
S1-947844482	S2-476923498,S2-740299859,S2-904777891,S3-565353386
S1-947975312	S2-109580949,S2-137093332,S2-726788398,S3-795772311
S1-948021435	S2-758509442,S2-982002271,S3-714656386
S1-948171821	S2-706810101,S2-775087815,S2-785844038,S3-276320201,S3-324679276,S3-423251608,S3-469224744
S1-94823178	S3-278619712,S3-966634713
S1-948268980	S2-568178958,S2-596065366,S3-137603548,S3-252411924
S1-948276364	S2-327578582,S2-957454891,S3-555234442,S3-74415611
S1-948323195	S2-609819976,S3-303864134
S1-948382122	S2-655691255,S3-204948549,S3-419610166,S3-744482702
S1-948440272	S2-402699575,S2-476307477,S2-653447276,S3-165658418,S3-86205463
S1-948512730	S2-199489862,S2-709627838,S3-275362978,S3-515635085
S1-948746871	S2-205823735,S3-330494383,S3-377002235,S3-664534555
S1-948771427	S3-267497951
S1-948970313	S2-74841037,S3-315845514,S3-361667330
S1-949082493	S2-41009064,S3-212943352,S3-924308076
S1-94912948	S2-765483296,S3-444082334
S1-949135237	S3-290297391
S1-94917237	S2-798174001,S3-355414947,S3-401754874,S3-815575907,S3-865845457
S1-949257238	S2-307678495,S2-513672853,S3-160168970,S3-478295817,S3-665839033
S1-949261063	S2-491602717
S1-949421201	S2-361396217
S1-949506768	S2-614103015,S2-859551925,S3-231776408,S3-900098664
S1-94952871	S2-731005276,S3-740648905,S3-920725409
S1-949538181	S2-502202016,S2-658786232
S1-949613072	S2-884591004,S3-519186123,S3-593579260,S3-774818634
S1-949673909	S2-45284553,S2-760851074,S3-234362120,S3-505999556,S3-633882672
S1-949674979	S2-726561522,S2-821692117,S2-877319141
S1-949686136	S2-50644156,S2-92881236,S3-189911661,S3-514067977
S1-949810427	S2-23627663,S3-998883108
S1-949847845	S2-852239417,S3-24799072
S1-949937991	S2-186360355,S2-239462182,S2-913027582,S3-3503472,S3-350754561,S3-542950166
S1-949975899	S2-361093217,S2-600829269,S2-876942540,S3-213684148,S3-613561014
S1-949978246	S2-374738625,S2-920892532,S3-127885281,S3-19654316,S3-667811138,S3-838266143,S3-968609359
S1-950104314	S2-541931634,S2-897581273,S3-713121778
S1-950151668	
S1-950154345	S2-684143326,S3-591753685
S1-950255585	S3-347999850,S3-467028968,S3-65529846
S1-950418826	S2-971343708,S2-97185429
S1-950426081	S2-273564305,S2-714158548
S1-950534686	S2-831710399,S3-112999995
S1-950612520	S2-112526050,S2-430979538,S2-611041441,S3-412717148,S3-465939495,S3-648117798
S1-950742151	S2-900255596,S3-247656764,S3-592841981,S3-883998407,S3-988107354
S1-950753730	S2-44235931,S3-864993623
S1-950765761	S2-490693150,S3-278261223
S1-950900479	S2-328123420,S2-444568101,S2-787412402,S2-953562562,S2-978142755,S3-371174774,S3-617634188
S1-950957622	S2-438824578,S3-341120549,S3-53527483,S3-651675581
S1-951000927	S3-693607559
S1-951050786	S2-307427078,S3-840706362,S3-907436800
S1-951081163	S2-537059922,S2-653038683,S3-201097496
S1-951106526	S2-90200604,S3-389611166,S3-613358374,S3-69362614
S1-951218686	S2-328114749,S2-869535551,S3-622872667,S3-755892156,S3-902456278
S1-951314958	S2-311156245,S3-168274636,S3-725141920
S1-951335082	S2-854166611,S3-787459763
S1-951409001	S2-204763383,S2-859684747,S3-377229883
S1-951564840	S3-485803170
S1-951588247	S2-267995790,S3-552327008,S3-733356015
S1-951589290	S2-342507178,S3-466025810
S1-951636534	S2-631976170,S2-738604542,S2-952139052,S2-99289209,S3-728723246
S1-951757893	S2-562683620,S3-468338049
S1-951885625	S2-460881373,S3-566268862,S3-650564457
S1-951968	S3-627278835
S1-951979199	S2-15210147,S2-179696933,S2-32513392,S2-455957878,S2-893013992,S3-660605866
S1-952082038	S2-496669642,S2-547875298,S2-598432092,S3-573293111,S3-986048296
S1-952263266	S2-184605083,S2-799043415,S2-811849818,S3-219940690,S3-755794692
S1-952367177	S2-311109817,S3-668355353,S3-728498666
S1-95237929	S2-163610838,S3-510255365
S1-952485669	S2-527382107,S3-242327084,S3-524925600
S1-952605107	S2-831799660,S3-241249398
S1-952624430	S3-105623164,S3-251800894,S3-490621565,S3-704597667
S1-95264427	S2-141701700,S2-62114901,S2-898386206,S3-824434348,S3-898249208
S1-952750071	S2-373557533,S3-301217304,S3-639547577
S1-952758970	S2-170879947,S2-544964399,S3-125554597
S1-952774802	S2-10226180,S2-854387168,S3-880488284
S1-952916004	S2-317718036,S2-798956462,S2-957254056
S1-952992274	S2-90713416,S2-910919325,S2-969227729
S1-953092230	
S1-953163004	
S1-953216139	S2-27652112
S1-953401355	S2-611725692,S2-915291021,S2-949140857
S1-953403869	S2-684198830,S2-88330059,S3-869934312
S1-953513163	S2-850151024,S3-59062016,S3-774741809
S1-953593594	S2-312393528,S2-392230581,S3-409512014,S3-621225735,S3-820257680
S1-953702661	S2-1785814,S3-101367489,S3-310811295,S3-353169989,S3-483314403
S1-953760382	S2-552411236,S2-822569186
S1-953777353	S3-794451092
S1-953836269	S2-642488289,S2-72074551,S2-893808789,S3-10714308,S3-146292312,S3-152785468
S1-953937541	
S1-9540168	S2-119258418,S2-639846826,S3-346897632,S3-942002886
S1-954032334	S2-44117246,S3-168113598,S3-306241690,S3-849274478
S1-954049407	S2-443719023,S3-438991862,S3-566618080
S1-954375751	S2-359813010,S3-888121263,S3-977610582
S1-954563869	S2-584601996,S3-589173328,S3-753674635
S1-954786563	S2-224140178,S2-484841871,S2-573327517,S2-700514474,S3-32596299
S1-95492344	S3-169016769,S3-88408507
S1-955010715	S2-138441634,S3-887708098
S1-95512935	S2-378703890,S3-139894058,S3-202620059
S1-955186265	S2-450763585
S1-955251006	S2-549488096,S2-836297347
S1-955548587	S2-639104228,S3-745795942,S3-985301067
S1-955620260	S2-436013138,S3-361192436
S1-955661686	S2-454185583
S1-955713563	S2-106871496,S3-569010108,S3-938278657
S1-955818883	S2-637032700,S3-740552351
S1-955851699	S2-3764508,S2-826730422,S3-311656120,S3-608744908
S1-955852534	S3-351182485
S1-955861744	S2-308779811,S3-134206661,S3-181100595,S3-335496269
S1-955994764	S2-542558201,S2-911864037,S2-942261032,S3-323246824,S3-760242458
S1-956044168	S2-254858536,S2-51057211,S2-55330506,S2-683478811,S2-735516796,S3-330971218
S1-956085711	S2-277642397,S2-534642120,S2-6786807,S3-255818163,S3-564039284
S1-956383770	S2-456101418,S3-131132284,S3-985469637
S1-956409579	S2-102333507,S2-98041903,S3-400929071
S1-956441340	S2-826785444,S3-34112549,S3-376851636,S3-871557156
S1-956659003	S2-254500707,S2-671224350,S2-917211833,S3-968943892
S1-956752637	S2-259913411
S1-956813343	S3-791661006
S1-95706093	S2-486240474,S2-821045391,S2-86037637,S3-136932128,S3-364683396
S1-957413859	S2-938266925,S2-948918680,S3-399013051,S3-41807341,S3-521482100
S1-957423413	S2-452730934,S3-471251662
S1-957571974	S2-534517649,S3-13812087
S1-957639361	S2-128112722,S2-198024296,S2-443723590,S2-565468467,S3-310837900,S3-70091226,S3-891423665
S1-957915013	S2-577444648,S3-729092122
S1-957936605	S2-633714056,S3-361343595,S3-511810781,S3-72923981,S3-755644239
S1-95795344	S2-827379899,S3-508964867
S1-957969492	S3-180190743
S1-958162118	S2-174428562,S2-389900131,S2-692567355,S3-862075374
S1-958234688	S2-630328179,S2-709221276,S2-73629205,S3-955166706
S1-95824696	S2-237790577,S2-300081469,S3-595700998,S3-78413064
S1-958297307	S2-180499790,S3-103154542,S3-278439020
S1-95850512	S2-935590810,S3-40433102,S3-792980727,S3-925320371
S1-958641747	S2-215458211,S2-501740513,S2-718904357,S3-589449506,S3-619072294,S3-887293654
S1-958694427	S3-490692866
S1-958758898	S3-235270486,S3-445033644,S3-581410178
S1-959212644	S2-388210417,S2-789246059
S1-959221130	S2-109311565,S2-186546366,S3-397161945,S3-587803501
S1-959226634	S2-385952453,S3-264970951
S1-959328871	S3-330527846,S3-598635541
S1-959433980	S3-395418642,S3-542416558
S1-959452725	S2-867812021,S3-732384856
S1-959514797	
S1-959551398	S2-514167882,S2-616081600,S3-102913471,S3-787913904
S1-959581267	S2-237563292,S2-748374628,S3-299441929
S1-95958851	S3-258793859,S3-573477508,S3-878368628
S1-959673805	S2-260843358,S2-965431294,S3-565138211
S1-959688076	S2-860155773,S3-77726730
S1-959995797	S2-505724514,S2-867371519,S3-520290713
S1-960008570	S2-249409152,S2-545551925,S2-672159300,S3-118816836,S3-266653435,S3-487985022,S3-927252024
S1-960065780	S2-153927656,S2-668122082,S2-771522677,S3-10151353,S3-282294398,S3-633252652
S1-960111157	S2-215642619,S3-588914031,S3-883275112
S1-960257855	S2-342639484,S2-560477266,S2-676679226,S3-131403164,S3-476586575
S1-960386265	S2-259341171,S2-86261733,S3-391177287,S3-647652787
S1-960637741	
S1-960734439	S2-15341841,S2-525276006,S3-819507993
S1-96106496	S2-206377066,S3-536760404
S1-961222599	S2-172685118,S2-636360602,S2-810799802,S3-350877393,S3-455591029
S1-961476892	S2-251227143,S3-223626921,S3-239888745
S1-961613339	S2-539580906,S2-967935805
S1-961696501	S2-5598751,S3-403931701,S3-412871517,S3-898307770
S1-961721414	S2-249092971,S2-857516258,S3-216259658,S3-499640849,S3-548620193
S1-961783111	S3-128262587
S1-961789848	S2-346727479,S2-357660742,S3-115358124
S1-961830303	S2-552990774,S2-564719712,S3-477592230,S3-484583317
S1-961833761	S2-125306470,S2-25403062,S2-754564320,S2-849618766,S3-127516792
S1-961853940	S2-130218563,S2-467761818,S2-974673502,S3-385599270,S3-427667021
S1-961864045	
S1-961880433	S3-394418998
S1-962032737	S3-317713730
S1-962239950	S2-193145458,S3-687584421,S3-691382760
S1-962289988	S2-476367642
S1-962552570	S2-204229043,S2-390456423,S2-550156146,S3-581392871,S3-614233199,S3-949529117
S1-962600630	S2-245520307,S3-807541852
S1-962723991	S2-64838863,S3-509881365
S1-962724059	S2-573103234,S2-828240786,S3-900406300
S1-962833962	S2-598700016,S3-209267156,S3-333057980,S3-555360431
S1-962918091	S2-436558551,S2-6153861,S3-132649233,S3-599213137
S1-963177061	S2-140226342
S1-963210182	S2-25745688,S3-25725238,S3-839908004
S1-963290782	S2-136457879,S2-214966260,S2-735843297,S3-90589136
S1-963354668	S2-123614308,S3-842320508
S1-963358747	S2-592394554,S3-593894313,S3-664787372,S3-86842865
S1-963382446	S2-702583925,S2-953849101,S3-304815095
S1-963573260	S3-956972725
S1-963650570	S3-915804632
S1-963708908	S2-148230601,S3-22011225,S3-64083544
S1-964029900	S2-85339817,S2-869844706,S3-78535866
S1-964096944	S2-16067164,S2-404253073,S2-92758147,S2-931536158,S3-524981928
S1-964149468	
S1-964218746	S2-148364022,S3-634654756,S3-888431520
S1-964456312	S2-784371537,S3-810757954,S3-956186448
S1-964496523	S2-30160971,S3-649997050
S1-964532088	S2-410148516,S3-25780997,S3-336926048,S3-438369200,S3-768719649
S1-964538131	
S1-965191799	S3-178901975
S1-965257420	S2-55617759,S2-609168559,S3-483862331
S1-965324398	S3-332606633
S1-965362556	S2-836200602
S1-965570319	S2-6676162,S2-989343307,S3-545414633
S1-965590430	S3-264900917,S3-290395719,S3-997695352
S1-965598952	S2-681017616,S2-704050479,S3-941184949
S1-965755846	S2-568999239,S2-766403297,S2-804034636,S3-209472395,S3-665752327
S1-965965373	S2-651160235
S1-966041394	S2-898155685,S3-100567031,S3-146932419
S1-966213389	S2-602034984,S3-725097137
S1-966270825	S2-152269718,S2-667392640
S1-966270874	S2-271074128,S2-863846221,S3-48842718,S3-538076126,S3-82169975
S1-966493622	S2-395826987,S2-549885659
S1-966503640	S2-187571633,S2-307907480,S3-641944132,S3-721782500
S1-96675328	S2-980181866,S3-28036409,S3-51489221
S1-966975112	S2-12932737,S2-360515249,S2-364415515,S3-92747296
S1-967118453	S2-469901882,S2-692514307,S3-125639873,S3-133060108,S3-457344256,S3-511534497
S1-967143698	S2-531031347
S1-967198126	S2-965279941,S3-242175874,S3-502887642,S3-594327931,S3-672773736,S3-760561308,S3-787498073
S1-967266960	
S1-967317617	S2-630873669,S2-998657170
S1-967422662	S2-308466731,S2-859431027,S3-475142844,S3-580237175
S1-967524252	S2-424255178,S2-687792493,S3-913788872
S1-967610004	S2-161000603,S2-19941015,S2-355539896,S2-508880388,S2-795302177
S1-967709100	
S1-967778199	S2-971519048,S3-164975941
S1-967949335	S2-262471977,S2-583704899,S3-247797135
S1-96802385	S2-594087108,S2-783665721,S3-645727696
S1-968133729	
S1-96826736	S2-294311339,S3-256635771
S1-968448203	
S1-968735267	S2-45374986,S2-655731544,S2-729198946,S2-825276618,S2-957166614,S3-116827315,S3-240656082,S3-266249184,S3-748651961
S1-968751504	
S1-968763089	S3-286913879
S1-968779768	S2-813198646,S2-828929870,S3-949120296
S1-968788979	S2-144308779,S2-447906518,S2-801393245,S3-237949353
S1-969017950	S2-210085541,S2-244715467,S2-280646379,S2-333509355,S3-531836522,S3-732613383
S1-969096964	S2-619289820,S3-378483494,S3-47283136,S3-579953726
S1-969170603	S2-500422819,S3-224993340,S3-504474255,S3-916449214
S1-96925638	S2-802799827,S3-891082214
S1-969503372	S2-139688420,S2-672302944,S2-942426183,S3-583440443
S1-969784180	S2-777257811,S3-112525094,S3-18995512,S3-893453714,S3-949542940
S1-96995290	
S1-969969912	S2-245904781,S2-367382598,S2-435419347,S2-771603943
S1-970087552	S3-111426778,S3-176994311,S3-401413496,S3-552682000,S3-605024614
S1-970361529	S2-233845882,S2-594428988,S2-656038319,S2-910454280,S3-588694128
S1-970453713	S2-289957260
S1-970521009	S2-988844938,S3-702978450,S3-896685669
S1-970563629	S2-920063574,S3-45379951,S3-544181169,S3-898975774
S1-970570026	S2-663724277,S3-478524961,S3-938285705
S1-970599908	S2-906591991,S2-983799533,S3-259195990
S1-970720582	S2-692525816,S3-925315481
S1-9708220	S2-21009803,S2-595441711,S3-57700315
S1-970879343	S2-287557130,S2-362154233,S2-397012922,S2-409703317,S3-131485342,S3-34239941,S3-748686333
S1-971090829	S2-121866160,S2-158966225,S2-457075197,S2-579363869,S3-116701715
S1-971309899	S2-14201643,S2-704556194,S3-213009841,S3-32951722,S3-947092254
S1-971339761	S2-873736836,S2-979091971,S3-10359998
S1-971347092	S2-989329532,S3-493864427,S3-792283135
S1-971497346	S2-751795285,S3-325851644
S1-971646410	S2-238573711,S2-440871072,S2-687263144,S3-260338177,S3-592515978
S1-971752739	S2-245594711,S2-312184622,S3-470385128,S3-948317389
S1-971851833	S2-353586766
S1-971872508	S3-305657746,S3-423311518,S3-532366401,S3-533331501
S1-97194806	S2-610057579,S3-635502423,S3-787441799
S1-972152748	S2-378477841,S3-756501226
S1-972215296	S2-396151789,S2-464181896,S2-585307275
S1-972272161	S2-65948927,S2-82479523,S3-355333305,S3-399511555,S3-430201711
S1-972343047	S2-282837305,S3-301721906,S3-311769017,S3-555245027
S1-972463146	S3-565674097
S1-972552397	S2-498160392,S2-889080496
S1-972691671	S2-536699720,S2-694706501,S3-529835463,S3-760537559
S1-972826122	
S1-97288970	S3-335381676,S3-696852676
S1-973018534	S2-166401660,S2-851990907,S3-377145565
S1-9730963	S2-165977841,S2-768021392
S1-973153758	S2-422173906,S2-690524480,S3-244325540
S1-973302086	S2-763414644,S2-891013651,S3-52858987,S3-643926054,S3-648238774
S1-973321119	S2-518845417,S2-834768698,S2-985938181
S1-973325072	S2-65067398,S2-877432232,S3-387563975
S1-973337124	S2-396246974,S2-993093151,S3-581457325
S1-973357626	S2-410435121,S2-929587415
S1-973611875	S2-9619449,S3-968143491
S1-973769777	S3-243426728
S1-973928742	S2-311573765,S2-602974377,S2-625818322,S2-926308330,S3-121542182,S3-842172583
S1-974162667	S3-104836997
S1-974271109	S2-134785751,S2-910379944,S3-782736446
S1-974323187	S2-398603386,S3-279639530,S3-716209419,S3-780186507
S1-974398093	S2-662605728,S2-986312258,S3-724478806
S1-974478191	S2-128933651,S2-788068547,S2-921238427,S3-404297423
S1-974484834	S2-253197211,S2-359783283,S2-821379728,S2-937285533,S2-96883199,S3-306586829,S3-59191621,S3-986532601
S1-97455090	S2-621574279,S3-36144445,S3-419177203
S1-974553829	S2-397403061,S2-74158262,S3-854393706
S1-974558126	S2-726950238,S3-207165078,S3-233382928,S3-848043710,S3-88245551
S1-974658262	S2-150367032,S2-780767348,S3-938827396
S1-974794071	S2-757765561,S3-412971808
S1-974835997	S2-827160085,S3-759296283,S3-99323614
S1-975179669	S2-124307583,S3-515309592,S3-882452288
S1-97530067	
S1-975331353	S2-309389590,S2-65229313,S3-223750973,S3-451471190
S1-975464437	S2-544595873,S3-368801320
S1-975624027	S2-830821581,S2-893955408,S3-277731110
S1-975624726	S2-169214878,S2-41318812,S2-735321466,S2-920319586,S3-24987232,S3-944756149
S1-975797180	S2-789778292
S1-975869163	S2-332168227,S2-465241102,S2-878232031,S2-907804452,S3-656006972,S3-922181967
S1-975912615	S2-577705841,S2-679565534,S2-955034523,S3-640707718
S1-975931953	S2-63364331,S3-219952443,S3-603581399
S1-97597674	S2-558464963,S3-968293992
S1-976016484	S2-827894518,S2-942729744,S3-204672581
S1-976150290	S2-356180894,S2-607441198,S3-200957064,S3-306218657,S3-415913322
S1-976168447	S2-692110716,S2-695468260,S3-23354877
S1-9761815	S2-15408816,S2-6008302,S2-70944877,S3-684229004,S3-96850269
S1-976215751	
S1-976250804	S2-721266410,S3-496208024
S1-976357940	S2-291147429,S2-297334002,S2-478182859,S2-998670825,S3-351730579
S1-976398495	S2-265032835,S3-586547234,S3-999005804
S1-976426209	S2-248147134,S2-28575462,S2-343029609,S3-107454799,S3-678744696
S1-976470456	
S1-976471914	S2-897433139,S3-136758376,S3-581307457,S3-690559541
S1-976576875	S3-137707818,S3-511612308,S3-57820484
S1-976629492	S2-187790510,S2-462378135,S2-572450853,S2-874250822
S1-976688515	S2-947942008,S3-675915005,S3-700117923,S3-814639470
S1-976757059	S2-537517235,S2-712570547,S3-992282489
S1-976915771	S2-223498167,S2-57569623
S1-977142110	S2-305253355,S3-378201993,S3-606293658
S1-977166958	S3-108276833
S1-977199619	S3-737138708,S3-789362775,S3-974129399
S1-977255297	
S1-977387084	S2-575824230,S3-369837293
S1-97743141	S3-327056435
S1-977525903	S2-463479600,S2-539841001,S3-467698597,S3-679728307,S3-863910476
S1-977532062	S2-246419848,S2-251957462,S2-542261241,S3-444030922,S3-464087799
S1-977684277	S2-183516926,S2-206551173,S2-365197927,S2-592126811,S3-497181688,S3-536957326
S1-977705630	S3-51737858,S3-876011239
S1-977720248	S2-661252046,S3-755685975
S1-977798315	S2-551504267,S2-884341640
S1-977802000	S2-257681362,S2-514689051,S2-622855582,S3-126729935
S1-97784679	S2-846079765,S3-897671022,S3-935465757
S1-977962634	S2-130199417,S2-619153261,S3-341848568
S1-977972060	
S1-978101005	S2-992231741,S3-276973848,S3-759416214
S1-978113332	S2-349559606,S3-555158290,S3-886389837
S1-97826729	S3-220275006
S1-978295908	S2-174812691,S2-526993137,S2-982623440,S3-851584039
S1-978353025	S2-19500719,S3-334024228
S1-97838042	S2-346979757,S2-910668402,S3-423028130
S1-978430223	S2-396253872,S3-734607664,S3-815190904,S3-852972545
S1-978540782	S2-743077262,S3-530167574,S3-603074740
S1-978623193	S2-64805447,S2-961664133,S3-298963361
S1-978639418	S2-23007693,S2-796650437,S3-502486849,S3-552927272,S3-777976415
S1-978670984	S3-625121989
S1-978720120	S2-299835645,S3-598361668,S3-80938115
S1-978763311	
S1-978832097	S2-437998186,S2-99122769,S3-222185150,S3-265625770,S3-560307654
S1-97885757	S2-13527796,S2-513732138,S2-84549427,S3-234372930
S1-978877175	S3-321256054,S3-50012676,S3-707703277
S1-979201726	S2-135919360,S3-613652319
S1-979276590	S2-295270802,S2-637952135,S3-110039210,S3-351827135,S3-809890048
S1-979320509	S2-949502127
S1-979332003	S2-247476143,S2-724630291,S3-170570550,S3-862807520,S3-945004713
S1-979512403	S2-270217208,S2-433681725,S2-903344592,S3-871857112
S1-97953081	S2-412806034,S3-289844367,S3-317882411,S3-798325847
S1-979557635	S2-138808127,S2-391494343,S2-406693803,S2-564446369,S3-352432866,S3-661514495
S1-979621542	S2-12991038,S2-658300587,S2-746186822,S2-829775943,S3-315989076,S3-536475049,S3-681736651,S3-999133820
S1-979690967	S2-114597367,S2-478846099,S3-161205435
S1-979750749	S2-932909870,S3-455319793,S3-616147003
S1-979775943	S2-131690648,S3-338162962,S3-803828261
S1-979786775	S2-233080591,S2-29396096,S2-835674300,S3-14521328,S3-572548959
S1-979802258	S2-480646462,S2-740216944,S2-909044992,S2-936778065,S3-626977294
S1-979863633	S2-279714319,S2-763238759,S2-797547091,S3-197414506,S3-566965110
S1-979896860	S2-151506109,S2-729108100,S3-222959284,S3-480811028,S3-776426714,S3-882031814
S1-979935918	
S1-980147926	S3-671200964
S1-98027087	
S1-980318239	S2-753358203,S3-661638251
S1-980375287	S2-118232176,S2-393128667,S3-7654096,S3-992801840
S1-980381103	S2-413304290
S1-980390394	S2-164663582,S3-768457140
S1-980517857	S3-539494804,S3-899056327
S1-980889205	S2-669593665,S2-896035192,S3-222361560,S3-276140557,S3-682871315
S1-981139420	S2-138722291,S2-600631994,S3-204319449,S3-400325806
S1-981320721	
S1-981343279	S2-296555758,S2-366184440,S2-733952955,S3-29503512,S3-694314308
S1-981352930	S2-364563269,S2-989903662,S3-686793862
S1-981425161	S2-392580368,S3-191433137,S3-715921555,S3-893087241
S1-981464458	S2-892507325,S3-168248298,S3-931213814
S1-981507403	S2-496173951,S3-108850277,S3-952718787
S1-981747000	S2-979122327,S2-995793666,S2-996375123,S3-439983258,S3-476160973
S1-981830962	S2-659652431,S3-591075568
S1-981841522	S3-715345528
S1-981982208	S3-644678233
S1-982082393	S2-363030895,S3-238198919
S1-982129415	S2-884584608,S3-923250772
S1-982222323	S2-124184379,S2-294370278,S2-306534778,S2-622023444,S3-784750719,S3-98697306
S1-982383035	S2-113803098,S3-194550661
S1-982413650	S2-807726824,S3-124843486,S3-837280205
S1-982416165	S2-243763104,S2-394251351,S3-571412606,S3-663561526
S1-98251634	S3-475581146,S3-497431523,S3-634155707,S3-641656120
S1-982536349	S2-767995420,S3-906091238
S1-982555033	S2-615798016,S2-617245864,S3-311557982,S3-332036351,S3-65372034
S1-982579087	
S1-98259133	S2-473757647,S2-705109021
S1-982792876	S2-259685880,S2-331982039,S2-913025402,S2-944685061,S3-248455354
S1-982820034	S2-367017278,S2-873739884,S3-763044816
S1-982911375	S2-255132274,S2-373904125,S3-755662898
S1-982946130	S2-465758265,S2-476541310,S2-782386244,S2-900247094,S3-282204365
S1-983055659	S3-271267862
S1-983198006	S2-715901202
S1-983207750	S2-260978581,S2-843481561,S2-976797593,S3-451381755,S3-499540194
S1-983209572	S2-900404562,S3-312449109,S3-490272568
S1-98323209	S2-31507054,S2-899557202,S3-658731440,S3-763434414
S1-983248998	S2-431560599,S2-72906543,S3-171164351,S3-412691611,S3-525743501,S3-693477857,S3-980810877
S1-983251989	S2-853572898,S3-469681651,S3-483401797,S3-928399012
S1-983494701	S2-255253176,S3-229846239,S3-283803330
S1-983495876	S2-738395190,S3-183382105,S3-466090675,S3-819084772
S1-983586900	S2-15847133,S3-719486765
S1-983681403	S3-583961567,S3-908426724
S1-983722158	S3-584439177,S3-823499805,S3-930833507
S1-983740732	S2-574570339,S2-804635833,S3-139862280
S1-983740979	S2-92981389,S3-186299231,S3-447491551
S1-98375395	S2-129357256,S2-168936720,S3-124605140,S3-262395293,S3-610925216
S1-983758393	S2-446156951,S2-937332650,S3-221365643,S3-988297864
S1-983794757	S2-161523003,S3-335363440
S1-983807910	S2-298333960
S1-984040623	S2-39332342,S2-400587911,S2-49717709,S3-399411629
S1-984135203	S2-407127151,S2-707966036,S2-748667688,S2-892723980,S3-581989099
S1-984136565	
S1-984321207	
S1-984350283	S2-896799056,S2-923014040,S3-574643258,S3-882616505
S1-984444660	S3-103888825,S3-300757363,S3-603773196,S3-786166862
S1-984461066	S2-39649411,S2-764733933,S2-805246657,S2-860642544,S3-381667784,S3-884301116
S1-984513943	S2-330750957,S3-297113565
S1-984572952	S2-365560076,S2-561746052,S2-800878227,S3-914941549
S1-984736560	S2-348181364,S2-90218424,S3-660972592
S1-984851862	S2-673849726,S2-883666869,S3-207309577,S3-32158154,S3-470091437,S3-727011559
S1-984901983	S2-284584823,S2-375123928
S1-984936301	S2-643073129,S3-234318657,S3-617662421,S3-676383179,S3-835239780,S3-846498857
S1-985025437	S2-430567952,S2-548485911,S3-523001899,S3-616392155
S1-985139814	S3-500202297,S3-503637224
S1-985143188	S2-919033923,S2-976780449,S3-951305625
S1-985166835	S3-503378918,S3-973863323
S1-98518642	S2-771197709,S2-87150095,S3-841224544,S3-925331533
S1-985194203	S2-276674993,S2-341528600,S3-832667365
S1-985209628	S2-563024092,S3-70680471
S1-985273457	S2-19574606,S2-643525268,S2-668421473,S3-541121020,S3-916475341
S1-985422355	S2-480545736,S2-739653177,S3-34281638,S3-508296931
S1-985424907	
S1-985433598	S2-445008854,S2-738851270,S3-939843340
S1-985700823	S2-222532951,S3-491714269
S1-985737559	S2-779805852,S2-925906370,S3-745798550
S1-985774368	
S1-985904835	S2-606451628,S3-570513472
S1-986116425	S2-828732994,S3-109708457,S3-586390880
S1-986367502	S2-421223465,S2-481798078,S2-719688452,S2-93114960,S3-238247504,S3-931481585
S1-986380910	S2-648091845,S3-12760476
S1-986390741	S2-116412670,S2-417216939,S2-703949969,S3-523089617,S3-680354530
S1-986522100	S2-105640641,S2-877109838,S2-886315234
S1-986621186	S2-831618277,S3-693162619
S1-986671526	S2-779966197,S3-110022309
S1-986688783	S2-279684879,S3-866405092,S3-905085566
S1-986690239	
S1-986769176	S2-10382093,S2-68327243,S2-767257154,S3-299635860,S3-870305567,S3-879237896
S1-986840295	S2-249512506,S2-299296375,S3-375261898,S3-656046610,S3-881497081
S1-986867952	S2-827515715,S2-842508977,S2-989332710,S3-606939640,S3-699054746
S1-986937222	S2-593228436,S3-155128722,S3-312063148
S1-986958454	S2-643164341,S2-911324052
S1-986996515	S2-382275728,S3-550163316,S3-622742174,S3-96164280
S1-987003695	S2-412620622,S2-534725986,S2-754750342,S2-782528018,S3-13036490,S3-326162257,S3-811953968
S1-987005689	S2-525936187,S3-222272591
S1-987172709	S2-148356776,S2-392472816,S2-759881391,S3-665315931,S3-771223153
S1-987379034	S2-395510821,S2-507789966,S2-63725972,S2-658872602,S3-152511724,S3-267467295,S3-269551434
S1-987489156	S2-557284592,S2-597575520,S2-657818499,S2-947322460,S3-502834828,S3-644488840
S1-987633901	S2-269075136,S3-520331981,S3-530317684,S3-722473188
S1-987916948	S2-484412653,S3-186671285
S1-987943243	S2-741400596,S3-198015582
S1-988030716	S2-257340857,S2-998230233
S1-988182487	S2-192927251,S2-210139777,S2-338211474,S2-739015875,S3-411105090,S3-46220089
S1-988204177	S2-198671683,S3-387035149,S3-471632133,S3-917347401
S1-988276553	S2-112614653,S2-498107967,S2-554454443,S3-189456165,S3-854314962
S1-988338021	S2-152378342,S2-648952553,S3-3244643,S3-635884101
S1-988355512	S2-464082840
S1-98836255	S2-141419985,S2-372518071,S2-844262711,S3-250927376,S3-469721059
S1-988388570	S2-350620878,S2-484789325,S2-658079289,S2-67533414,S2-757148956,S3-577117362
S1-988423072	S2-289810809,S3-882081838,S3-945356930
S1-988451805	S3-704764366
S1-988529708	S2-666206190,S3-133932071,S3-528118711
S1-98862399	S2-566760981,S2-577464421,S3-571995713,S3-798840303,S3-904112613
S1-988772787	S2-174881792,S2-684385311,S3-535351571
S1-988907212	S2-674661618,S2-701955987,S3-95765363,S3-986141455
S1-989062370	S3-60182311
S1-989179012	S2-301628716,S2-999443442
S1-989289177	S2-539958369
S1-989348127	S2-135964246,S3-175196337,S3-878713296
S1-989391156	
S1-989516360	S2-382205916,S2-505316059,S2-790853959,S2-90174957,S3-755482790
S1-989551009	S2-150483659,S2-165042128,S2-387894302,S3-550504346,S3-905792142
S1-98957447	S2-114056570,S3-429312662,S3-481635557
S1-990032352	
S1-990156089	S2-229382149,S2-795468087
S1-99016270	S2-245444252,S2-415734459,S3-138601759
S1-990390187	S2-252335802,S2-577421798,S2-86035981,S3-977567780
S1-99040303	S2-116959951,S2-687064174,S2-80202890,S2-872044245,S3-139234713,S3-209315616,S3-418446501
S1-990431840	S2-218430106,S3-202793195,S3-286206533,S3-608839624,S3-830001438,S3-871895639
S1-990459625	S3-826710031
S1-990703262	S2-610594311,S2-612332354,S3-414213204,S3-554677751
S1-990704518	S2-45140994,S2-57322892
S1-990815495	S2-415241833,S2-677314969,S2-787702313
S1-990874134	S2-839151605,S3-577755274,S3-88458892
S1-990918729	S2-421125302,S2-532942051,S3-621799901
S1-991008977	S3-642996794,S3-816452081
S1-99104142	S2-194150743,S2-81988059,S3-333881785,S3-34084428,S3-732971113,S3-98046021
S1-991115634	S2-197463497,S3-20054362
S1-991168497	S2-767318788,S3-402353791,S3-787633971,S3-921823903
S1-99136793	S2-356642854,S3-231050597,S3-454143832,S3-510237421
S1-991375327	S2-310891176,S2-670120210,S2-867166215,S2-873765720,S3-430531419
S1-991432738	S2-551836960,S2-646562757,S2-798625948,S3-196886945,S3-352484962,S3-840916419
S1-991433622	S2-322059848,S2-630914557,S3-246047997,S3-522847563,S3-963983864
S1-991559628	S2-484909888,S2-976883005,S3-937116322
S1-991665983	S2-169485834,S2-313092247,S2-958390184,S3-470940324
S1-991677775	S3-409791462
S1-991703569	S2-388188030,S2-461953099,S3-470437194,S3-503971041
S1-99174978	S2-4105400,S3-182390102,S3-971676667
S1-991788190	S2-324731617,S3-840617656
S1-991844126	S2-447077942,S3-105292970,S3-353882043,S3-798312179,S3-985286085
S1-991885529	S2-799437756,S2-955186914,S2-991023272,S3-812608434
S1-991893704	S3-129584826,S3-642392445,S3-748982348
S1-991928764	S2-199425821,S2-875727232,S3-282424020,S3-43202081,S3-946025228
S1-991971747	S3-126066249,S3-310237704,S3-335446085,S3-414132356,S3-729088378
S1-99198380	S2-108331157,S2-57304727,S2-908310640,S3-614568030
S1-992042286	S2-605807021,S3-454035923,S3-888006899
S1-992133189	S2-186705311,S3-398267350,S3-486346096,S3-627218381
S1-992152472	S2-10326455,S2-149942487,S2-870099213,S3-163550568,S3-561742648,S3-609586064,S3-927231572
S1-992374871	S2-378008399,S2-666067779,S2-926754423,S3-964088436
S1-992528490	S2-181449002,S2-594663618,S3-1243319
S1-992548042	S2-362327253,S2-916280192,S3-601342762
S1-992586515	S2-559918874,S3-542285423
S1-992604951	S2-168897977,S2-484905892,S3-799820610
S1-99261752	S2-546975569,S3-983747476
S1-992735302	S3-93367042
S1-992917193	S2-374187831,S2-74228882,S3-249888955
S1-993002499	S2-49296907
S1-993220475	
S1-993245047	S2-935212881,S3-29153213,S3-607062650,S3-636797609
S1-993401736	S2-280766338,S2-293121568,S2-429113806,S2-722768878,S3-748375050
S1-993409876	S2-454850002,S2-527918149,S3-812497702
S1-993515698	S2-282723769,S2-415616631,S2-450642217,S3-200399590,S3-577153614
S1-993545949	S2-904352247,S3-447949454,S3-488527055,S3-971536415
S1-993692344	S2-457617848,S2-466778232,S3-279701903,S3-860348399
S1-99370317	S2-429876554,S3-157835552
S1-993717443	S2-271983831,S2-41573344
S1-993818571	S2-275363686,S2-593149217,S3-822798255,S3-965280255
S1-993886165	S2-57867493,S3-314948522,S3-332644892,S3-419490250,S3-431763093,S3-539386913
S1-994082026	S2-691431647,S3-171109554,S3-905496985
S1-994083289	S2-222860442,S3-825451897
S1-994289509	
S1-994355846	S2-689493004
S1-994456667	S2-949913191,S3-877462399
S1-99451451	S2-670985115,S2-707226827,S3-844112484
S1-994561504	S2-101365170,S2-555547099,S3-149565771,S3-38715091
S1-994673760	S2-315511094,S3-671675330,S3-904491755
S1-994800437	S2-275724623,S2-710454521
S1-994808613	S3-208155337
S1-995058934	S2-305993342,S2-800288367,S3-265950680,S3-720612498,S3-857792141,S3-982710887
S1-99512293	S2-112580529,S2-66715644,S3-803587464
S1-995254728	S3-123927015
S1-995285515	S2-464655262,S2-531025717,S3-266255602
S1-995309929	S2-178811160,S2-638610618,S2-996124665,S3-193270959,S3-648814295,S3-914861209
S1-995327837	S2-117823833,S2-918429657,S3-726790155,S3-754566611,S3-809821919,S3-930753430
S1-995337939	S2-841992123,S3-104131733
S1-995608834	S2-309317707,S2-535074520,S2-944225479
S1-995633012	S2-583419931,S2-854438737,S3-93513073
S1-995708936	S2-596921424,S3-62275775
S1-995780251	S3-190684514
S1-99588142	S3-337194947
S1-995992386	S2-148748499,S2-163842422,S2-662074073,S2-809438941,S2-838242685
S1-996207374	S2-45559315,S2-609313688,S3-346001316,S3-515533176
S1-996253927	S2-375015962,S2-678469267,S3-758906353,S3-803110885
S1-996306669	S2-376311386,S2-887322139,S3-307557671,S3-777923523
S1-996494348	S3-473280347,S3-905881046
S1-996507806	S2-116324647,S2-847992560,S3-241703178,S3-717246589
S1-996615405	S2-253683420,S2-666468963,S3-252183542
S1-99661848	S2-523805296,S2-558413918,S3-723718765,S3-784421574
S1-996635275	S2-10748981,S3-701966566
S1-996640625	S2-106425131,S2-894054670,S2-978844987,S3-349129014,S3-512605949
S1-996743351	S2-743241872,S3-699563083
S1-996756772	S2-792370853,S2-936785408,S3-220480768,S3-889008721
S1-996778665	S3-303169762
S1-996790206	S3-243583649,S3-385569326,S3-986228297
S1-996901080	S2-844461828,S3-198982569
S1-997065002	S2-68833844,S2-869576895,S3-304233587
S1-997166821	S2-255904136,S2-391237844,S3-32755451
S1-997230723	S2-14697946,S2-435320924,S2-489473096,S3-1645462,S3-934579337
S1-997319911	S2-401554149,S2-947789114,S2-955313592,S3-532416242,S3-657478649
S1-997391273	S2-554405001
S1-997414434	S3-391824057,S3-728650625
S1-997417869	S2-674549647,S3-733099800,S3-941535803,S3-950188607
S1-997567024	S2-71348210,S3-881014209
S1-997570977	S2-380256122,S2-605854152,S2-649418913,S2-717159309,S3-188978453,S3-927759367
S1-997663532	S2-209992627,S3-209735998,S3-393589062,S3-434930986,S3-81783464
S1-997707194	S2-759958158,S3-899806022
S1-997780044	S2-50087045,S3-226487683,S3-549349464,S3-677763421
S1-99805408	S2-105468092,S2-128831864,S2-942417049,S3-337247417
S1-998079839	S2-101699929,S2-152557815,S3-206758341,S3-380049240,S3-949593769
S1-99830421	S2-129255119,S2-146563028,S3-248666392,S3-802253384,S3-90624227
S1-998925495	
S1-99901617	S2-544800460,S2-857271564,S3-566305336,S3-824658029,S3-858098853
S1-99910561	S2-36380877,S2-717458,S3-49265886,S3-666822861
S1-999200246	S2-404253686,S3-848885295,S3-887791842,S3-984830275
S1-999291249	S2-540791534,S3-184492839,S3-438431559,S3-466527378,S3-78520814
S1-999362224	S2-653190458,S2-988560246,S3-851072831
S1-999366092	
S1-999547895	S2-873169953,S3-666068957,S3-861291198
S1-999597331	S2-252121675,S3-277318789,S3-412836920,S3-898892665
